BDAP,Comune,Provincia,Regione,Zona
111142930451558302,COMUNE DI VERMIGLIO,TRENTO,TRENTINO-ALTO ADIGE/SÜDTIROL,NORD-EST
111142930456078402,COMUNE DI NARBOLIA,ORISTANO,SARDEGNA,ISOLE
111142930549694901,COMUNE DI RESANA,TREVISO,VENETO,NORD-EST
111242928159168602,COMUNE DI ALDINO,BOLZANO/BOZEN,TRENTINO-ALTO ADIGE/SÜDTIROL,NORD-EST
111342928035516202,COMUNE DI AUGUSTA,SIRACUSA,SICILIA,ISOLE
111442929417157902,COMUNE DI CREMOLINO,ALESSANDRIA,PIEMONTE,NORD-OVEST
111642930521380602,COMUNE DI CASTEL BARONIA,AVELLINO,CAMPANIA,SUD
111742930520228201,COMUNE DI TAURIANOVA,REGGIO DI CALABRIA,CALABRIA,SUD
111742930546032201,COMUNE DI SAN NAZZARO VAL CAVARGNA,COMO,LOMBARDIA,NORD-OVEST
111842930472913601,COMUNE DI RONCHI DEI LEGIONARI,GORIZIA,FRIULI-VENEZIA GIULIA,NORD-EST
111942930075789802,COMUNE DI FARINI,PIACENZA,EMILIA-ROMAGNA,NORD-EST
111942930475464201,COMUNE DI ROVERBELLA,MANTOVA,LOMBARDIA,NORD-OVEST
112242929589459502,COMUNE DI ROMAGNANO AL MONTE,SALERNO,CAMPANIA,SUD
112442930475351402,COMUNE DI MARTINA FRANCA,TARANTO,PUGLIA,SUD
112442930547500901,COMUNE DI SAN BENEDETTO IN PERILLIS,L'AQUILA,ABRUZZO,SUD
112542930549591602,COMUNE DI PIETRAROJA,BENEVENTO,CAMPANIA,SUD
112642930518447902,COMUNE DI CISANO SUL NEVA,SAVONA,LIGURIA,NORD-OVEST
112642930527384301,COMUNE DI VILLAPERUCCIO,SUD SARDEGNA,SARDEGNA,ISOLE
112942930456488402,COMUNE DI MONTAPPONE,FERMO,MARCHE,CENTRO
112942930511152602,COMUNE DI AVERSA,CASERTA,CAMPANIA,SUD
112942930520095401,COMUNE DI GRESSONEY-LA-TRINITE',VALLE D'AOSTA/VALLÉE D'AOSTE,VALLE D'AOSTA/VALLÉE D'AOSTE,NORD-OVEST
112942930526084102,COMUNE DI SALTRIO,VARESE,LOMBARDIA,NORD-OVEST
112942930546542602,COMUNE DI SAN MARTINO SULLA MARRUCINA,CHIETI,ABRUZZO,SUD
113042930446652901,COMUNE DI GHEMME,NOVARA,PIEMONTE,NORD-OVEST
113042930459198201,COMUNE DI STIENTA,ROVIGO,VENETO,NORD-EST
113242929494046101,COMUNE DI BELVEDERE DI SPINELLO,CROTONE,CALABRIA,SUD
113242929989809401,COMUNE DI CIRIGLIANO,MATERA,BASILICATA,SUD
113242930525412901,COMUNE DI POLIA,VIBO VALENTIA,CALABRIA,SUD
113342930540408502,COMUNE DI MORNAGO,VARESE,LOMBARDIA,NORD-OVEST
113442928800667002,COMUNE DI COLICO,LECCO,LOMBARDIA,NORD-OVEST
113642930452986502,COMUNE DI TORREGLIA,PADOVA,VENETO,NORD-EST
113742928592687902,COMUNE DI BORGHETTO LODIGIANO,LODI,LOMBARDIA,NORD-OVEST
113842930528713802,COMUNE DI ROCCA SANTA MARIA,TERAMO,ABRUZZO,SUD
113942930453012402,COMUNE DI RICIGLIANO,SALERNO,CAMPANIA,SUD
113942930543093902,COMUNE DI LATISANA,UDINE,FRIULI-VENEZIA GIULIA,NORD-EST
114042930544217902,COMUNE DI SAN DAMIANO MACRA,CUNEO,PIEMONTE,NORD-OVEST
114242930474451702,COMUNE DI ORIO AL SERIO,BERGAMO,LOMBARDIA,NORD-OVEST
114342930531636602,COMUNE DI SAN DIDERO,TORINO,PIEMONTE,NORD-OVEST
114442930473232502,COMUNE DI NOASCA,TORINO,PIEMONTE,NORD-OVEST
114542930460128001,COMUNE DI RIGNANO GARGANICO,FOGGIA,PUGLIA,SUD
114642930550556102,COMUNE DI SAN GREGORIO DI CATANIA,CATANIA,SICILIA,ISOLE
114742930453726801,COMUNE DI SALE SAN GIOVANNI,CUNEO,PIEMONTE,NORD-OVEST
114742930536446301,COMUNE DI ROTONDELLA,MATERA,BASILICATA,SUD
114842930517178501,COMUNE DI CITTADUCALE,RIETI,LAZIO,CENTRO
115042930473371901,COMUNE DI MANDELLO VITTA,NOVARA,PIEMONTE,NORD-OVEST
115142930468670302,COMUNE DI SANT'ANGELO D'ALIFE,CASERTA,CAMPANIA,SUD
115142930475433101,COMUNE DI PIMENTEL,SUD SARDEGNA,SARDEGNA,ISOLE
115242928210658501,COMUNE DI ALAGNA VALSESIA,VERCELLI,PIEMONTE,NORD-OVEST
115242930059291902,COMUNE DI GALLICCHIO,POTENZA,BASILICATA,SUD
115242930541272802,COMUNE DI POZZOLEONE,VICENZA,VENETO,NORD-EST
115242930543567601,COMUNE DI MONSELICE,PADOVA,VENETO,NORD-EST
115642930548436401,COMUNE DI SANT'ANTONIO ABATE,NAPOLI,CAMPANIA,SUD
115742928293162401,COMUNE DI ALA' DEI SARDI,SASSARI,SARDEGNA,ISOLE
115742930529898402,COMUNE DI CAVAGLIO D'AGOGNA,NOVARA,PIEMONTE,NORD-OVEST
116142930549453302,COMUNE DI RIVISONDOLI,L'AQUILA,ABRUZZO,SUD
116242928577698301,COMUNE DI COLLEGNO,TORINO,PIEMONTE,NORD-OVEST
116242930137942201,COMUNE DI MACELLO,TORINO,PIEMONTE,NORD-OVEST
116242930508328601,COMUNE DI CAMPODORO,PADOVA,VENETO,NORD-EST
116342930537140702,COMUNE DI ROMANO D'EZZELINO,VICENZA,VENETO,NORD-EST
116442929000220902,COMUNE DI CARRE',VICENZA,VENETO,NORD-EST
116442930516457902,COMUNE DI BORRELLO,CHIETI,ABRUZZO,SUD
116542930525090302,COMUNE DI TORRI DEL BENACO,VERONA,VENETO,NORD-EST
116542930529336002,COMUNE DI SAN MAURO LA BRUCA,SALERNO,CAMPANIA,SUD
116642930529136802,COMUNE DI SORI,GENOVA,LIGURIA,NORD-OVEST
116642930539090401,COMUNE DI SESSA AURUNCA,CASERTA,CAMPANIA,SUD
116742928739525602,COMUNE DI CISERANO,BERGAMO,LOMBARDIA,NORD-OVEST
116742930532472902,COMUNE DI GAMBASSI TERME,FIRENZE,TOSCANA,CENTRO
116742930546334201,COMUNE DI LESA,NOVARA,PIEMONTE,NORD-OVEST
116842930454465301,COMUNE DI TAORMINA,MESSINA,SICILIA,ISOLE
117042930453153601,COMUNE DI TORRILE,PARMA,EMILIA-ROMAGNA,NORD-EST
117042930548083602,COMUNE DI PIZZONE,ISERNIA,MOLISE,SUD
117142930529346502,COMUNE DI SAN GIORIO DI SUSA,TORINO,PIEMONTE,NORD-OVEST
117242930542099701,COMUNE DI LENO,BRESCIA,LOMBARDIA,NORD-OVEST
117442930538907902,COMUNE DI SANT'EGIDIO DEL MONTE ALBINO,SALERNO,CAMPANIA,SUD
117642930521238202,COMUNE DI CIVITELLA DEL TRONTO,TERAMO,ABRUZZO,SUD
117742930508207301,COMUNE DI BRITTOLI,PESCARA,ABRUZZO,SUD
117742930530612302,COMUNE DI ROSETO VALFORTORE,FOGGIA,PUGLIA,SUD
117842930473510401,COMUNE DI ISPICA,RAGUSA,SICILIA,ISOLE
118242930535103802,COMUNE DI VILLAPUTZU,SUD SARDEGNA,SARDEGNA,ISOLE
118742929012963801,COMUNE DI BALLAO,SUD SARDEGNA,SARDEGNA,ISOLE
118742929424205701,COMUNE DI DAZIO,SONDRIO,LOMBARDIA,NORD-OVEST
118742930461810902,COMUNE DI BAJARDO,IMPERIA,LIGURIA,NORD-OVEST
118742930524063701,COMUNE DI FIGLINE VEGLIATURO,COSENZA,CALABRIA,SUD
118742930527891202,COMUNE DI MORIONDO TORINESE,TORINO,PIEMONTE,NORD-OVEST
118742930530890402,COMUNE DI PIETRAPERTOSA,POTENZA,BASILICATA,SUD
118742930533556102,COMUNE DI ALLEIN,VALLE D'AOSTA/VALLÉE D'AOSTE,VALLE D'AOSTA/VALLÉE D'AOSTE,NORD-OVEST
118742930534065002,COMUNE DI AMALFI,SALERNO,CAMPANIA,SUD
118842930455593301,COMUNE DI SODDI',ORISTANO,SARDEGNA,ISOLE
119042929528989701,COMUNE DI MONCENISIO,TORINO,PIEMONTE,NORD-OVEST
119142930531415701,COMUNE DI SOSPIROLO,BELLUNO,VENETO,NORD-EST
119242930463926601,COMUNE DI BEVILACQUA,VERONA,VENETO,NORD-EST
119442930526684402,COMUNE DI NAZ-SCIAVES,BOLZANO/BOZEN,TRENTINO-ALTO ADIGE/SÜDTIROL,NORD-EST
119542930473450501,COMUNE DI TREISO,CUNEO,PIEMONTE,NORD-OVEST
119642930460902801,COMUNE DI SAN GREGORIO MAGNO,SALERNO,CAMPANIA,SUD
119642930474784802,COMUNE DI LAVARONE,TRENTO,TRENTINO-ALTO ADIGE/SÜDTIROL,NORD-EST
119642930543451002,COMUNE DI MOGLIA,MANTOVA,LOMBARDIA,NORD-OVEST
119742930531276501,COMUNE DI CORLETO MONFORTE,SALERNO,CAMPANIA,SUD
119942930518238201,COMUNE DI DRUOGNO,VERBANO-CUSIO-OSSOLA,PIEMONTE,NORD-OVEST
119942930529966301,COMUNE DI SAN ZENO DI MONTAGNA,VERONA,VENETO,NORD-EST
121242929321210202,COMUNE DI PORTIGLIOLA,REGGIO DI CALABRIA,CALABRIA,SUD
121242930508820902,COMUNE DI ATRI,TERAMO,ABRUZZO,SUD
121242930520578002,COMUNE DI DOLIANOVA,SUD SARDEGNA,SARDEGNA,ISOLE
121342930459339902,COMUNE DI CASCINETTE D'IVREA,TORINO,PIEMONTE,NORD-OVEST
121342930532867601,COMUNE DI CASTEL CONDINO,TRENTO,TRENTINO-ALTO ADIGE/SÜDTIROL,NORD-EST
121642928932197502,COMUNE DI CACCAMO,PALERMO,SICILIA,ISOLE
121642930531710102,COMUNE DI MESSINA,MESSINA,SICILIA,ISOLE
121742928857169102,COMUNE DI GABIANO,ALESSANDRIA,PIEMONTE,NORD-OVEST
121942930532691902,COMUNE DI ROCCASTRADA,GROSSETO,TOSCANA,CENTRO
122042930453747502,COMUNE DI MORRO D'ORO,TERAMO,ABRUZZO,SUD
122142930476059801,COMUNE DI CUNICO,ASTI,PIEMONTE,NORD-OVEST
122142930524050702,COMUNE DI GRUGLIASCO,TORINO,PIEMONTE,NORD-OVEST
122242930516823202,COMUNE DI CISLIANO,MILANO,LOMBARDIA,NORD-OVEST
122242930542103301,COMUNE DI FONTANETO D'AGOGNA,NOVARA,PIEMONTE,NORD-OVEST
122342929604572701,COMUNE DI ORVIETO,TERNI,UMBRIA,CENTRO
122342930478315301,COMUNE DI VALLEPIETRA,ROMA,LAZIO,CENTRO
122342930518922302,COMUNE DI MASSA D'ALBE,L'AQUILA,ABRUZZO,SUD
122342930519827402,COMUNE DI MELZO,MILANO,LOMBARDIA,NORD-OVEST
122642930459111602,COMUNE DI SANTA CRISTINA GELA,PALERMO,SICILIA,ISOLE
122642930550255802,COMUNE DI TRIVENTO,CAMPOBASSO,MOLISE,SUD
122742930457734301,COMUNE DI LERMA,ALESSANDRIA,PIEMONTE,NORD-OVEST
122742930471847401,COMUNE DI ZERMEGHEDO,VICENZA,VENETO,NORD-EST
122842930473415802,COMUNE DI LOSINE,BRESCIA,LOMBARDIA,NORD-OVEST
122842930534949401,COMUNE DI CASALE CREMASCO-VIDOLASCO,CREMONA,LOMBARDIA,NORD-OVEST
122842930544924201,COMUNE DI GRISOLIA,COSENZA,CALABRIA,SUD
122942929194588301,COMUNE DI GESICO,SUD SARDEGNA,SARDEGNA,ISOLE
123042930475944402,COMUNE DI CERRETO D'ASTI,ASTI,PIEMONTE,NORD-OVEST
123142930463041001,COMUNE DI CAVENAGO DI BRIANZA,MONZA E DELLA BRIANZA,LOMBARDIA,NORD-OVEST
123142930474506401,COMUNE DI LATINA,LATINA,LAZIO,CENTRO
123242929642362602,COMUNE DI PORTOBUFFOLE',TREVISO,VENETO,NORD-EST
123442930527137401,COMUNE DI VENTICANO,AVELLINO,CAMPANIA,SUD
123442930543516602,COMUNE DI OLGIATE MOLGORA,LECCO,LOMBARDIA,NORD-OVEST
123542930548721902,COMUNE DI TERRANOVA SAPPO MINULIO,REGGIO DI CALABRIA,CALABRIA,SUD
123642930526093702,COMUNE DI TAVERNA,CATANZARO,CALABRIA,SUD
123642930543678502,COMUNE DI SANTA MARIA LA FOSSA,CASERTA,CAMPANIA,SUD
123742930477029802,COMUNE DI ENTRACQUE,CUNEO,PIEMONTE,NORD-OVEST
123742930480013402,COMUNE DI URAGO D'OGLIO,BRESCIA,LOMBARDIA,NORD-OVEST
123842930472867801,COMUNE DI MONGARDINO,ASTI,PIEMONTE,NORD-OVEST
123942930458498402,COMUNE DI ROSATE,MILANO,LOMBARDIA,NORD-OVEST
124242930458525101,COMUNE DI RIOFREDDO,ROMA,LAZIO,CENTRO
124242930509420702,COMUNE DI CESIOMAGGIORE,BELLUNO,VENETO,NORD-EST
124342930525826602,COMUNE DI TORRIGLIA,GENOVA,LIGURIA,NORD-OVEST
124342930527986701,COMUNE DI MONTEGRINO VALTRAVAGLIA,VARESE,LOMBARDIA,NORD-OVEST
124542930520334001,COMUNE DI CORBOLA,ROVIGO,VENETO,NORD-EST
124742930477121702,COMUNE DI OSPEDALETTI,IMPERIA,LIGURIA,NORD-OVEST
124942927917484702,COMUNE DI BASICO',MESSINA,SICILIA,ISOLE
125042930526270701,COMUNE DI VILLA BASILICA,LUCCA,TOSCANA,CENTRO
125042930531186701,COMUNE DI BUSACHI,ORISTANO,SARDEGNA,ISOLE
125142930542024401,COMUNE DI FRAGNETO L'ABATE,BENEVENTO,CAMPANIA,SUD
125242930523820602,COMUNE DI SCAPOLI,ISERNIA,MOLISE,SUD
125342930454820802,COMUNE DI VIGOLO,BERGAMO,LOMBARDIA,NORD-OVEST
125442929568624202,COMUNE DI SAN GIOVANNI AL NATISONE,UDINE,FRIULI-VENEZIA GIULIA,NORD-EST
125442929765978601,COMUNE DI CASTELLO DEL MATESE,CASERTA,CAMPANIA,SUD
125442930529058102,COMUNE DI MONZA,MONZA E DELLA BRIANZA,LOMBARDIA,NORD-OVEST
125442930531011902,COMUNE DI COSTA SERINA,BERGAMO,LOMBARDIA,NORD-OVEST
125742930453762001,COMUNE DI OSSI,SASSARI,SARDEGNA,ISOLE
125742930530905702,COMUNE DI SUSA,TORINO,PIEMONTE,NORD-OVEST
126142928602946801,COMUNE DI CUVIO,VARESE,LOMBARDIA,NORD-OVEST
126142930532118001,COMUNE DI PUMENENGO,BERGAMO,LOMBARDIA,NORD-OVEST
126442930456035301,COMUNE DI NOMI,TRENTO,TRENTINO-ALTO ADIGE/SÜDTIROL,NORD-EST
126442930459684102,COMUNE DI CONSELVE,PADOVA,VENETO,NORD-EST
126542930458708001,COMUNE DI SAN BENEDETTO BELBO,CUNEO,PIEMONTE,NORD-OVEST
126542930517020901,COMUNE DI CARRODANO,LA SPEZIA,LIGURIA,NORD-OVEST
126542930526631202,COMUNE DI PONTE SAN PIETRO,BERGAMO,LOMBARDIA,NORD-OVEST
126742930534060501,COMUNE DI BOLANO,LA SPEZIA,LIGURIA,NORD-OVEST
126842930458679802,COMUNE DI ROMANA,SASSARI,SARDEGNA,ISOLE
127042930509937601,COMUNE DI ACCETTURA,MATERA,BASILICATA,SUD
127242930465170502,COMUNE DI BARENGO,NOVARA,PIEMONTE,NORD-OVEST
127342930544319402,COMUNE DI PULFERO,UDINE,FRIULI-VENEZIA GIULIA,NORD-EST
127442930521046502,COMUNE DI CASTELVETERE SUL CALORE,AVELLINO,CAMPANIA,SUD
127442930526713101,COMUNE DI PERDIFUMO,SALERNO,CAMPANIA,SUD
127542929927508201,COMUNE DI LUBRIANO,VITERBO,LAZIO,CENTRO
127742930538769502,COMUNE DI SAN SOSTENE,CATANZARO,CALABRIA,SUD
127842930478658501,COMUNE DI VIZZOLA TICINO,VARESE,LOMBARDIA,NORD-OVEST
127942930476460801,COMUNE DI ROCCAGIOVINE,ROMA,LAZIO,CENTRO
128042930530738002,COMUNE DI CHARVENSOD,VALLE D'AOSTA/VALLÉE D'AOSTE,VALLE D'AOSTA/VALLÉE D'AOSTE,NORD-OVEST
128042930530834301,COMUNE DI BOTRUGNO,LECCE,PUGLIA,SUD
128242930475470402,COMUNE DI SOLTO COLLINA,BERGAMO,LOMBARDIA,NORD-OVEST
128242930533241301,COMUNE DI BORONEDDU,ORISTANO,SARDEGNA,ISOLE
128342930480027202,COMUNE DI ROVELLASCA,COMO,LOMBARDIA,NORD-OVEST
128442930525819801,COMUNE DI SCANDIANO,REGGIO NELL'EMILIA,EMILIA-ROMAGNA,NORD-EST
128442930543538501,COMUNE DI MONLEALE,ALESSANDRIA,PIEMONTE,NORD-OVEST
128542930509668001,COMUNE DI CASTELNUOVO PARANO,FROSINONE,LAZIO,CENTRO
128642930463054502,COMUNE DI TARQUINIA,VITERBO,LAZIO,CENTRO
128642930516861302,COMUNE DI CARREGA LIGURE,ALESSANDRIA,PIEMONTE,NORD-OVEST
129242930521771901,COMUNE DI CORVARA,PESCARA,ABRUZZO,SUD
129342929605912602,COMUNE DI PANDINO,CREMONA,LOMBARDIA,NORD-OVEST
129342930475939201,COMUNE DI LIERNA,LECCO,LOMBARDIA,NORD-OVEST
129442930457306502,COMUNE DI ROCCELLA VALDEMONE,MESSINA,SICILIA,ISOLE
129542928219724801,COMUNE DI ALI',MESSINA,SICILIA,ISOLE
129542930532555102,COMUNE DI VILLA D'ALME',BERGAMO,LOMBARDIA,NORD-OVEST
129542930538128702,COMUNE DI TORRE CAJETANI,FROSINONE,LAZIO,CENTRO
129642930544823502,COMUNE DI CELLE DI MACRA,CUNEO,PIEMONTE,NORD-OVEST
129742930546105901,COMUNE DI LODI VECCHIO,LODI,LOMBARDIA,NORD-OVEST
129742930549689001,COMUNE DI POGGIO MIRTETO,RIETI,LAZIO,CENTRO
129942930463915001,COMUNE DI ALTAVILLA MILICIA,PALERMO,SICILIA,ISOLE
129942930517119002,COMUNE DI BARADILI,ORISTANO,SARDEGNA,ISOLE
131242930547233301,COMUNE DI GALZIGNANO TERME,PADOVA,VENETO,NORD-EST
131342930449411402,COMUNE DI VALLEFIORITA,CATANZARO,CALABRIA,SUD
131742930464510202,COMUNE DI SAN VINCENZO,LIVORNO,TOSCANA,CENTRO
131942930456273702,COMUNE DI FUSIGNANO,RAVENNA,EMILIA-ROMAGNA,NORD-EST
132042930544478501,COMUNE DI COMEGLIANS,UDINE,FRIULI-VENEZIA GIULIA,NORD-EST
132142930516846102,COMUNE DI CASTELNUOVO DON BOSCO,ASTI,PIEMONTE,NORD-OVEST
132142930543892602,COMUNE DI FORNOVO DI TARO,PARMA,EMILIA-ROMAGNA,NORD-EST
132242930544450901,COMUNE DI PORCARI,LUCCA,TOSCANA,CENTRO
132242930546422601,COMUNE DI OTTIGLIO,ALESSANDRIA,PIEMONTE,NORD-OVEST
132342930477421702,COMUNE DI GAZZOLA,PIACENZA,EMILIA-ROMAGNA,NORD-EST
132342930525346801,COMUNE DI PALIANO,FROSINONE,LAZIO,CENTRO
132442930316683302,COMUNE DI FOSSATO SERRALTA,CATANZARO,CALABRIA,SUD
132642930457432501,COMUNE DI ROCCABASCERANA,AVELLINO,CAMPANIA,SUD
132642930528427002,COMUNE DI ROCCHETTA E CROCE,CASERTA,CAMPANIA,SUD
133042930530349202,COMUNE DI BADIA PAVESE,PAVIA,LOMBARDIA,NORD-OVEST
133042930549781002,COMUNE DI ROSIGNANO MARITTIMO,LIVORNO,TOSCANA,CENTRO
133242930477853802,COMUNE DI MOENA,TRENTO,TRENTINO-ALTO ADIGE/SÜDTIROL,NORD-EST
133342930526510901,COMUNE DI LENTELLA,CHIETI,ABRUZZO,SUD
133442929373095001,COMUNE DI CODRONGIANOS,SASSARI,SARDEGNA,ISOLE
133742930510374501,COMUNE DI ALBIZZATE,VARESE,LOMBARDIA,NORD-OVEST
133842928067730402,COMUNE DI CALVIGNANO,PAVIA,LOMBARDIA,NORD-OVEST
133942930515980301,COMUNE DI CANDELA,FOGGIA,PUGLIA,SUD
133942930517455202,COMUNE DI BRIAGLIA,CUNEO,PIEMONTE,NORD-OVEST
133942930519424601,COMUNE DI FONTANIGORDA,GENOVA,LIGURIA,NORD-OVEST
134042929268266502,COMUNE DI CLAVIERE,TORINO,PIEMONTE,NORD-OVEST
134142930456974502,COMUNE DI SAN SALVATORE DI FITALIA,MESSINA,SICILIA,ISOLE
134342930526904002,COMUNE DI ZUMAGLIA,BIELLA,PIEMONTE,NORD-OVEST
134342930541890202,COMUNE DI FRAINE,CHIETI,ABRUZZO,SUD
134442928030278202,COMUNE DI CELLARA,COSENZA,CALABRIA,SUD
134442930530421902,COMUNE DI BOVA,REGGIO DI CALABRIA,CALABRIA,SUD
134542928005472101,COMUNE DI CAMPOFRANCO,CALTANISSETTA,SICILIA,ISOLE
134542930452103202,COMUNE DI SUMIRAGO,VARESE,LOMBARDIA,NORD-OVEST
134542930479743002,COMUNE DI RIVERGARO,PIACENZA,EMILIA-ROMAGNA,NORD-EST
134542930515885601,COMUNE DI CASANOVA LONATI,PAVIA,LOMBARDIA,NORD-OVEST
134642930516950001,COMUNE DI ARCADE,TREVISO,VENETO,NORD-EST
134642930545090501,COMUNE DI CERRETO DI SPOLETO,PERUGIA,UMBRIA,CENTRO
134942930519119102,COMUNE DI MOASCA,ASTI,PIEMONTE,NORD-OVEST
134942930538026601,COMUNE DI SERRE,SALERNO,CAMPANIA,SUD
135042930544385201,COMUNE DI MARTIGNANO,LECCE,PUGLIA,SUD
135142930528286501,COMUNE DI GIGNESE,VERBANO-CUSIO-OSSOLA,PIEMONTE,NORD-OVEST
135242929303665102,COMUNE DI CASTELNUOVO RANGONE,MODENA,EMILIA-ROMAGNA,NORD-EST
135442930470672302,COMUNE DI SAN MARCO D'ALUNZIO,MESSINA,SICILIA,ISOLE
135442930477857901,COMUNE DI LAJATICO,PISA,TOSCANA,CENTRO
135442930507917802,COMUNE DI CAMERATA PICENA,ANCONA,MARCHE,CENTRO
135442930542827201,COMUNE DI SCOPA,VERCELLI,PIEMONTE,NORD-OVEST
135542928235893302,COMUNE DI BASCIANO,TERAMO,ABRUZZO,SUD
135642930479563102,COMUNE DI SANT'ARSENIO,SALERNO,CAMPANIA,SUD
135742930519956701,COMUNE DI LISIO,CUNEO,PIEMONTE,NORD-OVEST
135842928236098401,COMUNE DI ALBEROBELLO,BARI,PUGLIA,SUD
135842930536357601,COMUNE DI VASTOGIRARDI,ISERNIA,MOLISE,SUD
136042930476722802,COMUNE DI POPPI,AREZZO,TOSCANA,CENTRO
136142930455392102,COMUNE DI SAN FERDINANDO,REGGIO DI CALABRIA,CALABRIA,SUD
136142930458954702,COMUNE DI SIANO,SALERNO,CAMPANIA,SUD
136242930459147501,COMUNE DI BUDRIO,BOLOGNA,EMILIA-ROMAGNA,NORD-EST
136242930477909801,COMUNE DI QUATTORDIO,ALESSANDRIA,PIEMONTE,NORD-OVEST
136442929721382302,COMUNE DI CASTEL D'AIANO,BOLOGNA,EMILIA-ROMAGNA,NORD-EST
136542928086560001,COMUNE DI CAREGGINE,LUCCA,TOSCANA,CENTRO
136542930528454802,COMUNE DI PIANSANO,VITERBO,LAZIO,CENTRO
136642929104783902,COMUNE DI CARBONARA DI NOLA,NAPOLI,CAMPANIA,SUD
136642930473633302,COMUNE DI MASSIGNANO,ASCOLI PICENO,MARCHE,CENTRO
136642930516789801,COMUNE DI GROSIO,SONDRIO,LOMBARDIA,NORD-OVEST
136642930523848802,COMUNE DI MAGIONE,PERUGIA,UMBRIA,CENTRO
136642930529001601,COMUNE DI MONASTERO DI LANZO,TORINO,PIEMONTE,NORD-OVEST
136642930529692001,COMUNE DI VERCELLI,VERCELLI,PIEMONTE,NORD-OVEST
136742930447072601,COMUNE DI MONTEPRANDONE,ASCOLI PICENO,MARCHE,CENTRO
136742930524580802,COMUNE DI SAN PANCRAZIO SALENTINO,BRINDISI,PUGLIA,SUD
136742930529409401,COMUNE DI GIOIA DEI MARSI,L'AQUILA,ABRUZZO,SUD
136842930473053701,COMUNE DI GALLUCCIO,CASERTA,CAMPANIA,SUD
136842930509823702,COMUNE DI ALESSANDRIA,ALESSANDRIA,PIEMONTE,NORD-OVEST
137142930450130801,COMUNE DI SAN SEBASTIANO AL VESUVIO,NAPOLI,CAMPANIA,SUD
137142930542063202,COMUNE DI LABRO,RIETI,LAZIO,CENTRO
137142930548214702,COMUNE DI ZEVIO,VERONA,VENETO,NORD-EST
137242930534526902,COMUNE DI RONCOFERRARO,MANTOVA,LOMBARDIA,NORD-OVEST
137442928091164701,COMUNE DI CAMISANO,CREMONA,LOMBARDIA,NORD-OVEST
137442930473557502,COMUNE DI PAVULLO NEL FRIGNANO,MODENA,EMILIA-ROMAGNA,NORD-EST
137442930517981002,COMUNE DI CASTEL DI LAMA,ASCOLI PICENO,MARCHE,CENTRO
137642930535030001,COMUNE DI CASTIGLIONE MESSER RAIMONDO,TERAMO,ABRUZZO,SUD
137742930541310502,COMUNE DI OVODDA,NUORO,SARDEGNA,ISOLE
137842930529236702,COMUNE DI ROCCA PIA,L'AQUILA,ABRUZZO,SUD
138042930472490102,COMUNE DI MONTE SAN GIUSTO,MACERATA,MARCHE,CENTRO
138042930532021202,COMUNE DI PIEVE SAN GIACOMO,CREMONA,LOMBARDIA,NORD-OVEST
138242930467934502,COMUNE DI CELLOLE,CASERTA,CAMPANIA,SUD
138242930516299601,COMUNE DI NURALLAO,SUD SARDEGNA,SARDEGNA,ISOLE
138542930473712401,COMUNE DI PACE DEL MELA,MESSINA,SICILIA,ISOLE
138542930510041202,COMUNE DI ALTIDONA,FERMO,MARCHE,CENTRO
138642930447265701,COMUNE DI SALA BIELLESE,BIELLA,PIEMONTE,NORD-OVEST
138642930528352101,COMUNE DI ORIA,BRINDISI,PUGLIA,SUD
138742930466694401,COMUNE DI VERNIO,PRATO,TOSCANA,CENTRO
138842930447969802,COMUNE DI MONDOVI',CUNEO,PIEMONTE,NORD-OVEST
138842930510699801,COMUNE DI CERESOLE ALBA,CUNEO,PIEMONTE,NORD-OVEST
139042930518753001,COMUNE DI CERCENASCO,TORINO,PIEMONTE,NORD-OVEST
139242929091334801,COMUNE DI CORTANZE,ASTI,PIEMONTE,NORD-OVEST
139242930528119601,COMUNE DI SIDDI,SUD SARDEGNA,SARDEGNA,ISOLE
139342930529079402,COMUNE DI SALARA,ROVIGO,VENETO,NORD-EST
139342930536041402,COMUNE DI ZERBA,PIACENZA,EMILIA-ROMAGNA,NORD-EST
139642930470719502,COMUNE DI RECCO,GENOVA,LIGURIA,NORD-OVEST
139842927994817202,COMUNE DI BISACQUINO,PALERMO,SICILIA,ISOLE
139842930508561902,COMUNE DI CAMPOFELICE DI ROCCELLA,PALERMO,SICILIA,ISOLE
139942930542738402,COMUNE DI FORNOVO SAN GIOVANNI,BERGAMO,LOMBARDIA,NORD-OVEST
141142929230384801,COMUNE DI NOVENTA DI PIAVE,VENEZIA,VENETO,NORD-EST
141342930533725002,COMUNE DI AGLIANA,PISTOIA,TOSCANA,CENTRO
141542927945008302,COMUNE DI BELVEDERE LANGHE,CUNEO,PIEMONTE,NORD-OVEST
141942930527918802,COMUNE DI MORIGERATI,SALERNO,CAMPANIA,SUD
142042928242898502,COMUNE DI CERESOLE REALE,TORINO,PIEMONTE,NORD-OVEST
142242930521644402,COMUNE DI COSEANO,UDINE,FRIULI-VENEZIA GIULIA,NORD-EST
142242930527228701,COMUNE DI RIPARBELLA,PISA,TOSCANA,CENTRO
142342930479210702,COMUNE DI TICINETO,ALESSANDRIA,PIEMONTE,NORD-OVEST
142342930543992402,COMUNE DI LATERZA,TARANTO,PUGLIA,SUD
142542930456763202,COMUNE DI ROBECCO PAVESE,PAVIA,LOMBARDIA,NORD-OVEST
142542930510792801,COMUNE DI BORGOMASINO,TORINO,PIEMONTE,NORD-OVEST
142542930528712602,COMUNE DI SERNAGLIA DELLA BATTAGLIA,TREVISO,VENETO,NORD-EST
142642930466984202,COMUNE DI STAGNO LOMBARDO,CREMONA,LOMBARDIA,NORD-OVEST
142742930454799701,COMUNE DI VEGLIO,BIELLA,PIEMONTE,NORD-OVEST
142742930545407002,COMUNE DI POGGIOMARINO,NAPOLI,CAMPANIA,SUD
142842930526424402,COMUNE DI MIASINO,NOVARA,PIEMONTE,NORD-OVEST
142942930519535801,COMUNE DI LIZZANELLO,LECCE,PUGLIA,SUD
142942930526801701,COMUNE DI DOBBIACO,BOLZANO/BOZEN,TRENTINO-ALTO ADIGE/SÜDTIROL,NORD-EST
142942930544449401,COMUNE DI REGALBUTO,ENNA,SICILIA,ISOLE
143042930462302501,COMUNE DI AGUGLIANO,ANCONA,MARCHE,CENTRO
143342930519396801,COMUNE DI PETRONA',CATANZARO,CALABRIA,SUD
143442930473411701,COMUNE DI MAGNANO IN RIVIERA,UDINE,FRIULI-VENEZIA GIULIA,NORD-EST
143542930508193002,COMUNE DI BELLINO,CUNEO,PIEMONTE,NORD-OVEST
143942930476759202,COMUNE DI STELVIO,BOLZANO/BOZEN,TRENTINO-ALTO ADIGE/SÜDTIROL,NORD-EST
143942930547024101,COMUNE DI RUDA,UDINE,FRIULI-VENEZIA GIULIA,NORD-EST
144042930518784002,COMUNE DI CASTEL DI IERI,L'AQUILA,ABRUZZO,SUD
144142930516627302,COMUNE DI BUTERA,CALTANISSETTA,SICILIA,ISOLE
144242928758061801,COMUNE DI CECINA,LIVORNO,TOSCANA,CENTRO
144342930516888102,COMUNE DI BODIO LOMNAGO,VARESE,LOMBARDIA,NORD-OVEST
144342930536405301,COMUNE DI ROTA GRECA,COSENZA,CALABRIA,SUD
144342930546083402,COMUNE DI LANZO TORINESE,TORINO,PIEMONTE,NORD-OVEST
144442930475711802,COMUNE DI PONZANO ROMANO,ROMA,LAZIO,CENTRO
144542930477317802,COMUNE DI SAN MARTINO IN PENSILIS,CAMPOBASSO,MOLISE,SUD
144642930465883002,COMUNE DI VILLANOVA CANAVESE,TORINO,PIEMONTE,NORD-OVEST
144642930473806401,COMUNE DI OSPITALE DI CADORE,BELLUNO,VENETO,NORD-EST
144642930532617302,COMUNE DI CONCESIO,BRESCIA,LOMBARDIA,NORD-OVEST
144742930542766901,COMUNE DI GAGLIANO DEL CAPO,LECCE,PUGLIA,SUD
144842930530614201,COMUNE DI BORGO SAN SIRO,PAVIA,LOMBARDIA,NORD-OVEST
144942930519506501,COMUNE DI MONTE CAVALLO,MACERATA,MARCHE,CENTRO
145042930473345201,COMUNE DI LA CASSA,TORINO,PIEMONTE,NORD-OVEST
145042930516473101,COMUNE DI GOMBITO,CREMONA,LOMBARDIA,NORD-OVEST
145142930461490302,COMUNE DI BIOGLIO,BIELLA,PIEMONTE,NORD-OVEST
145242930530017602,COMUNE DI CROCETTA DEL MONTELLO,TREVISO,VENETO,NORD-EST
145342929703889902,COMUNE DI MONTEDORO,CALTANISSETTA,SICILIA,ISOLE
145542930449651701,COMUNE DI QUARRATA,PISTOIA,TOSCANA,CENTRO
145542930461706001,COMUNE DI CARBOGNANO,VITERBO,LAZIO,CENTRO
145542930537934402,COMUNE DI PONDERANO,BIELLA,PIEMONTE,NORD-OVEST
145642930539008501,COMUNE DI RANZO,IMPERIA,LIGURIA,NORD-OVEST
145842930447522202,COMUNE DI TORELLA DEI LOMBARDI,AVELLINO,CAMPANIA,SUD
145842930541202802,COMUNE DI NIBBIOLA,NOVARA,PIEMONTE,NORD-OVEST
145942929820831802,COMUNE DI LISSONE,MONZA E DELLA BRIANZA,LOMBARDIA,NORD-OVEST
146142930450300301,COMUNE DI ROFRANO,SALERNO,CAMPANIA,SUD
146142930463763601,COMUNE DI ADRIA,ROVIGO,VENETO,NORD-EST
146242930520059602,COMUNE DI CASTEL GABBIANO,CREMONA,LOMBARDIA,NORD-OVEST
146542930451341801,COMUNE DI POMAROLO,TRENTO,TRENTINO-ALTO ADIGE/SÜDTIROL,NORD-EST
146642930536166401,COMUNE DI VARALLO POMBIA,NOVARA,PIEMONTE,NORD-OVEST
146642930542554401,COMUNE DI FORMIA,LATINA,LAZIO,CENTRO
146742930476644701,COMUNE DI CASTEL SANT'ANGELO,RIETI,LAZIO,CENTRO
146742930509457302,COMUNE DI CALASETTA,SUD SARDEGNA,SARDEGNA,ISOLE
146842930530364101,COMUNE DI SAN GENESIO ATESINO,BOLZANO/BOZEN,TRENTINO-ALTO ADIGE/SÜDTIROL,NORD-EST
146842930542607102,COMUNE DI SIMAXIS,ORISTANO,SARDEGNA,ISOLE
146942928726482201,COMUNE DI COLAZZA,NOVARA,PIEMONTE,NORD-OVEST
147042929295093101,COMUNE DI LECCE,LECCE,PUGLIA,SUD
147042930517911201,COMUNE DI NOVENTA VICENTINA,VICENZA,VENETO,NORD-EST
147342930463839802,COMUNE DI PIEVE A NIEVOLE,PISTOIA,TOSCANA,CENTRO
147442930452303701,COMUNE DI SOMMA VESUVIANA,NAPOLI,CAMPANIA,SUD
147442930533789501,COMUNE DI PALAZZAGO,BERGAMO,LOMBARDIA,NORD-OVEST
147542930462402502,COMUNE DI VILLAFRANCA TIRRENA,MESSINA,SICILIA,ISOLE
147642929372880402,COMUNE DI MIRANDOLA,MODENA,EMILIA-ROMAGNA,NORD-EST
147642930528895902,COMUNE DI LARINO,CAMPOBASSO,MOLISE,SUD
147842930535076502,COMUNE DI VILLARBASSE,TORINO,PIEMONTE,NORD-OVEST
148042930511023901,COMUNE DI AGNONE,ISERNIA,MOLISE,SUD
148142930539768402,COMUNE DI SOLAROLO,RAVENNA,EMILIA-ROMAGNA,NORD-EST
148242929249038602,COMUNE DI CALVI RISORTA,CASERTA,CAMPANIA,SUD
148342930537454201,COMUNE DI SESTO SAN GIOVANNI,MILANO,LOMBARDIA,NORD-OVEST
148542930479380901,COMUNE DI TERRANOVA DI POLLINO,POTENZA,BASILICATA,SUD
148642930479971702,COMUNE DI SENNARIOLO,ORISTANO,SARDEGNA,ISOLE
148942930528636601,COMUNE DI RIPABOTTONI,CAMPOBASSO,MOLISE,SUD
149042930519576702,COMUNE DI ANNONE DI BRIANZA,LECCO,LOMBARDIA,NORD-OVEST
149242930469838702,COMUNE DI PINAROLO PO,PAVIA,LOMBARDIA,NORD-OVEST
149242930523100401,COMUNE DI CAPOSELE,AVELLINO,CAMPANIA,SUD
149242930528314001,COMUNE DI SAN MARTINO BUON ALBERGO,VERONA,VENETO,NORD-EST
149242930538102502,COMUNE DI SELVINO,BERGAMO,LOMBARDIA,NORD-OVEST
149342930456788201,COMUNE DI PETACCIATO,CAMPOBASSO,MOLISE,SUD
149542928726666202,COMUNE DI CAMPAGNA,SALERNO,CAMPANIA,SUD
149642928653501701,COMUNE DI CAMPAGNOLA CREMASCA,CREMONA,LOMBARDIA,NORD-OVEST
149642930464155901,COMUNE DI CAPREZZO,VERBANO-CUSIO-OSSOLA,PIEMONTE,NORD-OVEST
149842930518260702,COMUNE DI ISOLA VICENTINA,VICENZA,VENETO,NORD-EST
149842930550702801,COMUNE DI SAGRADO,GORIZIA,FRIULI-VENEZIA GIULIA,NORD-EST
151342930508974301,COMUNE DI CINTE TESINO,TRENTO,TRENTINO-ALTO ADIGE/SÜDTIROL,NORD-EST
151542930475519001,COMUNE DI GROGNARDO,ALESSANDRIA,PIEMONTE,NORD-OVEST
151742927963730101,COMUNE DI BRIVIO,LECCO,LOMBARDIA,NORD-OVEST
151842930448135701,COMUNE DI TRASQUERA,VERBANO-CUSIO-OSSOLA,PIEMONTE,NORD-OVEST
151842930463750102,COMUNE DI ALLAI,ORISTANO,SARDEGNA,ISOLE
151942930544978002,COMUNE DI PADERNO PONCHIELLI,CREMONA,LOMBARDIA,NORD-OVEST
152042930464035102,COMUNE DI CAMPIGLIONE-FENILE,TORINO,PIEMONTE,NORD-OVEST
152042930477182301,COMUNE DI GRANOZZO CON MONTICELLO,NOVARA,PIEMONTE,NORD-OVEST
152042930531609501,COMUNE DI CALABRITTO,AVELLINO,CAMPANIA,SUD
152142930534314602,COMUNE DI SANARICA,LECCE,PUGLIA,SUD
152242930543096402,COMUNE DI MONTOPOLI IN VAL D'ARNO,PISA,TOSCANA,CENTRO
152342928770281901,COMUNE DI IMPERIA,IMPERIA,LIGURIA,NORD-OVEST
152342930450686901,COMUNE DI SALERANO CANAVESE,TORINO,PIEMONTE,NORD-OVEST
152542930476846501,COMUNE DI CASTROFILIPPO,AGRIGENTO,SICILIA,ISOLE
153142930542972702,COMUNE DI SAN BIASE,CAMPOBASSO,MOLISE,SUD
153342930458996002,COMUNE DI SIAMAGGIORE,ORISTANO,SARDEGNA,ISOLE
153342930475440202,COMUNE DI SANTO STEFANO DI CADORE,BELLUNO,VENETO,NORD-EST
153442930467893301,COMUNE DI ROMENO,TRENTO,TRENTINO-ALTO ADIGE/SÜDTIROL,NORD-EST
153642930449164501,COMUNE DI SANTA MARINA,SALERNO,CAMPANIA,SUD
153642930516703902,COMUNE DI CASTELFIDARDO,ANCONA,MARCHE,CENTRO
153842930524916302,COMUNE DI MOZZATE,COMO,LOMBARDIA,NORD-OVEST
153942930516129101,COMUNE DI GUALDO CATTANEO,PERUGIA,UMBRIA,CENTRO
154142928025264602,COMUNE DI BAROLO,CUNEO,PIEMONTE,NORD-OVEST
154142930537343902,COMUNE DI TRADATE,VARESE,LOMBARDIA,NORD-OVEST
154342930515951901,COMUNE DI BORDIGHERA,IMPERIA,LIGURIA,NORD-OVEST
154342930521332601,COMUNE DI AVOLA,SIRACUSA,SICILIA,ISOLE
154342930532730101,COMUNE DI VILLAFRATI,PALERMO,SICILIA,ISOLE
154342930544862901,COMUNE DI GIFFLENGA,BIELLA,PIEMONTE,NORD-OVEST
154442930342690301,COMUNE DI CAPODRISE,CASERTA,CAMPANIA,SUD
154542930547669701,COMUNE DI VALLEROTONDA,FROSINONE,LAZIO,CENTRO
154642930450207102,COMUNE DI MUCCIA,MACERATA,MARCHE,CENTRO
154642930453645502,COMUNE DI PEDARA,CATANIA,SICILIA,ISOLE
154742928946604302,COMUNE DI ARBA,PORDENONE,FRIULI-VENEZIA GIULIA,NORD-EST
154842930457094601,COMUNE DI SAMATZAI,SUD SARDEGNA,SARDEGNA,ISOLE
154942930521003602,COMUNE DI CASTELTERMINI,AGRIGENTO,SICILIA,ISOLE
155042930546029701,COMUNE DI FILETTO,CHIETI,ABRUZZO,SUD
155142930532843201,COMUNE DI PIATEDA,SONDRIO,LOMBARDIA,NORD-OVEST
155342930473738501,COMUNE DI PABILLONIS,SUD SARDEGNA,SARDEGNA,ISOLE
155442928135508801,COMUNE DI ACERNO,SALERNO,CAMPANIA,SUD
155442930458741801,COMUNE DI SORISO,NOVARA,PIEMONTE,NORD-OVEST
155442930546716402,COMUNE DI PIGLIO,FROSINONE,LAZIO,CENTRO
155542930467099901,COMUNE DI SENEGHE,ORISTANO,SARDEGNA,ISOLE
155642930519275401,COMUNE DI MISILMERI,PALERMO,SICILIA,ISOLE
155642930546746501,COMUNE DI MARANO VICENTINO,VICENZA,VENETO,NORD-EST
155942930517438602,COMUNE DI BRICHERASIO,TORINO,PIEMONTE,NORD-OVEST
155942930525766602,COMUNE DI VALLE AURINA,BOLZANO/BOZEN,TRENTINO-ALTO ADIGE/SÜDTIROL,NORD-EST
156042930537289702,COMUNE DI VACCARIZZO ALBANESE,COSENZA,CALABRIA,SUD
156342930522775202,COMUNE DI FOSSALTA DI PIAVE,VENEZIA,VENETO,NORD-EST
156642929575390702,COMUNE DI MISINTO,MONZA E DELLA BRIANZA,LOMBARDIA,NORD-OVEST
156742930529460202,COMUNE DI TORRE ORSAIA,SALERNO,CAMPANIA,SUD
156842930516325302,COMUNE DI GRUMELLO CREMONESE ED UNITI,CREMONA,LOMBARDIA,NORD-OVEST
156942930521143101,COMUNE DI CORATO,BARI,PUGLIA,SUD
157042928932618502,COMUNE DI DONORI,SUD SARDEGNA,SARDEGNA,ISOLE
157042930474743902,COMUNE DI MAIORI,SALERNO,CAMPANIA,SUD
157242930550208302,COMUNE DI ROPPOLO,BIELLA,PIEMONTE,NORD-OVEST
157342930469553702,COMUNE DI SANT'ANGELO A FASANELLA,SALERNO,CAMPANIA,SUD
157442930527548402,COMUNE DI SACROFANO,ROMA,LAZIO,CENTRO
157642930523961501,COMUNE DI FEROLETO ANTICO,CATANZARO,CALABRIA,SUD
157742930545228701,COMUNE DI LAUREANA DI BORRELLO,REGGIO DI CALABRIA,CALABRIA,SUD
157842930467986402,COMUNE DI TAIBON AGORDINO,BELLUNO,VENETO,NORD-EST
157842930474296502,COMUNE DI MORARO,GORIZIA,FRIULI-VENEZIA GIULIA,NORD-EST
157842930529640802,COMUNE DI CASCIAGO,VARESE,LOMBARDIA,NORD-OVEST
157942930475444302,COMUNE DI CASTEL SAN GIOVANNI,PIACENZA,EMILIA-ROMAGNA,NORD-EST
158042930463092601,COMUNE DI GAETA,LATINA,LAZIO,CENTRO
158042930478706402,COMUNE DI VELO D'ASTICO,VICENZA,VENETO,NORD-EST
158142929189241902,COMUNE DI LIVO,TRENTO,TRENTINO-ALTO ADIGE/SÜDTIROL,NORD-EST
158242927979933702,COMUNE DI CAPISTRELLO,L'AQUILA,ABRUZZO,SUD
158342930478366301,COMUNE DI VALLE SAN NICOLAO,BIELLA,PIEMONTE,NORD-OVEST
158342930516054701,COMUNE DI COGLIATE,MONZA E DELLA BRIANZA,LOMBARDIA,NORD-OVEST
158342930526117801,COMUNE DI PUTIGNANO,BARI,PUGLIA,SUD
158442930519045901,COMUNE DI MELENDUGNO,LECCE,PUGLIA,SUD
158742930467019501,COMUNE DI PORTICO E SAN BENEDETTO,FORLI'-CESENA,EMILIA-ROMAGNA,NORD-EST
158742930533543501,COMUNE DI ACUTO,FROSINONE,LAZIO,CENTRO
158742930541831501,COMUNE DI MARCELLINARA,CATANZARO,CALABRIA,SUD
158842930544096501,COMUNE DI LATERA,VITERBO,LAZIO,CENTRO
158942930510998002,COMUNE DI BRUSCIANO,NAPOLI,CAMPANIA,SUD
158942930526499202,COMUNE DI OSSIMO,BRESCIA,LOMBARDIA,NORD-OVEST
159142928135435302,COMUNE DI ANZOLA DELL'EMILIA,BOLOGNA,EMILIA-ROMAGNA,NORD-EST
159142930465136102,COMUNE DI ARCOLE,VERONA,VENETO,NORD-EST
159342930458732502,COMUNE DI ROMAGNESE,PAVIA,LOMBARDIA,NORD-OVEST
159342930525299201,COMUNE DI VACRI,CHIETI,ABRUZZO,SUD
159442930509101502,COMUNE DI MOCONESI,GENOVA,LIGURIA,NORD-OVEST
159542930515787101,COMUNE DI CASTANA,PAVIA,LOMBARDIA,NORD-OVEST
159642929166032802,COMUNE DI BRINZIO,VARESE,LOMBARDIA,NORD-OVEST
159642930549182602,COMUNE DI TEORA,AVELLINO,CAMPANIA,SUD
159842930524167302,COMUNE DI SOSPIRO,CREMONA,LOMBARDIA,NORD-OVEST
161142930541557502,COMUNE DI MONTE SAN PIETRO,BOLOGNA,EMILIA-ROMAGNA,NORD-EST
161542929309260302,COMUNE DI DANTA DI CADORE,BELLUNO,VENETO,NORD-EST
161542930531648401,COMUNE DI BAGNONE,MASSA-CARRARA,TOSCANA,CENTRO
161642930467750602,COMUNE DI ROMANO CANAVESE,TORINO,PIEMONTE,NORD-OVEST
161642930549932401,COMUNE DI UMBRIATICO,CROTONE,CALABRIA,SUD
161742930524729901,COMUNE DI SAN PIETRO MOSEZZO,NOVARA,PIEMONTE,NORD-OVEST
161942930445609901,COMUNE DI GERACE,REGGIO DI CALABRIA,CALABRIA,SUD
161942930458787802,COMUNE DI GALATINA,LECCE,PUGLIA,SUD
161942930533316402,COMUNE DI MOLINELLA,BOLOGNA,EMILIA-ROMAGNA,NORD-EST
162042930527284502,COMUNE DI SABBIONETA,MANTOVA,LOMBARDIA,NORD-OVEST
162242930545636301,COMUNE DI LA MADDALENA,SASSARI,SARDEGNA,ISOLE
162342930453250801,COMUNE DI FRASSO TELESINO,BENEVENTO,CAMPANIA,SUD
162342930454060301,COMUNE DI MERCATELLO SUL METAURO,PESARO E URBINO,MARCHE,CENTRO
162442930530754802,COMUNE DI CRUCOLI,CROTONE,CALABRIA,SUD
162442930531321102,COMUNE DI ZAGARISE,CATANZARO,CALABRIA,SUD
162542930549518202,COMUNE DI PRIOLA,CUNEO,PIEMONTE,NORD-OVEST
162642928676339002,COMUNE DI CAMPANA,COSENZA,CALABRIA,SUD
162742930541386401,COMUNE DI MONTE SAN MARTINO,MACERATA,MARCHE,CENTRO
163342930450908301,COMUNE DI SAN MICHELE AL TAGLIAMENTO,VENEZIA,VENETO,NORD-EST
163342930473979502,COMUNE DI SCOPELLO,VERCELLI,PIEMONTE,NORD-OVEST
163442930530935502,COMUNE DI SUVERETO,LIVORNO,TOSCANA,CENTRO
163442930539694902,COMUNE DI SAN MARCO LA CATOLA,FOGGIA,PUGLIA,SUD
163942930544633802,COMUNE DI PONZA,LATINA,LAZIO,CENTRO
164042930460051801,COMUNE DI VILLAFALLETTO,CUNEO,PIEMONTE,NORD-OVEST
164142930540465502,COMUNE DI MEDICINA,BOLOGNA,EMILIA-ROMAGNA,NORD-EST
164242930447341201,COMUNE DI SALA BOLOGNESE,BOLOGNA,EMILIA-ROMAGNA,NORD-EST
164442929816278102,COMUNE DI CASTORANO,ASCOLI PICENO,MARCHE,CENTRO
164442930540918602,COMUNE DI ACQUEDOLCI,MESSINA,SICILIA,ISOLE
164542930519765302,COMUNE DI LESMO,MONZA E DELLA BRIANZA,LOMBARDIA,NORD-OVEST
164642930461808702,COMUNE DI BELMONTE IN SABINA,RIETI,LAZIO,CENTRO
164642930463614001,COMUNE DI MONTEDINOVE,ASCOLI PICENO,MARCHE,CENTRO
164942930533952001,COMUNE DI CAMPLI,TERAMO,ABRUZZO,SUD
165442928043802902,COMUNE DI BERZANO DI TORTONA,ALESSANDRIA,PIEMONTE,NORD-OVEST
165442930517273502,COMUNE DI MONTERONI DI LECCE,LECCE,PUGLIA,SUD
165542930460232502,COMUNE DI BARGHE,BRESCIA,LOMBARDIA,NORD-OVEST
165542930549612201,COMUNE DI SAN GIMIGNANO,SIENA,TOSCANA,CENTRO
165742929341386202,COMUNE DI COLLE BRIANZA,LECCO,LOMBARDIA,NORD-OVEST
165742930508698002,COMUNE DI AUSTIS,NUORO,SARDEGNA,ISOLE
165742930532248602,COMUNE DI PINETO,TERAMO,ABRUZZO,SUD
165842930012164202,COMUNE DI CIVITELLA PAGANICO,GROSSETO,TOSCANA,CENTRO
165842930455941702,COMUNE DI VALDERICE,TRAPANI,SICILIA,ISOLE
165842930518748802,COMUNE DI ERLI,SAVONA,LIGURIA,NORD-OVEST
166042930524047202,COMUNE DI SANT'ANGELO LIMOSANO,CAMPOBASSO,MOLISE,SUD
166342930527989502,COMUNE DI TROVO,PAVIA,LOMBARDIA,NORD-OVEST
166542930474173501,COMUNE DI SAVA,TARANTO,PUGLIA,SUD
166642930509729801,COMUNE DI CRESCENTINO,VERCELLI,PIEMONTE,NORD-OVEST
166842930477693702,COMUNE DI PIETRACATELLA,CAMPOBASSO,MOLISE,SUD
166942930446842501,COMUNE DI COSTA DE' NOBILI,PAVIA,LOMBARDIA,NORD-OVEST
166942930516676602,COMUNE DI CONCORDIA SULLA SECCHIA,MODENA,EMILIA-ROMAGNA,NORD-EST
167142929091270702,COMUNE DI BARBARIGA,BRESCIA,LOMBARDIA,NORD-OVEST
167142929091319102,COMUNE DI CASTELNOVETTO,PAVIA,LOMBARDIA,NORD-OVEST
167242930473687902,COMUNE DI NICOTERA,VIBO VALENTIA,CALABRIA,SUD
167242930550454301,COMUNE DI VERRAYES,VALLE D'AOSTA/VALLÉE D'AOSTE,VALLE D'AOSTA/VALLÉE D'AOSTE,NORD-OVEST
167342930453887901,COMUNE DI MATRICE,CAMPOBASSO,MOLISE,SUD
167342930476156602,COMUNE DI SAN BIAGIO SARACINISCO,FROSINONE,LAZIO,CENTRO
167342930531512902,COMUNE DI CANTIANO,PESARO E URBINO,MARCHE,CENTRO
167442930473715802,COMUNE DI NICORVO,PAVIA,LOMBARDIA,NORD-OVEST
167442930524318301,COMUNE DI FIORANO AL SERIO,BERGAMO,LOMBARDIA,NORD-OVEST
167542929021132401,COMUNE DI COTIGNOLA,RAVENNA,EMILIA-ROMAGNA,NORD-EST
167642929703741002,COMUNE DI CONZANO,ALESSANDRIA,PIEMONTE,NORD-OVEST
167642929946319602,COMUNE DI COCCAGLIO,BRESCIA,LOMBARDIA,NORD-OVEST
167642930464043701,COMUNE DI POLLINA,PALERMO,SICILIA,ISOLE
167842930517704901,COMUNE DI CASANOVA LERRONE,SAVONA,LIGURIA,NORD-OVEST
167942930451477101,COMUNE DI ORSARA DI PUGLIA,FOGGIA,PUGLIA,SUD
167942930460089502,COMUNE DI BALANGERO,TORINO,PIEMONTE,NORD-OVEST
167942930530333001,COMUNE DI RIESI,CALTANISSETTA,SICILIA,ISOLE
168142930510642701,COMUNE DI CAREZZANO,ALESSANDRIA,PIEMONTE,NORD-OVEST
168242930517025502,COMUNE DI CEPAGATTI,PESCARA,ABRUZZO,SUD
168342929385464201,COMUNE DI BARD,VALLE D'AOSTA/VALLÉE D'AOSTE,VALLE D'AOSTA/VALLÉE D'AOSTE,NORD-OVEST
168342930519986502,COMUNE DI MARMENTINO,BRESCIA,LOMBARDIA,NORD-OVEST
168442927948912302,COMUNE DI BERGANTINO,ROVIGO,VENETO,NORD-EST
168542929456942701,COMUNE DI CADELBOSCO DI SOPRA,REGGIO NELL'EMILIA,EMILIA-ROMAGNA,NORD-EST
168542930515726001,COMUNE DI ENDINE GAIANO,BERGAMO,LOMBARDIA,NORD-OVEST
168542930533980102,COMUNE DI BADESI,SASSARI,SARDEGNA,ISOLE
168642930529431702,COMUNE DI BUGLIO IN MONTE,SONDRIO,LOMBARDIA,NORD-OVEST
168842929687124301,COMUNE DI MARZI,COSENZA,CALABRIA,SUD
168942930531666302,COMUNE DI SAN DEMETRIO CORONE,COSENZA,CALABRIA,SUD
168942930549296402,COMUNE DI SEDICO,BELLUNO,VENETO,NORD-EST
169242930452916401,COMUNE DI SENIS,ORISTANO,SARDEGNA,ISOLE
169442930525777302,COMUNE DI SORA,FROSINONE,LAZIO,CENTRO
169542930460793202,COMUNE DI TORRE CANAVESE,TORINO,PIEMONTE,NORD-OVEST
169542930526167301,COMUNE DI VILLAVALLELONGA,L'AQUILA,ABRUZZO,SUD
169542930531102902,COMUNE DI COSOLETO,REGGIO DI CALABRIA,CALABRIA,SUD
169642930544551501,COMUNE DI POGGIORSINI,BARI,PUGLIA,SUD
169742930545230402,COMUNE DI SAN BIAGIO DELLA CIMA,IMPERIA,LIGURIA,NORD-OVEST
169842930460896602,COMUNE DI COSTA DI MEZZATE,BERGAMO,LOMBARDIA,NORD-OVEST
169842930525450402,COMUNE DI VANZAGO,MILANO,LOMBARDIA,NORD-OVEST
169942928779211601,COMUNE DI ISCHIA DI CASTRO,VITERBO,LAZIO,CENTRO
171242930451390501,COMUNE DI MONTECRETO,MODENA,EMILIA-ROMAGNA,NORD-EST
171442930537661702,COMUNE DI VAIANO,PRATO,TOSCANA,CENTRO
171542930474857101,COMUNE DI PAGAZZANO,BERGAMO,LOMBARDIA,NORD-OVEST
171642930528089402,COMUNE DI ROBECCHETTO CON INDUNO,MILANO,LOMBARDIA,NORD-OVEST
171642930545331501,COMUNE DI LUNAMATRONA,SUD SARDEGNA,SARDEGNA,ISOLE
171642930548872901,COMUNE DI STROPPO,CUNEO,PIEMONTE,NORD-OVEST
171742930469562402,COMUNE DI URBINO,PESARO E URBINO,MARCHE,CENTRO
171742930547131501,COMUNE DI TREVI,PERUGIA,UMBRIA,CENTRO
171842930464726602,COMUNE DI BOSCOTRECASE,NAPOLI,CAMPANIA,SUD
171842930474320601,COMUNE DI VALLO TORINESE,TORINO,PIEMONTE,NORD-OVEST
171942930537327601,COMUNE DI PIOLTELLO,MILANO,LOMBARDIA,NORD-OVEST
172242930457255402,COMUNE DI ROCCHETTA A VOLTURNO,ISERNIA,MOLISE,SUD
172342930453413201,COMUNE DI QUARANTI,ASTI,PIEMONTE,NORD-OVEST
172342930526656302,COMUNE DI MONTEMILETTO,AVELLINO,CAMPANIA,SUD
172442930461991502,COMUNE DI PIEVE TESINO,TRENTO,TRENTINO-ALTO ADIGE/SÜDTIROL,NORD-EST
172442930516550001,COMUNE DI EDOLO,BRESCIA,LOMBARDIA,NORD-OVEST
172442930519165302,COMUNE DI MONVALLE,VARESE,LOMBARDIA,NORD-OVEST
172442930532392601,COMUNE DI NALLES,BOLZANO/BOZEN,TRENTINO-ALTO ADIGE/SÜDTIROL,NORD-EST
172542930479622601,COMUNE DI PIZZIGHETTONE,CREMONA,LOMBARDIA,NORD-OVEST
172642930519336001,COMUNE DI PANCHIA',TRENTO,TRENTINO-ALTO ADIGE/SÜDTIROL,NORD-EST
172742930527843301,COMUNE DI PESCOPENNATARO,ISERNIA,MOLISE,SUD
172942930455034402,COMUNE DI MALALBERGO,BOLOGNA,EMILIA-ROMAGNA,NORD-EST
172942930519421902,COMUNE DI MARZANO,PAVIA,LOMBARDIA,NORD-OVEST
173042930533913101,COMUNE DI AGLIE',TORINO,PIEMONTE,NORD-OVEST
173142928932478502,COMUNE DI DOLZAGO,LECCO,LOMBARDIA,NORD-OVEST
173142930531959201,COMUNE DI BORMIO,SONDRIO,LOMBARDIA,NORD-OVEST
173242930458027501,COMUNE DI SERRA RICCO',GENOVA,LIGURIA,NORD-OVEST
173342930511232501,COMUNE DI BENE LARIO,COMO,LOMBARDIA,NORD-OVEST
173342930526722801,COMUNE DI MEANA DI SUSA,TORINO,PIEMONTE,NORD-OVEST
173742930479305901,COMUNE DI VALBRONA,COMO,LOMBARDIA,NORD-OVEST
173742930534262602,COMUNE DI SEVESO,MONZA E DELLA BRIANZA,LOMBARDIA,NORD-OVEST
173842930533276002,COMUNE DI SAN NICOLO' D'ARCIDANO,ORISTANO,SARDEGNA,ISOLE
174042930461713401,COMUNE DI SAN DANIELE DEL FRIULI,UDINE,FRIULI-VENEZIA GIULIA,NORD-EST
174042930516249201,COMUNE DI GRONE,BERGAMO,LOMBARDIA,NORD-OVEST
174042930548710301,COMUNE DI SAN VENANZO,TERNI,UMBRIA,CENTRO
174242929514158301,COMUNE DI FOGGIA,FOGGIA,PUGLIA,SUD
174242930538951702,COMUNE DI SESTINO,AREZZO,TOSCANA,CENTRO
174442930054961402,COMUNE DI FERENTINO,FROSINONE,LAZIO,CENTRO
174542930452423502,COMUNE DI FOSSO',VENEZIA,VENETO,NORD-EST
174642929385350302,COMUNE DI BARDOLINO,VERONA,VENETO,NORD-EST
174742928236055201,COMUNE DI ALIA,PALERMO,SICILIA,ISOLE
174842930469978501,COMUNE DI SESTO CAMPANO,ISERNIA,MOLISE,SUD
174842930478757801,COMUNE DI USINI,SASSARI,SARDEGNA,ISOLE
174942930455252701,COMUNE DI POMBIA,NOVARA,PIEMONTE,NORD-OVEST
174942930529771102,COMUNE DI CASTIGLIONE DELLA PESCAIA,GROSSETO,TOSCANA,CENTRO
175042930541851802,COMUNE DI GIOIOSA MAREA,MESSINA,SICILIA,ISOLE
175042930546232402,COMUNE DI LOMAGNA,LECCO,LOMBARDIA,NORD-OVEST
175142930455190102,COMUNE DI VITERBO,VITERBO,LAZIO,CENTRO
175142930480181001,COMUNE DI STENICO,TRENTO,TRENTINO-ALTO ADIGE/SÜDTIROL,NORD-EST
175142930529037101,COMUNE DI MESAGNE,BRINDISI,PUGLIA,SUD
175342930454055602,COMUNE DI MEZZOLDO,BERGAMO,LOMBARDIA,NORD-OVEST
175342930457543401,COMUNE DI PIANORO,BOLOGNA,EMILIA-ROMAGNA,NORD-EST
175342930508312801,COMUNE DI CAROLEI,COSENZA,CALABRIA,SUD
175442930515676102,COMUNE DI CAMPI SALENTINA,LECCE,PUGLIA,SUD
175442930523935601,COMUNE DI SCHEGGIA E PASCELUPO,PERUGIA,UMBRIA,CENTRO
175442930525537602,COMUNE DI SOMMO,PAVIA,LOMBARDIA,NORD-OVEST
175542930517516502,COMUNE DI BRIONA,NOVARA,PIEMONTE,NORD-OVEST
175842930518895102,COMUNE DI MASSA MARTANA,PERUGIA,UMBRIA,CENTRO
175842930522254701,COMUNE DI CASTELPLANIO,ANCONA,MARCHE,CENTRO
176042930544553402,COMUNE DI SAN COSTANTINO CALABRO,VIBO VALENTIA,CALABRIA,SUD
176142930480559002,COMUNE DI SAN MARTINO VALLE CAUDINA,AVELLINO,CAMPANIA,SUD
176242930523833802,COMUNE DI SOLESINO,PADOVA,VENETO,NORD-EST
176342929201182702,COMUNE DI CAPESTRANO,L'AQUILA,ABRUZZO,SUD
176442928242942002,COMUNE DI CERIGNOLA,FOGGIA,PUGLIA,SUD
176442930548703702,COMUNE DI THIESI,SASSARI,SARDEGNA,ISOLE
176542930469300802,COMUNE DI SELLANO,PERUGIA,UMBRIA,CENTRO
176642930543382501,COMUNE DI SAVIGNANO SUL RUBICONE,FORLI'-CESENA,EMILIA-ROMAGNA,NORD-EST
176742930477931002,COMUNE DI VELEZZO LOMELLINA,PAVIA,LOMBARDIA,NORD-OVEST
176942930476904801,COMUNE DI PORLEZZA,COMO,LOMBARDIA,NORD-OVEST
176942930478602102,COMUNE DI SCALDASOLE,PAVIA,LOMBARDIA,NORD-OVEST
177042930546702502,COMUNE DI PRAMAGGIORE,VENEZIA,VENETO,NORD-EST
177342930462158901,COMUNE DI PIOVE DI SACCO,PADOVA,VENETO,NORD-EST
177342930530273402,COMUNE DI CAPRI,NAPOLI,CAMPANIA,SUD
177342930546684601,COMUNE DI POLIZZI GENEROSA,PALERMO,SICILIA,ISOLE
177542930508507301,COMUNE DI CANTALUPA,TORINO,PIEMONTE,NORD-OVEST
177642930453702301,COMUNE DI PESCARA,PESCARA,ABRUZZO,SUD
177742930456060701,COMUNE DI RIVAROLO DEL RE ED UNITI,CREMONA,LOMBARDIA,NORD-OVEST
177842930460193901,COMUNE DI CARPANETO PIACENTINO,PIACENZA,EMILIA-ROMAGNA,NORD-EST
178042930479266802,COMUNE DI SANTO STEFANO D'AVETO,GENOVA,LIGURIA,NORD-OVEST
178142930462707102,COMUNE DI CANALE,CUNEO,PIEMONTE,NORD-OVEST
178142930528847201,COMUNE DI VIGNOLA,MODENA,EMILIA-ROMAGNA,NORD-EST
178142930543623401,COMUNE DI INTROBIO,LECCO,LOMBARDIA,NORD-OVEST
178542930476543901,COMUNE DI CASERTA,CASERTA,CAMPANIA,SUD
178642930459055902,COMUNE DI STIMIGLIANO,RIETI,LAZIO,CENTRO
178642930460996501,COMUNE DI CAMPOROTONDO DI FIASTRONE,MACERATA,MARCHE,CENTRO
178642930528419301,COMUNE DI SALO',BRESCIA,LOMBARDIA,NORD-OVEST
178842928062695402,COMUNE DI BORTIGIADAS,SASSARI,SARDEGNA,ISOLE
178942930474454801,COMUNE DI GIULIANA,PALERMO,SICILIA,ISOLE
179142930463396901,COMUNE DI BORORE,NUORO,SARDEGNA,ISOLE
179342928213854001,COMUNE DI ALTISSIMO,VICENZA,VENETO,NORD-EST
179342930546197102,COMUNE DI PELUGO,TRENTO,TRENTINO-ALTO ADIGE/SÜDTIROL,NORD-EST
179542930525133101,COMUNE DI RIGOLATO,UDINE,FRIULI-VENEZIA GIULIA,NORD-EST
179842930449428701,COMUNE DI SANT'ELIA A PIANISI,CAMPOBASSO,MOLISE,SUD
179842930510259202,COMUNE DI ACQUALAGNA,PESARO E URBINO,MARCHE,CENTRO
179842930538524902,COMUNE DI VICO EQUENSE,NAPOLI,CAMPANIA,SUD
179942930549169901,COMUNE DI PIZZOLI,L'AQUILA,ABRUZZO,SUD
181142929703907301,COMUNE DI CONVERSANO,BARI,PUGLIA,SUD
181142930523877701,COMUNE DI SANTA CROCE DEL SANNIO,BENEVENTO,CAMPANIA,SUD
181142930527486402,COMUNE DI MONTALBANO ELICONA,MESSINA,SICILIA,ISOLE
181242930509374402,COMUNE DI CREVOLADOSSOLA,VERBANO-CUSIO-OSSOLA,PIEMONTE,NORD-OVEST
181342930521827301,COMUNE DI FIANO ROMANO,ROMA,LAZIO,CENTRO
181442930476085601,COMUNE DI CROPANI,CATANZARO,CALABRIA,SUD
181442930543003101,COMUNE DI LEGNANO,MILANO,LOMBARDIA,NORD-OVEST
181642930464002802,COMUNE DI CAPRAUNA,CUNEO,PIEMONTE,NORD-OVEST
181742930531711401,COMUNE DI CUPRAMONTANA,ANCONA,MARCHE,CENTRO
182242930537956102,COMUNE DI POMPU,ORISTANO,SARDEGNA,ISOLE
182342929012808301,COMUNE DI BREMBATE,BERGAMO,LOMBARDIA,NORD-OVEST
182342930541689202,COMUNE DI MARCALLO CON CASONE,MILANO,LOMBARDIA,NORD-OVEST
182442930456071301,COMUNE DI RAPOLANO TERME,SIENA,TOSCANA,CENTRO
182942930469857701,COMUNE DI SARNICO,BERGAMO,LOMBARDIA,NORD-OVEST
183042930475213801,COMUNE DI PALERMITI,CATANZARO,CALABRIA,SUD
183042930517930602,COMUNE DI CARBONIA,SUD SARDEGNA,SARDEGNA,ISOLE
183042930530573402,COMUNE DI RONCO ALL'ADIGE,VERONA,VENETO,NORD-EST
183142930518918701,COMUNE DI CERVERE,CUNEO,PIEMONTE,NORD-OVEST
183542930509064901,COMUNE DI BRENNERO,BOLZANO/BOZEN,TRENTINO-ALTO ADIGE/SÜDTIROL,NORD-EST
183642930531972901,COMUNE DI BELMONTE PICENO,FERMO,MARCHE,CENTRO
183742930525710802,COMUNE DI SANTA MARIA DEL MOLISE,ISERNIA,MOLISE,SUD
183742930527080001,COMUNE DI SCAFATI,SALERNO,CAMPANIA,SUD
184142930507781401,COMUNE DI BRALLO DI PREGOLA,PAVIA,LOMBARDIA,NORD-OVEST
184242930458791701,COMUNE DI RIVAMONTE AGORDINO,BELLUNO,VENETO,NORD-EST
184442930455796202,COMUNE DI MONTAGUTO,AVELLINO,CAMPANIA,SUD
184442930517219702,COMUNE DI CONDOVE,TORINO,PIEMONTE,NORD-OVEST
184442930544068301,COMUNE DI LIMANA,BELLUNO,VENETO,NORD-EST
184542930473060602,COMUNE DI LORIA,TREVISO,VENETO,NORD-EST
184542930521086801,COMUNE DI COAZZOLO,ASTI,PIEMONTE,NORD-OVEST
184642930462171501,COMUNE DI ROLO,REGGIO NELL'EMILIA,EMILIA-ROMAGNA,NORD-EST
184642930524539701,COMUNE DI TERNO D'ISOLA,BERGAMO,LOMBARDIA,NORD-OVEST
184742929839739802,COMUNE DI CASTELSARDO,SASSARI,SARDEGNA,ISOLE
184842929021081301,COMUNE DI CAMPOBASSO,CAMPOBASSO,MOLISE,SUD
184842930463990202,COMUNE DI AGIRA,ENNA,SICILIA,ISOLE
185242930475044302,COMUNE DI MONTEGROSSO PIAN LATTE,IMPERIA,LIGURIA,NORD-OVEST
185242930508862201,COMUNE DI BONAVIGO,VERONA,VENETO,NORD-EST
185242930549979501,COMUNE DI VESCOVATO,CREMONA,LOMBARDIA,NORD-OVEST
185342930472893601,COMUNE DI MONFORTE SAN GIORGIO,MESSINA,SICILIA,ISOLE
185342930542156801,COMUNE DI MOMBARCARO,CUNEO,PIEMONTE,NORD-OVEST
185442930539869301,COMUNE DI RECANATI,MACERATA,MARCHE,CENTRO
185642930527158702,COMUNE DI VITICUSO,FROSINONE,LAZIO,CENTRO
185742930316791302,COMUNE DI MARTONE,REGGIO DI CALABRIA,CALABRIA,SUD
185742930531538401,COMUNE DI CASTELLABATE,SALERNO,CAMPANIA,SUD
185942930529803701,COMUNE DI CONFIGNI,RIETI,LAZIO,CENTRO
186242930525209502,COMUNE DI PALLARE,SAVONA,LIGURIA,NORD-OVEST
186342930457277601,COMUNE DI NOMAGLIO,TORINO,PIEMONTE,NORD-OVEST
186342930526904701,COMUNE DI OLMENETA,CREMONA,LOMBARDIA,NORD-OVEST
186442930519296301,COMUNE DI ORTUCCHIO,L'AQUILA,ABRUZZO,SUD
186442930549950901,COMUNE DI ROSOLINA,ROVIGO,VENETO,NORD-EST
186542930507655802,COMUNE DI BALLABIO,LECCO,LOMBARDIA,NORD-OVEST
186742930451038602,COMUNE DI PALLANZENO,VERBANO-CUSIO-OSSOLA,PIEMONTE,NORD-OVEST
186842930478135802,COMUNE DI TORNO,COMO,LOMBARDIA,NORD-OVEST
187042930475738102,COMUNE DI INZAGO,MILANO,LOMBARDIA,NORD-OVEST
187242930521653902,COMUNE DI MARUGGIO,TARANTO,PUGLIA,SUD
187442930519530002,COMUNE DI FAGGETO LARIO,COMO,LOMBARDIA,NORD-OVEST
187642930455584402,COMUNE DI MALONNO,BRESCIA,LOMBARDIA,NORD-OVEST
187642930527571602,COMUNE DI PEDRENGO,BERGAMO,LOMBARDIA,NORD-OVEST
187742930446810702,COMUNE DI MONTECCHIO,TERNI,UMBRIA,CENTRO
187742930459631002,COMUNE DI CAVAGLIETTO,NOVARA,PIEMONTE,NORD-OVEST
187742930522129302,COMUNE DI CETONA,SIENA,TOSCANA,CENTRO
187742930531273002,COMUNE DI COSSIGNANO,ASCOLI PICENO,MARCHE,CENTRO
187842930460474102,COMUNE DI VASANELLO,VITERBO,LAZIO,CENTRO
187842930463290001,COMUNE DI ORANI,NUORO,SARDEGNA,ISOLE
187942930524637001,COMUNE DI MEDA,MONZA E DELLA BRIANZA,LOMBARDIA,NORD-OVEST
187942930528980602,COMUNE DI PESCHE,ISERNIA,MOLISE,SUD
188242929013166301,COMUNE DI CARTOSIO,ALESSANDRIA,PIEMONTE,NORD-OVEST
188242930464850202,COMUNE DI SAN BASILE,COSENZA,CALABRIA,SUD
188242930522584702,COMUNE DI MINERBE,VERONA,VENETO,NORD-EST
188342930526586002,COMUNE DI NOCERA SUPERIORE,SALERNO,CAMPANIA,SUD
188442930457576502,COMUNE DI MONTALDEO,ALESSANDRIA,PIEMONTE,NORD-OVEST
188442930534496402,COMUNE DI ANGIARI,VERONA,VENETO,NORD-EST
188642929800356701,COMUNE DI LIMONE SUL GARDA,BRESCIA,LOMBARDIA,NORD-OVEST
188742928316187402,COMUNE DI AVERARA,BERGAMO,LOMBARDIA,NORD-OVEST
188742930515997302,COMUNE DI CHAMOIS,VALLE D'AOSTA/VALLÉE D'AOSTE,VALLE D'AOSTA/VALLÉE D'AOSTE,NORD-OVEST
189142930445491702,COMUNE DI GERACI SICULO,PALERMO,SICILIA,ISOLE
189242928087944401,COMUNE DI CARDINALE,CATANZARO,CALABRIA,SUD
189442930529519802,COMUNE DI VARISELLA,TORINO,PIEMONTE,NORD-OVEST
189442930532402802,COMUNE DI ANDRATE,TORINO,PIEMONTE,NORD-OVEST
189542930532566802,COMUNE DI ALSERIO,COMO,LOMBARDIA,NORD-OVEST
189742927986105002,COMUNE DI CALVATONE,CREMONA,LOMBARDIA,NORD-OVEST
189742930517890202,COMUNE DI GIOVO,TRENTO,TRENTINO-ALTO ADIGE/SÜDTIROL,NORD-EST
189942930526846502,COMUNE DI TRODENA NEL PARCO NATURALE,BOLZANO/BOZEN,TRENTINO-ALTO ADIGE/SÜDTIROL,NORD-EST
191142930477001502,COMUNE DI LAMPORO,VERCELLI,PIEMONTE,NORD-OVEST
191242928823204201,COMUNE DI GURRO,VERBANO-CUSIO-OSSOLA,PIEMONTE,NORD-OVEST
191342930457253501,COMUNE DI PRE'-SAINT-DIDIER,VALLE D'AOSTA/VALLÉE D'AOSTE,VALLE D'AOSTA/VALLÉE D'AOSTE,NORD-OVEST
191342930516577602,COMUNE DI CUREGGIO,NOVARA,PIEMONTE,NORD-OVEST
191342930525032501,COMUNE DI MOTTAFOLLONE,COSENZA,CALABRIA,SUD
191342930539983202,COMUNE DI PIACENZA D'ADIGE,PADOVA,VENETO,NORD-EST
191342930541755801,COMUNE DI GUARDIALFIERA,CAMPOBASSO,MOLISE,SUD
191442930462855702,COMUNE DI CORNAREDO,MILANO,LOMBARDIA,NORD-OVEST
191442930542916701,COMUNE DI LICATA,AGRIGENTO,SICILIA,ISOLE
191942930462739701,COMUNE DI GAMBERALE,CHIETI,ABRUZZO,SUD
191942930517330601,COMUNE DI CARBONE,POTENZA,BASILICATA,SUD
192042930472522002,COMUNE DI LATIANO,BRINDISI,PUGLIA,SUD
192442930528707601,COMUNE DI NEPI,VITERBO,LAZIO,CENTRO
192542930545880701,COMUNE DI MONTANERA,CUNEO,PIEMONTE,NORD-OVEST
192642930462426001,COMUNE DI ALLUMIERE,ROMA,LAZIO,CENTRO
192642930466614901,COMUNE DI VILLA SANTA LUCIA DEGLI ABRUZZI,L'AQUILA,ABRUZZO,SUD
192642930517070502,COMUNE DI CITTAREALE,RIETI,LAZIO,CENTRO
193142928888081701,COMUNE DI DIPIGNANO,COSENZA,CALABRIA,SUD
193142930516186502,COMUNE DI GIOIOSA IONICA,REGGIO DI CALABRIA,CALABRIA,SUD
193242929947863901,COMUNE DI FONDI,LATINA,LAZIO,CENTRO
193242930529969302,COMUNE DI CINGIA DE' BOTTI,CREMONA,LOMBARDIA,NORD-OVEST
193442930518696401,COMUNE DI CERVICATI,COSENZA,CALABRIA,SUD
193842928176142301,COMUNE DI ACQUARO,VIBO VALENTIA,CALABRIA,SUD
193842930534095702,COMUNE DI DELICETO,FOGGIA,PUGLIA,SUD
193942930458399401,COMUNE DI POCAPAGLIA,CUNEO,PIEMONTE,NORD-OVEST
194042929309310102,COMUNE DI DRAPIA,VIBO VALENTIA,CALABRIA,SUD
194242929166198701,COMUNE DI NOVENTA PADOVANA,PADOVA,VENETO,NORD-EST
194242930531402601,COMUNE DI COSSANO CANAVESE,TORINO,PIEMONTE,NORD-OVEST
194342930525935501,COMUNE DI SANT'AGATA DI MILITELLO,MESSINA,SICILIA,ISOLE
194542930544892701,COMUNE DI LOCATE DI TRIULZI,MILANO,LOMBARDIA,NORD-OVEST
194642930461157702,COMUNE DI CAPALBIO,GROSSETO,TOSCANA,CENTRO
194642930462519702,COMUNE DI DESIO,MONZA E DELLA BRIANZA,LOMBARDIA,NORD-OVEST
194642930545150301,COMUNE DI PADOVA,PADOVA,VENETO,NORD-EST
194642930546396201,COMUNE DI MARENTINO,TORINO,PIEMONTE,NORD-OVEST
194742930533156002,COMUNE DI ACQUANEGRA CREMONESE,CREMONA,LOMBARDIA,NORD-OVEST
194742930548711401,COMUNE DI SIGNA,FIRENZE,TOSCANA,CENTRO
194842930528510301,COMUNE DI SPERONE,AVELLINO,CAMPANIA,SUD
194842930532490002,COMUNE DI CASTELLI CALEPIO,BERGAMO,LOMBARDIA,NORD-OVEST
195142930450872301,COMUNE DI TORRICE,FROSINONE,LAZIO,CENTRO
195142930540612502,COMUNE DI VILLAMARZANA,ROVIGO,VENETO,NORD-EST
195342928779164901,COMUNE DI GRADARA,PESARO E URBINO,MARCHE,CENTRO
195442930454031802,COMUNE DI MIGLIERINA,CATANZARO,CALABRIA,SUD
195742929321180801,COMUNE DI DRUENTO,TORINO,PIEMONTE,NORD-OVEST
195742929476628902,COMUNE DI ERTO E CASSO,PORDENONE,FRIULI-VENEZIA GIULIA,NORD-EST
195742930478077902,COMUNE DI SASSETTA,LIVORNO,TOSCANA,CENTRO
195942930456866702,COMUNE DI GIGNOD,VALLE D'AOSTA/VALLÉE D'AOSTE,VALLE D'AOSTA/VALLÉE D'AOSTE,NORD-OVEST
195942930473561901,COMUNE DI MACERATA CAMPANIA,CASERTA,CAMPANIA,SUD
195942930532109202,COMUNE DI CESINALI,AVELLINO,CAMPANIA,SUD
196042930540599302,COMUNE DI VILLANOVA MARCHESANA,ROVIGO,VENETO,NORD-EST
196242930528428102,COMUNE DI ROCCA IMPERIALE,COSENZA,CALABRIA,SUD
196242930528957301,COMUNE DI PALADINA,BERGAMO,LOMBARDIA,NORD-OVEST
196442930527100201,COMUNE DI TRESCORE BALNEARIO,BERGAMO,LOMBARDIA,NORD-OVEST
196542930536473202,COMUNE DI STANGHELLA,PADOVA,VENETO,NORD-EST
196642930516978601,COMUNE DI CONTRADA,AVELLINO,CAMPANIA,SUD
196842930540591201,COMUNE DI MEDUNO,PORDENONE,FRIULI-VENEZIA GIULIA,NORD-EST
196942929885937002,COMUNE DI LOZIO,BRESCIA,LOMBARDIA,NORD-OVEST
197142928135571602,COMUNE DI ALBAREDO PER SAN MARCO,SONDRIO,LOMBARDIA,NORD-OVEST
197142930526756002,COMUNE DI LUSCIANO,CASERTA,CAMPANIA,SUD
197142930529403302,COMUNE DI BUDONI,SASSARI,SARDEGNA,ISOLE
197242930518932201,COMUNE DI ERVE,LECCO,LOMBARDIA,NORD-OVEST
197342930455782501,COMUNE DI PETTORANO SUL GIZIO,L'AQUILA,ABRUZZO,SUD
197342930462733702,COMUNE DI CAMPO TURES,BOLZANO/BOZEN,TRENTINO-ALTO ADIGE/SÜDTIROL,NORD-EST
197542929575341802,COMUNE DI SAN GIORGIO IN BOSCO,PADOVA,VENETO,NORD-EST
197642930528232101,COMUNE DI ROBECCO SUL NAVIGLIO,MILANO,LOMBARDIA,NORD-OVEST
197742930548902501,COMUNE DI SANTO STEFANO BELBO,CUNEO,PIEMONTE,NORD-OVEST
197942929165986602,COMUNE DI LEVERANO,LECCE,PUGLIA,SUD
197942930508734101,COMUNE DI CAMPO LIGURE,GENOVA,LIGURIA,NORD-OVEST
197942930541585801,COMUNE DI MONFALCONE,GORIZIA,FRIULI-VENEZIA GIULIA,NORD-EST
198142930550292001,COMUNE DI SAMONE,TORINO,PIEMONTE,NORD-OVEST
198542930542434002,COMUNE DI MOSSA,GORIZIA,FRIULI-VENEZIA GIULIA,NORD-EST
198742930458981302,COMUNE DI TEGLIO,SONDRIO,LOMBARDIA,NORD-OVEST
198942930550515102,COMUNE DI SAN GIUSEPPE JATO,PALERMO,SICILIA,ISOLE
199042930461844201,COMUNE DI BUSSI SUL TIRINO,PESCARA,ABRUZZO,SUD
199042930548544802,COMUNE DI SAN LORENZO DI SEBATO,BOLZANO/BOZEN,TRENTINO-ALTO ADIGE/SÜDTIROL,NORD-EST
199142930541839502,COMUNE DI GARLENDA,SAVONA,LIGURIA,NORD-OVEST
199242930451638001,COMUNE DI NOLI,SAVONA,LIGURIA,NORD-OVEST
199242930462005002,COMUNE DI PIEVE SANTO STEFANO,AREZZO,TOSCANA,CENTRO
199542930509304402,COMUNE DI CHATILLON,VALLE D'AOSTA/VALLÉE D'AOSTE,VALLE D'AOSTA/VALLÉE D'AOSTE,NORD-OVEST
199542930510230901,COMUNE DI CASTELLANETA,TARANTO,PUGLIA,SUD
199642930454548302,COMUNE DI TERLANO,BOLZANO/BOZEN,TRENTINO-ALTO ADIGE/SÜDTIROL,NORD-EST
199742930449773702,COMUNE DI PISOGNE,BRESCIA,LOMBARDIA,NORD-OVEST
199842929126793302,COMUNE DI MONTERIGGIONI,SIENA,TOSCANA,CENTRO
199942930530867601,COMUNE DI BEREGUARDO,PAVIA,LOMBARDIA,NORD-OVEST
201242930477969001,COMUNE DI NAVELLI,L'AQUILA,ABRUZZO,SUD
201442930467818102,COMUNE DI RIVOLI VERONESE,VERONA,VENETO,NORD-EST
201542929584070601,COMUNE DI PORTO CERESIO,VARESE,LOMBARDIA,NORD-OVEST
201542930518523202,COMUNE DI L'AQUILA,L'AQUILA,ABRUZZO,SUD
201842927928402701,COMUNE DI CAPRIANA,TRENTO,TRENTINO-ALTO ADIGE/SÜDTIROL,NORD-EST
201942930541697001,COMUNE DI PEIO,TRENTO,TRENTINO-ALTO ADIGE/SÜDTIROL,NORD-EST
202142930527320702,COMUNE DI ORMELLE,TREVISO,VENETO,NORD-EST
202442930546098002,COMUNE DI LANZADA,SONDRIO,LOMBARDIA,NORD-OVEST
202542927928301302,COMUNE DI CAMEROTA,SALERNO,CAMPANIA,SUD
202542930519452201,COMUNE DI OPI,L'AQUILA,ABRUZZO,SUD
202642928676362302,COMUNE DI MARZABOTTO,BOLOGNA,EMILIA-ROMAGNA,NORD-EST
202642930461705002,COMUNE DI BOLTIERE,BERGAMO,LOMBARDIA,NORD-OVEST
202642930475655402,COMUNE DI MONTALTO DORA,TORINO,PIEMONTE,NORD-OVEST
202742928043675701,COMUNE DI CAVASSO NUOVO,PORDENONE,FRIULI-VENEZIA GIULIA,NORD-EST
202842928570580602,COMUNE DI LONGOBARDI,COSENZA,CALABRIA,SUD
203042930545739702,COMUNE DI PAULI ARBAREI,SUD SARDEGNA,SARDEGNA,ISOLE
203442930479279901,COMUNE DI SAN VINCENZO LA COSTA,COSENZA,CALABRIA,SUD
203542930446366902,COMUNE DI POLISTENA,REGGIO DI CALABRIA,CALABRIA,SUD
203542930476118802,COMUNE DI CELLERE,VITERBO,LAZIO,CENTRO
203642930519858202,COMUNE DI MELPIGNANO,LECCE,PUGLIA,SUD
203742930456700602,COMUNE DI PIANA DEGLI ALBANESI,PALERMO,SICILIA,ISOLE
203842930508275702,COMUNE DI ARLENA DI CASTRO,VITERBO,LAZIO,CENTRO
203842930509485801,COMUNE DI COTTANELLO,RIETI,LAZIO,CENTRO
203842930547535202,COMUNE DI VALLELUNGA PRATAMENO,CALTANISSETTA,SICILIA,ISOLE
203942928119349601,COMUNE DI CANOSIO,CUNEO,PIEMONTE,NORD-OVEST
204042928042145401,COMUNE DI BONATE SOPRA,BERGAMO,LOMBARDIA,NORD-OVEST
204042930475363702,COMUNE DI SAN PAOLO SOLBRITO,ASTI,PIEMONTE,NORD-OVEST
204042930542899602,COMUNE DI SIMERI CRICHI,CATANZARO,CALABRIA,SUD
204342930461193302,COMUNE DI VIGGIU',VARESE,LOMBARDIA,NORD-OVEST
204542930457014502,COMUNE DI SAN MANGO D'AQUINO,CATANZARO,CALABRIA,SUD
204542930524947501,COMUNE DI RIACE,REGGIO DI CALABRIA,CALABRIA,SUD
204642930475134001,COMUNE DI MANGO,CUNEO,PIEMONTE,NORD-OVEST
204842930342747201,COMUNE DI ARGENTERA,CUNEO,PIEMONTE,NORD-OVEST
204842930388638301,COMUNE DI PORTICI,NAPOLI,CAMPANIA,SUD
204842930534921901,COMUNE DI CASALEGGIO NOVARA,NOVARA,PIEMONTE,NORD-OVEST
205042930456457801,COMUNE DI FURCI,CHIETI,ABRUZZO,SUD
205042930531009601,COMUNE DI CASASCO,ALESSANDRIA,PIEMONTE,NORD-OVEST
205142930518281701,COMUNE DI CREMENAGA,VARESE,LOMBARDIA,NORD-OVEST
205242930462843402,COMUNE DI CORLEONE,PALERMO,SICILIA,ISOLE
205242930471668002,COMUNE DI ZERFALIU,ORISTANO,SARDEGNA,ISOLE
205242930533677402,COMUNE DI ROCCHETTA BELBO,CUNEO,PIEMONTE,NORD-OVEST
205242930549818802,COMUNE DI STERNATIA,LECCE,PUGLIA,SUD
205342930534423002,COMUNE DI ARRE,PADOVA,VENETO,NORD-EST
205342930549076202,COMUNE DI STURNO,AVELLINO,CAMPANIA,SUD
205442930451140102,COMUNE DI PALIZZI,REGGIO DI CALABRIA,CALABRIA,SUD
205442930526065202,COMUNE DI VOLPEGLINO,ALESSANDRIA,PIEMONTE,NORD-OVEST
205642930474298101,COMUNE DI SINAGRA,MESSINA,SICILIA,ISOLE
205842928288536202,COMUNE DI BRUNO,ASTI,PIEMONTE,NORD-OVEST
205842928932735101,COMUNE DI CENTURIPE,ENNA,SICILIA,ISOLE
205842930534884102,COMUNE DI BARESSA,ORISTANO,SARDEGNA,ISOLE
205942930459277902,COMUNE DI CARLINO,UDINE,FRIULI-VENEZIA GIULIA,NORD-EST
206142930464701102,COMUNE DI ANDALO,TRENTO,TRENTINO-ALTO ADIGE/SÜDTIROL,NORD-EST
206242929321374401,COMUNE DI CARUNCHIO,CHIETI,ABRUZZO,SUD
206242929476530502,COMUNE DI COLORINA,SONDRIO,LOMBARDIA,NORD-OVEST
206242930461224402,COMUNE DI VILLAR SAN COSTANZO,CUNEO,PIEMONTE,NORD-OVEST
206242930528713001,COMUNE DI SAN MASSIMO,CAMPOBASSO,MOLISE,SUD
206242930529600601,COMUNE DI STIGLIANO,MATERA,BASILICATA,SUD
206442930526147401,COMUNE DI TORRICELLA,TARANTO,PUGLIA,SUD
206542930541423001,COMUNE DI POZZILLI,ISERNIA,MOLISE,SUD
206742929927339802,COMUNE DI LOZZO DI CADORE,BELLUNO,VENETO,NORD-EST
206842930463599601,COMUNE DI ARCIDOSSO,GROSSETO,TOSCANA,CENTRO
206842930517947502,COMUNE DI ISOLA DEL GRAN SASSO D'ITALIA,TERAMO,ABRUZZO,SUD
207142930449579901,COMUNE DI SAN TEODORO,MESSINA,SICILIA,ISOLE
207142930510244802,COMUNE DI ACQUAFORMOSA,COSENZA,CALABRIA,SUD
207442930507714902,COMUNE DI CAMPO NELL'ELBA,LIVORNO,TOSCANA,CENTRO
207542929839789102,COMUNE DI CHIAVENNA,SONDRIO,LOMBARDIA,NORD-OVEST
207742930475609901,COMUNE DI CASTEL SAN NICCOLO',AREZZO,TOSCANA,CENTRO
207742930533085401,COMUNE DI CORNIGLIO,PARMA,EMILIA-ROMAGNA,NORD-EST
208042930515529002,COMUNE DI CASTIGLIONE COSENTINO,COSENZA,CALABRIA,SUD
208042930528313102,COMUNE DI PREONE,UDINE,FRIULI-VENEZIA GIULIA,NORD-EST
208042930542384402,COMUNE DI FORMAZZA,VERBANO-CUSIO-OSSOLA,PIEMONTE,NORD-OVEST
208142930527700802,COMUNE DI PESCOCOSTANZO,L'AQUILA,ABRUZZO,SUD
208342930460922602,COMUNE DI BOZZOLE,ALESSANDRIA,PIEMONTE,NORD-OVEST
208442930509150801,COMUNE DI BOSCHI SANT'ANNA,VERONA,VENETO,NORD-EST
208442930533643502,COMUNE DI ROCCHETTA PALAFEA,ASTI,PIEMONTE,NORD-OVEST
208542930454276302,COMUNE DI NOCERA TERINESE,CATANZARO,CALABRIA,SUD
208642930448971302,COMUNE DI RIANO,ROMA,LAZIO,CENTRO
208742930459881901,COMUNE DI CINGOLI,MACERATA,MARCHE,CENTRO
208742930526452502,COMUNE DI MIAGLIANO,BIELLA,PIEMONTE,NORD-OVEST
209142930342804001,COMUNE DI CAPORCIANO,L'AQUILA,ABRUZZO,SUD
209242930452690302,COMUNE DI GORLE,BERGAMO,LOMBARDIA,NORD-OVEST
209342930470808201,COMUNE DI SPILINGA,VIBO VALENTIA,CALABRIA,SUD
209642930542527302,COMUNE DI IMOLA,BOLOGNA,EMILIA-ROMAGNA,NORD-EST
209742930473717902,COMUNE DI NIZZA DI SICILIA,MESSINA,SICILIA,ISOLE
209742930516270101,COMUNE DI CEGGIA,VENEZIA,VENETO,NORD-EST
209942930547042502,COMUNE DI QUINCINETTO,TORINO,PIEMONTE,NORD-OVEST
211142930550015701,COMUNE DI SEFRO,MACERATA,MARCHE,CENTRO
211242930465105802,COMUNE DI CANNA,COSENZA,CALABRIA,SUD
211542929160935901,COMUNE DI CISANO BERGAMASCO,BERGAMO,LOMBARDIA,NORD-OVEST
211642928614409302,COMUNE DI FOSSA,L'AQUILA,ABRUZZO,SUD
211642930452905601,COMUNE DI SANTA MARIA A MONTE,PISA,TOSCANA,CENTRO
211642930463091102,COMUNE DI CORNO DI ROSAZZO,UDINE,FRIULI-VENEZIA GIULIA,NORD-EST
211642930542496201,COMUNE DI NICOSIA,ENNA,SICILIA,ISOLE
211742929160847802,COMUNE DI GRAVERE,TORINO,PIEMONTE,NORD-OVEST
211742930289750601,COMUNE DI MINERBIO,BOLOGNA,EMILIA-ROMAGNA,NORD-EST
211742930471091801,COMUNE DI SAN MAURO PASCOLI,FORLI'-CESENA,EMILIA-ROMAGNA,NORD-EST
212042928921270801,COMUNE DI CASTIRAGA VIDARDO,LODI,LOMBARDIA,NORD-OVEST
212342930448223102,COMUNE DI SANTA MARIA DI SALA,VENEZIA,VENETO,NORD-EST
212442930454093601,COMUNE DI MERGOZZO,VERBANO-CUSIO-OSSOLA,PIEMONTE,NORD-OVEST
212542930461335402,COMUNE DI CENGIO,SAVONA,LIGURIA,NORD-OVEST
212642930477761102,COMUNE DI PIEVE DI CENTO,BOLOGNA,EMILIA-ROMAGNA,NORD-EST
212842928258040302,COMUNE DI ARPINO,FROSINONE,LAZIO,CENTRO
213042930479540402,COMUNE DI SANTA SOFIA D'EPIRO,COSENZA,CALABRIA,SUD
213042930480513401,COMUNE DI SARCONI,POTENZA,BASILICATA,SUD
213342930450456101,COMUNE DI POGLIANO MILANESE,MILANO,LOMBARDIA,NORD-OVEST
213342930472590701,COMUNE DI OLBIA,SASSARI,SARDEGNA,ISOLE
213442930525710701,COMUNE DI MONTECHIARO D'ACQUI,ALESSANDRIA,PIEMONTE,NORD-OVEST
213542930520818802,COMUNE DI FONDACHELLI-FANTINA,MESSINA,SICILIA,ISOLE
213642930525015001,COMUNE DI PIETRABBONDANTE,ISERNIA,MOLISE,SUD
213642930529319202,COMUNE DI RIOLUNATO,MODENA,EMILIA-ROMAGNA,NORD-EST
213742930448749601,COMUNE DI PONTECCHIO POLESINE,ROVIGO,VENETO,NORD-EST
213942930527571901,COMUNE DI FRANCOLISE,CASERTA,CAMPANIA,SUD
213942930549045802,COMUNE DI SUBIACO,ROMA,LAZIO,CENTRO
214042930461938401,COMUNE DI VERONELLA,VERONA,VENETO,NORD-EST
214042930533285602,COMUNE DI SANTA NINFA,TRAPANI,SICILIA,ISOLE
214242930476777102,COMUNE DI SAN NICANDRO GARGANICO,FOGGIA,PUGLIA,SUD
214342930528543402,COMUNE DI NAZZANO,ROMA,LAZIO,CENTRO
214542930463014801,COMUNE DI CASTELLO D'AGOGNA,PAVIA,LOMBARDIA,NORD-OVEST
214642930541063701,COMUNE DI TIGLIOLE,ASTI,PIEMONTE,NORD-OVEST
214742930464176902,COMUNE DI STELLA CILENTO,SALERNO,CAMPANIA,SUD
214742930518803202,COMUNE DI FOGLIANISE,BENEVENTO,CAMPANIA,SUD
214742930529008801,COMUNE DI MONTIGNOSO,MASSA-CARRARA,TOSCANA,CENTRO
214942929249151201,COMUNE DI BORGOROSE,RIETI,LAZIO,CENTRO
214942930521792701,COMUNE DI CUMIGNANO SUL NAVIGLIO,CREMONA,LOMBARDIA,NORD-OVEST
214942930539115801,COMUNE DI PIMONTE,NAPOLI,CAMPANIA,SUD
215242930508075102,COMUNE DI BROVELLO-CARPUGNINO,VERBANO-CUSIO-OSSOLA,PIEMONTE,NORD-OVEST
215242930532660101,COMUNE DI GAMBELLARA,VICENZA,VENETO,NORD-EST
215342930457772202,COMUNE DI ROCCARASO,L'AQUILA,ABRUZZO,SUD
215342930535908602,COMUNE DI VIMERCATE,MONZA E DELLA BRIANZA,LOMBARDIA,NORD-OVEST
215642930509549502,COMUNE DI BOCCHIGLIERO,COSENZA,CALABRIA,SUD
215742930515530701,COMUNE DI COLLEPASSO,LECCE,PUGLIA,SUD
215842928087914902,COMUNE DI CRACO,MATERA,BASILICATA,SUD
215842930474952702,COMUNE DI FRONTINO,PESARO E URBINO,MARCHE,CENTRO
215942930472937802,COMUNE DI GUASILA,SUD SARDEGNA,SARDEGNA,ISOLE
215942930534226501,COMUNE DI DENNO,TRENTO,TRENTINO-ALTO ADIGE/SÜDTIROL,NORD-EST
216042930517885901,COMUNE DI BORGIO VEREZZI,SAVONA,LIGURIA,NORD-OVEST
216042930525548201,COMUNE DI SERMONETA,LATINA,LAZIO,CENTRO
216042930549546702,COMUNE DI POGGIO NATIVO,RIETI,LAZIO,CENTRO
216142930529762501,COMUNE DI SAN GIACOMO VERCELLESE,VERCELLI,PIEMONTE,NORD-OVEST
216142930533879302,COMUNE DI CASALE SUL SILE,TREVISO,VENETO,NORD-EST
216242930462445402,COMUNE DI CASTELRAIMONDO,MACERATA,MARCHE,CENTRO
216242930539128802,COMUNE DI VERRUA PO,PAVIA,LOMBARDIA,NORD-OVEST
216342930464379001,COMUNE DI TORVISCOSA,UDINE,FRIULI-VENEZIA GIULIA,NORD-EST
216542930527751801,COMUNE DI MONTESEGALE,PAVIA,LOMBARDIA,NORD-OVEST
216742930473831902,COMUNE DI LIMENA,PADOVA,VENETO,NORD-EST
216742930527214301,COMUNE DI SALVE,LECCE,PUGLIA,SUD
217142928739711201,COMUNE DI GIAROLE,ALESSANDRIA,PIEMONTE,NORD-OVEST
217142930464930701,COMUNE DI NULVI,SASSARI,SARDEGNA,ISOLE
217242930462792202,COMUNE DI PIASCO,CUNEO,PIEMONTE,NORD-OVEST
217242930523998102,COMUNE DI SCHIAVON,VICENZA,VENETO,NORD-EST
217342930452353601,COMUNE DI SANGUINETTO,VERONA,VENETO,NORD-EST
217342930461880202,COMUNE DI CEGLIE MESSAPICA,BRINDISI,PUGLIA,SUD
217342930474375302,COMUNE DI MONTORIO NEI FRENTANI,CAMPOBASSO,MOLISE,SUD
217442930510769402,COMUNE DI CASTELLARANO,REGGIO NELL'EMILIA,EMILIA-ROMAGNA,NORD-EST
217642930478744201,COMUNE DI SAN PAOLO BEL SITO,NAPOLI,CAMPANIA,SUD
217742930478248501,COMUNE DI TRIBOGNA,GENOVA,LIGURIA,NORD-OVEST
217842930542664701,COMUNE DI LIMBIATE,MONZA E DELLA BRIANZA,LOMBARDIA,NORD-OVEST
218142930548310601,COMUNE DI VERDELLO,BERGAMO,LOMBARDIA,NORD-OVEST
218442927995017401,COMUNE DI BIRORI,NUORO,SARDEGNA,ISOLE
218542930447738002,COMUNE DI FIORANO MODENESE,MODENA,EMILIA-ROMAGNA,NORD-EST
218642930516546502,COMUNE DI COMISO,RAGUSA,SICILIA,ISOLE
218742928694273101,COMUNE DI BUONVICINO,COSENZA,CALABRIA,SUD
218842929013215201,COMUNE DI VILLASIMIUS,SUD SARDEGNA,SARDEGNA,ISOLE
218942930515688402,COMUNE DI CARINI,PALERMO,SICILIA,ISOLE
219142930460880402,COMUNE DI BURONZO,VERCELLI,PIEMONTE,NORD-OVEST
219142930540645401,COMUNE DI VESTENANOVA,VERONA,VENETO,NORD-EST
219342930184422702,COMUNE DI CETRARO,COSENZA,CALABRIA,SUD
219342930461496201,COMUNE DI BUSSERO,MILANO,LOMBARDIA,NORD-OVEST
219342930479864602,COMUNE DI SAN COLOMBANO AL LAMBRO,MILANO,LOMBARDIA,NORD-OVEST
219642930519637602,COMUNE DI MONTEFALCONE NEL SANNIO,CAMPOBASSO,MOLISE,SUD
219742930532576901,COMUNE DI ANDRETTA,AVELLINO,CAMPANIA,SUD
219742930533665601,COMUNE DI MONTEROSI,VITERBO,LAZIO,CENTRO
219842930546832202,COMUNE DI ROVESCALA,PAVIA,LOMBARDIA,NORD-OVEST
219942930478109202,COMUNE DI SPARONE,TORINO,PIEMONTE,NORD-OVEST
219942930526327501,COMUNE DI SALI VERCELLESE,VERCELLI,PIEMONTE,NORD-OVEST
221142930546480202,COMUNE DI FRANCICA,VIBO VALENTIA,CALABRIA,SUD
221242930525006201,COMUNE DI MOTTA MONTECORVINO,FOGGIA,PUGLIA,SUD
221542930460197101,COMUNE DI ARDORE,REGGIO DI CALABRIA,CALABRIA,SUD
221542930530640802,COMUNE DI PIETRA MARAZZI,ALESSANDRIA,PIEMONTE,NORD-OVEST
221542930541745402,COMUNE DI LORSICA,GENOVA,LIGURIA,NORD-OVEST
221642930455184701,COMUNE DI MALEGNO,BRESCIA,LOMBARDIA,NORD-OVEST
221642930525763302,COMUNE DI TORRE DEL GRECO,NAPOLI,CAMPANIA,SUD
221742930526945402,COMUNE DI TREPPO GRANDE,UDINE,FRIULI-VENEZIA GIULIA,NORD-EST
221742930548772001,COMUNE DI VAILATE,CREMONA,LOMBARDIA,NORD-OVEST
221842930543068801,COMUNE DI SPINEDA,CREMONA,LOMBARDIA,NORD-OVEST
221842930548629802,COMUNE DI VERGATO,BOLOGNA,EMILIA-ROMAGNA,NORD-EST
222242930544009002,COMUNE DI LENI,MESSINA,SICILIA,ISOLE
222342930530148102,COMUNE DI VILLAR PEROSA,TORINO,PIEMONTE,NORD-OVEST
222442930529814102,COMUNE DI SERRATA,REGGIO DI CALABRIA,CALABRIA,SUD
222542930509430901,COMUNE DI CASTENASO,BOLOGNA,EMILIA-ROMAGNA,NORD-EST
222542930542764902,COMUNE DI SAVIGNANO SUL PANARO,MODENA,EMILIA-ROMAGNA,NORD-EST
222642930457658001,COMUNE DI NEONELI,ORISTANO,SARDEGNA,ISOLE
222742930520958001,COMUNE DI FELIZZANO,ALESSANDRIA,PIEMONTE,NORD-OVEST
222842930519131302,COMUNE DI PICCIANO,PESCARA,ABRUZZO,SUD
222942930524801801,COMUNE DI PRAY,BIELLA,PIEMONTE,NORD-OVEST
223042930446533101,COMUNE DI ROGLIANO,COSENZA,CALABRIA,SUD
223142930524586801,COMUNE DI MANTA,CUNEO,PIEMONTE,NORD-OVEST
223242929687182701,COMUNE DI CORTE DE' FRATI,CREMONA,LOMBARDIA,NORD-OVEST
223242930515474901,COMUNE DI COMO,COMO,LOMBARDIA,NORD-OVEST
223242930522271402,COMUNE DI ARGENTA,FERRARA,EMILIA-ROMAGNA,NORD-EST
223542930509711401,COMUNE DI CESA,CASERTA,CAMPANIA,SUD
223542930524943702,COMUNE DI PUGLIANELLO,BENEVENTO,CAMPANIA,SUD
223742929259310802,COMUNE DI CLETO,COSENZA,CALABRIA,SUD
223942930510424802,COMUNE DI BASCHI,TERNI,UMBRIA,CENTRO
224042928592854201,COMUNE DI CONCOREZZO,MONZA E DELLA BRIANZA,LOMBARDIA,NORD-OVEST
224042930519163101,COMUNE DI CASTELLETTO MONFERRATO,ALESSANDRIA,PIEMONTE,NORD-OVEST
224242930455491302,COMUNE DI VILLASOR,SUD SARDEGNA,SARDEGNA,ISOLE
224342928021699402,COMUNE DI AVEGNO,GENOVA,LIGURIA,NORD-OVEST
224342930465361801,COMUNE DI CASTILENTI,TERAMO,ABRUZZO,SUD
224442930059407701,COMUNE DI CASTELBALDO,PADOVA,VENETO,NORD-EST
224442930465045101,COMUNE DI VARZI,PAVIA,LOMBARDIA,NORD-OVEST
224542930521392801,COMUNE DI CELLE ENOMONDO,ASTI,PIEMONTE,NORD-OVEST
224542930535872302,COMUNE DI VINADIO,CUNEO,PIEMONTE,NORD-OVEST
224942930459667401,COMUNE DI SANZA,SALERNO,CAMPANIA,SUD
225042929800207601,COMUNE DI MANTOVA,MANTOVA,LOMBARDIA,NORD-OVEST
225442930536192201,COMUNE DI VILLA LITERNO,CASERTA,CAMPANIA,SUD
225542930526813002,COMUNE DI SLUDERNO,BOLZANO/BOZEN,TRENTINO-ALTO ADIGE/SÜDTIROL,NORD-EST
225642928823251301,COMUNE DI GODIASCO SALICE TERME,PAVIA,LOMBARDIA,NORD-OVEST
225742930542785202,COMUNE DI URI,SASSARI,SARDEGNA,ISOLE
225942930518197202,COMUNE DI DALMINE,BERGAMO,LOMBARDIA,NORD-OVEST
226142930510564702,COMUNE DI COLLOBIANO,VERCELLI,PIEMONTE,NORD-OVEST
226242930530711402,COMUNE DI CAMISANO VICENTINO,VICENZA,VENETO,NORD-EST
226442930530900801,COMUNE DI CHEREMULE,SASSARI,SARDEGNA,ISOLE
226542930518849501,COMUNE DI COLONNA,ROMA,LAZIO,CENTRO
226642930455066701,COMUNE DI SPOTORNO,SAVONA,LIGURIA,NORD-OVEST
226642930474481301,COMUNE DI LATRONICO,POTENZA,BASILICATA,SUD
226642930541254802,COMUNE DI MONTERUBBIANO,FERMO,MARCHE,CENTRO
226942930525434501,COMUNE DI MONTEFIORE CONCA,RIMINI,EMILIA-ROMAGNA,NORD-EST
227042927979772501,COMUNE DI ARI,CHIETI,ABRUZZO,SUD
227042929704188102,COMUNE DI JESI,ANCONA,MARCHE,CENTRO
227042930459882702,COMUNE DI BAGNI DI LUCCA,LUCCA,TOSCANA,CENTRO
227142930477466802,COMUNE DI TREVISO,TREVISO,VENETO,NORD-EST
227242929127079502,COMUNE DI LESTIZZA,UDINE,FRIULI-VENEZIA GIULIA,NORD-EST
227342929501640302,COMUNE DI ORTOVERO,SAVONA,LIGURIA,NORD-OVEST
227442930456397101,COMUNE DI MARZANO DI NOLA,AVELLINO,CAMPANIA,SUD
227442930476092802,COMUNE DI DIVIGNANO,NOVARA,PIEMONTE,NORD-OVEST
227442930537540601,COMUNE DI VAGLIO BASILICATA,POTENZA,BASILICATA,SUD
227542930142494701,COMUNE DI MONTEBELLUNA,TREVISO,VENETO,NORD-EST
227742929321159702,COMUNE DI CASTEL MAGGIORE,BOLOGNA,EMILIA-ROMAGNA,NORD-EST
227742930541985201,COMUNE DI GASPERINA,CATANZARO,CALABRIA,SUD
227842930515700502,COMUNE DI CAMPELLO SUL CLITUNNO,PERUGIA,UMBRIA,CENTRO
228042930508088301,COMUNE DI FIDENZA,PARMA,EMILIA-ROMAGNA,NORD-EST
228042930509501002,COMUNE DI CASTELNUOVO BOZZENTE,COMO,LOMBARDIA,NORD-OVEST
228442930532044401,COMUNE DI CELENZA VALFORTORE,FOGGIA,PUGLIA,SUD
228442930535190902,COMUNE DI GATTEO,FORLI'-CESENA,EMILIA-ROMAGNA,NORD-EST
228542930474401902,COMUNE DI TURRIVALIGNANI,PESCARA,ABRUZZO,SUD
228742929800041902,COMUNE DI FLAIBANO,UDINE,FRIULI-VENEZIA GIULIA,NORD-EST
228742930458562502,COMUNE DI SORIANO NEL CIMINO,VITERBO,LAZIO,CENTRO
228842930530653801,COMUNE DI NUGHEDU SAN NICOLO',SASSARI,SARDEGNA,ISOLE
228942930461646102,COMUNE DI MIRABELLO MONFERRATO,ALESSANDRIA,PIEMONTE,NORD-OVEST
229142930460413102,COMUNE DI ROSCIGNO,SALERNO,CAMPANIA,SUD
229242929765863102,COMUNE DI GHISALBA,BERGAMO,LOMBARDIA,NORD-OVEST
229242930464650702,COMUNE DI COLLESANO,PALERMO,SICILIA,ISOLE
229342930448175602,COMUNE DI VIADANA,MANTOVA,LOMBARDIA,NORD-OVEST
229542930477542801,COMUNE DI RONCEGNO TERME,TRENTO,TRENTINO-ALTO ADIGE/SÜDTIROL,NORD-EST
229842928130723801,COMUNE DI CASTELNUOVO DELLA DAUNIA,FOGGIA,PUGLIA,SUD
229842930473204002,COMUNE DI FRAGNETO MONFORTE,BENEVENTO,CAMPANIA,SUD
229942929839807701,COMUNE DI CASTELSPINA,ALESSANDRIA,PIEMONTE,NORD-OVEST
231142929604407702,COMUNE DI PANICALE,PERUGIA,UMBRIA,CENTRO
231242930518258301,COMUNE DI LACES,BOLZANO/BOZEN,TRENTINO-ALTO ADIGE/SÜDTIROL,NORD-EST
231442930468593002,COMUNE DI MELDOLA,FORLI'-CESENA,EMILIA-ROMAGNA,NORD-EST
231442930518389502,COMUNE DI BARCIS,PORDENONE,FRIULI-VENEZIA GIULIA,NORD-EST
231542930471698101,COMUNE DI MEDOLE,MANTOVA,LOMBARDIA,NORD-OVEST
231542930515932502,COMUNE DI BULCIAGO,LECCO,LOMBARDIA,NORD-OVEST
231542930531937402,COMUNE DI RASURA,SONDRIO,LOMBARDIA,NORD-OVEST
231742930475459301,COMUNE DI SAN GIOVANNI IN GALDO,CAMPOBASSO,MOLISE,SUD
231942930516452801,COMUNE DI GODEGA DI SANT'URBANO,TREVISO,VENETO,NORD-EST
231942930527300101,COMUNE DI SOVERATO,CATANZARO,CALABRIA,SUD
232042930546849802,COMUNE DI RUBIANA,TORINO,PIEMONTE,NORD-OVEST
232342930480521002,COMUNE DI SAN GREGORIO MATESE,CASERTA,CAMPANIA,SUD
232442930455043601,COMUNE DI UBOLDO,VARESE,LOMBARDIA,NORD-OVEST
232442930532909002,COMUNE DI CORNELIANO D'ALBA,CUNEO,PIEMONTE,NORD-OVEST
232542930522580802,COMUNE DI MIRA,VENEZIA,VENETO,NORD-EST
232542930530980201,COMUNE DI CASAPULLA,CASERTA,CAMPANIA,SUD
232742930531694702,COMUNE DI PARLASCO,LECCO,LOMBARDIA,NORD-OVEST
232942930545939201,COMUNE DI CASTRONOVO DI SICILIA,PALERMO,SICILIA,ISOLE
233042930530581602,COMUNE DI SOGLIO,ASTI,PIEMONTE,NORD-OVEST
233142930519507601,COMUNE DI FANO ADRIANO,TERAMO,ABRUZZO,SUD
233142930545192801,COMUNE DI GRANDATE,COMO,LOMBARDIA,NORD-OVEST
233142930548538502,COMUNE DI ROSSANA,CUNEO,PIEMONTE,NORD-OVEST
233242930448797601,COMUNE DI FROSSASCO,TORINO,PIEMONTE,NORD-OVEST
233342930543064402,COMUNE DI GIUGLIANO IN CAMPANIA,NAPOLI,CAMPANIA,SUD
233442930516186401,COMUNE DI LIMOSANO,CAMPOBASSO,MOLISE,SUD
233442930543210202,COMUNE DI PERLETTO,CUNEO,PIEMONTE,NORD-OVEST
233542930464095302,COMUNE DI BAGNARIA ARSA,UDINE,FRIULI-VENEZIA GIULIA,NORD-EST
233542930475867401,COMUNE DI INVERNO E MONTELEONE,PAVIA,LOMBARDIA,NORD-OVEST
233742930548685602,COMUNE DI SAN COLOMBANO BELMONTE,TORINO,PIEMONTE,NORD-OVEST
233842930530354701,COMUNE DI ALTOPASCIO,LUCCA,TOSCANA,CENTRO
234042930476811801,COMUNE DI MONTEGIOCO,ALESSANDRIA,PIEMONTE,NORD-OVEST
234042930480240401,COMUNE DI SAN GIUSEPPE VESUVIANO,NAPOLI,CAMPANIA,SUD
234042930480645902,COMUNE DI ROSOLINI,SIRACUSA,SICILIA,ISOLE
234142930463876201,COMUNE DI CALOVETO,COSENZA,CALABRIA,SUD
234142930516208801,COMUNE DI FRATTA TODINA,PERUGIA,UMBRIA,CENTRO
234342930459315401,COMUNE DI STRANGOLAGALLI,FROSINONE,LAZIO,CENTRO
234342930534636802,COMUNE DI VOLONGO,CREMONA,LOMBARDIA,NORD-OVEST
234442930519488502,COMUNE DI LONA-LASES,TRENTO,TRENTINO-ALTO ADIGE/SÜDTIROL,NORD-EST
234942930447392501,COMUNE DI OLLOLAI,NUORO,SARDEGNA,ISOLE
234942930528080102,COMUNE DI ROBURENT,CUNEO,PIEMONTE,NORD-OVEST
235042928235935102,COMUNE DI ALBARETTO DELLA TORRE,CUNEO,PIEMONTE,NORD-OVEST
235042930459852101,COMUNE DI CINISELLO BALSAMO,MILANO,LOMBARDIA,NORD-OVEST
235142930524357902,COMUNE DI SANTA MARIA HOE',LECCO,LOMBARDIA,NORD-OVEST
235142930532587302,COMUNE DI CONCA DELLA CAMPANIA,CASERTA,CAMPANIA,SUD
235142930547606802,COMUNE DI UDINE,UDINE,FRIULI-VENEZIA GIULIA,NORD-EST
235442929488789901,COMUNE DI CERVESINA,PAVIA,LOMBARDIA,NORD-OVEST
235442930544367302,COMUNE DI PIAZZOLA SUL BRENTA,PADOVA,VENETO,NORD-EST
235542930546451802,COMUNE DI GRADOLI,VITERBO,LAZIO,CENTRO
235642930220797901,COMUNE DI CASAMICCIOLA TERME,NAPOLI,CAMPANIA,SUD
235642930469364202,COMUNE DI SELVA DEI MOLINI,BOLZANO/BOZEN,TRENTINO-ALTO ADIGE/SÜDTIROL,NORD-EST
235642930479363401,COMUNE DI TIANA,NUORO,SARDEGNA,ISOLE
235642930522798702,COMUNE DI FAVARA,AGRIGENTO,SICILIA,ISOLE
235842929839691602,COMUNE DI CHIARI,BRESCIA,LOMBARDIA,NORD-OVEST
235942930455679801,COMUNE DI POSTA FIBRENO,FROSINONE,LAZIO,CENTRO
236042930457786301,COMUNE DI MONTALDO DI MONDOVI',CUNEO,PIEMONTE,NORD-OVEST
236042930547778101,COMUNE DI VEROLANUOVA,BRESCIA,LOMBARDIA,NORD-OVEST
236142930544684002,COMUNE DI GIBA,SUD SARDEGNA,SARDEGNA,ISOLE
236242930471200901,COMUNE DI RECETTO,NOVARA,PIEMONTE,NORD-OVEST
236242930474371601,COMUNE DI SAN BONIFACIO,VERONA,VENETO,NORD-EST
236342930546254302,COMUNE DI MARCON,VENEZIA,VENETO,NORD-EST
236442930449556802,COMUNE DI RICCIA,CAMPOBASSO,MOLISE,SUD
236642930530457701,COMUNE DI CARPANZANO,COSENZA,CALABRIA,SUD
236642930543830802,COMUNE DI MANFREDONIA,FOGGIA,PUGLIA,SUD
236742930543645202,COMUNE DI PALAZZOLO SULL'OGLIO,BRESCIA,LOMBARDIA,NORD-OVEST
237142930537923602,COMUNE DI ZELBIO,COMO,LOMBARDIA,NORD-OVEST
237142930541491901,COMUNE DI VALMACCA,ALESSANDRIA,PIEMONTE,NORD-OVEST
237442928235852702,COMUNE DI ALBENGA,SAVONA,LIGURIA,NORD-OVEST
237642930510191802,COMUNE DI CASSAGO BRIANZA,LECCO,LOMBARDIA,NORD-OVEST
237642930536276402,COMUNE DI ROTELLO,CAMPOBASSO,MOLISE,SUD
237742930540437102,COMUNE DI MORRA DE SANCTIS,AVELLINO,CAMPANIA,SUD
237742930543536302,COMUNE DI MAIRAGO,LODI,LOMBARDIA,NORD-OVEST
238042929765913402,COMUNE DI SILEA,TREVISO,VENETO,NORD-EST
238042930508527402,COMUNE DI BISCEGLIE,BARLETTA-ANDRIA-TRANI,PUGLIA,SUD
238142930518014401,COMUNE DI GESUALDO,AVELLINO,CAMPANIA,SUD
238242930459729901,COMUNE DI SANTA ELISABETTA,AGRIGENTO,SICILIA,ISOLE
238242930479484202,COMUNE DI VALGRANA,CUNEO,PIEMONTE,NORD-OVEST
238342930549815502,COMUNE DI SAN GIORGIO CANAVESE,TORINO,PIEMONTE,NORD-OVEST
238442930451793002,COMUNE DI ONANI',NUORO,SARDEGNA,ISOLE
238742930478203001,COMUNE DI SARONNO,VARESE,LOMBARDIA,NORD-OVEST
238742930547727901,COMUNE DI VALLINFREDA,ROMA,LAZIO,CENTRO
239242930462518401,COMUNE DI CAMPOLIETO,CAMPOBASSO,MOLISE,SUD
239242930463967601,COMUNE DI CASALETTO CEREDANO,CREMONA,LOMBARDIA,NORD-OVEST
239242930528882101,COMUNE DI ROCCASCALEGNA,CHIETI,ABRUZZO,SUD
239242930549135202,COMUNE DI SECUGNAGO,LODI,LOMBARDIA,NORD-OVEST
239342930518492102,COMUNE DI CERRETO SANNITA,BENEVENTO,CAMPANIA,SUD
239442929921990602,COMUNE DI LOZZOLO,VERCELLI,PIEMONTE,NORD-OVEST
239442930531431601,COMUNE DI SPINONE AL LAGO,BERGAMO,LOMBARDIA,NORD-OVEST
239542930541650302,COMUNE DI PREDOI,BOLZANO/BOZEN,TRENTINO-ALTO ADIGE/SÜDTIROL,NORD-EST
239842930456653101,COMUNE DI MORINO,L'AQUILA,ABRUZZO,SUD
239842930527482101,COMUNE DI MOLARE,ALESSANDRIA,PIEMONTE,NORD-OVEST
239942930455010102,COMUNE DI VENOSA,POTENZA,BASILICATA,SUD
239942930541439502,COMUNE DI MONFUMO,TREVISO,VENETO,NORD-EST
241142928603062201,COMUNE DI CASTIGLIONE CHIAVARESE,GENOVA,LIGURIA,NORD-OVEST
241142928726332101,COMUNE DI COGNE,VALLE D'AOSTA/VALLÉE D'AOSTE,VALLE D'AOSTA/VALLÉE D'AOSTE,NORD-OVEST
241142930465417902,COMUNE DI VILLANUOVA SUL CLISI,BRESCIA,LOMBARDIA,NORD-OVEST
241142930524075202,COMUNE DI LISCIA,CHIETI,ABRUZZO,SUD
241242930534408101,COMUNE DI TRAMONTI DI SOPRA,PORDENONE,FRIULI-VENEZIA GIULIA,NORD-EST
241442930516032402,COMUNE DI MACCHIA D'ISERNIA,ISERNIA,MOLISE,SUD
241442930528886802,COMUNE DI MALLES VENOSTA,BOLZANO/BOZEN,TRENTINO-ALTO ADIGE/SÜDTIROL,NORD-EST
241542930547557702,COMUNE DI SAREZZANO,ALESSANDRIA,PIEMONTE,NORD-OVEST
241742930474208501,COMUNE DI MARINEO,PALERMO,SICILIA,ISOLE
241842930515814201,COMUNE DI CAMPARADA,MONZA E DELLA BRIANZA,LOMBARDIA,NORD-OVEST
241942930509935501,COMUNE DI ANTIGNANO,ASTI,PIEMONTE,NORD-OVEST
241942930548691901,COMUNE DI TINNURA,ORISTANO,SARDEGNA,ISOLE
242242930528340102,COMUNE DI PRESSANA,VERONA,VENETO,NORD-EST
242342930522564602,COMUNE DI MINERVINO MURGE,BARLETTA-ANDRIA-TRANI,PUGLIA,SUD
242542928159125602,COMUNE DI ANTILLO,MESSINA,SICILIA,ISOLE
242942930508408802,COMUNE DI APRICALE,IMPERIA,LIGURIA,NORD-OVEST
242942930520106201,COMUNE DI NUSCO,AVELLINO,CAMPANIA,SUD
243042930316903701,COMUNE DI FOSSALTA DI PORTOGRUARO,VENEZIA,VENETO,NORD-EST
243142930454432801,COMUNE DI PIAZZA AL SERCHIO,LUCCA,TOSCANA,CENTRO
243342930517752501,COMUNE DI ILLASI,VERONA,VENETO,NORD-EST
243342930544502102,COMUNE DI SAN PIETRO AL NATISONE,UDINE,FRIULI-VENEZIA GIULIA,NORD-EST
243442930475280302,COMUNE DI SETTALA,MILANO,LOMBARDIA,NORD-OVEST
243442930550673002,COMUNE DI TORNIMPARTE,L'AQUILA,ABRUZZO,SUD
243542930453927802,COMUNE DI LENTINI,SIRACUSA,SICILIA,ISOLE
243642930459961602,COMUNE DI VILLAFRANCA SICULA,AGRIGENTO,SICILIA,ISOLE
243642930510568001,COMUNE DI ALIANO,MATERA,BASILICATA,SUD
243742930531152501,COMUNE DI CAMPOROTONDO ETNEO,CATANIA,SICILIA,ISOLE
243842930460171001,COMUNE DI ARENA PO,PAVIA,LOMBARDIA,NORD-OVEST
244042930472452202,COMUNE DI MOLFETTA,BARI,PUGLIA,SUD
244042930544339501,COMUNE DI SETTIMO ROTTARO,TORINO,PIEMONTE,NORD-OVEST
244142930476425802,COMUNE DI LAMA MOCOGNO,MODENA,EMILIA-ROMAGNA,NORD-EST
244242929462816302,COMUNE DI GALBIATE,LECCO,LOMBARDIA,NORD-OVEST
244342929341449002,COMUNE DI COLLE DI TORA,RIETI,LAZIO,CENTRO
244342929801781202,COMUNE DI MAROPATI,REGGIO DI CALABRIA,CALABRIA,SUD
244342930459751502,COMUNE DI CINO,SONDRIO,LOMBARDIA,NORD-OVEST
244342930460159502,COMUNE DI BAGALADI,REGGIO DI CALABRIA,CALABRIA,SUD
244342930474676602,COMUNE DI MONSANO,ANCONA,MARCHE,CENTRO
244342930520360501,COMUNE DI CORCIANO,PERUGIA,UMBRIA,CENTRO
244442930459439302,COMUNE DI CASAPINTA,BIELLA,PIEMONTE,NORD-OVEST
244442930462294302,COMUNE DI MUZZANA DEL TURGNANO,UDINE,FRIULI-VENEZIA GIULIA,NORD-EST
244442930524266402,COMUNE DI MONTEMAGGIORE BELSITO,PALERMO,SICILIA,ISOLE
244542930518141302,COMUNE DI CIVEZZANO,TRENTO,TRENTINO-ALTO ADIGE/SÜDTIROL,NORD-EST
244742928663965702,COMUNE DI CAMPERTOGNO,VERCELLI,PIEMONTE,NORD-OVEST
244742930523922102,COMUNE DI ROCCA CIGLIE',CUNEO,PIEMONTE,NORD-OVEST
244742930529662601,COMUNE DI VIPITENO,BOLZANO/BOZEN,TRENTINO-ALTO ADIGE/SÜDTIROL,NORD-EST
244842928789946301,COMUNE DI NURAMINIS,SUD SARDEGNA,SARDEGNA,ISOLE
244842930462669801,COMUNE DI DIANO D'ALBA,CUNEO,PIEMONTE,NORD-OVEST
244942930458206101,COMUNE DI MONTICELLO CONTE OTTO,VICENZA,VENETO,NORD-EST
244942930480466202,COMUNE DI VENARIA REALE,TORINO,PIEMONTE,NORD-OVEST
245042930448990901,COMUNE DI POGGIO RENATICO,FERRARA,EMILIA-ROMAGNA,NORD-EST
245642930524900701,COMUNE DI RICENGO,CREMONA,LOMBARDIA,NORD-OVEST
245942930459583802,COMUNE DI TORTORETO,TERAMO,ABRUZZO,SUD
245942930474260601,COMUNE DI ROCCA SAN FELICE,AVELLINO,CAMPANIA,SUD
246042930508095402,COMUNE DI BRESCIA,BRESCIA,LOMBARDIA,NORD-OVEST
246042930546071401,COMUNE DI FELETTO,TORINO,PIEMONTE,NORD-OVEST
246142930548556802,COMUNE DI TIONE DI TRENTO,TRENTO,TRENTINO-ALTO ADIGE/SÜDTIROL,NORD-EST
246242930453999001,COMUNE DI SAN GIOVANNI SUERGIU,SUD SARDEGNA,SARDEGNA,ISOLE
246642929820806302,COMUNE DI MENCONICO,PAVIA,LOMBARDIA,NORD-OVEST
246842930535479401,COMUNE DI VERGHERETO,FORLI'-CESENA,EMILIA-ROMAGNA,NORD-EST
246942930453237002,COMUNE DI SAVIORE DELL'ADAMELLO,BRESCIA,LOMBARDIA,NORD-OVEST
246942930525049001,COMUNE DI MUGGIA,TRIESTE,FRIULI-VENEZIA GIULIA,NORD-EST
247042930471770102,COMUNE DI VOBBIA,GENOVA,LIGURIA,NORD-OVEST
247042930477042902,COMUNE DI PELLIZZANO,TRENTO,TRENTINO-ALTO ADIGE/SÜDTIROL,NORD-EST
247042930548138301,COMUNE DI VIGLIANO D'ASTI,ASTI,PIEMONTE,NORD-OVEST
247142928726194001,COMUNE DI CASTROLIBERO,COSENZA,CALABRIA,SUD
247142930521840402,COMUNE DI CHIUSANO DI SAN DOMENICO,AVELLINO,CAMPANIA,SUD
247142930527309001,COMUNE DI VOLTA MANTOVANA,MANTOVA,LOMBARDIA,NORD-OVEST
247442930516618101,COMUNE DI FOLGARIA,TRENTO,TRENTINO-ALTO ADIGE/SÜDTIROL,NORD-EST
247542930455305002,COMUNE DI VIDOR,TREVISO,VENETO,NORD-EST
247542930525796802,COMUNE DI VILLADOSSOLA,VERBANO-CUSIO-OSSOLA,PIEMONTE,NORD-OVEST
247642930515817802,COMUNE DI CALOLZIOCORTE,LECCO,LOMBARDIA,NORD-OVEST
247642930526681902,COMUNE DI DOGLIANI,CUNEO,PIEMONTE,NORD-OVEST
247842930455165602,COMUNE DI VILLA SANTO STEFANO,FROSINONE,LAZIO,CENTRO
247842930531104201,COMUNE DI CARENTINO,ALESSANDRIA,PIEMONTE,NORD-OVEST
247942930516274002,COMUNE DI GEMONIO,VARESE,LOMBARDIA,NORD-OVEST
248142930538291001,COMUNE DI SANT'APOLLINARE,FROSINONE,LAZIO,CENTRO
248242930509840102,COMUNE DI ALESSANO,LECCE,PUGLIA,SUD
248442930477943401,COMUNE DI QUILIANO,SAVONA,LIGURIA,NORD-OVEST
248442930530739201,COMUNE DI SERRADIFALCO,CALTANISSETTA,SICILIA,ISOLE
248842930460261002,COMUNE DI BOVEGNO,BRESCIA,LOMBARDIA,NORD-OVEST
248842930476112602,COMUNE DI LONGHENA,BRESCIA,LOMBARDIA,NORD-OVEST
248942930464579101,COMUNE DI BEINASCO,TORINO,PIEMONTE,NORD-OVEST
249142930461593201,COMUNE DI BIELLA,BIELLA,PIEMONTE,NORD-OVEST
249242930518300002,COMUNE DI MIRANO,VENEZIA,VENETO,NORD-EST
249342930507773402,COMUNE DI ARMUNGIA,SUD SARDEGNA,SARDEGNA,ISOLE
249542930530366302,COMUNE DI CAPISTRANO,VIBO VALENTIA,CALABRIA,SUD
249642930527520802,COMUNE DI MORDANO,BOLOGNA,EMILIA-ROMAGNA,NORD-EST
249642930539463702,COMUNE DI PONTE IN VALTELLINA,SONDRIO,LOMBARDIA,NORD-OVEST
249842929000335401,COMUNE DI CIVITA D'ANTINO,L'AQUILA,ABRUZZO,SUD
249842930519587202,COMUNE DI CONZA DELLA CAMPANIA,AVELLINO,CAMPANIA,SUD
249942930532822402,COMUNE DI GAGGIO MONTANO,BOLOGNA,EMILIA-ROMAGNA,NORD-EST
251242930474606902,COMUNE DI GIUNGANO,SALERNO,CAMPANIA,SUD
251342928108622702,COMUNE DI CALASCIO,L'AQUILA,ABRUZZO,SUD
251342930012280301,COMUNE DI CELLATICA,BRESCIA,LOMBARDIA,NORD-OVEST
251342930517654102,COMUNE DI IMBERSAGO,LECCO,LOMBARDIA,NORD-OVEST
251442930476629802,COMUNE DI PAULARO,UDINE,FRIULI-VENEZIA GIULIA,NORD-EST
251542930535989801,COMUNE DI VILLIMPENTA,MANTOVA,LOMBARDIA,NORD-OVEST
251642930546482101,COMUNE DI LONGI,MESSINA,SICILIA,ISOLE
251742930542242702,COMUNE DI PACECO,TRAPANI,SICILIA,ISOLE
251842930470777901,COMUNE DI VALENZA,ALESSANDRIA,PIEMONTE,NORD-OVEST
251942930447639201,COMUNE DI ZUBIENA,BIELLA,PIEMONTE,NORD-OVEST
252342930543445002,COMUNE DI FRINCO,ASTI,PIEMONTE,NORD-OVEST
252442928725940202,COMUNE DI BATTIPAGLIA,SALERNO,CAMPANIA,SUD
252442930465818002,COMUNE DI VIVARO ROMANO,ROMA,LAZIO,CENTRO
252442930528910601,COMUNE DI SERRA DE' CONTI,ANCONA,MARCHE,CENTRO
252542928683993102,COMUNE DI ARZERGRANDE,PADOVA,VENETO,NORD-EST
252542930480707601,COMUNE DI TORA E PICCILLI,CASERTA,CAMPANIA,SUD
252742928030399201,COMUNE DI ATRIPALDA,AVELLINO,CAMPANIA,SUD
252742929118680102,COMUNE DI LETOJANNI,MESSINA,SICILIA,ISOLE
252742930449925801,COMUNE DI RHEMES-NOTRE-DAME,VALLE D'AOSTA/VALLÉE D'AOSTE,VALLE D'AOSTA/VALLÉE D'AOSTE,NORD-OVEST
252742930454283301,COMUNE DI MONTEFANO,MACERATA,MARCHE,CENTRO
252742930548077501,COMUNE DI VIZZOLO PREDABISSI,MILANO,LOMBARDIA,NORD-OVEST
252742930549312001,COMUNE DI SUEGLIO,LECCO,LOMBARDIA,NORD-OVEST
252842930457281702,COMUNE DI SPERLONGA,LATINA,LAZIO,CENTRO
252842930473606302,COMUNE DI MONTALLEGRO,AGRIGENTO,SICILIA,ISOLE
252842930515912101,COMUNE DI BOSCO CHIESANUOVA,VERONA,VENETO,NORD-EST
253042930460311801,COMUNE DI ARZACHENA,SASSARI,SARDEGNA,ISOLE
253342928921105802,COMUNE DI CERTOSA DI PAVIA,PAVIA,LOMBARDIA,NORD-OVEST
253342930478229202,COMUNE DI SANTA CROCE CAMERINA,RAGUSA,SICILIA,ISOLE
253342930533526902,COMUNE DI BONEMERSE,CREMONA,LOMBARDIA,NORD-OVEST
253542930460951801,COMUNE DI CAMPONOGARA,VENEZIA,VENETO,NORD-EST
253542930473454802,COMUNE DI MONTICELLI PAVESE,PAVIA,LOMBARDIA,NORD-OVEST
253642930474121701,COMUNE DI SCORDIA,CATANIA,SICILIA,ISOLE
253642930517892002,COMUNE DI FABRICA DI ROMA,VITERBO,LAZIO,CENTRO
253842930456207201,COMUNE DI NARZOLE,CUNEO,PIEMONTE,NORD-OVEST
253842930462375002,COMUNE DI CHAMPORCHER,VALLE D'AOSTA/VALLÉE D'AOSTE,VALLE D'AOSTA/VALLÉE D'AOSTE,NORD-OVEST
253842930546890301,COMUNE DI SEULO,SUD SARDEGNA,SARDEGNA,ISOLE
254042930520816602,COMUNE DI LOZZA,VARESE,LOMBARDIA,NORD-OVEST
254142930454477502,COMUNE DI LUOGOSANTO,SASSARI,SARDEGNA,ISOLE
254142930519710602,COMUNE DI GORGA,ROMA,LAZIO,CENTRO
254142930541858601,COMUNE DI MARCEDUSA,CATANZARO,CALABRIA,SUD
254242930466965302,COMUNE DI SANT'EUSANIO FORCONESE,L'AQUILA,ABRUZZO,SUD
254242930530851801,COMUNE DI CASTELMARTE,COMO,LOMBARDIA,NORD-OVEST
254342930461275701,COMUNE DI TRAVEDONA-MONATE,VARESE,LOMBARDIA,NORD-OVEST
254442930456754501,COMUNE DI SANNICOLA,LECCE,PUGLIA,SUD
254442930525539801,COMUNE DI OMIGNANO,SALERNO,CAMPANIA,SUD
254642929249216101,COMUNE DI CASTELLINO TANARO,CUNEO,PIEMONTE,NORD-OVEST
254642930549295101,COMUNE DI SAN ZENONE DEGLI EZZELINI,TREVISO,VENETO,NORD-EST
255042930547075401,COMUNE DI FARA VICENTINO,VICENZA,VENETO,NORD-EST
255142930436090001,COMUNE DI LONGANO,ISERNIA,MOLISE,SUD
255142930463688201,COMUNE DI ACQUAPENDENTE,VITERBO,LAZIO,CENTRO
255242927945047202,COMUNE DI BALDISSERO CANAVESE,TORINO,PIEMONTE,NORD-OVEST
255342929021009101,COMUNE DI BOCENAGO,TRENTO,TRENTINO-ALTO ADIGE/SÜDTIROL,NORD-EST
255342930449499902,COMUNE DI PRIVERNO,LATINA,LAZIO,CENTRO
255442930516645202,COMUNE DI DOMANICO,COSENZA,CALABRIA,SUD
255642930463932702,COMUNE DI ALBANO DI LUCANIA,POTENZA,BASILICATA,SUD
255742930534123101,COMUNE DI MANIACE,CATANIA,SICILIA,ISOLE
256042930518170701,COMUNE DI CASPERIA,RIETI,LAZIO,CENTRO
256142930528386001,COMUNE DI SALSOMAGGIORE TERME,PARMA,EMILIA-ROMAGNA,NORD-EST
256242930463635002,COMUNE DI BARLETTA,BARLETTA-ANDRIA-TRANI,PUGLIA,SUD
256242930532496001,COMUNE DI VEDUGGIO CON COLZANO,MONZA E DELLA BRIANZA,LOMBARDIA,NORD-OVEST
256342930459586501,COMUNE DI BIBBONA,LIVORNO,TOSCANA,CENTRO
256442930546114502,COMUNE DI COREGLIA ANTELMINELLI,LUCCA,TOSCANA,CENTRO
256742930518989901,COMUNE DI CARAPELLE,FOGGIA,PUGLIA,SUD
256742930523892702,COMUNE DI FRAGAGNANO,TARANTO,PUGLIA,SUD
256742930528824702,COMUNE DI PALAGONIA,CATANIA,SICILIA,ISOLE
256842928043839301,COMUNE DI BERTONICO,LODI,LOMBARDIA,NORD-OVEST
257042928210580802,COMUNE DI ALA DI STURA,TORINO,PIEMONTE,NORD-OVEST
257042930459363701,COMUNE DI MASSA DI SOMMA,NAPOLI,CAMPANIA,SUD
257042930460144001,COMUNE DI SAN NAZZARO,BENEVENTO,CAMPANIA,SUD
257442930527639402,COMUNE DI NARO,AGRIGENTO,SICILIA,ISOLE
257542930531992402,COMUNE DI PERFUGAS,SASSARI,SARDEGNA,ISOLE
257642930474949601,COMUNE DI ORNICA,BERGAMO,LOMBARDIA,NORD-OVEST
257742930463712801,COMUNE DI MOLTRASIO,COMO,LOMBARDIA,NORD-OVEST
257742930541837301,COMUNE DI LORO CIUFFENNA,AREZZO,TOSCANA,CENTRO
257842930448633102,COMUNE DI GONNOSFANADIGA,SUD SARDEGNA,SARDEGNA,ISOLE
257842930474322902,COMUNE DI PRATOLA SERRA,AVELLINO,CAMPANIA,SUD
257842930525994302,COMUNE DI QUALIANO,NAPOLI,CAMPANIA,SUD
257842930534388801,COMUNE DI SAN VINCENZO VALLE ROVETO,L'AQUILA,ABRUZZO,SUD
258242930521159301,COMUNE DI CHIARAMONTE GULFI,RAGUSA,SICILIA,ISOLE
258242930532428802,COMUNE DI ALBIOLO,COMO,LOMBARDIA,NORD-OVEST
258342930457933401,COMUNE DI ROCCA SANTO STEFANO,ROMA,LAZIO,CENTRO
258542930477109202,COMUNE DI OSIMO,ANCONA,MARCHE,CENTRO
258542930528680001,COMUNE DI RIO DI PUSTERIA,BOLZANO/BOZEN,TRENTINO-ALTO ADIGE/SÜDTIROL,NORD-EST
258642929800141202,COMUNE DI FIUMINATA,MACERATA,MARCHE,CENTRO
258742930449263202,COMUNE DI SAN PIO DELLE CAMERE,L'AQUILA,ABRUZZO,SUD
258842930524132401,COMUNE DI SAINT-RHEMY-EN-BOSSES,VALLE D'AOSTA/VALLÉE D'AOSTE,VALLE D'AOSTA/VALLÉE D'AOSTE,NORD-OVEST
258942930455643301,COMUNE DI MOLA DI BARI,BARI,PUGLIA,SUD
259142930428343602,COMUNE DI GAVIRATE,VARESE,LOMBARDIA,NORD-OVEST
259242930521374202,COMUNE DI FERENTILLO,TERNI,UMBRIA,CENTRO
259242930526590001,COMUNE DI MICIGLIANO,RIETI,LAZIO,CENTRO
259242930542989201,COMUNE DI RONCO BIELLESE,BIELLA,PIEMONTE,NORD-OVEST
259342927979570502,COMUNE DI BRENTONICO,TRENTO,TRENTINO-ALTO ADIGE/SÜDTIROL,NORD-EST
259542930549929202,COMUNE DI TIZZANO VAL PARMA,PARMA,EMILIA-ROMAGNA,NORD-EST
259642929034814401,COMUNE DI BANNIO ANZINO,VERBANO-CUSIO-OSSOLA,PIEMONTE,NORD-OVEST
259642930546744502,COMUNE DI PIEVE TORINA,MACERATA,MARCHE,CENTRO
259742930544586602,COMUNE DI GRIGNASCO,NOVARA,PIEMONTE,NORD-OVEST
259942930526882402,COMUNE DI TROMELLO,PAVIA,LOMBARDIA,NORD-OVEST
261142930455927801,COMUNE DI MONTAGNA IN VALTELLINA,SONDRIO,LOMBARDIA,NORD-OVEST
261142930526174002,COMUNE DI PESCANTINA,VERONA,VENETO,NORD-EST
261242930519812601,COMUNE DI MULAZZO,MASSA-CARRARA,TOSCANA,CENTRO
261342930550042501,COMUNE DI RUTIGLIANO,BARI,PUGLIA,SUD
261442930531207501,COMUNE DI BRACCA,BERGAMO,LOMBARDIA,NORD-OVEST
261542929903230801,COMUNE DI MARTIRANO LOMBARDO,CATANZARO,CALABRIA,SUD
261542930527398002,COMUNE DI SALVIROLA,CREMONA,LOMBARDIA,NORD-OVEST
261642930534151601,COMUNE DI PONTE NIZZA,PAVIA,LOMBARDIA,NORD-OVEST
261642930541661902,COMUNE DI GUASTALLA,REGGIO NELL'EMILIA,EMILIA-ROMAGNA,NORD-EST
261742928043880601,COMUNE DI CASTEL MELLA,BRESCIA,LOMBARDIA,NORD-OVEST
262242930462873701,COMUNE DI CANALE MONTERANO,ROMA,LAZIO,CENTRO
262342930459644301,COMUNE DI STREVI,ALESSANDRIA,PIEMONTE,NORD-OVEST
262342930541339301,COMUNE DI NEVIANO DEGLI ARDUINI,PARMA,EMILIA-ROMAGNA,NORD-EST
262442930520993002,COMUNE DI BASSIGNANA,ALESSANDRIA,PIEMONTE,NORD-OVEST
262542930537165501,COMUNE DI ZEDDIANI,ORISTANO,SARDEGNA,ISOLE
262842930541577902,COMUNE DI SAUZE DI CESANA,TORINO,PIEMONTE,NORD-OVEST
263042930458424401,COMUNE DI PESCHICI,FOGGIA,PUGLIA,SUD
263242930458255702,COMUNE DI PONTEY,VALLE D'AOSTA/VALLÉE D'AOSTE,VALLE D'AOSTA/VALLÉE D'AOSTE,NORD-OVEST
263442930466846301,COMUNE DI TARANTA PELIGNA,CHIETI,ABRUZZO,SUD
263442930521798901,COMUNE DI FRACONALTO,ALESSANDRIA,PIEMONTE,NORD-OVEST
263542930524815602,COMUNE DI RESIA,UDINE,FRIULI-VENEZIA GIULIA,NORD-EST
263642930517146502,COMUNE DI BANZI,POTENZA,BASILICATA,SUD
263742930474811502,COMUNE DI MONTEFORTINO,FERMO,MARCHE,CENTRO
263942930474844501,COMUNE DI OLEGGIO CASTELLO,NOVARA,PIEMONTE,NORD-OVEST
264042930457452702,COMUNE DI POLINAGO,MODENA,EMILIA-ROMAGNA,NORD-EST
264142928135731901,COMUNE DI ABBADIA LARIANA,LECCO,LOMBARDIA,NORD-OVEST
264142929197899901,COMUNE DI CERCOLA,NAPOLI,CAMPANIA,SUD
264242930469660601,COMUNE DI VALDENGO,BIELLA,PIEMONTE,NORD-OVEST
264242930472909102,COMUNE DI GALLIO,VICENZA,VENETO,NORD-EST
264442930528585602,COMUNE DI LERICI,LA SPEZIA,LIGURIA,NORD-OVEST
264542929991113002,COMUNE DI AVISE,VALLE D'AOSTA/VALLÉE D'AOSTE,VALLE D'AOSTA/VALLÉE D'AOSTE,NORD-OVEST
264642930550424401,COMUNE DI PIOBBICO,PESARO E URBINO,MARCHE,CENTRO
264642930550565001,COMUNE DI SARDIGLIANO,ALESSANDRIA,PIEMONTE,NORD-OVEST
264742928243059901,COMUNE DI CERIALE,SAVONA,LIGURIA,NORD-OVEST
264742929373243501,COMUNE DI BARDI,PARMA,EMILIA-ROMAGNA,NORD-EST
264742930458813402,COMUNE DI MERLINO,LODI,LOMBARDIA,NORD-OVEST
264842930468130001,COMUNE DI TALANA,NUORO,SARDEGNA,ISOLE
264842930471898001,COMUNE DI VAPRIO D'AGOGNA,NOVARA,PIEMONTE,NORD-OVEST
264942930461356002,COMUNE DI CAIVANO,NAPOLI,CAMPANIA,SUD
265142930474007702,COMUNE DI SAN BIAGIO DI CALLALTA,TREVISO,VENETO,NORD-EST
265342930525067001,COMUNE DI MOZZO,BERGAMO,LOMBARDIA,NORD-OVEST
265342930543016301,COMUNE DI RONCO SCRIVIA,GENOVA,LIGURIA,NORD-OVEST
265842929476646701,COMUNE DI COLOGNOLA AI COLLI,VERONA,VENETO,NORD-EST
265842930534545802,COMUNE DI PARRE,BERGAMO,LOMBARDIA,NORD-OVEST
265842930543162202,COMUNE DI TURATE,COMO,LOMBARDIA,NORD-OVEST
266042930454985302,COMUNE DI MALCESINE,VERONA,VENETO,NORD-EST
266042930524204401,COMUNE DI SOLFERINO,MANTOVA,LOMBARDIA,NORD-OVEST
266042930541519002,COMUNE DI GARGAZZONE,BOLZANO/BOZEN,TRENTINO-ALTO ADIGE/SÜDTIROL,NORD-EST
266142928265489802,COMUNE DI BUCCIANO,BENEVENTO,CAMPANIA,SUD
266442930454746502,COMUNE DI ZUGLIO,UDINE,FRIULI-VENEZIA GIULIA,NORD-EST
266442930476981601,COMUNE DI OSTUNI,BRINDISI,PUGLIA,SUD
266542930469002501,COMUNE DI SEMESTENE,SASSARI,SARDEGNA,ISOLE
266642930455716702,COMUNE DI FRASCARO,ALESSANDRIA,PIEMONTE,NORD-OVEST
266742930526545901,COMUNE DI MEZZOLOMBARDO,TRENTO,TRENTINO-ALTO ADIGE/SÜDTIROL,NORD-EST
266942930451361702,COMUNE DI PESCASSEROLI,L'AQUILA,ABRUZZO,SUD
266942930458448002,COMUNE DI PREMOSELLO-CHIOVENDA,VERBANO-CUSIO-OSSOLA,PIEMONTE,NORD-OVEST
266942930546957102,COMUNE DI MENFI,AGRIGENTO,SICILIA,ISOLE
267042930522688401,COMUNE DI PORNASSIO,IMPERIA,LIGURIA,NORD-OVEST
267042930528033102,COMUNE DI SAN FELICE DEL MOLISE,CAMPOBASSO,MOLISE,SUD
267142930451551001,COMUNE DI MONTEFIASCONE,VITERBO,LAZIO,CENTRO
267142930480320402,COMUNE DI SAN QUIRINO,PORDENONE,FRIULI-VENEZIA GIULIA,NORD-EST
267342929197690602,COMUNE DI BRIGA ALTA,CUNEO,PIEMONTE,NORD-OVEST
267342930470650002,COMUNE DI VALFENERA,ASTI,PIEMONTE,NORD-OVEST
267342930528504901,COMUNE DI ODOLO,BRESCIA,LOMBARDIA,NORD-OVEST
267442930449858502,COMUNE DI PISCINA,TORINO,PIEMONTE,NORD-OVEST
267442930519167501,COMUNE DI FOPPOLO,BERGAMO,LOMBARDIA,NORD-OVEST
267542930528558402,COMUNE DI NEMOLI,POTENZA,BASILICATA,SUD
267542930536388401,COMUNE DI ROSTA,TORINO,PIEMONTE,NORD-OVEST
267642929269363301,COMUNE DI FERRAZZANO,CAMPOBASSO,MOLISE,SUD
267742930530602901,COMUNE DI BOVA MARINA,REGGIO DI CALABRIA,CALABRIA,SUD
268042930458333202,COMUNE DI RIVE D'ARCANO,UDINE,FRIULI-VENEZIA GIULIA,NORD-EST
268142930316798501,COMUNE DI FOSSACESIA,CHIETI,ABRUZZO,SUD
268242930476680702,COMUNE DI MONTANASO LOMBARDO,LODI,LOMBARDIA,NORD-OVEST
268642930459538102,COMUNE DI SAN ZENO NAVIGLIO,BRESCIA,LOMBARDIA,NORD-OVEST
268742930518171302,COMUNE DI ESINO LARIO,LECCO,LOMBARDIA,NORD-OVEST
268842930465034701,COMUNE DI FRIGNANO,CASERTA,CAMPANIA,SUD
268842930547504902,COMUNE DI TORNOLO,PARMA,EMILIA-ROMAGNA,NORD-EST
268942930468831801,COMUNE DI ZELO BUON PERSICO,LODI,LOMBARDIA,NORD-OVEST
269142930517279701,COMUNE DI CARTIGLIANO,VICENZA,VENETO,NORD-EST
269542930465015202,COMUNE DI CARISOLO,TRENTO,TRENTINO-ALTO ADIGE/SÜDTIROL,NORD-EST
269642930464550602,COMUNE DI SAMUGHEO,ORISTANO,SARDEGNA,ISOLE
269742930448412001,COMUNE DI VIAGRANDE,CATANIA,SICILIA,ISOLE
269742930461248501,COMUNE DI CAPACCIO,SALERNO,CAMPANIA,SUD
269942928130694402,COMUNE DI AIELLO DEL SABATO,AVELLINO,CAMPANIA,SUD
269942929155481702,COMUNE DI GRAVINA DI CATANIA,CATANIA,SICILIA,ISOLE
269942930526785002,COMUNE DI TERLIZZI,BARI,PUGLIA,SUD
269942930526875602,COMUNE DI ZUNGOLI,AVELLINO,CAMPANIA,SUD
269942930529106301,COMUNE DI RADDA IN CHIANTI,SIENA,TOSCANA,CENTRO
271142930462946402,COMUNE DI BORNASCO,PAVIA,LOMBARDIA,NORD-OVEST
271242928684109501,COMUNE DI BELSITO,COSENZA,CALABRIA,SUD
271442930543173501,COMUNE DI GISSI,CHIETI,ABRUZZO,SUD
271442930548182901,COMUNE DI USSARAMANNA,SUD SARDEGNA,SARDEGNA,ISOLE
271542928099579202,COMUNE DI CREVALCORE,BOLOGNA,EMILIA-ROMAGNA,NORD-EST
271542930519868601,COMUNE DI JOPPOLO,VIBO VALENTIA,CALABRIA,SUD
271642930459031202,COMUNE DI SANTI COSMA E DAMIANO,LATINA,LAZIO,CENTRO
271642930462452902,COMUNE DI ANDREIS,PORDENONE,FRIULI-VENEZIA GIULIA,NORD-EST
271742930475173801,COMUNE DI MONTELABBATE,PESARO E URBINO,MARCHE,CENTRO
271742930508828202,COMUNE DI CATTOLICA ERACLEA,AGRIGENTO,SICILIA,ISOLE
271942930459908702,COMUNE DI BARGAGLI,GENOVA,LIGURIA,NORD-OVEST
272042930519339402,COMUNE DI PENNE,PESCARA,ABRUZZO,SUD
272042930529516901,COMUNE DI TEANO,CASERTA,CAMPANIA,SUD
272242928845210701,COMUNE DI GONNOSTRAMATZA,ORISTANO,SARDEGNA,ISOLE
272242930476204301,COMUNE DI POGGIBONSI,SIENA,TOSCANA,CENTRO
272342930526128902,COMUNE DI GRANTORTO,PADOVA,VENETO,NORD-EST
272442930461241502,COMUNE DI TRABIA,PALERMO,SICILIA,ISOLE
272842930460178202,COMUNE DI CARMIANO,LECCE,PUGLIA,SUD
272842930531914801,COMUNE DI CALDES,TRENTO,TRENTINO-ALTO ADIGE/SÜDTIROL,NORD-EST
272942930522697701,COMUNE DI MINUCCIANO,LUCCA,TOSCANA,CENTRO
273042930515730901,COMUNE DI CASIRATE D'ADDA,BERGAMO,LOMBARDIA,NORD-OVEST
273042930524748101,COMUNE DI SORISOLE,BERGAMO,LOMBARDIA,NORD-OVEST
273142930470689702,COMUNE DI PIGNOLA,POTENZA,BASILICATA,SUD
273142930533768001,COMUNE DI CASALETTO SPARTANO,SALERNO,CAMPANIA,SUD
273442930546731802,COMUNE DI TREZZANO ROSA,MILANO,LOMBARDIA,NORD-OVEST
273542929989589602,COMUNE DI CORBARA,SALERNO,CAMPANIA,SUD
273542930453669902,COMUNE DI PAVAROLO,TORINO,PIEMONTE,NORD-OVEST
273542930542605502,COMUNE DI VISCO,UDINE,FRIULI-VENEZIA GIULIA,NORD-EST
273642930508767101,COMUNE DI CARAMAGNA PIEMONTE,CUNEO,PIEMONTE,NORD-OVEST
273642930533961901,COMUNE DI CALENDASCO,PIACENZA,EMILIA-ROMAGNA,NORD-EST
273742930475146401,COMUNE DI TORRE LE NOCELLE,AVELLINO,CAMPANIA,SUD
273842930518582102,COMUNE DI CERANESI,GENOVA,LIGURIA,NORD-OVEST
274042928043842102,COMUNE DI CALVISANO,BRESCIA,LOMBARDIA,NORD-OVEST
274042930533205801,COMUNE DI MONTE COMPATRI,ROMA,LAZIO,CENTRO
274142930469864701,COMUNE DI SERRI,SUD SARDEGNA,SARDEGNA,ISOLE
274242930457202402,COMUNE DI MONTESCAGLIOSO,MATERA,BASILICATA,SUD
274242930457849201,COMUNE DI SORDIO,LODI,LOMBARDIA,NORD-OVEST
274242930545682101,COMUNE DI SANTA VENERINA,CATANIA,SICILIA,ISOLE
274342930547205401,COMUNE DI QUINGENTOLE,MANTOVA,LOMBARDIA,NORD-OVEST
274542930448087501,COMUNE DI MONCUCCO TORINESE,ASTI,PIEMONTE,NORD-OVEST
274642930509549001,COMUNE DI CRISPIANO,TARANTO,PUGLIA,SUD
274742930507794401,COMUNE DI AGRATE BRIANZA,MONZA E DELLA BRIANZA,LOMBARDIA,NORD-OVEST
274942930473043401,COMUNE DI SAONARA,PADOVA,VENETO,NORD-EST
275042928135390702,COMUNE DI ACI CATENA,CATANIA,SICILIA,ISOLE
275042930517825101,COMUNE DI CASTELMAURO,CAMPOBASSO,MOLISE,SUD
275242929861334501,COMUNE DI FLUMERI,AVELLINO,CAMPANIA,SUD
275242930464028901,COMUNE DI POMARO MONFERRATO,ALESSANDRIA,PIEMONTE,NORD-OVEST
275442929613423202,COMUNE DI MONTEMURRO,POTENZA,BASILICATA,SUD
275442930464639801,COMUNE DI TRISOBBIO,ALESSANDRIA,PIEMONTE,NORD-OVEST
275442930527084202,COMUNE DI RACCONIGI,CUNEO,PIEMONTE,NORD-OVEST
275542930545852601,COMUNE DI PAU,ORISTANO,SARDEGNA,ISOLE
275742930548107602,COMUNE DI VILLA D'ADDA,BERGAMO,LOMBARDIA,NORD-OVEST
275842928021779401,COMUNE DI BISUSCHIO,VARESE,LOMBARDIA,NORD-OVEST
275842930519335401,COMUNE DI PORTO VALTRAVAGLIA,VARESE,LOMBARDIA,NORD-OVEST
275942930479575502,COMUNE DI SUELLI,SUD SARDEGNA,SARDEGNA,ISOLE
276042930464092201,COMUNE DI AGEROLA,NAPOLI,CAMPANIA,SUD
276242930472097402,COMUNE DI VOGHIERA,FERRARA,EMILIA-ROMAGNA,NORD-EST
276642928042242301,COMUNE DI CALCIANO,MATERA,BASILICATA,SUD
276642929649295001,COMUNE DI GAZZO,PADOVA,VENETO,NORD-EST
276742930527201601,COMUNE DI RIPATRANSONE,ASCOLI PICENO,MARCHE,CENTRO
276842929104948101,COMUNE DI CASALGRANDE,REGGIO NELL'EMILIA,EMILIA-ROMAGNA,NORD-EST
276842930525970802,COMUNE DI CASTELLETTO DI BRANDUZZO,PAVIA,LOMBARDIA,NORD-OVEST
276842930549490302,COMUNE DI PROCENO,VITERBO,LAZIO,CENTRO
277242930457175502,COMUNE DI PRESENZANO,CASERTA,CAMPANIA,SUD
277242930516254902,COMUNE DI COLLE SANNITA,BENEVENTO,CAMPANIA,SUD
277442930454145502,COMUNE DI UMBERTIDE,PERUGIA,UMBRIA,CENTRO
277542930456323102,COMUNE DI FURTEI,SUD SARDEGNA,SARDEGNA,ISOLE
277542930473742702,COMUNE DI FORMICOLA,CASERTA,CAMPANIA,SUD
277542930531233702,COMUNE DI CADERZONE TERME,TRENTO,TRENTINO-ALTO ADIGE/SÜDTIROL,NORD-EST
277642929969542602,COMUNE DI LUCCA,LUCCA,TOSCANA,CENTRO
277742930525180201,COMUNE DI SPINAZZOLA,BARLETTA-ANDRIA-TRANI,PUGLIA,SUD
277742930547603701,COMUNE DI TORRE DE' BUSI,BERGAMO,LOMBARDIA,NORD-OVEST
277842930518285201,COMUNE DI DONGO,COMO,LOMBARDIA,NORD-OVEST
278042930509677102,COMUNE DI ANVERSA DEGLI ABRUZZI,L'AQUILA,ABRUZZO,SUD
278242930455278201,COMUNE DI SANGINETO,COSENZA,CALABRIA,SUD
278342928932688301,COMUNE DI CASTEL DI TORA,RIETI,LAZIO,CENTRO
278442930473949402,COMUNE DI SCILLATO,PALERMO,SICILIA,ISOLE
278642930515756102,COMUNE DI ARZIGNANO,VICENZA,VENETO,NORD-EST
278742930460003702,COMUNE DI SAN GENESIO ED UNITI,PAVIA,LOMBARDIA,NORD-OVEST
278842930477822401,COMUNE DI CASELETTE,TORINO,PIEMONTE,NORD-OVEST
278842930516981202,COMUNE DI CIVITACAMPOMARANO,CAMPOBASSO,MOLISE,SUD
278842930524592002,COMUNE DI SANT'AMBROGIO SUL GARIGLIANO,FROSINONE,LAZIO,CENTRO
278942930525158501,COMUNE DI SALE,ALESSANDRIA,PIEMONTE,NORD-OVEST
279142928086601001,COMUNE DI CASTELNOVO DI SOTTO,REGGIO NELL'EMILIA,EMILIA-ROMAGNA,NORD-EST
279442930473480502,COMUNE DI MONTI,SASSARI,SARDEGNA,ISOLE
279642930453807602,COMUNE DI PALMARIGGI,LECCE,PUGLIA,SUD
279642930541353202,COMUNE DI MOTTA D'AFFERMO,MESSINA,SICILIA,ISOLE
279742930525071701,COMUNE DI PIETRADEFUSI,AVELLINO,CAMPANIA,SUD
279942930518740602,COMUNE DI COLONNO,COMO,LOMBARDIA,NORD-OVEST
281142929642567301,COMUNE DI FIUME VENETO,PORDENONE,FRIULI-VENEZIA GIULIA,NORD-EST
281142930529025802,COMUNE DI SAN VITO AL TAGLIAMENTO,PORDENONE,FRIULI-VENEZIA GIULIA,NORD-EST
281342929684635902,COMUNE DI CORTE BRUGNATELLA,PIACENZA,EMILIA-ROMAGNA,NORD-EST
281342930453948401,COMUNE DI MAZZANO,BRESCIA,LOMBARDIA,NORD-OVEST
281342930534319302,COMUNE DI AMATRICE,RIETI,LAZIO,CENTRO
281842930455480101,COMUNE DI CARDEDU,NUORO,SARDEGNA,ISOLE
281842930478686702,COMUNE DI SANT'ANTIOCO,SUD SARDEGNA,SARDEGNA,ISOLE
281942930477643701,COMUNE DI TREZZANO SUL NAVIGLIO,MILANO,LOMBARDIA,NORD-OVEST
282042930457742102,COMUNE DI TERTENIA,NUORO,SARDEGNA,ISOLE
282142930550607302,COMUNE DI TOLENTINO,MACERATA,MARCHE,CENTRO
282342930530675901,COMUNE DI PERO,MILANO,LOMBARDIA,NORD-OVEST
282442930450635301,COMUNE DI SAN MARTINO IN PASSIRIA,BOLZANO/BOZEN,TRENTINO-ALTO ADIGE/SÜDTIROL,NORD-EST
282442930508133501,COMUNE DI BREGANZE,VICENZA,VENETO,NORD-EST
282542930524809801,COMUNE DI SANT'ELIA FIUMERAPIDO,FROSINONE,LAZIO,CENTRO
282642930469586102,COMUNE DI SAN SOSSIO BARONIA,AVELLINO,CAMPANIA,SUD
283142930479193502,COMUNE DI STRONCONE,TERNI,UMBRIA,CENTRO
283242930527502002,COMUNE DI PERSICO DOSIMO,CREMONA,LOMBARDIA,NORD-OVEST
283342928005313202,COMUNE DI CAMPOFELICE DI FITALIA,PALERMO,SICILIA,ISOLE
283342930528881501,COMUNE DI ROASCIO,CUNEO,PIEMONTE,NORD-OVEST
283442930458935102,COMUNE DI TELESE TERME,BENEVENTO,CAMPANIA,SUD
283442930510207402,COMUNE DI CASTELNUOVO DI CEVA,CUNEO,PIEMONTE,NORD-OVEST
283542930519666102,COMUNE DI MELLE,CUNEO,PIEMONTE,NORD-OVEST
283642928757851802,COMUNE DI FRATTAMINORE,NAPOLI,CAMPANIA,SUD
283742930536990002,COMUNE DI ZAVATTARELLO,PAVIA,LOMBARDIA,NORD-OVEST
283742930550168602,COMUNE DI SUELLO,LECCO,LOMBARDIA,NORD-OVEST
283842930477529801,COMUNE DI PONTE BUGGIANESE,PISTOIA,TOSCANA,CENTRO
283842930509256702,COMUNE DI ABRIOLA,POTENZA,BASILICATA,SUD
283842930519159102,COMUNE DI MONTEFLAVIO,ROMA,LAZIO,CENTRO
283842930532141702,COMUNE DI CELLA MONTE,ALESSANDRIA,PIEMONTE,NORD-OVEST
284042930450482202,COMUNE DI POLI,ROMA,LAZIO,CENTRO
284142927921591502,COMUNE DI BAUNEI,NUORO,SARDEGNA,ISOLE
284142930469310702,COMUNE DI SEBORGA,IMPERIA,LIGURIA,NORD-OVEST
284142930517593401,COMUNE DI GUSPINI,SUD SARDEGNA,SARDEGNA,ISOLE
284142930545369602,COMUNE DI ROCCAFRANCA,BRESCIA,LOMBARDIA,NORD-OVEST
284242930457062102,COMUNE DI CASTIADAS,SUD SARDEGNA,SARDEGNA,ISOLE
284242930542269101,COMUNE DI PRALUNGO,BIELLA,PIEMONTE,NORD-OVEST
284342929118646901,COMUNE DI CASALETTO VAPRIO,CREMONA,LOMBARDIA,NORD-OVEST
284342930542910402,COMUNE DI VALLE DI CASIES,BOLZANO/BOZEN,TRENTINO-ALTO ADIGE/SÜDTIROL,NORD-EST
284542930289309602,COMUNE DI MONTE CASTELLO DI VIBIO,PERUGIA,UMBRIA,CENTRO
284642930462574802,COMUNE DI DIANO ARENTINO,IMPERIA,LIGURIA,NORD-OVEST
284842929331811301,COMUNE DI ESPERIA,FROSINONE,LAZIO,CENTRO
284942930474896701,COMUNE DI MAIRANO,BRESCIA,LOMBARDIA,NORD-OVEST
284942930526933301,COMUNE DI TERMINI IMERESE,PALERMO,SICILIA,ISOLE
285042930530335901,COMUNE DI SANFRONT,CUNEO,PIEMONTE,NORD-OVEST
285242929529038501,COMUNE DI MONTOGGIO,GENOVA,LIGURIA,NORD-OVEST
285342930477471501,COMUNE DI TELVE DI SOPRA,TRENTO,TRENTINO-ALTO ADIGE/SÜDTIROL,NORD-EST
285342930477479902,COMUNE DI PRASCORSANO,TORINO,PIEMONTE,NORD-OVEST
285642929025477601,COMUNE DI CAMPO DI GIOVE,L'AQUILA,ABRUZZO,SUD
285642930536209902,COMUNE DI TARANO,RIETI,LAZIO,CENTRO
285842930543680701,COMUNE DI PADERNO FRANCIACORTA,BRESCIA,LOMBARDIA,NORD-OVEST
285942930466952001,COMUNE DI ROVATO,BRESCIA,LOMBARDIA,NORD-OVEST
286042930529533502,COMUNE DI TORRENOVA,MESSINA,SICILIA,ISOLE
286142930461326201,COMUNE DI ZAFFERANA ETNEA,CATANIA,SICILIA,ISOLE
286242930509415601,COMUNE DI CARAMANICO TERME,PESCARA,ABRUZZO,SUD
286342927982837101,COMUNE DI CAROBBIO DEGLI ANGELI,BERGAMO,LOMBARDIA,NORD-OVEST
286342930526716102,COMUNE DI LURAGO MARINONE,COMO,LOMBARDIA,NORD-OVEST
286542930471697302,COMUNE DI ZAPPONETA,FOGGIA,PUGLIA,SUD
286542930524444701,COMUNE DI SERINO,AVELLINO,CAMPANIA,SUD
286742930519788302,COMUNE DI MARCIANISE,CASERTA,CAMPANIA,SUD
286742930533445401,COMUNE DI MOLINO DEI TORTI,ALESSANDRIA,PIEMONTE,NORD-OVEST
286942928570832201,COMUNE DI COMIZIANO,NAPOLI,CAMPANIA,SUD
286942928684064701,COMUNE DI BATTAGLIA TERME,PADOVA,VENETO,NORD-EST
287142930538503402,COMUNE DI SELLIA MARINA,CATANZARO,CALABRIA,SUD
287142930546935102,COMUNE DI ERBA,COMO,LOMBARDIA,NORD-OVEST
287242930472712401,COMUNE DI POGGIRIDENTI,SONDRIO,LOMBARDIA,NORD-OVEST
287242930478058801,COMUNE DI VELLEZZO BELLINI,PAVIA,LOMBARDIA,NORD-OVEST
287442929424281301,COMUNE DI GALLARATE,VARESE,LOMBARDIA,NORD-OVEST
287542930449605602,COMUNE DI TEMU',BRESCIA,LOMBARDIA,NORD-OVEST
287542930471836801,COMUNE DI SILLAVENGO,NOVARA,PIEMONTE,NORD-OVEST
287842930464915402,COMUNE DI VENEGONO SUPERIORE,VARESE,LOMBARDIA,NORD-OVEST
287942929309212902,COMUNE DI IMER,TRENTO,TRENTINO-ALTO ADIGE/SÜDTIROL,NORD-EST
287942930465536202,COMUNE DI FORLI',FORLI'-CESENA,EMILIA-ROMAGNA,NORD-EST
288042930543019902,COMUNE DI FORESTO SPARSO,BERGAMO,LOMBARDIA,NORD-OVEST
288042930543246201,COMUNE DI MONTJOVET,VALLE D'AOSTA/VALLÉE D'AOSTE,VALLE D'AOSTA/VALLÉE D'AOSTE,NORD-OVEST
288242930469467601,COMUNE DI SELVA DI VAL GARDENA,BOLZANO/BOZEN,TRENTINO-ALTO ADIGE/SÜDTIROL,NORD-EST
288242930547391702,COMUNE DI SASSANO,SALERNO,CAMPANIA,SUD
288442930541622001,COMUNE DI MONGHIDORO,BOLOGNA,EMILIA-ROMAGNA,NORD-EST
288742930522472501,COMUNE DI MURO LUCANO,POTENZA,BASILICATA,SUD
288842930452286102,COMUNE DI SOMMARIVA DEL BOSCO,CUNEO,PIEMONTE,NORD-OVEST
288842930460077201,COMUNE DI SANT'ANGELO MUXARO,AGRIGENTO,SICILIA,ISOLE
288842930547629101,COMUNE DI TRICARICO,MATERA,BASILICATA,SUD
288842930549622001,COMUNE DI SAN CIPRIANO D'AVERSA,CASERTA,CAMPANIA,SUD
288942930516013801,COMUNE DI CASTELFRANCO EMILIA,MODENA,EMILIA-ROMAGNA,NORD-EST
289042930527326901,COMUNE DI VIDIGULFO,PAVIA,LOMBARDIA,NORD-OVEST
289042930547054202,COMUNE DI FELINO,PARMA,EMILIA-ROMAGNA,NORD-EST
289142930458890701,COMUNE DI PAGLIETA,CHIETI,ABRUZZO,SUD
289342930451844602,COMUNE DI VIGARANO MAINARDA,FERRARA,EMILIA-ROMAGNA,NORD-EST
289442930462773001,COMUNE DI ALSENO,PIACENZA,EMILIA-ROMAGNA,NORD-EST
289542930473308102,COMUNE DI MERATE,LECCO,LOMBARDIA,NORD-OVEST
289642930545972401,COMUNE DI ENNA,ENNA,SICILIA,ISOLE
289742930530455002,COMUNE DI BARI,BARI,PUGLIA,SUD
289842930516115902,COMUNE DI GROTTERIA,REGGIO DI CALABRIA,CALABRIA,SUD
289942930511244801,COMUNE DI BERBENNO,BERGAMO,LOMBARDIA,NORD-OVEST
291542930469697801,COMUNE DI URAS,ORISTANO,SARDEGNA,ISOLE
291642930542641001,COMUNE DI LIMIDO COMASCO,COMO,LOMBARDIA,NORD-OVEST
291742930142600201,COMUNE DI MASATE,MILANO,LOMBARDIA,NORD-OVEST
291942930446774202,COMUNE DI COSSOMBRATO,ASTI,PIEMONTE,NORD-OVEST
291942930533612102,COMUNE DI BAGNACAVALLO,RAVENNA,EMILIA-ROMAGNA,NORD-EST
292042930517688202,COMUNE DI CASTELLUCCIO SUPERIORE,POTENZA,BASILICATA,SUD
292142930479925101,COMUNE DI PROCIDA,NAPOLI,CAMPANIA,SUD
292242930515574002,COMUNE DI CASTELNUOVO BELBO,ASTI,PIEMONTE,NORD-OVEST
292442930460041502,COMUNE DI ALTOMONTE,COSENZA,CALABRIA,SUD
292442930462885501,COMUNE DI SCANZOROSCIATE,BERGAMO,LOMBARDIA,NORD-OVEST
292942929456669102,COMUNE DI COCQUIO-TREVISAGO,VARESE,LOMBARDIA,NORD-OVEST
293142930517194901,COMUNE DI CAMPODIMELE,LATINA,LAZIO,CENTRO
293242930526249502,COMUNE DI PEDASO,FERMO,MARCHE,CENTRO
293242930531600502,COMUNE DI CERVIGNANO DEL FRIULI,UDINE,FRIULI-VENEZIA GIULIA,NORD-EST
293242930550733201,COMUNE DI TORBOLE CASAGLIA,BRESCIA,LOMBARDIA,NORD-OVEST
293342930508080601,COMUNE DI CAMIGLIANO,CASERTA,CAMPANIA,SUD
293342930508994302,COMUNE DI CAVASO DEL TOMBA,TREVISO,VENETO,NORD-EST
293642930164668102,COMUNE DI MASERADA SUL PIAVE,TREVISO,VENETO,NORD-EST
293642930446861002,COMUNE DI SAN POTITO SANNITICO,CASERTA,CAMPANIA,SUD
293742930524691402,COMUNE DI PREMARIACCO,UDINE,FRIULI-VENEZIA GIULIA,NORD-EST
294142930461696302,COMUNE DI MESORACA,CROTONE,CALABRIA,SUD
294342930527502601,COMUNE DI MALVITO,COSENZA,CALABRIA,SUD
294742929721498401,COMUNE DI MONTENERO DI BISACCIA,CAMPOBASSO,MOLISE,SUD
294742930517719501,COMUNE DI CIVIDALE DEL FRIULI,UDINE,FRIULI-VENEZIA GIULIA,NORD-EST
294742930542542101,COMUNE DI NISSORIA,ENNA,SICILIA,ISOLE
294942930446267502,COMUNE DI ROGGIANO GRAVINA,COSENZA,CALABRIA,SUD
294942930455870402,COMUNE DI NORCIA,PERUGIA,UMBRIA,CENTRO
294942930531762002,COMUNE DI BOMBA,CHIETI,ABRUZZO,SUD
295442930453856202,COMUNE DI PETTINEO,MESSINA,SICILIA,ISOLE
295542928159286201,COMUNE DI ALBUZZANO,PAVIA,LOMBARDIA,NORD-OVEST
295542930480599701,COMUNE DI VERVIO,SONDRIO,LOMBARDIA,NORD-OVEST
295542930538104301,COMUNE DI PONSACCO,PISA,TOSCANA,CENTRO
295742930474957402,COMUNE DI MAGENTA,MILANO,LOMBARDIA,NORD-OVEST
295742930524433702,COMUNE DI PONTECAGNANO FAIANO,SALERNO,CAMPANIA,SUD
295842930532647602,COMUNE DI SORBO SAN BASILE,CATANZARO,CALABRIA,SUD
295942930515960302,COMUNE DI ARADEO,LECCE,PUGLIA,SUD
295942930516742801,COMUNE DI SAN PAOLO D'ARGON,BERGAMO,LOMBARDIA,NORD-OVEST
296242930455377601,COMUNE DI VITO D'ASIO,PORDENONE,FRIULI-VENEZIA GIULIA,NORD-EST
296342930508236301,COMUNE DI CANTARANA,ASTI,PIEMONTE,NORD-OVEST
296342930517781701,COMUNE DI IGLIANO,CUNEO,PIEMONTE,NORD-OVEST
296442930519883402,COMUNE DI FLORESTA,MESSINA,SICILIA,ISOLE
296542930474349602,COMUNE DI RECOARO TERME,VICENZA,VENETO,NORD-EST
296642929820997201,COMUNE DI LIVINALLONGO DEL COL DI LANA,BELLUNO,VENETO,NORD-EST
296742927980095501,COMUNE DI CAPIZZI,MESSINA,SICILIA,ISOLE
296742930529195101,COMUNE DI SAN VITO DI FAGAGNA,UDINE,FRIULI-VENEZIA GIULIA,NORD-EST
296842930458231501,COMUNE DI MONTALTO UFFUGO,COSENZA,CALABRIA,SUD
296842930475425901,COMUNE DI SETTIMO MILANESE,MILANO,LOMBARDIA,NORD-OVEST
297142930453227601,COMUNE DI PODENZANO,PIACENZA,EMILIA-ROMAGNA,NORD-EST
297142930460015402,COMUNE DI ALVIANO,TERNI,UMBRIA,CENTRO
297142930544064501,COMUNE DI FORTEZZA,BOLZANO/BOZEN,TRENTINO-ALTO ADIGE/SÜDTIROL,NORD-EST
297142930548160502,COMUNE DI ZANDOBBIO,BERGAMO,LOMBARDIA,NORD-OVEST
297242930550572001,COMUNE DI VERZUOLO,CUNEO,PIEMONTE,NORD-OVEST
297442930464887802,COMUNE DI VENEZIA,VENEZIA,VENETO,NORD-EST
297742930468887502,COMUNE DI SANTA CATERINA VILLARMOSA,CALTANISSETTA,SICILIA,ISOLE
297942930447564901,COMUNE DI LISCATE,MILANO,LOMBARDIA,NORD-OVEST
297942930472700202,COMUNE DI SERRAMAZZONI,MODENA,EMILIA-ROMAGNA,NORD-EST
297942930473282202,COMUNE DI FORGARIA NEL FRIULI,UDINE,FRIULI-VENEZIA GIULIA,NORD-EST
298042930524275601,COMUNE DI PIUBEGA,MANTOVA,LOMBARDIA,NORD-OVEST
298242930477089302,COMUNE DI GAIRO,NUORO,SARDEGNA,ISOLE
298242930510235002,COMUNE DI ALANNO,PESCARA,ABRUZZO,SUD
298342930447643102,COMUNE DI SEGGIANO,GROSSETO,TOSCANA,CENTRO
298342930544433301,COMUNE DI REGGIO NELL'EMILIA,REGGIO NELL'EMILIA,EMILIA-ROMAGNA,NORD-EST
298342930548585002,COMUNE DI TOLLO,CHIETI,ABRUZZO,SUD
298542930475335702,COMUNE DI SAN DAMIANO D'ASTI,ASTI,PIEMONTE,NORD-OVEST
298542930528293701,COMUNE DI TREZZO TINELLA,CUNEO,PIEMONTE,NORD-OVEST
298842930529840402,COMUNE DI TORTORELLA,SALERNO,CAMPANIA,SUD
299042929197945001,COMUNE DI CASTEL DEL MONTE,L'AQUILA,ABRUZZO,SUD
299242930449084201,COMUNE DI MERANO,BOLZANO/BOZEN,TRENTINO-ALTO ADIGE/SÜDTIROL,NORD-EST
299442930462151402,COMUNE DI AIDOMAGGIORE,ORISTANO,SARDEGNA,ISOLE
299542930517598002,COMUNE DI LANUVIO,ROMA,LAZIO,CENTRO
299642930472921601,COMUNE DI FERRARA DI MONTE BALDO,VERONA,VENETO,NORD-EST
299642930524834302,COMUNE DI PISTICCI,MATERA,BASILICATA,SUD
299742930528227402,COMUNE DI RODENGO-SAIANO,BRESCIA,LOMBARDIA,NORD-OVEST
299742930545005402,COMUNE DI LAURINO,SALERNO,CAMPANIA,SUD
301242930459796901,COMUNE DI DUEVILLE,VICENZA,VENETO,NORD-EST
301542930508533601,COMUNE DI CAPIZZONE,BERGAMO,LOMBARDIA,NORD-OVEST
301542930528796002,COMUNE DI ORTA DI ATELLA,CASERTA,CAMPANIA,SUD
301642930479679501,COMUNE DI POMPIANO,BRESCIA,LOMBARDIA,NORD-OVEST
301642930524385402,COMUNE DI PARMA,PARMA,EMILIA-ROMAGNA,NORD-EST
301842930461762701,COMUNE DI PARABIAGO,MILANO,LOMBARDIA,NORD-OVEST
301842930544711402,COMUNE DI LOCANA,TORINO,PIEMONTE,NORD-OVEST
301942929839855901,COMUNE DI CORCHIANO,VITERBO,LAZIO,CENTRO
301942930474861802,COMUNE DI PALENA,CHIETI,ABRUZZO,SUD
302042930474602301,COMUNE DI MONTALDO ROERO,CUNEO,PIEMONTE,NORD-OVEST
302142930528684002,COMUNE DI SABAUDIA,LATINA,LAZIO,CENTRO
302142930534298101,COMUNE DI BELFORTE DEL CHIENTI,MACERATA,MARCHE,CENTRO
302542930466332502,COMUNE DI VILLESSE,GORIZIA,FRIULI-VENEZIA GIULIA,NORD-EST
302542930541058901,COMUNE DI SANT'ANNA ARRESI,SUD SARDEGNA,SARDEGNA,ISOLE
302542930544385002,COMUNE DI CASTEL SAN LORENZO,SALERNO,CAMPANIA,SUD
302542930550807001,COMUNE DI ROSORA,ANCONA,MARCHE,CENTRO
302842930457098302,COMUNE DI PORTO SANT'ELPIDIO,FERMO,MARCHE,CENTRO
302942930517101002,COMUNE DI CROTONE,CROTONE,CALABRIA,SUD
303142930474287802,COMUNE DI GIUGGIANELLO,LECCE,PUGLIA,SUD
303142930522970002,COMUNE DI BELLONA,CASERTA,CAMPANIA,SUD
303242930525631102,COMUNE DI GORIANO SICOLI,L'AQUILA,ABRUZZO,SUD
303442929946432702,COMUNE DI COAZZE,TORINO,PIEMONTE,NORD-OVEST
303642928077879902,COMUNE DI CAVALLERLEONE,CUNEO,PIEMONTE,NORD-OVEST
303742930463339901,COMUNE DI ORERO,GENOVA,LIGURIA,NORD-OVEST
303742930466476901,COMUNE DI VIMODRONE,MILANO,LOMBARDIA,NORD-OVEST
303742930474687902,COMUNE DI MONTE SANTA MARIA TIBERINA,PERUGIA,UMBRIA,CENTRO
303942927963809701,COMUNE DI BRESCELLO,REGGIO NELL'EMILIA,EMILIA-ROMAGNA,NORD-EST
303942930465122701,COMUNE DI CALICE LIGURE,SAVONA,LIGURIA,NORD-OVEST
304042930476111801,COMUNE DI ROBBIATE,LECCO,LOMBARDIA,NORD-OVEST
304142930516774902,COMUNE DI ARBORIO,VERCELLI,PIEMONTE,NORD-OVEST
304142930548522101,COMUNE DI SAN TAMMARO,CASERTA,CAMPANIA,SUD
304542929249094801,COMUNE DI NOVOLI,LECCE,PUGLIA,SUD
304542930461310101,COMUNE DI TRAVAGLIATO,BRESCIA,LOMBARDIA,NORD-OVEST
304542930546424301,COMUNE DI OSOPPO,UDINE,FRIULI-VENEZIA GIULIA,NORD-EST
304742930530586601,COMUNE DI BORGOSESIA,VERCELLI,PIEMONTE,NORD-OVEST
304842930517668701,COMUNE DI ISSOGNE,VALLE D'AOSTA/VALLÉE D'AOSTE,VALLE D'AOSTA/VALLÉE D'AOSTE,NORD-OVEST
304842930519811202,COMUNE DI LONATO DEL GARDA,BRESCIA,LOMBARDIA,NORD-OVEST
305142930508959602,COMUNE DI BARRAFRANCA,ENNA,SICILIA,ISOLE
305442928726076102,COMUNE DI CIMBERGO,BRESCIA,LOMBARDIA,NORD-OVEST
305442930454598402,COMUNE DI OLIVETO LARIO,LECCO,LOMBARDIA,NORD-OVEST
305442930471191902,COMUNE DI SOLBIATE OLONA,VARESE,LOMBARDIA,NORD-OVEST
305542930529910201,COMUNE DI TORRI DI QUARTESOLO,VICENZA,VENETO,NORD-EST
305742930528768702,COMUNE DI SERRA SAN BRUNO,VIBO VALENTIA,CALABRIA,SUD
306242930537512101,COMUNE DI VAIANO CREMASCO,CREMONA,LOMBARDIA,NORD-OVEST
306442930473335602,COMUNE DI MALGRATE,LECCO,LOMBARDIA,NORD-OVEST
306442930517138902,COMUNE DI CIGLIE',CUNEO,PIEMONTE,NORD-OVEST
306542930533804102,COMUNE DI CAMPIGLIA DEI BERICI,VICENZA,VENETO,NORD-EST
306642930462906002,COMUNE DI CAGNANO VARANO,FOGGIA,PUGLIA,SUD
306642930479796202,COMUNE DI RODI GARGANICO,FOGGIA,PUGLIA,SUD
306842930453555401,COMUNE DI SALUDECIO,RIMINI,EMILIA-ROMAGNA,NORD-EST
306842930480406501,COMUNE DI SUISIO,BERGAMO,LOMBARDIA,NORD-OVEST
306942930550479101,COMUNE DI SANGIANO,VARESE,LOMBARDIA,NORD-OVEST
307042930532334402,COMUNE DI BRACIGLIANO,SALERNO,CAMPANIA,SUD
307142929091435101,COMUNE DI CARBONATE,COMO,LOMBARDIA,NORD-OVEST
307142930458079601,COMUNE DI SAN VITO ROMANO,ROMA,LAZIO,CENTRO
307142930474623902,COMUNE DI MONGRANDO,BIELLA,PIEMONTE,NORD-OVEST
307242930515916901,COMUNE DI ASCIANO,SIENA,TOSCANA,CENTRO
307342930509616201,COMUNE DI CASORATE SEMPIONE,VARESE,LOMBARDIA,NORD-OVEST
307342930534097002,COMUNE DI AMPEZZO,UDINE,FRIULI-VENEZIA GIULIA,NORD-EST
307442930479630902,COMUNE DI SEDEGLIANO,UDINE,FRIULI-VENEZIA GIULIA,NORD-EST
307442930509778802,COMUNE DI ACCADIA,FOGGIA,PUGLIA,SUD
307542930524280301,COMUNE DI SEGNI,ROMA,LAZIO,CENTRO
307742930544301201,COMUNE DI SESTU,CAGLIARI,SARDEGNA,ISOLE
307842928636919901,COMUNE DI BOFFALORA SOPRA TICINO,MILANO,LOMBARDIA,NORD-OVEST
308042930455771602,COMUNE DI FRASSINELLO MONFERRATO,ALESSANDRIA,PIEMONTE,NORD-OVEST
308142930466652001,COMUNE DI VEDANO OLONA,VARESE,LOMBARDIA,NORD-OVEST
308142930478039102,COMUNE DI SAMMICHELE DI BARI,BARI,PUGLIA,SUD
308142930529668602,COMUNE DI CONIOLO,ALESSANDRIA,PIEMONTE,NORD-OVEST
308142930532520002,COMUNE DI GAMBOLO',PAVIA,LOMBARDIA,NORD-OVEST
308242930544806301,COMUNE DI PONZANO DI FERMO,FERMO,MARCHE,CENTRO
308342929901445701,COMUNE DI FELITTO,SALERNO,CAMPANIA,SUD
308342930080355601,COMUNE DI CORTONA,AREZZO,TOSCANA,CENTRO
308342930546970002,COMUNE DI LUGNANO IN TEVERINA,TERNI,UMBRIA,CENTRO
308542930477019402,COMUNE DI GUARDABOSONE,VERCELLI,PIEMONTE,NORD-OVEST
308742930465134201,COMUNE DI BEURA-CARDEZZA,VERBANO-CUSIO-OSSOLA,PIEMONTE,NORD-OVEST
308842930547509501,COMUNE DI VALDAORA,BOLZANO/BOZEN,TRENTINO-ALTO ADIGE/SÜDTIROL,NORD-EST
308942929843657702,COMUNE DI MARNATE,VARESE,LOMBARDIA,NORD-OVEST
308942930464926901,COMUNE DI BIZZARONE,COMO,LOMBARDIA,NORD-OVEST
308942930541987802,COMUNE DI SAN FILIPPO DEL MELA,MESSINA,SICILIA,ISOLE
309042930531011002,COMUNE DI APOLLOSA,BENEVENTO,CAMPANIA,SUD
309142929118744101,COMUNE DI CASTELLAZZO NOVARESE,NOVARA,PIEMONTE,NORD-OVEST
309142930464369601,COMUNE DI TRAMUTOLA,POTENZA,BASILICATA,SUD
309442930462659701,COMUNE DI DESANA,VERCELLI,PIEMONTE,NORD-OVEST
309542930530726202,COMUNE DI ASCOLI PICENO,ASCOLI PICENO,MARCHE,CENTRO
309742930510620701,COMUNE DI ALBIANO D'IVREA,TORINO,PIEMONTE,NORD-OVEST
309942930545580002,COMUNE DI CASTELSANTANGELO SUL NERA,MACERATA,MARCHE,CENTRO
311442930542281902,COMUNE DI MONGIUFFI MELIA,MESSINA,SICILIA,ISOLE
311542930446688901,COMUNE DI SCARLINO,GROSSETO,TOSCANA,CENTRO
311542930455740902,COMUNE DI OTTONE,PIACENZA,EMILIA-ROMAGNA,NORD-EST
311642930475115902,COMUNE DI LENDINARA,ROVIGO,VENETO,NORD-EST
311842930517670502,COMUNE DI CASTELLO-MOLINA DI FIEMME,TRENTO,TRENTINO-ALTO ADIGE/SÜDTIROL,NORD-EST
311942930455638502,COMUNE DI ROCCAFORZATA,TARANTO,PUGLIA,SUD
312042930480484602,COMUNE DI VERZINO,CROTONE,CALABRIA,SUD
312042930543741001,COMUNE DI MONTEFORTE D'ALPONE,VERONA,VENETO,NORD-EST
312142929704156101,COMUNE DI MURAVERA,SUD SARDEGNA,SARDEGNA,ISOLE
312142930446570101,COMUNE DI SANLURI,SUD SARDEGNA,SARDEGNA,ISOLE
312242930543752601,COMUNE DI PALAZZO CANAVESE,TORINO,PIEMONTE,NORD-OVEST
312442930454121202,COMUNE DI MONTAURO,CATANZARO,CALABRIA,SUD
312542930528071701,COMUNE DI MORMANNO,COSENZA,CALABRIA,SUD
312642930456892002,COMUNE DI SAN MARTINO DALL'ARGINE,MANTOVA,LOMBARDIA,NORD-OVEST
312642930515697601,COMUNE DI MARTANO,LECCE,PUGLIA,SUD
312842930542735201,COMUNE DI SILVANO D'ORBA,ALESSANDRIA,PIEMONTE,NORD-OVEST
313042928021659402,COMUNE DI AULLA,MASSA-CARRARA,TOSCANA,CENTRO
313042930517111502,COMUNE DI CARRU',CUNEO,PIEMONTE,NORD-OVEST
313142930516351402,COMUNE DI BOBBIO PELLICE,TORINO,PIEMONTE,NORD-OVEST
313442930521399602,COMUNE DI LONIGO,VICENZA,VENETO,NORD-EST
313442930533729502,COMUNE DI ALBANO VERCELLESE,VERCELLI,PIEMONTE,NORD-OVEST
313542930477137801,COMUNE DI CORINALDO,ANCONA,MARCHE,CENTRO
313542930525965001,COMUNE DI TAGGIA,IMPERIA,LIGURIA,NORD-OVEST
313542930540390402,COMUNE DI MORNICO AL SERIO,BERGAMO,LOMBARDIA,NORD-OVEST
313642930460297502,COMUNE DI BINAGO,COMO,LOMBARDIA,NORD-OVEST
313742930453968502,COMUNE DI LENTATE SUL SEVESO,MONZA E DELLA BRIANZA,LOMBARDIA,NORD-OVEST
313742930525229401,COMUNE DI SAN MINIATO,PISA,TOSCANA,CENTRO
313942930475403102,COMUNE DI REGGELLO,FIRENZE,TOSCANA,CENTRO
314042930466352302,COMUNE DI VINCI,FIRENZE,TOSCANA,CENTRO
314042930543493001,COMUNE DI GIURDIGNANO,LECCE,PUGLIA,SUD
314242930527104402,COMUNE DI SOTTO IL MONTE GIOVANNI XXIII,BERGAMO,LOMBARDIA,NORD-OVEST
314542930452521402,COMUNE DI GREZZANA,VERONA,VENETO,NORD-EST
314642930525598602,COMUNE DI GORLAGO,BERGAMO,LOMBARDIA,NORD-OVEST
314742930457973501,COMUNE DI SAN GIOVANNI ROTONDO,FOGGIA,PUGLIA,SUD
314742930461770301,COMUNE DI PARETE,CASERTA,CAMPANIA,SUD
314742930543917201,COMUNE DI FRONT,TORINO,PIEMONTE,NORD-OVEST
314942930524836901,COMUNE DI PIOZZO,CUNEO,PIEMONTE,NORD-OVEST
315442930531999501,COMUNE DI BAIRO,TORINO,PIEMONTE,NORD-OVEST
315542930519478501,COMUNE DI LOMBARDORE,TORINO,PIEMONTE,NORD-OVEST
315542930529561302,COMUNE DI USCIO,GENOVA,LIGURIA,NORD-OVEST
315642930530192301,COMUNE DI CICAGNA,GENOVA,LIGURIA,NORD-OVEST
315842930530136202,COMUNE DI BARGE,CUNEO,PIEMONTE,NORD-OVEST
316642930462545502,COMUNE DI CASTELLAFIUME,L'AQUILA,ABRUZZO,SUD
316642930469409301,COMUNE DI SCIACCA,AGRIGENTO,SICILIA,ISOLE
316642930530285002,COMUNE DI CARPIANO,MILANO,LOMBARDIA,NORD-OVEST
316742930528486302,COMUNE DI RIONERO IN VULTURE,POTENZA,BASILICATA,SUD
316842930524674801,COMUNE DI PONTECHIANALE,CUNEO,PIEMONTE,NORD-OVEST
316842930534404902,COMUNE DI ANCONA,ANCONA,MARCHE,CENTRO
317042930448374701,COMUNE DI RADICONDOLI,SIENA,TOSCANA,CENTRO
317042930461574402,COMUNE DI SAN GIOVANNI DEL DOSSO,MANTOVA,LOMBARDIA,NORD-OVEST
317142930448776802,COMUNE DI FUBINE MONFERRATO,ALESSANDRIA,PIEMONTE,NORD-OVEST
317242930351294101,COMUNE DI PORPETTO,UDINE,FRIULI-VENEZIA GIULIA,NORD-EST
317242930448551201,COMUNE DI NOVARA DI SICILIA,MESSINA,SICILIA,ISOLE
317242930509868302,COMUNE DI AGRATE CONTURBIA,NOVARA,PIEMONTE,NORD-OVEST
317242930541173401,COMUNE DI MONTABONE,ASTI,PIEMONTE,NORD-OVEST
317342930545988302,COMUNE DI OTTATI,SALERNO,CAMPANIA,SUD
317442930478135302,COMUNE DI TRICASE,LECCE,PUGLIA,SUD
317442930515782902,COMUNE DI ARZANO,NAPOLI,CAMPANIA,SUD
317542930447869902,COMUNE DI OVARO,UDINE,FRIULI-VENEZIA GIULIA,NORD-EST
317642930460503501,COMUNE DI SAN POLO DEI CAVALIERI,ROMA,LAZIO,CENTRO
317642930516056901,COMUNE DI AQUILONIA,AVELLINO,CAMPANIA,SUD
317642930525366102,COMUNE DI OME,BRESCIA,LOMBARDIA,NORD-OVEST
317642930534374702,COMUNE DI COLLEVECCHIO,RIETI,LAZIO,CENTRO
317742930447601401,COMUNE DI SULMONA,L'AQUILA,ABRUZZO,SUD
317742930519615102,COMUNE DI MONTEFALCONE APPENNINO,FERMO,MARCHE,CENTRO
317942930545716001,COMUNE DI FOSSATO DI VICO,PERUGIA,UMBRIA,CENTRO
318042930473003702,COMUNE DI MARCETELLI,RIETI,LAZIO,CENTRO
318042930474158602,COMUNE DI SINISCOLA,NUORO,SARDEGNA,ISOLE
318142930545846502,COMUNE DI LUCITO,CAMPOBASSO,MOLISE,SUD
318242930051124302,COMUNE DI CATANZARO,CATANZARO,CALABRIA,SUD
318242930445751301,COMUNE DI CASTEL SAN VINCENZO,ISERNIA,MOLISE,SUD
318442930451906402,COMUNE DI VANZAGHELLO,MILANO,LOMBARDIA,NORD-OVEST
318442930472979202,COMUNE DI PRAZZO,CUNEO,PIEMONTE,NORD-OVEST
318542929194731901,COMUNE DI CERES,TORINO,PIEMONTE,NORD-OVEST
318742930519035401,COMUNE DI MASSA LOMBARDA,RAVENNA,EMILIA-ROMAGNA,NORD-EST
318942930462878702,COMUNE DI CAVE,ROMA,LAZIO,CENTRO
319142930459262201,COMUNE DI SANTA CESAREA TERME,LECCE,PUGLIA,SUD
319142930473924202,COMUNE DI GAGLIATO,CATANZARO,CALABRIA,SUD
319242930541495002,COMUNE DI MONGIARDINO LIGURE,ALESSANDRIA,PIEMONTE,NORD-OVEST
319342930472134402,COMUNE DI MONASTEROLO CASOTTO,CUNEO,PIEMONTE,NORD-OVEST
319442930529431002,COMUNE DI SEREN DEL GRAPPA,BELLUNO,VENETO,NORD-EST
319542927897875801,COMUNE DI BITRITTO,BARI,PUGLIA,SUD
319542930476446802,COMUNE DI CASIGNANA,REGGIO DI CALABRIA,CALABRIA,SUD
319742930534511301,COMUNE DI COLLE SAN MAGNO,FROSINONE,LAZIO,CENTRO
319942930521968101,COMUNE DI MONTEBRUNO,GENOVA,LIGURIA,NORD-OVEST
321142929177982401,COMUNE DI LEVICO TERME,TRENTO,TRENTINO-ALTO ADIGE/SÜDTIROL,NORD-EST
321242930519562901,COMUNE DI LURATE CACCIVIO,COMO,LOMBARDIA,NORD-OVEST
321342930549425202,COMUNE DI SAN CHIRICO RAPARO,POTENZA,BASILICATA,SUD
321842930538717302,COMUNE DI SANT'ANGELO ALL'ESCA,AVELLINO,CAMPANIA,SUD
322042930475107601,COMUNE DI LOIANO,BOLOGNA,EMILIA-ROMAGNA,NORD-EST
322042930475841301,COMUNE DI INVERUNO,MILANO,LOMBARDIA,NORD-OVEST
322142930541473402,COMUNE DI MONFORTE D'ALBA,CUNEO,PIEMONTE,NORD-OVEST
322442930518961301,COMUNE DI LIZZANO IN BELVEDERE,BOLOGNA,EMILIA-ROMAGNA,NORD-EST
322542930547495002,COMUNE DI SPECCHIA,LECCE,PUGLIA,SUD
322642929537342401,COMUNE DI TUGLIE,LECCE,PUGLIA,SUD
322742930519716202,COMUNE DI JENNE,ROMA,LAZIO,CENTRO
322742930530703601,COMUNE DI PIAZZATORRE,BERGAMO,LOMBARDIA,NORD-OVEST
322842930476696802,COMUNE DI MONTEGRIDOLFO,RIMINI,EMILIA-ROMAGNA,NORD-EST
323042929488733102,COMUNE DI MARANELLO,MODENA,EMILIA-ROMAGNA,NORD-EST
323042930546015301,COMUNE DI SANNICANDRO DI BARI,BARI,PUGLIA,SUD
323142930521426302,COMUNE DI GALLIERA,BOLOGNA,EMILIA-ROMAGNA,NORD-EST
323342930509386901,COMUNE DI CAVALLIRIO,NOVARA,PIEMONTE,NORD-OVEST
323342930527679301,COMUNE DI RIVAROLO MANTOVANO,MANTOVA,LOMBARDIA,NORD-OVEST
323342930528370002,COMUNE DI SPELLO,PERUGIA,UMBRIA,CENTRO
323442927975082002,COMUNE DI BRONI,PAVIA,LOMBARDIA,NORD-OVEST
323742930456266901,COMUNE DI SAN NICOLA LA STRADA,CASERTA,CAMPANIA,SUD
323742930477129001,COMUNE DI CORENO AUSONIO,FROSINONE,LAZIO,CENTRO
323742930516063802,COMUNE DI INCISA SCAPACCINO,ASTI,PIEMONTE,NORD-OVEST
323842930542709901,COMUNE DI SILVI,TERAMO,ABRUZZO,SUD
323942930517140201,COMUNE DI ARCENE,BERGAMO,LOMBARDIA,NORD-OVEST
324042930516101402,COMUNE DI CEFALA' DIANA,PALERMO,SICILIA,ISOLE
324142929467067101,COMUNE DI GALLIATE LOMBARDO,VARESE,LOMBARDIA,NORD-OVEST
324342930453507201,COMUNE DI PENNAPIEDIMONTE,CHIETI,ABRUZZO,SUD
324442930473115401,COMUNE DI PREDAZZO,TRENTO,TRENTINO-ALTO ADIGE/SÜDTIROL,NORD-EST
324442930545607801,COMUNE DI LAMBRUGO,COMO,LOMBARDIA,NORD-OVEST
324542930516684901,COMUNE DI DIGNANO,UDINE,FRIULI-VENEZIA GIULIA,NORD-EST
324542930529308002,COMUNE DI GALATONE,LECCE,PUGLIA,SUD
324742930529490902,COMUNE DI VARNA,BOLZANO/BOZEN,TRENTINO-ALTO ADIGE/SÜDTIROL,NORD-EST
324842930536416901,COMUNE DI ROTTOFRENO,PIACENZA,EMILIA-ROMAGNA,NORD-EST
324942930516603101,COMUNE DI FOLIGNO,PERUGIA,UMBRIA,CENTRO
325842927959121701,COMUNE DI BROSSO,TORINO,PIEMONTE,NORD-OVEST
325942930456155801,COMUNE DI MONTESE,MODENA,EMILIA-ROMAGNA,NORD-EST
325942930509005302,COMUNE DI CAVARIA CON PREMEZZO,VARESE,LOMBARDIA,NORD-OVEST
326242929348469101,COMUNE DI ISOLA DOVARESE,CREMONA,LOMBARDIA,NORD-OVEST
326242930475913001,COMUNE DI GENIVOLTA,CREMONA,LOMBARDIA,NORD-OVEST
326242930479798102,COMUNE DI PROVAGLIO VAL SABBIA,BRESCIA,LOMBARDIA,NORD-OVEST
326242930532815501,COMUNE DI SAN DONATO VAL DI COMINO,FROSINONE,LAZIO,CENTRO
326742930545741002,COMUNE DI MONTEFREDANE,AVELLINO,CAMPANIA,SUD
326942930462396301,COMUNE DI ALLERONA,TERNI,UMBRIA,CENTRO
327042930518364901,COMUNE DI FIRENZE,FIRENZE,TOSCANA,CENTRO
327042930543509002,COMUNE DI INTRODACQUA,L'AQUILA,ABRUZZO,SUD
327142928822976102,COMUNE DI GIOVE,TERNI,UMBRIA,CENTRO
327142930531769601,COMUNE DI SAN DANIELE PO,CREMONA,LOMBARDIA,NORD-OVEST
327242930480443201,COMUNE DI ROCCA SUSELLA,PAVIA,LOMBARDIA,NORD-OVEST
327342930519145801,COMUNE DI FONTECCHIO,L'AQUILA,ABRUZZO,SUD
327442930468325001,COMUNE DI SOVICILLE,SIENA,TOSCANA,CENTRO
327442930518731202,COMUNE DI CERVATTO,VERCELLI,PIEMONTE,NORD-OVEST
327842930545368201,COMUNE DI SAN BENIGNO CANAVESE,TORINO,PIEMONTE,NORD-OVEST
327942930472483502,COMUNE DI PALOMONTE,SALERNO,CAMPANIA,SUD
328142930525625702,COMUNE DI TRECATE,NOVARA,PIEMONTE,NORD-OVEST
328142930530120601,COMUNE DI CINISI,PALERMO,SICILIA,ISOLE
328442930531385702,COMUNE DI BONNANARO,SASSARI,SARDEGNA,ISOLE
328642930476288101,COMUNE DI SAN BENEDETTO ULLANO,COSENZA,CALABRIA,SUD
328742930447855701,COMUNE DI FINALE LIGURE,SAVONA,LIGURIA,NORD-OVEST
328742930516958201,COMUNE DI COSTA VOLPINO,BERGAMO,LOMBARDIA,NORD-OVEST
328842930458449401,COMUNE DI RIMELLA,VERCELLI,PIEMONTE,NORD-OVEST
329042930528042701,COMUNE DI MONTANO LUCINO,COMO,LOMBARDIA,NORD-OVEST
329142930476959202,COMUNE DI COREGLIA LIGURE,GENOVA,LIGURIA,NORD-OVEST
329142930539175902,COMUNE DI VILLAFRANCA PADOVANA,PADOVA,VENETO,NORD-EST
329242929307482901,COMUNE DI CASTEL DI LUCIO,MESSINA,SICILIA,ISOLE
329342930450180801,COMUNE DI ASTI,ASTI,PIEMONTE,NORD-OVEST
329442930539290901,COMUNE DI VILLAGRANDE STRISAILI,NUORO,SARDEGNA,ISOLE
329542930459791702,COMUNE DI COLLI A VOLTURNO,ISERNIA,MOLISE,SUD
329742928108713902,COMUNE DI CASORATE PRIMO,PAVIA,LOMBARDIA,NORD-OVEST
329742930510530302,COMUNE DI BUBBIO,ASTI,PIEMONTE,NORD-OVEST
331342928577536302,COMUNE DI ANOIA,REGGIO DI CALABRIA,CALABRIA,SUD
331342930530428001,COMUNE DI BAISO,REGGIO NELL'EMILIA,EMILIA-ROMAGNA,NORD-EST
331542930458358102,COMUNE DI VILLANDRO,BOLZANO/BOZEN,TRENTINO-ALTO ADIGE/SÜDTIROL,NORD-EST
331542930518042601,COMUNE DI FAEDO VALTELLINO,SONDRIO,LOMBARDIA,NORD-OVEST
331642930342522902,COMUNE DI PONTE NELLE ALPI,BELLUNO,VENETO,NORD-EST
331642930475173601,COMUNE DI SANTO STEFANO LODIGIANO,LODI,LOMBARDIA,NORD-OVEST
331642930515500302,COMUNE DI CASTIGLIONE DI SICILIA,CATANIA,SICILIA,ISOLE
331742930456837602,COMUNE DI FONTANAFREDDA,PORDENONE,FRIULI-VENEZIA GIULIA,NORD-EST
331842930532015701,COMUNE DI BELPASSO,CATANIA,SICILIA,ISOLE
331942930518709902,COMUNE DI CASTEL GOFFREDO,MANTOVA,LOMBARDIA,NORD-OVEST
332042930456928601,COMUNE DI ROCCA PIETORE,BELLUNO,VENETO,NORD-EST
332342930517243401,COMUNE DI CARTOCETO,PESARO E URBINO,MARCHE,CENTRO
332542930464905401,COMUNE DI BUSSOLENO,TORINO,PIEMONTE,NORD-OVEST
332742930527107102,COMUNE DI SOAVE,VERONA,VENETO,NORD-EST
332842930458384002,COMUNE DI PERLEDO,LECCO,LOMBARDIA,NORD-OVEST
332842930526526402,COMUNE DI LAUREANA CILENTO,SALERNO,CAMPANIA,SUD
333042929921931502,COMUNE DI FONTANA LIRI,FROSINONE,LAZIO,CENTRO
333042930525878601,COMUNE DI VALLE LOMELLINA,PAVIA,LOMBARDIA,NORD-OVEST
333042930526610301,COMUNE DI FARA FILIORUM PETRI,CHIETI,ABRUZZO,SUD
333142930538263901,COMUNE DI VERBICARO,COSENZA,CALABRIA,SUD
333242929703991002,COMUNE DI MUGNANO DI NAPOLI,NAPOLI,CAMPANIA,SUD
333342930544586401,COMUNE DI PIEDICAVALLO,BIELLA,PIEMONTE,NORD-OVEST
333542930452004602,COMUNE DI VALSAVARENCHE,VALLE D'AOSTA/VALLÉE D'AOSTE,VALLE D'AOSTA/VALLÉE D'AOSTE,NORD-OVEST
333542930532226401,COMUNE DI CORRIDO,COMO,LOMBARDIA,NORD-OVEST
333742928623643602,COMUNE DI CASTEL DI CASIO,BOLOGNA,EMILIA-ROMAGNA,NORD-EST
333742930447710401,COMUNE DI SESTO ED UNITI,CREMONA,LOMBARDIA,NORD-OVEST
333842930525494501,COMUNE DI OLTRE IL COLLE,BERGAMO,LOMBARDIA,NORD-OVEST
334042930480420201,COMUNE DI ROCCAVIGNALE,SAVONA,LIGURIA,NORD-OVEST
334142930518709202,COMUNE DI COLORNO,PARMA,EMILIA-ROMAGNA,NORD-EST
334342930517250501,COMUNE DI DAVAGNA,GENOVA,LIGURIA,NORD-OVEST
334542928757944602,COMUNE DI CEFALU',PALERMO,SICILIA,ISOLE
334642930463735102,COMUNE DI CASTELLANA GROTTE,BARI,PUGLIA,SUD
334742930464407302,COMUNE DI CERCIVENTO,UDINE,FRIULI-VENEZIA GIULIA,NORD-EST
334742930550062701,COMUNE DI SERRAVALLE SESIA,VERCELLI,PIEMONTE,NORD-OVEST
334842930540429202,COMUNE DI MEDOLAGO,BERGAMO,LOMBARDIA,NORD-OVEST
334942930519074702,COMUNE DI CASTELLETTO SOPRA TICINO,NOVARA,PIEMONTE,NORD-OVEST
335042930456163602,COMUNE DI PESCOROCCHIANO,RIETI,LAZIO,CENTRO
335242930549567202,COMUNE DI SAN CIPRIANO PICENTINO,SALERNO,CAMPANIA,SUD
335642930473582201,COMUNE DI POSTUA,VERCELLI,PIEMONTE,NORD-OVEST
335742928811707801,COMUNE DI FALCADE,BELLUNO,VENETO,NORD-EST
335842930479885101,COMUNE DI PIANELLO DEL LARIO,COMO,LOMBARDIA,NORD-OVEST
335842930547547102,COMUNE DI VALLEVE,BERGAMO,LOMBARDIA,NORD-OVEST
336042930529221701,COMUNE DI ROSASCO,PAVIA,LOMBARDIA,NORD-OVEST
336142930480247501,COMUNE DI TOANO,REGGIO NELL'EMILIA,EMILIA-ROMAGNA,NORD-EST
336342928855703402,COMUNE DI GOITO,MANTOVA,LOMBARDIA,NORD-OVEST
336342930479111802,COMUNE DI SIGILLO,PERUGIA,UMBRIA,CENTRO
336542928235791602,COMUNE DI ALBUGNANO,ASTI,PIEMONTE,NORD-OVEST
336642930547172801,COMUNE DI TEANA,POTENZA,BASILICATA,SUD
336842928235971801,COMUNE DI ALASSIO,SAVONA,LIGURIA,NORD-OVEST
336942930511301301,COMUNE DI BORGORICCO,PADOVA,VENETO,NORD-EST
337042930478901701,COMUNE DI VILLANOVA MONTELEONE,SASSARI,SARDEGNA,ISOLE
337042930532277601,COMUNE DI CELLAMARE,BARI,PUGLIA,SUD
337142930476072102,COMUNE DI FORDONGIANUS,ORISTANO,SARDEGNA,ISOLE
337342930456181701,COMUNE DI MONTEU ROERO,CUNEO,PIEMONTE,NORD-OVEST
337442930525066402,COMUNE DI SALE MARASINO,BRESCIA,LOMBARDIA,NORD-OVEST
337542930462685102,COMUNE DI CONCA DEI MARINI,SALERNO,CAMPANIA,SUD
337642930543341001,COMUNE DI TURI,BARI,PUGLIA,SUD
337742930526684701,COMUNE DI NOCERA UMBRA,PERUGIA,UMBRIA,CENTRO
337842930452940302,COMUNE DI SONICO,BRESCIA,LOMBARDIA,NORD-OVEST
337842930477414902,COMUNE DI SAN FLORIANO DEL COLLIO,GORIZIA,FRIULI-VENEZIA GIULIA,NORD-EST
337942929800508901,COMUNE DI NURECI,ORISTANO,SARDEGNA,ISOLE
338042928845019702,COMUNE DI GENAZZANO,ROMA,LAZIO,CENTRO
338042930541162002,COMUNE DI MONTELLA,AVELLINO,CAMPANIA,SUD
338242930461890002,COMUNE DI SAN GIOVANNI INCARICO,FROSINONE,LAZIO,CENTRO
338442930521976001,COMUNE DI CONFIENZA,PAVIA,LOMBARDIA,NORD-OVEST
338742930455466002,COMUNE DI GOLFO ARANCI,SASSARI,SARDEGNA,ISOLE
338842930548855501,COMUNE DI TICENGO,CREMONA,LOMBARDIA,NORD-OVEST
338942930517342702,COMUNE DI BARICELLA,BOLOGNA,EMILIA-ROMAGNA,NORD-EST
338942930543405802,COMUNE DI MONRUPINO,TRIESTE,FRIULI-VENEZIA GIULIA,NORD-EST
339042930474793701,COMUNE DI MONTRESTA,ORISTANO,SARDEGNA,ISOLE
339042930545527902,COMUNE DI SANT'ALESSIO SICULO,MESSINA,SICILIA,ISOLE
339242930220743401,COMUNE DI MASSIOLA,VERBANO-CUSIO-OSSOLA,PIEMONTE,NORD-OVEST
339442930523968302,COMUNE DI VALVA,SALERNO,CAMPANIA,SUD
339642930480766401,COMUNE DI SOLDANO,IMPERIA,LIGURIA,NORD-OVEST
339642930525423102,COMUNE DI VIGGIANELLO,POTENZA,BASILICATA,SUD
339742930526997301,COMUNE DI TROIA,FOGGIA,PUGLIA,SUD
339842927963711401,COMUNE DI CAPPELLA CANTONE,CREMONA,LOMBARDIA,NORD-OVEST
339842930447217001,COMUNE DI SCHIGNANO,COMO,LOMBARDIA,NORD-OVEST
339842930550330402,COMUNE DI PIOBESI TORINESE,TORINO,PIEMONTE,NORD-OVEST
339942930532939901,COMUNE DI CAGNANO AMITERNO,L'AQUILA,ABRUZZO,SUD
341142929417399601,COMUNE DI CHIUSI DELLA VERNA,AREZZO,TOSCANA,CENTRO
341242930518833102,COMUNE DI POZZONOVO,PADOVA,VENETO,NORD-EST
341242930523112101,COMUNE DI CAPONAGO,MONZA E DELLA BRIANZA,LOMBARDIA,NORD-OVEST
341342930456359501,COMUNE DI PESCOSOLIDO,FROSINONE,LAZIO,CENTRO
341342930477720902,COMUNE DI MAGLIANO ALPI,CUNEO,PIEMONTE,NORD-OVEST
341442930475907401,COMUNE DI LOCATE VARESINO,COMO,LOMBARDIA,NORD-OVEST
341442930519841401,COMUNE DI GONNOSCODINA,ORISTANO,SARDEGNA,ISOLE
341442930538862202,COMUNE DI SARNANO,MACERATA,MARCHE,CENTRO
341442930546207101,COMUNE DI LANGOSCO,PAVIA,LOMBARDIA,NORD-OVEST
341542930550753601,COMUNE DI VIGNANELLO,VITERBO,LAZIO,CENTRO
341642930529403602,COMUNE DI BUGUGGIATE,VARESE,LOMBARDIA,NORD-OVEST
341742930469756902,COMUNE DI STRESA,VERBANO-CUSIO-OSSOLA,PIEMONTE,NORD-OVEST
341742930548656502,COMUNE DI VALBONDIONE,BERGAMO,LOMBARDIA,NORD-OVEST
341842930524241201,COMUNE DI MANOPPELLO,PESCARA,ABRUZZO,SUD
341942930459636002,COMUNE DI COPPARO,FERRARA,EMILIA-ROMAGNA,NORD-EST
342042928560914101,COMUNE DI AIETA,COSENZA,CALABRIA,SUD
342242930460756801,COMUNE DI CASTELCOVATI,BRESCIA,LOMBARDIA,NORD-OVEST
342442930479952501,COMUNE DI PRIZZI,PALERMO,SICILIA,ISOLE
342542930456553701,COMUNE DI NOSATE,MILANO,LOMBARDIA,NORD-OVEST
342542930508067702,COMUNE DI BROGNATURO,VIBO VALENTIA,CALABRIA,SUD
342642930541899602,COMUNE DI MASONE,GENOVA,LIGURIA,NORD-OVEST
342642930546268701,COMUNE DI CORIANO,RIMINI,EMILIA-ROMAGNA,NORD-EST
342742930540958102,COMUNE DI OGGEBBIO,VERBANO-CUSIO-OSSOLA,PIEMONTE,NORD-OVEST
342842930534602701,COMUNE DI BOSCOREALE,NAPOLI,CAMPANIA,SUD
343042930519223402,COMUNE DI PETRIANO,PESARO E URBINO,MARCHE,CENTRO
343142930525678801,COMUNE DI SOMMACAMPAGNA,VERONA,VENETO,NORD-EST
343242929400142802,COMUNE DI FANNA,PORDENONE,FRIULI-VENEZIA GIULIA,NORD-EST
343242929800157201,COMUNE DI MIRABELLA IMBACCARI,CATANIA,SICILIA,ISOLE
343342930464798602,COMUNE DI PARRANO,TERNI,UMBRIA,CENTRO
343342930466774202,COMUNE DI ROTZO,VICENZA,VENETO,NORD-EST
343442930548167501,COMUNE DI VALLEMAIO,FROSINONE,LAZIO,CENTRO
343542930548828801,COMUNE DI STRONA,BIELLA,PIEMONTE,NORD-OVEST
343642930531569302,COMUNE DI BINETTO,BARI,PUGLIA,SUD
343642930544262102,COMUNE DI SAN PIER NICETO,MESSINA,SICILIA,ISOLE
343742928912076802,COMUNE DI COMITINI,AGRIGENTO,SICILIA,ISOLE
343842930527264502,COMUNE DI SACCOLONGO,PADOVA,VENETO,NORD-EST
343842930546595402,COMUNE DI FIESOLE,FIRENZE,TOSCANA,CENTRO
343942930548932901,COMUNE DI TERRASSA PADOVANA,PADOVA,VENETO,NORD-EST
344042930455560502,COMUNE DI ORIO CANAVESE,TORINO,PIEMONTE,NORD-OVEST
344042930528869902,COMUNE DI MONTALTO DELLE MARCHE,ASCOLI PICENO,MARCHE,CENTRO
344142930479051402,COMUNE DI VEROLI,FROSINONE,LAZIO,CENTRO
344242930508956602,COMUNE DI CALCI,PISA,TOSCANA,CENTRO
344542930518632701,COMUNE DI ERBE',VERONA,VENETO,NORD-EST
344642930531930701,COMUNE DI BOMPIETRO,PALERMO,SICILIA,ISOLE
344742930474743902,COMUNE DI OLEVANO ROMANO,ROMA,LAZIO,CENTRO
344842930453546402,COMUNE DI PERUGIA,PERUGIA,UMBRIA,CENTRO
345142930452588901,COMUNE DI VILLA ESTENSE,PADOVA,VENETO,NORD-EST
345242930101315801,COMUNE DI COSENZA,COSENZA,CALABRIA,SUD
345242930475998202,COMUNE DI SANT'ANGELO DEL PESCO,ISERNIA,MOLISE,SUD
345242930478022802,COMUNE DI RAMACCA,CATANIA,SICILIA,ISOLE
345242930535683001,COMUNE DI VISCHE,TORINO,PIEMONTE,NORD-OVEST
345342929544053901,COMUNE DI GIVOLETTO,TORINO,PIEMONTE,NORD-OVEST
345342930466643601,COMUNE DI ZERBO,PAVIA,LOMBARDIA,NORD-OVEST
345342930478327301,COMUNE DI SARACENA,COSENZA,CALABRIA,SUD
345842930527032402,COMUNE DI MALE',TRENTO,TRENTINO-ALTO ADIGE/SÜDTIROL,NORD-EST
345842930527886501,COMUNE DI MAIOLO,RIMINI,EMILIA-ROMAGNA,NORD-EST
345942929091386401,COMUNE DI CAMPOSANTO,MODENA,EMILIA-ROMAGNA,NORD-EST
346042930463684402,COMUNE DI BARBARA,ANCONA,MARCHE,CENTRO
346442930545956501,COMUNE DI POPOLI TERME,PESCARA,ABRUZZO,SUD
346542930473729001,COMUNE DI PECCIOLI,PISA,TOSCANA,CENTRO
346542930526196101,COMUNE DI VIAREGGIO,LUCCA,TOSCANA,CENTRO
346542930534670102,COMUNE DI CALESTANO,PARMA,EMILIA-ROMAGNA,NORD-EST
346542930543801102,COMUNE DI LOGRATO,BRESCIA,LOMBARDIA,NORD-OVEST
346742930473292901,COMUNE DI GARNIGA TERME,TRENTO,TRENTINO-ALTO ADIGE/SÜDTIROL,NORD-EST
346842930518058602,COMUNE DI DRONERO,CUNEO,PIEMONTE,NORD-OVEST
346942928923773502,COMUNE DI CASTIONE ANDEVENNO,SONDRIO,LOMBARDIA,NORD-OVEST
346942930545787402,COMUNE DI MONTE GIBERTO,FERMO,MARCHE,CENTRO
347042930542852202,COMUNE DI ROCCA DI MEZZO,L'AQUILA,ABRUZZO,SUD
347142930518996802,COMUNE DI VASTO,CHIETI,ABRUZZO,SUD
347142930542876001,COMUNE DI MARRUBIU,ORISTANO,SARDEGNA,ISOLE
347242930518420401,COMUNE DI CHIUSI,SIENA,TOSCANA,CENTRO
347342930541527202,COMUNE DI LOREGLIA,VERBANO-CUSIO-OSSOLA,PIEMONTE,NORD-OVEST
347342930543230401,COMUNE DI REDAVALLE,PAVIA,LOMBARDIA,NORD-OVEST
347942928176065301,COMUNE DI FIUGGI,FROSINONE,LAZIO,CENTRO
347942930470091601,COMUNE DI SAN SOSTI,COSENZA,CALABRIA,SUD
348142930525884202,COMUNE DI FRASSINORO,MODENA,EMILIA-ROMAGNA,NORD-EST
348242930472143502,COMUNE DI VILMINORE DI SCALVE,BERGAMO,LOMBARDIA,NORD-OVEST
348342930459843702,COMUNE DI CITERNA,PERUGIA,UMBRIA,CENTRO
348542928242444802,COMUNE DI BALESTRATE,PALERMO,SICILIA,ISOLE
348542930458368601,COMUNE DI RACINES,BOLZANO/BOZEN,TRENTINO-ALTO ADIGE/SÜDTIROL,NORD-EST
348642930463647301,COMUNE DI NOCCIANO,PESCARA,ABRUZZO,SUD
348642930474443601,COMUNE DI MORCIANO DI ROMAGNA,RIMINI,EMILIA-ROMAGNA,NORD-EST
348742930550264202,COMUNE DI SAN RAFFAELE CIMENA,TORINO,PIEMONTE,NORD-OVEST
348842930446522602,COMUNE DI MAGHERNO,PAVIA,LOMBARDIA,NORD-OVEST
348842930448305701,COMUNE DI RAGOGNA,UDINE,FRIULI-VENEZIA GIULIA,NORD-EST
349042930522319202,COMUNE DI MURIALDO,SAVONA,LIGURIA,NORD-OVEST
349042930528256602,COMUNE DI SAN MARCELLO,ANCONA,MARCHE,CENTRO
349042930539087601,COMUNE DI PRIGNANO CILENTO,SALERNO,CAMPANIA,SUD
349342930462812102,COMUNE DI TIROLO,BOLZANO/BOZEN,TRENTINO-ALTO ADIGE/SÜDTIROL,NORD-EST
349442930516840901,COMUNE DI CASTEL DI SASSO,CASERTA,CAMPANIA,SUD
349442930542073801,COMUNE DI MANDURIA,TARANTO,PUGLIA,SUD
349542930463037902,COMUNE DI CANAL SAN BOVO,TRENTO,TRENTINO-ALTO ADIGE/SÜDTIROL,NORD-EST
349542930464233001,COMUNE DI CASALE MARITTIMO,PISA,TOSCANA,CENTRO
349742930530005702,COMUNE DI CAPRINO VERONESE,VERONA,VENETO,NORD-EST
349842930526868801,COMUNE DI LANA,BOLZANO/BOZEN,TRENTINO-ALTO ADIGE/SÜDTIROL,NORD-EST
349842930537161802,COMUNE DI RONCADE,TREVISO,VENETO,NORD-EST
349942930453287002,COMUNE DI QUARNA SOTTO,VERBANO-CUSIO-OSSOLA,PIEMONTE,NORD-OVEST
351142930518610302,COMUNE DI CERANO,NOVARA,PIEMONTE,NORD-OVEST
351242929197737002,COMUNE DI ILBONO,NUORO,SARDEGNA,ISOLE
351342930458841902,COMUNE DI SAN MAURO CILENTO,SALERNO,CAMPANIA,SUD
351542930472807902,COMUNE DI CORDOVADO,PORDENONE,FRIULI-VENEZIA GIULIA,NORD-EST
351542930542392001,COMUNE DI ORIO LITTA,LODI,LOMBARDIA,NORD-OVEST
351542930542888401,COMUNE DI SAVIGLIANO,CUNEO,PIEMONTE,NORD-OVEST
351842930473013801,COMUNE DI GUARDIAGRELE,CHIETI,ABRUZZO,SUD
351842930516795801,COMUNE DI COMUN NUOVO,BERGAMO,LOMBARDIA,NORD-OVEST
351942930478868202,COMUNE DI SANTA PAOLINA,AVELLINO,CAMPANIA,SUD
352042930457340302,COMUNE DI SAN BENEDETTO VAL DI SAMBRO,BOLOGNA,EMILIA-ROMAGNA,NORD-EST
352042930537324302,COMUNE DI POMIGLIANO D'ARCO,NAPOLI,CAMPANIA,SUD
352142930462425302,COMUNE DI CAMPOLONGO MAGGIORE,VENEZIA,VENETO,NORD-EST
352342930460748201,COMUNE DI SAN PAOLO ALBANESE,POTENZA,BASILICATA,SUD
352442930453460201,COMUNE DI VILLASTELLONE,TORINO,PIEMONTE,NORD-OVEST
352542930469163501,COMUNE DI PONT-CANAVESE,TORINO,PIEMONTE,NORD-OVEST
352642930459600202,COMUNE DI DUALCHI,NUORO,SARDEGNA,ISOLE
352642930478847701,COMUNE DI VENDONE,SAVONA,LIGURIA,NORD-OVEST
352642930531604201,COMUNE DI CASTELDELCI,RIMINI,EMILIA-ROMAGNA,NORD-EST
352842930534654102,COMUNE DI BESENELLO,TRENTO,TRENTINO-ALTO ADIGE/SÜDTIROL,NORD-EST
352942930524844002,COMUNE DI SAN FRATELLO,MESSINA,SICILIA,ISOLE
353342930537832101,COMUNE DI SANT'EUFEMIA D'ASPROMONTE,REGGIO DI CALABRIA,CALABRIA,SUD
353542929613487101,COMUNE DI PETRIOLO,MACERATA,MARCHE,CENTRO
353542930462492101,COMUNE DI VEDANO AL LAMBRO,MONZA E DELLA BRIANZA,LOMBARDIA,NORD-OVEST
353742929989757001,COMUNE DI FAETO,FOGGIA,PUGLIA,SUD
353742930449690102,COMUNE DI RONDANINA,GENOVA,LIGURIA,NORD-OVEST
353842930476422401,COMUNE DI RIVA PRESSO CHIERI,TORINO,PIEMONTE,NORD-OVEST
354142930466805102,COMUNE DI ROTONDI,AVELLINO,CAMPANIA,SUD
354442927929225802,COMUNE DI CALVAGESE DELLA RIVIERA,BRESCIA,LOMBARDIA,NORD-OVEST
354642930520764501,COMUNE DI MARTINIANA PO,CUNEO,PIEMONTE,NORD-OVEST
354742930516887001,COMUNE DI CASTEL FOCOGNANO,AREZZO,TOSCANA,CENTRO
354742930525620201,COMUNE DI SAVOGNA D'ISONZO,GORIZIA,FRIULI-VENEZIA GIULIA,NORD-EST
354842930508660902,COMUNE DI BISENTI,TERAMO,ABRUZZO,SUD
354842930519368602,COMUNE DI FARA IN SABINA,RIETI,LAZIO,CENTRO
355142930548645401,COMUNE DI VERONA,VERONA,VENETO,NORD-EST
355242930526529902,COMUNE DI PERDASDEFOGU,NUORO,SARDEGNA,ISOLE
355342930468737802,COMUNE DI BARANZATE,MILANO,LOMBARDIA,NORD-OVEST
355442928697224902,COMUNE DI CAPRACOTTA,ISERNIA,MOLISE,SUD
355642930479523202,COMUNE DI SERRAMANNA,SUD SARDEGNA,SARDEGNA,ISOLE
355942930525937802,COMUNE DI GOSSOLENGO,PIACENZA,EMILIA-ROMAGNA,NORD-EST
355942930529354002,COMUNE DI TELVE,TRENTO,TRENTINO-ALTO ADIGE/SÜDTIROL,NORD-EST
356242930460398301,COMUNE DI BIVONA,AGRIGENTO,SICILIA,ISOLE
356542930508363702,COMUNE DI CAPITIGNANO,L'AQUILA,ABRUZZO,SUD
356542930547187501,COMUNE DI QUINTO DI TREVISO,TREVISO,VENETO,NORD-EST
356942930453980302,COMUNE DI LEQUILE,LECCE,PUGLIA,SUD
357242930474146102,COMUNE DI RONCO BRIANTINO,MONZA E DELLA BRIANZA,LOMBARDIA,NORD-OVEST
357742930453737101,COMUNE DI PESCAGLIA,LUCCA,TOSCANA,CENTRO
357742930516969102,COMUNE DI RAVENNA,RAVENNA,EMILIA-ROMAGNA,NORD-EST
357842929626479301,COMUNE DI PANCARANA,PAVIA,LOMBARDIA,NORD-OVEST
357942929642451502,COMUNE DI LOMBRIASCO,TORINO,PIEMONTE,NORD-OVEST
357942930184642001,COMUNE DI BORGOMANERO,NOVARA,PIEMONTE,NORD-OVEST
357942930530778202,COMUNE DI CHIAMPO,VICENZA,VENETO,NORD-EST
358142930544582002,COMUNE DI CIVITELLA ALFEDENA,L'AQUILA,ABRUZZO,SUD
358242930460895502,COMUNE DI BRA,CUNEO,PIEMONTE,NORD-OVEST
358442928258216002,COMUNE DI BERZO DEMO,BRESCIA,LOMBARDIA,NORD-OVEST
358642929321259402,COMUNE DI COLTURANO,MILANO,LOMBARDIA,NORD-OVEST
358742930549587401,COMUNE DI RIVE,VERCELLI,PIEMONTE,NORD-OVEST
358842930464104801,COMUNE DI CAPRARICA DI LECCE,LECCE,PUGLIA,SUD
359042930531360101,COMUNE DI CAORSO,PIACENZA,EMILIA-ROMAGNA,NORD-EST
359042930533227901,COMUNE DI ORGOSOLO,NUORO,SARDEGNA,ISOLE
359242930534008902,COMUNE DI TORTORICI,MESSINA,SICILIA,ISOLE
359342930547018002,COMUNE DI PONTINIA,LATINA,LAZIO,CENTRO
359542928823136501,COMUNE DI FORNI AVOLTRI,UDINE,FRIULI-VENEZIA GIULIA,NORD-EST
359542930510540501,COMUNE DI CASALUCE,CASERTA,CAMPANIA,SUD
359542930546652401,COMUNE DI POLLEIN,VALLE D'AOSTA/VALLÉE D'AOSTE,VALLE D'AOSTA/VALLÉE D'AOSTE,NORD-OVEST
359542930547704001,COMUNE DI VALLERANO,VITERBO,LAZIO,CENTRO
359642930460549701,COMUNE DI REVIGLIASCO D'ASTI,ASTI,PIEMONTE,NORD-OVEST
359642930474938401,COMUNE DI PALESTRINA,ROMA,LAZIO,CENTRO
359642930543976301,COMUNE DI FORINO,AVELLINO,CAMPANIA,SUD
359742930529177501,COMUNE DI VILLAMASSARGIA,SUD SARDEGNA,SARDEGNA,ISOLE
359942929703939902,COMUNE DI MONTEFALCO,PERUGIA,UMBRIA,CENTRO
359942930456560502,COMUNE DI TROPEA,VIBO VALENTIA,CALABRIA,SUD
359942930456840101,COMUNE DI VAREDO,MONZA E DELLA BRIANZA,LOMBARDIA,NORD-OVEST
359942930524706101,COMUNE DI SORRADILE,ORISTANO,SARDEGNA,ISOLE
361142927975121802,COMUNE DI BELLANTE,TERAMO,ABRUZZO,SUD
361342930462349102,COMUNE DI VEDESETA,BERGAMO,LOMBARDIA,NORD-OVEST
361342930477354902,COMUNE DI FIESCO,CREMONA,LOMBARDIA,NORD-OVEST
361342930480586502,COMUNE DI SORBO SERPICO,AVELLINO,CAMPANIA,SUD
361542930508297202,COMUNE DI ARMENO,NOVARA,PIEMONTE,NORD-OVEST
361642930480458002,COMUNE DI VENAUS,TORINO,PIEMONTE,NORD-OVEST
361642930526437301,COMUNE DI MONCHIO DELLE CORTI,PARMA,EMILIA-ROMAGNA,NORD-EST
361942930525512301,COMUNE DI ONANO,VITERBO,LAZIO,CENTRO
361942930530406602,COMUNE DI BEVAGNA,PERUGIA,UMBRIA,CENTRO
361942930532111701,COMUNE DI MEZZANA,TRENTO,TRENTINO-ALTO ADIGE/SÜDTIROL,NORD-EST
362042930544823201,COMUNE DI INVORIO,NOVARA,PIEMONTE,NORD-OVEST
362242930460297302,COMUNE DI CASSINASCO,ASTI,PIEMONTE,NORD-OVEST
362242930547052601,COMUNE DI PALUDI,COSENZA,CALABRIA,SUD
362442930465016701,COMUNE DI MONCHIERO,CUNEO,PIEMONTE,NORD-OVEST
362442930549738201,COMUNE DI SAN COLOMBANO CERTENOLI,GENOVA,LIGURIA,NORD-OVEST
362642930463508202,COMUNE DI MOLINI DI TRIORA,IMPERIA,LIGURIA,NORD-OVEST
362642930510624401,COMUNE DI CARERI,REGGIO DI CALABRIA,CALABRIA,SUD
362742930460187602,COMUNE DI BADIA TEDALDA,AREZZO,TOSCANA,CENTRO
362742930528277302,COMUNE DI SAN PAOLO DI CIVITATE,FOGGIA,PUGLIA,SUD
362842930531219902,COMUNE DI CAPANNOLI,PISA,TOSCANA,CENTRO
363242930533930601,COMUNE DI CORSIONE,ASTI,PIEMONTE,NORD-OVEST
363542930480759601,COMUNE DI SORSO,SASSARI,SARDEGNA,ISOLE
363642929704205701,COMUNE DI CALOSSO,ASTI,PIEMONTE,NORD-OVEST
363642930533345502,COMUNE DI SAN CANZIAN D'ISONZO,GORIZIA,FRIULI-VENEZIA GIULIA,NORD-EST
363742929725351301,COMUNE DI ANNICCO,CREMONA,LOMBARDIA,NORD-OVEST
363742930461833501,COMUNE DI MESE,SONDRIO,LOMBARDIA,NORD-OVEST
363842930473755601,COMUNE DI PADENGHE SUL GARDA,BRESCIA,LOMBARDIA,NORD-OVEST
363942927929319102,COMUNE DI CAMINO,ALESSANDRIA,PIEMONTE,NORD-OVEST
364142930476434801,COMUNE DI AZZANO SAN PAOLO,BERGAMO,LOMBARDIA,NORD-OVEST
364242930539775901,COMUNE DI VALEGGIO SUL MINCIO,VERONA,VENETO,NORD-EST
364242930543965801,COMUNE DI MONTEGROTTO TERME,PADOVA,VENETO,NORD-EST
364442930550625301,COMUNE DI SIAPICCIA,ORISTANO,SARDEGNA,ISOLE
364542930546529701,COMUNE DI LUVINATE,VARESE,LOMBARDIA,NORD-OVEST
364742929013050002,COMUNE DI ARCEVIA,ANCONA,MARCHE,CENTRO
364742930533039701,COMUNE DI CORNEDO VICENTINO,VICENZA,VENETO,NORD-EST
364842930545377702,COMUNE DI AZEGLIO,TORINO,PIEMONTE,NORD-OVEST
364942930464560301,COMUNE DI BELCASTRO,CATANZARO,CALABRIA,SUD
365342929696795902,COMUNE DI PASIANO DI PORDENONE,PORDENONE,FRIULI-VENEZIA GIULIA,NORD-EST
365442930462918502,COMUNE DI FIUMEFREDDO DI SICILIA,CATANIA,SICILIA,ISOLE
365542930453482901,COMUNE DI VIANO,REGGIO NELL'EMILIA,EMILIA-ROMAGNA,NORD-EST
365542930528183702,COMUNE DI SAN MARTINO D'AGRI,POTENZA,BASILICATA,SUD
365542930545595702,COMUNE DI MAGLIANO VETERE,SALERNO,CAMPANIA,SUD
365642930475386902,COMUNE DI LAINO BORGO,COSENZA,CALABRIA,SUD
365742929197782602,COMUNE DI CEREGNANO,ROVIGO,VENETO,NORD-EST
365742930451079301,COMUNE DI TRIGOLO,CREMONA,LOMBARDIA,NORD-OVEST
366042930480305402,COMUNE DI PIAN CAMUNO,BRESCIA,LOMBARDIA,NORD-OVEST
366042930524678302,COMUNE DI SANTENA,TORINO,PIEMONTE,NORD-OVEST
366342929230173202,COMUNE DI CERRO VERONESE,VERONA,VENETO,NORD-EST
366342930461666002,COMUNE DI MESTRINO,PADOVA,VENETO,NORD-EST
366442930475860401,COMUNE DI LAPIO,AVELLINO,CAMPANIA,SUD
366642930516534001,COMUNE DI ELICE,PESCARA,ABRUZZO,SUD
366742930548750902,COMUNE DI TIGGIANO,LECCE,PUGLIA,SUD
366842930476474902,COMUNE DI TREVILLE,ALESSANDRIA,PIEMONTE,NORD-OVEST
366842930544745901,COMUNE DI CRISSOLO,CUNEO,PIEMONTE,NORD-OVEST
366942929424165902,COMUNE DI CERANO D'INTELVI,COMO,LOMBARDIA,NORD-OVEST
366942930543596502,COMUNE DI LAVENO-MOMBELLO,VARESE,LOMBARDIA,NORD-OVEST
367342930531717502,COMUNE DI PARETO,ALESSANDRIA,PIEMONTE,NORD-OVEST
367442930453595802,COMUNE DI PERTOSA,SALERNO,CAMPANIA,SUD
367542930545579601,COMUNE DI SAN PIETRO DI CARIDA',REGGIO DI CALABRIA,CALABRIA,SUD
367642930538319801,COMUNE DI TRICESIMO,UDINE,FRIULI-VENEZIA GIULIA,NORD-EST
367742928043720302,COMUNE DI CIORLANO,CASERTA,CAMPANIA,SUD
367742930529880302,COMUNE DI DUBINO,SONDRIO,LOMBARDIA,NORD-OVEST
367842930518636802,COMUNE DI NOVEDRATE,COMO,LOMBARDIA,NORD-OVEST
368042930532028402,COMUNE DI REALMONTE,AGRIGENTO,SICILIA,ISOLE
368042930542122402,COMUNE DI MORSANO AL TAGLIAMENTO,PORDENONE,FRIULI-VENEZIA GIULIA,NORD-EST
368042930549846802,COMUNE DI ROVELLO PORRO,COMO,LOMBARDIA,NORD-OVEST
368142930457605901,COMUNE DI NEGRAR DI VALPOLICELLA,VERONA,VENETO,NORD-EST
368142930529370002,COMUNE DI TELGATE,BERGAMO,LOMBARDIA,NORD-OVEST
368142930530685501,COMUNE DI CEVO,BRESCIA,LOMBARDIA,NORD-OVEST
368342930525229002,COMUNE DI QUISTELLO,MANTOVA,LOMBARDIA,NORD-OVEST
368442930519901401,COMUNE DI GENOVA,GENOVA,LIGURIA,NORD-OVEST
368542930472747002,COMUNE DI MONESIGLIO,CUNEO,PIEMONTE,NORD-OVEST
368542930529988102,COMUNE DI CINQUEFRONDI,REGGIO DI CALABRIA,CALABRIA,SUD
368642929385436301,COMUNE DI CHIUSDINO,SIENA,TOSCANA,CENTRO
368642930533408402,COMUNE DI ADRANO,CATANIA,SICILIA,ISOLE
368742930461061301,COMUNE DI BUSALLA,GENOVA,LIGURIA,NORD-OVEST
368742930523579301,COMUNE DI GAZOLDO DEGLI IPPOLITI,MANTOVA,LOMBARDIA,NORD-OVEST
368942929160959801,COMUNE DI GARBAGNA,ALESSANDRIA,PIEMONTE,NORD-OVEST
368942930452764802,COMUNE DI SCANDOLARA RAVARA,CREMONA,LOMBARDIA,NORD-OVEST
369042930528159301,COMUNE DI TURANIA,RIETI,LAZIO,CENTRO
369042930543856402,COMUNE DI MONTELANICO,ROMA,LAZIO,CENTRO
369442929476744201,COMUNE DI CASTELCIVITA,SALERNO,CAMPANIA,SUD
369442930454635702,COMUNE DI SIRTORI,LECCO,LOMBARDIA,NORD-OVEST
369642930447472302,COMUNE DI SANT'ANGELO DI PIOVE DI SACCO,PADOVA,VENETO,NORD-EST
369742928305303001,COMUNE DI AIRUNO,LECCO,LOMBARDIA,NORD-OVEST
369742930529632401,COMUNE DI ERULA,SASSARI,SARDEGNA,ISOLE
369842930184265802,COMUNE DI VALSINNI,MATERA,BASILICATA,SUD
369842930519868001,COMUNE DI CASTEL D'ARIO,MANTOVA,LOMBARDIA,NORD-OVEST
369842930530305702,COMUNE DI BORGO VELINO,RIETI,LAZIO,CENTRO
369942930462320502,COMUNE DI VENZONE,UDINE,FRIULI-VENEZIA GIULIA,NORD-EST
371142930531876202,COMUNE DI BELMONTE CALABRO,COSENZA,CALABRIA,SUD
371242930477195101,COMUNE DI PENANGO,ASTI,PIEMONTE,NORD-OVEST
371242930527151002,COMUNE DI ZIGNAGO,LA SPEZIA,LIGURIA,NORD-OVEST
371342929649371201,COMUNE DI MONTE ARGENTARIO,GROSSETO,TOSCANA,CENTRO
371342930447099902,COMUNE DI SAINT-VINCENT,VALLE D'AOSTA/VALLÉE D'AOSTE,VALLE D'AOSTA/VALLÉE D'AOSTE,NORD-OVEST
371542930453662501,COMUNE DI ZIMONE,BIELLA,PIEMONTE,NORD-OVEST
372042929493873702,COMUNE DI DUNO,VARESE,LOMBARDIA,NORD-OVEST
372042930465107002,COMUNE DI CASALEGGIO BOIRO,ALESSANDRIA,PIEMONTE,NORD-OVEST
372242930460591101,COMUNE DI BASIGLIO,MILANO,LOMBARDIA,NORD-OVEST
372242930525378602,COMUNE DI TRAVESIO,PORDENONE,FRIULI-VENEZIA GIULIA,NORD-EST
372442930453370702,COMUNE DI VILLAURBANA,ORISTANO,SARDEGNA,ISOLE
372542930550452801,COMUNE DI PINZANO AL TAGLIAMENTO,PORDENONE,FRIULI-VENEZIA GIULIA,NORD-EST
372642930456949402,COMUNE DI SAN MARTINO SANNITA,BENEVENTO,CAMPANIA,SUD
372642930549216101,COMUNE DI FIUMICINO,ROMA,LAZIO,CENTRO
372842930470223101,COMUNE DI VILLAFRANCA PIEMONTE,TORINO,PIEMONTE,NORD-OVEST
372842930518254302,COMUNE DI AVOLASCA,ALESSANDRIA,PIEMONTE,NORD-OVEST
372842930526986302,COMUNE DI PEGLIO,PESARO E URBINO,MARCHE,CENTRO
373042929735805402,COMUNE DI CASTELLINALDO D'ALBA,CUNEO,PIEMONTE,NORD-OVEST
373042930537235601,COMUNE DI ROMANO DI LOMBARDIA,BERGAMO,LOMBARDIA,NORD-OVEST
373042930545550402,COMUNE DI SETTIMO VITTONE,TORINO,PIEMONTE,NORD-OVEST
373142930476026202,COMUNE DI LAVAGNA,GENOVA,LIGURIA,NORD-OVEST
373142930520861102,COMUNE DI FONTANELICE,BOLOGNA,EMILIA-ROMAGNA,NORD-EST
373242930529193902,COMUNE DI RITTANA,CUNEO,PIEMONTE,NORD-OVEST
373242930533335102,COMUNE DI PORTO EMPEDOCLE,AGRIGENTO,SICILIA,ISOLE
373642929543954001,COMUNE DI CASTELLETTO STURA,CUNEO,PIEMONTE,NORD-OVEST
373642930526412302,COMUNE DI LERCARA FRIDDI,PALERMO,SICILIA,ISOLE
373742930508176902,COMUNE DI CARONNO VARESINO,VARESE,LOMBARDIA,NORD-OVEST
373742930510758901,COMUNE DI COLMURANO,MACERATA,MARCHE,CENTRO
374042930527670901,COMUNE DI PERTICA ALTA,BRESCIA,LOMBARDIA,NORD-OVEST
374142930449654802,COMUNE DI RICADI,VIBO VALENTIA,CALABRIA,SUD
374142930516963102,COMUNE DI BALOCCO,VERCELLI,PIEMONTE,NORD-OVEST
374242930464914402,COMUNE DI MARSICO NUOVO,POTENZA,BASILICATA,SUD
374442930475103502,COMUNE DI LASNIGO,COMO,LOMBARDIA,NORD-OVEST
374442930476794701,COMUNE DI MONTEFUSCO,AVELLINO,CAMPANIA,SUD
374442930520343301,COMUNE DI CHIARANO,TREVISO,VENETO,NORD-EST
374442930534586502,COMUNE DI FRIGENTO,AVELLINO,CAMPANIA,SUD
374642929424230501,COMUNE DI CERVIA,RAVENNA,EMILIA-ROMAGNA,NORD-EST
374642930521895602,COMUNE DI LAURIA,POTENZA,BASILICATA,SUD
374742930449722201,COMUNE DI PISA,PISA,TOSCANA,CENTRO
374842930429014701,COMUNE DI GAVORRANO,GROSSETO,TOSCANA,CENTRO
374842930550442702,COMUNE DI VIDDALBA,SASSARI,SARDEGNA,ISOLE
374942930517445901,COMUNE DI CASALINCONTRADA,CHIETI,ABRUZZO,SUD
375042930524971302,COMUNE DI POGGIO SAN MARCELLO,ANCONA,MARCHE,CENTRO
375642928135615002,COMUNE DI ALFEDENA,L'AQUILA,ABRUZZO,SUD
375842930456000201,COMUNE DI NONE,TORINO,PIEMONTE,NORD-OVEST
375842930457831501,COMUNE DI SAN LORENZO BELLIZZI,COSENZA,CALABRIA,SUD
375842930469730202,COMUNE DI TITO,POTENZA,BASILICATA,SUD
376242930521159901,COMUNE DI CASTELVENERE,BENEVENTO,CAMPANIA,SUD
376342930526305002,COMUNE DI PEROSA CANAVESE,TORINO,PIEMONTE,NORD-OVEST
376542930449361902,COMUNE DI PREMANA,LECCO,LOMBARDIA,NORD-OVEST
376542930459222301,COMUNE DI BUGNARA,L'AQUILA,ABRUZZO,SUD
376542930517808302,COMUNE DI LECCO,LECCO,LOMBARDIA,NORD-OVEST
376642930474478102,COMUNE DI PERNUMIA,PADOVA,VENETO,NORD-EST
376642930510212301,COMUNE DI ALTINO,CHIETI,ABRUZZO,SUD
376842929025362102,COMUNE DI COTRONEI,CROTONE,CALABRIA,SUD
376842929303779501,COMUNE DI ISOLABELLA,TORINO,PIEMONTE,NORD-OVEST
376842930454741401,COMUNE DI TERMENO SULLA STRADA DEL VINO,BOLZANO/BOZEN,TRENTINO-ALTO ADIGE/SÜDTIROL,NORD-EST
376942929400309801,COMUNE DI CERRETO LAZIALE,ROMA,LAZIO,CENTRO
377042930452844201,COMUNE DI GORRETO,GENOVA,LIGURIA,NORD-OVEST
377342930546095002,COMUNE DI CORFINIO,L'AQUILA,ABRUZZO,SUD
377642930450262401,COMUNE DI MOZZECANE,VERONA,VENETO,NORD-EST
377742930529740002,COMUNE DI CASTIGLIONE DELLE STIVIERE,MANTOVA,LOMBARDIA,NORD-OVEST
377842930527632401,COMUNE DI PALAU,SASSARI,SARDEGNA,ISOLE
378042930531933202,COMUNE DI VILLA SAN GIOVANNI IN TUSCIA,VITERBO,LAZIO,CENTRO
378142930534621701,COMUNE DI BOSIO,ALESSANDRIA,PIEMONTE,NORD-OVEST
378242930480468501,COMUNE DI SAN ROCCO AL PORTO,LODI,LOMBARDIA,NORD-OVEST
378442927994754502,COMUNE DI CANTELLO,VARESE,LOMBARDIA,NORD-OVEST
378542930455525302,COMUNE DI ORIOLO ROMANO,VITERBO,LAZIO,CENTRO
378542930527331202,COMUNE DI POSTA,RIETI,LAZIO,CENTRO
378642930517357601,COMUNE DI CARBONARA AL TICINO,PAVIA,LOMBARDIA,NORD-OVEST
378642930548795902,COMUNE DI SANTO STEFANO DI CAMASTRA,MESSINA,SICILIA,ISOLE
378742930508361701,COMUNE DI BREMBIO,LODI,LOMBARDIA,NORD-OVEST
378842930534603702,COMUNE DI VARSI,PARMA,EMILIA-ROMAGNA,NORD-EST
379042928021898801,COMUNE DI BONDENO,FERRARA,EMILIA-ROMAGNA,NORD-EST
379042930529748301,COMUNE DI COSTA MASNAGA,LECCO,LOMBARDIA,NORD-OVEST
379142930462597802,COMUNE DI GAMBASCA,CUNEO,PIEMONTE,NORD-OVEST
379442930464406301,COMUNE DI PONTELANDOLFO,BENEVENTO,CAMPANIA,SUD
379442930525877202,COMUNE DI SAN PIETRO IN AMANTEA,COSENZA,CALABRIA,SUD
379642930518465202,COMUNE DI FANO,PESARO E URBINO,MARCHE,CENTRO
379942930458861702,COMUNE DI GUAGNANO,LECCE,PUGLIA,SUD
379942930538220701,COMUNE DI SANTA CATERINA DELLO IONIO,CATANZARO,CALABRIA,SUD
381142928258160401,COMUNE DI CASTELLAR GUIDOBONO,ALESSANDRIA,PIEMONTE,NORD-OVEST
381142930455402501,COMUNE DI VOLTAGO AGORDINO,BELLUNO,VENETO,NORD-EST
381142930517571901,COMUNE DI LIVORNO,LIVORNO,TOSCANA,CENTRO
381242930530479402,COMUNE DI BORGO TICINO,NOVARA,PIEMONTE,NORD-OVEST
381242930533425301,COMUNE DI MONTEMIGNAIO,AREZZO,TOSCANA,CENTRO
381342930464663802,COMUNE DI CAMBIASCA,VERBANO-CUSIO-OSSOLA,PIEMONTE,NORD-OVEST
381342930537371202,COMUNE DI VAGLIA,FIRENZE,TOSCANA,CENTRO
381342930545549801,COMUNE DI AZZONE,BERGAMO,LOMBARDIA,NORD-OVEST
381442928592554802,COMUNE DI GUIGLIA,MODENA,EMILIA-ROMAGNA,NORD-EST
381542930511082102,COMUNE DI AIROLE,IMPERIA,LIGURIA,NORD-OVEST
381642928726286801,COMUNE DI CASOLA DI NAPOLI,NAPOLI,CAMPANIA,SUD
381642930462800901,COMUNE DI ALPETTE,TORINO,PIEMONTE,NORD-OVEST
381842930473491101,COMUNE DI PRIOCCA,CUNEO,PIEMONTE,NORD-OVEST
381842930523905901,COMUNE DI ROCCHETTA DI VARA,LA SPEZIA,LIGURIA,NORD-OVEST
382042930478418501,COMUNE DI SPARANISE,CASERTA,CAMPANIA,SUD
382242930508843601,COMUNE DI BRIOSCO,MONZA E DELLA BRIANZA,LOMBARDIA,NORD-OVEST
382342930527765702,COMUNE DI LAPPANO,COSENZA,CALABRIA,SUD
382442929816333701,COMUNE DI CASTEL FRENTANO,CHIETI,ABRUZZO,SUD
382442930542936301,COMUNE DI TREZZO SULL'ADDA,MILANO,LOMBARDIA,NORD-OVEST
382542930547749401,COMUNE DI SASSOFELTRIO,RIMINI,EMILIA-ROMAGNA,NORD-EST
382742930459525601,COMUNE DI SERVIGLIANO,FERMO,MARCHE,CENTRO
382742930529938201,COMUNE DI SAN VITTORE OLONA,MILANO,LOMBARDIA,NORD-OVEST
382742930543048902,COMUNE DI ROCCELLA IONICA,REGGIO DI CALABRIA,CALABRIA,SUD
382742930545121801,COMUNE DI PADULA,SALERNO,CAMPANIA,SUD
382942930452010801,COMUNE DI VIGGIANO,POTENZA,BASILICATA,SUD
382942930519235701,COMUNE DI SAN GIORGIO LA MOLARA,BENEVENTO,CAMPANIA,SUD
382942930527975702,COMUNE DI SAN NICOLA ARCELLA,COSENZA,CALABRIA,SUD
383042928022064701,COMUNE DI AQUARA,SALERNO,CAMPANIA,SUD
383242928021739302,COMUNE DI CANNOBIO,VERBANO-CUSIO-OSSOLA,PIEMONTE,NORD-OVEST
383242930526777101,COMUNE DI POTENZA,POTENZA,BASILICATA,SUD
383442930517005701,COMUNE DI CASABONA,CROTONE,CALABRIA,SUD
383442930541590302,COMUNE DI VALGOGLIO,BERGAMO,LOMBARDIA,NORD-OVEST
383542930478274501,COMUNE DI TORRACA,SALERNO,CAMPANIA,SUD
383642930531412502,COMUNE DI CENESELLI,ROVIGO,VENETO,NORD-EST
383642930541252702,COMUNE DI POZZAGLIA SABINA,RIETI,LAZIO,CENTRO
383742930522503801,COMUNE DI NOLA,NAPOLI,CAMPANIA,SUD
383842929166292701,COMUNE DI NOVELLARA,REGGIO NELL'EMILIA,EMILIA-ROMAGNA,NORD-EST
384042930476955701,COMUNE DI FONTANELLATO,PARMA,EMILIA-ROMAGNA,NORD-EST
384142930474020702,COMUNE DI SAVIGNANO IRPINO,AVELLINO,CAMPANIA,SUD
384342930531682701,COMUNE DI BAGNOLO DI PO,ROVIGO,VENETO,NORD-EST
384442930531919902,COMUNE DI CASTEL VISCARDO,TERNI,UMBRIA,CENTRO
384542930531852601,COMUNE DI BUSSO,CAMPOBASSO,MOLISE,SUD
384642929231919301,COMUNE DI BORGHETTO SANTO SPIRITO,SAVONA,LIGURIA,NORD-OVEST
384742930465311101,COMUNE DI ARDENNO,SONDRIO,LOMBARDIA,NORD-OVEST
384942928967210401,COMUNE DI EUPILIO,COMO,LOMBARDIA,NORD-OVEST
384942930541042402,COMUNE DI MERCATO SARACENO,FORLI'-CESENA,EMILIA-ROMAGNA,NORD-EST
385042930518965302,COMUNE DI ITALA,MESSINA,SICILIA,ISOLE
385042930542465302,COMUNE DI MOSCUFO,PESCARA,ABRUZZO,SUD
385242930460781901,COMUNE DI CASALNUOVO MONTEROTARO,FOGGIA,PUGLIA,SUD
385342930533430402,COMUNE DI AFRICO,REGGIO DI CALABRIA,CALABRIA,SUD
385442928043678802,COMUNE DI BERNATE TICINO,MILANO,LOMBARDIA,NORD-OVEST
385542929501805001,COMUNE DI MELAZZO,ALESSANDRIA,PIEMONTE,NORD-OVEST
385542930518312701,COMUNE DI DONNAS,VALLE D'AOSTA/VALLÉE D'AOSTE,VALLE D'AOSTA/VALLÉE D'AOSTE,NORD-OVEST
385642930453262502,COMUNE DI QUADRELLE,AVELLINO,CAMPANIA,SUD
385842930137776202,COMUNE DI FICARAZZI,PALERMO,SICILIA,ISOLE
386042930464980502,COMUNE DI ASCOLI SATRIANO,FOGGIA,PUGLIA,SUD
386142929047985301,COMUNE DI CARTIGNANO,CUNEO,PIEMONTE,NORD-OVEST
386142930517200602,COMUNE DI BARBARESCO,CUNEO,PIEMONTE,NORD-OVEST
386142930533884901,COMUNE DI DERUTA,PERUGIA,UMBRIA,CENTRO
386342930509658701,COMUNE DI CISSONE,CUNEO,PIEMONTE,NORD-OVEST
386342930522489501,COMUNE DI MURLO,SIENA,TOSCANA,CENTRO
386642930508954301,COMUNE DI CALTIGNAGA,NOVARA,PIEMONTE,NORD-OVEST
386642930545910101,COMUNE DI MONTEGABBIONE,TERNI,UMBRIA,CENTRO
386742930517778002,COMUNE DI BORGO A MOZZANO,LUCCA,TOSCANA,CENTRO
386742930524873801,COMUNE DI POLICORO,MATERA,BASILICATA,SUD
386942930516833302,COMUNE DI CERVA,CATANZARO,CALABRIA,SUD
386942930535033502,COMUNE DI PIACENZA,PIACENZA,EMILIA-ROMAGNA,NORD-EST
387142929070047801,COMUNE DI CAMPOTOSTO,L'AQUILA,ABRUZZO,SUD
387142930545653001,COMUNE DI CASIER,TREVISO,VENETO,NORD-EST
387242928779095702,COMUNE DI ISERNIA,ISERNIA,MOLISE,SUD
387542930460935401,COMUNE DI SARMATO,PIACENZA,EMILIA-ROMAGNA,NORD-EST
387542930517584202,COMUNE DI CAMPODOLCINO,SONDRIO,LOMBARDIA,NORD-OVEST
387542930524891601,COMUNE DI RIBORDONE,TORINO,PIEMONTE,NORD-OVEST
387642930454143201,COMUNE DI NOALE,VENEZIA,VENETO,NORD-EST
387742930508649701,COMUNE DI BIONE,BRESCIA,LOMBARDIA,NORD-OVEST
387742930547812502,COMUNE DI SERRALUNGA D'ALBA,CUNEO,PIEMONTE,NORD-OVEST
387942928025304302,COMUNE DI BITTI,NUORO,SARDEGNA,ISOLE
388042930518093902,COMUNE DI CARVICO,BERGAMO,LOMBARDIA,NORD-OVEST
388042930524151601,COMUNE DI SANT'ANGELO IN VADO,PESARO E URBINO,MARCHE,CENTRO
388542930544726801,COMUNE DI MONTALTO DI CASTRO,VITERBO,LAZIO,CENTRO
388842930464829801,COMUNE DI ARRONE,TERNI,UMBRIA,CENTRO
388942930453069001,COMUNE DI SONCINO,CREMONA,LOMBARDIA,NORD-OVEST
388942930480651502,COMUNE DI TORNATA,CREMONA,LOMBARDIA,NORD-OVEST
389042930537878602,COMUNE DI TRENTO,TRENTO,TRENTINO-ALTO ADIGE/SÜDTIROL,NORD-EST
389142930509577502,COMUNE DI CESANO BOSCONE,MILANO,LOMBARDIA,NORD-OVEST
389142930524417401,COMUNE DI MONDAINO,RIMINI,EMILIA-ROMAGNA,NORD-EST
389242929417183102,COMUNE DI CERNUSCO LOMBARDONE,LECCO,LOMBARDIA,NORD-OVEST
389242930540877902,COMUNE DI LARIANO,ROMA,LAZIO,CENTRO
389342930335195702,COMUNE DI PAITONE,BRESCIA,LOMBARDIA,NORD-OVEST
389342930480540002,COMUNE DI SAN GODENZO,FIRENZE,TOSCANA,CENTRO
389542930520053202,COMUNE DI CASTO,BRESCIA,LOMBARDIA,NORD-OVEST
389842930524519702,COMUNE DI ROCCAMONFINA,CASERTA,CAMPANIA,SUD
389942930447477901,COMUNE DI MANOCALZATI,AVELLINO,CAMPANIA,SUD
389942930454321801,COMUNE DI LAUREGNO,BOLZANO/BOZEN,TRENTINO-ALTO ADIGE/SÜDTIROL,NORD-EST
391242930472753802,COMUNE DI MONGIANA,VIBO VALENTIA,CALABRIA,SUD
391442930534416501,COMUNE DI SAMPEYRE,CUNEO,PIEMONTE,NORD-OVEST
391542930477955601,COMUNE DI QUINZANO D'OGLIO,BRESCIA,LOMBARDIA,NORD-OVEST
391642930516707901,COMUNE DI FALCIANO DEL MASSICO,CASERTA,CAMPANIA,SUD
391642930523212602,COMUNE DI PORTE,TORINO,PIEMONTE,NORD-OVEST
391742930516466402,COMUNE DI GEROLA ALTA,SONDRIO,LOMBARDIA,NORD-OVEST
391742930525043601,COMUNE DI MOTTA VISCONTI,MILANO,LOMBARDIA,NORD-OVEST
391842930517761402,COMUNE DI BORGO D'ALE,VERCELLI,PIEMONTE,NORD-OVEST
392042929704089602,COMUNE DI MASSAZZA,BIELLA,PIEMONTE,NORD-OVEST
392542930545437602,COMUNE DI POGGIOFIORITO,CHIETI,ABRUZZO,SUD
392642929843823801,COMUNE DI CHIETI,CHIETI,ABRUZZO,SUD
392642930464602801,COMUNE DI PONTERANICA,BERGAMO,LOMBARDIA,NORD-OVEST
392642930473037902,COMUNE DI MARCELLINA,ROMA,LAZIO,CENTRO
392642930477428701,COMUNE DI GRADO,GORIZIA,FRIULI-VENEZIA GIULIA,NORD-EST
392942930516888401,COMUNE DI DORGALI,NUORO,SARDEGNA,ISOLE
393042930517697601,COMUNE DI CAMPODIPIETRA,CAMPOBASSO,MOLISE,SUD
393042930542269002,COMUNE DI PAZZANO,REGGIO DI CALABRIA,CALABRIA,SUD
393042930546631302,COMUNE DI AGLIENTU,SASSARI,SARDEGNA,ISOLE
393142930544519301,COMUNE DI COMEZZANO-CIZZAGO,BRESCIA,LOMBARDIA,NORD-OVEST
393142930547471501,COMUNE DI RAIANO,L'AQUILA,ABRUZZO,SUD
393242929766133401,COMUNE DI LONATE POZZOLO,VARESE,LOMBARDIA,NORD-OVEST
393242930467765502,COMUNE DI RONCA',VERONA,VENETO,NORD-EST
393242930476399502,COMUNE DI LAMON,BELLUNO,VENETO,NORD-EST
393342930527369802,COMUNE DI SALZA IRPINA,AVELLINO,CAMPANIA,SUD
393542930480018402,COMUNE DI SAN GIORGIO MORGETO,REGGIO DI CALABRIA,CALABRIA,SUD
393742930520197501,COMUNE DI LIVIGNO,SONDRIO,LOMBARDIA,NORD-OVEST
393742930545799702,COMUNE DI CASTROCIELO,FROSINONE,LAZIO,CENTRO
394042929514211502,COMUNE DI ORZINUOVI,BRESCIA,LOMBARDIA,NORD-OVEST
394042930459453101,COMUNE DI CARESANA,VERCELLI,PIEMONTE,NORD-OVEST
394442928121460502,COMUNE DI CRESPADORO,VICENZA,VENETO,NORD-EST
394442930510586502,COMUNE DI CERRETO GRUE,ALESSANDRIA,PIEMONTE,NORD-OVEST
394542930458628602,COMUNE DI ROVEREDO IN PIANO,PORDENONE,FRIULI-VENEZIA GIULIA,NORD-EST
394542930461458602,COMUNE DI BAGNOLO PIEMONTE,CUNEO,PIEMONTE,NORD-OVEST
394842928269821601,COMUNE DI BRUSASCO,TORINO,PIEMONTE,NORD-OVEST
394942930455046402,COMUNE DI RACALMUTO,AGRIGENTO,SICILIA,ISOLE
395242930457477202,COMUNE DI NEMI,ROMA,LAZIO,CENTRO
395242930527336501,COMUNE DI VIGANO',LECCO,LOMBARDIA,NORD-OVEST
395442930465144201,COMUNE DI BESATE,MILANO,LOMBARDIA,NORD-OVEST
395542930452254701,COMUNE DI TERRALBA,ORISTANO,SARDEGNA,ISOLE
395642930474569001,COMUNE DI TURANO LODIGIANO,LODI,LOMBARDIA,NORD-OVEST
395642930479548602,COMUNE DI SILIUS,SUD SARDEGNA,SARDEGNA,ISOLE
395942928191430301,COMUNE DI ACQUAVIVA D'ISERNIA,ISERNIA,MOLISE,SUD
396042929762471102,COMUNE DI LUGO,RAVENNA,EMILIA-ROMAGNA,NORD-EST
396042930508149701,COMUNE DI BELVI',NUORO,SARDEGNA,ISOLE
396142929020966702,COMUNE DI CAMPODARSEGO,PADOVA,VENETO,NORD-EST
396142930508118401,COMUNE DI ARTENA,ROMA,LAZIO,CENTRO
396242930474193301,COMUNE DI PRATA CAMPORTACCIO,SONDRIO,LOMBARDIA,NORD-OVEST
396242930530884601,COMUNE DI BOVINO,FOGGIA,PUGLIA,SUD
396242930540908902,COMUNE DI VOLLA,NAPOLI,CAMPANIA,SUD
396442930549904601,COMUNE DI SENNA LODIGIANA,LODI,LOMBARDIA,NORD-OVEST
396742930534244302,COMUNE DI TRIPI,MESSINA,SICILIA,ISOLE
396842928607154801,COMUNE DI VILLA VERDE,ORISTANO,SARDEGNA,ISOLE
396842930527885301,COMUNE DI PALMOLI,CHIETI,ABRUZZO,SUD
396942930477809802,COMUNE DI QUINTANO,CREMONA,LOMBARDIA,NORD-OVEST
396942930516506501,COMUNE DI GABICCE MARE,PESARO E URBINO,MARCHE,CENTRO
396942930529685301,COMUNE DI ELMAS,CAGLIARI,SARDEGNA,ISOLE
396942930546900402,COMUNE DI LIBRIZZI,MESSINA,SICILIA,ISOLE
397042930476226001,COMUNE DI GOTTASECCA,CUNEO,PIEMONTE,NORD-OVEST
397242930538647501,COMUNE DI SELVA DI PROGNO,VERONA,VENETO,NORD-EST
397642930475479502,COMUNE DI COMIGNAGO,NOVARA,PIEMONTE,NORD-OVEST
397842930476469701,COMUNE DI AZZANELLO,CREMONA,LOMBARDIA,NORD-OVEST
397842930529378901,COMUNE DI QUARTO D'ALTINO,VENEZIA,VENETO,NORD-EST
398342930477370602,COMUNE DI LUSERNA,TRENTO,TRENTINO-ALTO ADIGE/SÜDTIROL,NORD-EST
398342930509659302,COMUNE DI AIELLO CALABRO,COSENZA,CALABRIA,SUD
398542928779258801,COMUNE DI ISOLA DI CAPO RIZZUTO,CROTONE,CALABRIA,SUD
398642930464486202,COMUNE DI TRIORA,IMPERIA,LIGURIA,NORD-OVEST
398742930474713601,COMUNE DI GIULIANO DI ROMA,FROSINONE,LAZIO,CENTRO
398742930527440801,COMUNE DI POSITANO,SALERNO,CAMPANIA,SUD
398942928695745901,COMUNE DI CAPRAIA ISOLA,LIVORNO,TOSCANA,CENTRO
398942930516805102,COMUNE DI CALANNA,REGGIO DI CALABRIA,CALABRIA,SUD
399042930516875102,COMUNE DI AQUILEIA,UDINE,FRIULI-VENEZIA GIULIA,NORD-EST
399042930533094102,COMUNE DI MONTECORICE,SALERNO,CAMPANIA,SUD
399242930463225402,COMUNE DI BORNO,BRESCIA,LOMBARDIA,NORD-OVEST
399342929373145101,COMUNE DI MISANO ADRIATICO,RIMINI,EMILIA-ROMAGNA,NORD-EST
399642927979893401,COMUNE DI ARIZZANO,VERBANO-CUSIO-OSSOLA,PIEMONTE,NORD-OVEST
399642930527611501,COMUNE DI FRASSINELLE POLESINE,ROVIGO,VENETO,NORD-EST
399742930528621802,COMUNE DI MONTALDO BORMIDA,ALESSANDRIA,PIEMONTE,NORD-OVEST
399742930542355302,COMUNE DI MONTEVERDI MARITTIMO,PISA,TOSCANA,CENTRO
399842930477787802,COMUNE DI QUINTO VERCELLESE,VERCELLI,PIEMONTE,NORD-OVEST
399842930518555101,COMUNE DI DECOLLATURA,CATANZARO,CALABRIA,SUD
401442930456696401,COMUNE DI MANDATORICCIO,COSENZA,CALABRIA,SUD
401442930533792802,COMUNE DI CALDOGNO,VICENZA,VENETO,NORD-EST
401542930528130801,COMUNE DI TUFARA,CAMPOBASSO,MOLISE,SUD
401642930471936801,COMUNE DI VANZONE CON SAN CARLO,VERBANO-CUSIO-OSSOLA,PIEMONTE,NORD-OVEST
401742928921383502,COMUNE DI CREAZZO,VICENZA,VENETO,NORD-EST
401942930466958002,COMUNE DI STALETTI',CATANZARO,CALABRIA,SUD
402142930516212601,COMUNE DI GROTTE,AGRIGENTO,SICILIA,ISOLE
402142930525329602,COMUNE DI SUNO,NOVARA,PIEMONTE,NORD-OVEST
402242930220850201,COMUNE DI PASSIGNANO SUL TRASIMENO,PERUGIA,UMBRIA,CENTRO
402542930529279302,COMUNE DI GRUMO APPULA,BARI,PUGLIA,SUD
402642930511105501,COMUNE DI BESANA IN BRIANZA,MONZA E DELLA BRIANZA,LOMBARDIA,NORD-OVEST
402742930476771901,COMUNE DI SAN NICOLO' GERREI,SUD SARDEGNA,SARDEGNA,ISOLE
402742930528567501,COMUNE DI POSTAL,BOLZANO/BOZEN,TRENTINO-ALTO ADIGE/SÜDTIROL,NORD-EST
402742930538104702,COMUNE DI SANT'AGATA FOSSILI,ALESSANDRIA,PIEMONTE,NORD-OVEST
402842928726872901,COMUNE DI GIARRE,CATANIA,SICILIA,ISOLE
402842930543174502,COMUNE DI MOIO DELLA CIVITELLA,SALERNO,CAMPANIA,SUD
403042930510952501,COMUNE DI AROSIO,COMO,LOMBARDIA,NORD-OVEST
403242930464977002,COMUNE DI BETTOLA,PIACENZA,EMILIA-ROMAGNA,NORD-EST
403342930479456202,COMUNE DI PIVERONE,TORINO,PIEMONTE,NORD-OVEST
403442928135526702,COMUNE DI ANZI,POTENZA,BASILICATA,SUD
403542930459240401,COMUNE DI SEREGNO,MONZA E DELLA BRIANZA,LOMBARDIA,NORD-OVEST
403642930457403402,COMUNE DI MONTEVERDE,AVELLINO,CAMPANIA,SUD
403642930549127701,COMUNE DI TRIVOLZIO,PAVIA,LOMBARDIA,NORD-OVEST
404042930534149001,COMUNE DI PONTE DI LEGNO,BRESCIA,LOMBARDIA,NORD-OVEST
404142930516623201,COMUNE DI CASTEL GANDOLFO,ROMA,LAZIO,CENTRO
404142930543207202,COMUNE DI TURSI,MATERA,BASILICATA,SUD
404342928592736402,COMUNE DI DELIANUOVA,REGGIO DI CALABRIA,CALABRIA,SUD
404342929161928001,COMUNE DI LETTOMANOPPELLO,PESCARA,ABRUZZO,SUD
404342930530378302,COMUNE DI ARVIER,VALLE D'AOSTA/VALLÉE D'AOSTE,VALLE D'AOSTA/VALLÉE D'AOSTE,NORD-OVEST
404342930530450502,COMUNE DI BEREGAZZO CON FIGLIARO,COMO,LOMBARDIA,NORD-OVEST
404542928009669402,COMUNE DI CAMPOGALLIANO,MODENA,EMILIA-ROMAGNA,NORD-EST
404542930516805801,COMUNE DI GROTTAFERRATA,ROMA,LAZIO,CENTRO
404742930534327401,COMUNE DI ANELA,SASSARI,SARDEGNA,ISOLE
404942928243018501,COMUNE DI BUCCHERI,SIRACUSA,SICILIA,ISOLE
404942930462232801,COMUNE DI CUCCARO VETERE,SALERNO,CAMPANIA,SUD
405242929965425402,COMUNE DI FONNI,NUORO,SARDEGNA,ISOLE
405242930075763902,COMUNE DI BARASSO,VARESE,LOMBARDIA,NORD-OVEST
405242930542378301,COMUNE DI PAVONE CANAVESE,TORINO,PIEMONTE,NORD-OVEST
405342930516793902,COMUNE DI CISON DI VALMARINO,TREVISO,VENETO,NORD-EST
405442930463122202,COMUNE DI SAN GIORGIO DEL SANNIO,BENEVENTO,CAMPANIA,SUD
405642929034787301,COMUNE DI CARZANO,TRENTO,TRENTINO-ALTO ADIGE/SÜDTIROL,NORD-EST
405642930454048701,COMUNE DI MERLARA,PADOVA,VENETO,NORD-EST
405742930435843402,COMUNE DI FICAROLO,ROVIGO,VENETO,NORD-EST
405742930547082702,COMUNE DI QUINTO VICENTINO,VICENZA,VENETO,NORD-EST
405942930463724801,COMUNE DI ADELFIA,BARI,PUGLIA,SUD
406042930527059902,COMUNE DI SAN GIORGIO MONFERRATO,ALESSANDRIA,PIEMONTE,NORD-OVEST
406142930253488602,COMUNE DI CAPENA,ROMA,LAZIO,CENTRO
406142930465603601,COMUNE DI VILLAR DORA,TORINO,PIEMONTE,NORD-OVEST
406142930480624702,COMUNE DI TORNACO,NOVARA,PIEMONTE,NORD-OVEST
406142930519779901,COMUNE DI CIMINNA,PALERMO,SICILIA,ISOLE
406242930448090402,COMUNE DI VAL DELLA TORRE,TORINO,PIEMONTE,NORD-OVEST
406242930457494901,COMUNE DI OFFANENGO,CREMONA,LOMBARDIA,NORD-OVEST
406242930532467501,COMUNE DI CAMPOLI APPENNINO,FROSINONE,LAZIO,CENTRO
406542930547152702,COMUNE DI PIANE CRATI,COSENZA,CALABRIA,SUD
406642930549402802,COMUNE DI PORTO MANTOVANO,MANTOVA,LOMBARDIA,NORD-OVEST
406742930453129401,COMUNE DI SPOLTORE,PESCARA,ABRUZZO,SUD
406842930476564801,COMUNE DI SANT'ALBANO STURA,CUNEO,PIEMONTE,NORD-OVEST
406842930550301202,COMUNE DI SARCEDO,VICENZA,VENETO,NORD-EST
407042930462689801,COMUNE DI CASTEL D'AZZANO,VERONA,VENETO,NORD-EST
407042930516282502,COMUNE DI GLORENZA,BOLZANO/BOZEN,TRENTINO-ALTO ADIGE/SÜDTIROL,NORD-EST
407142930456439801,COMUNE DI MIGNANO MONTE LUNGO,CASERTA,CAMPANIA,SUD
407142930461291902,COMUNE DI BONO,SASSARI,SARDEGNA,ISOLE
407242930448943101,COMUNE DI PALAZZUOLO SUL SENIO,FIRENZE,TOSCANA,CENTRO
407342930458624101,COMUNE DI SAINT-PIERRE,VALLE D'AOSTA/VALLÉE D'AOSTE,VALLE D'AOSTA/VALLÉE D'AOSTE,NORD-OVEST
407342930463113101,COMUNE DI GUDO VISCONTI,MILANO,LOMBARDIA,NORD-OVEST
407442929091989401,COMUNE DI MONTEREALE VALCELLINA,PORDENONE,FRIULI-VENEZIA GIULIA,NORD-EST
407442930545205401,COMUNE DI FORENZA,POTENZA,BASILICATA,SUD
407642930469038001,COMUNE DI TORRE DI SANTA MARIA,SONDRIO,LOMBARDIA,NORD-OVEST
407742930465061701,COMUNE DI FRESONARA,ALESSANDRIA,PIEMONTE,NORD-OVEST
407742930544345001,COMUNE DI SAN CRISTOFORO,ALESSANDRIA,PIEMONTE,NORD-OVEST
407942930473018401,COMUNE DI SAUZE D'OULX,TORINO,PIEMONTE,NORD-OVEST
408042930479169602,COMUNE DI SPADOLA,VIBO VALENTIA,CALABRIA,SUD
408242930522563502,COMUNE DI MONCESTINO,ALESSANDRIA,PIEMONTE,NORD-OVEST
408242930526666201,COMUNE DI ONIFERI,NUORO,SARDEGNA,ISOLE
408342930477095702,COMUNE DI MARETTO,ASTI,PIEMONTE,NORD-OVEST
408342930534809402,COMUNE DI DOSSO DEL LIRO,COMO,LOMBARDIA,NORD-OVEST
408842930457682702,COMUNE DI TERZO,ALESSANDRIA,PIEMONTE,NORD-OVEST
408842930529595802,COMUNE DI CAMPI BISENZIO,FIRENZE,TOSCANA,CENTRO
409142930517800302,COMUNE DI CASTELLINO DEL BIFERNO,CAMPOBASSO,MOLISE,SUD
409242930459718201,COMUNE DI TORINO,TORINO,PIEMONTE,NORD-OVEST
409242930471121901,COMUNE DI MONTIANO,FORLI'-CESENA,EMILIA-ROMAGNA,NORD-EST
409242930530387301,COMUNE DI SAN GAVINO MONREALE,SUD SARDEGNA,SARDEGNA,ISOLE
409242930538171502,COMUNE DI SANT'ARCANGELO,POTENZA,BASILICATA,SUD
409342930474059602,COMUNE DI LICCIANA NARDI,MASSA-CARRARA,TOSCANA,CENTRO
409342930526145602,COMUNE DI ZIMELLA,VERONA,VENETO,NORD-EST
409542930342586901,COMUNE DI BUCINE,AREZZO,TOSCANA,CENTRO
409542930472605301,COMUNE DI POZZALLO,RAGUSA,SICILIA,ISOLE
409542930532421802,COMUNE DI CHIGNOLO PO,PAVIA,LOMBARDIA,NORD-OVEST
409642930479184301,COMUNE DI ROSSIGLIONE,GENOVA,LIGURIA,NORD-OVEST
409742930518180302,COMUNE DI CREMIA,COMO,LOMBARDIA,NORD-OVEST
411142930479404701,COMUNE DI SIRIGNANO,AVELLINO,CAMPANIA,SUD
411342930458816501,COMUNE DI QUARTO,NAPOLI,CAMPANIA,SUD
411342930550028202,COMUNE DI TOFFIA,RIETI,LAZIO,CENTRO
411442930515834401,COMUNE DI BURAGO DI MOLGORA,MONZA E DELLA BRIANZA,LOMBARDIA,NORD-OVEST
411842928042083402,COMUNE DI LUNGAVILLA,PAVIA,LOMBARDIA,NORD-OVEST
411942928213938501,COMUNE DI ALBISOLA SUPERIORE,SAVONA,LIGURIA,NORD-OVEST
412042930449031401,COMUNE DI ROCCAMONTEPIANO,CHIETI,ABRUZZO,SUD
412142930453103101,COMUNE DI VILLA DI CHIAVENNA,SONDRIO,LOMBARDIA,NORD-OVEST
412142930530157001,COMUNE DI CAPUA,CASERTA,CAMPANIA,SUD
412242930518214602,COMUNE DI CAIOLO,SONDRIO,LOMBARDIA,NORD-OVEST
412342930289588601,COMUNE DI TAVAGNASCO,TORINO,PIEMONTE,NORD-OVEST
412342930289643401,COMUNE DI MINERVINO DI LECCE,LECCE,PUGLIA,SUD
412342930532782902,COMUNE DI FIUMEDINISI,MESSINA,SICILIA,ISOLE
412442930508733902,COMUNE DI AURONZO DI CADORE,BELLUNO,VENETO,NORD-EST
412542930544672702,COMUNE DI INVERIGO,COMO,LOMBARDIA,NORD-OVEST
412642930534747002,COMUNE DI BOSSICO,BERGAMO,LOMBARDIA,NORD-OVEST
412742930460627101,COMUNE DI CAROVILLI,ISERNIA,MOLISE,SUD
412942930474369302,COMUNE DI LAUCO,UDINE,FRIULI-VENEZIA GIULIA,NORD-EST
412942930474631602,COMUNE DI MONNO,BRESCIA,LOMBARDIA,NORD-OVEST
413042930474117101,COMUNE DI SCISCIANO,NAPOLI,CAMPANIA,SUD
413042930548763702,COMUNE DI SIRACUSA,SIRACUSA,SICILIA,ISOLE
413242930480593002,COMUNE DI TORANO NUOVO,TERAMO,ABRUZZO,SUD
413342930468101401,COMUNE DI VACONE,RIETI,LAZIO,CENTRO
413342930526388702,COMUNE DI MERGO,ANCONA,MARCHE,CENTRO
413942928707726702,COMUNE DI ASCEA,SALERNO,CAMPANIA,SUD
413942930457365502,COMUNE DI PETINA,SALERNO,CAMPANIA,SUD
414042930526910902,COMUNE DI VIGONE,TORINO,PIEMONTE,NORD-OVEST
414042930531468302,COMUNE DI CHIUSANICO,IMPERIA,LIGURIA,NORD-OVEST
414142930458203501,COMUNE DI MONASTERACE,REGGIO DI CALABRIA,CALABRIA,SUD
414342930507824901,COMUNE DI BREBBIA,VARESE,LOMBARDIA,NORD-OVEST
414342930510733001,COMUNE DI CERIANA,IMPERIA,LIGURIA,NORD-OVEST
414442930548842301,COMUNE DI SOLZA,BERGAMO,LOMBARDIA,NORD-OVEST
414542930521761901,COMUNE DI CUNEO,CUNEO,PIEMONTE,NORD-OVEST
414642930550599801,COMUNE DI VERZEGNIS,UDINE,FRIULI-VENEZIA GIULIA,NORD-EST
414842930447360602,COMUNE DI SOLIERA,MODENA,EMILIA-ROMAGNA,NORD-EST
414942930465336301,COMUNE DI BARETE,L'AQUILA,ABRUZZO,SUD
415042930470615302,COMUNE DI VALEGGIO,PAVIA,LOMBARDIA,NORD-OVEST
415142930516126502,COMUNE DI CEDEGOLO,BRESCIA,LOMBARDIA,NORD-OVEST
415242930544952501,COMUNE DI GRINZANE CAVOUR,CUNEO,PIEMONTE,NORD-OVEST
415342928086441102,COMUNE DI CALTAVUTURO,PALERMO,SICILIA,ISOLE
415642930459931101,COMUNE DI CIBIANA DI CADORE,BELLUNO,VENETO,NORD-EST
415642930475389902,COMUNE DI REGGIO DI CALABRIA,REGGIO DI CALABRIA,CALABRIA,SUD
415742930478104002,COMUNE DI TOSSICIA,TERAMO,ABRUZZO,SUD
415942930466888101,COMUNE DI VAZZANO,VIBO VALENTIA,CALABRIA,SUD
416142930454167201,COMUNE DI MIAZZINA,VERBANO-CUSIO-OSSOLA,PIEMONTE,NORD-OVEST
416242930455137601,COMUNE DI TORRITA TIBERINA,ROMA,LAZIO,CENTRO
416442929626364102,COMUNE DI PENNA SANT'ANDREA,TERAMO,ABRUZZO,SUD
416442930473063501,COMUNE DI GUARDIAREGIA,CAMPOBASSO,MOLISE,SUD
416842930450242402,COMUNE DI RONCIGLIONE,VITERBO,LAZIO,CENTRO
416842930518543801,COMUNE DI BARDINETO,SAVONA,LIGURIA,NORD-OVEST
416842930543259501,COMUNE DI ROGENO,LECCO,LOMBARDIA,NORD-OVEST
417042930452964302,COMUNE DI SCANSANO,GROSSETO,TOSCANA,CENTRO
417042930452976501,COMUNE DI SANTA MARIA DI LICODIA,CATANIA,SICILIA,ISOLE
417042930524389801,COMUNE DI MONDOLFO,PESARO E URBINO,MARCHE,CENTRO
417142930459672401,COMUNE DI TORTORA,COSENZA,CALABRIA,SUD
417342930449522002,COMUNE DI TENNO,TRENTO,TRENTINO-ALTO ADIGE/SÜDTIROL,NORD-EST
417542930525139002,COMUNE DI TRIGGIANO,BARI,PUGLIA,SUD
418042930544336502,COMUNE DI PIOSSASCO,TORINO,PIEMONTE,NORD-OVEST
418342930508967902,COMUNE DI BOSA,ORISTANO,SARDEGNA,ISOLE
418342930516375702,COMUNE DI FERMO,FERMO,MARCHE,CENTRO
418442930528735301,COMUNE DI MONTEMARZINO,ALESSANDRIA,PIEMONTE,NORD-OVEST
418442930530225202,COMUNE DI SAN GERMANO CHISONE,TORINO,PIEMONTE,NORD-OVEST
418642930452678002,COMUNE DI GAVI,ALESSANDRIA,PIEMONTE,NORD-OVEST
418842930480448501,COMUNE DI PIANCOGNO,BRESCIA,LOMBARDIA,NORD-OVEST
419042930534507802,COMUNE DI NULE,SASSARI,SARDEGNA,ISOLE
419142930510250002,COMUNE DI AGNADELLO,CREMONA,LOMBARDIA,NORD-OVEST
419142930528931202,COMUNE DI SAN LORENZO DEL VALLO,COSENZA,CALABRIA,SUD
419342930464253801,COMUNE DI CASALECCHIO DI RENO,BOLOGNA,EMILIA-ROMAGNA,NORD-EST
419342930464733702,COMUNE DI ARSAGO SEPRIO,VARESE,LOMBARDIA,NORD-OVEST
419342930511050901,COMUNE DI AGNOSINE,BRESCIA,LOMBARDIA,NORD-OVEST
419442930446618101,COMUNE DI SCARNAFIGI,CUNEO,PIEMONTE,NORD-OVEST
419442930510332601,COMUNE DI CASTELNUOVO,TRENTO,TRENTINO-ALTO ADIGE/SÜDTIROL,NORD-EST
419542930460743402,COMUNE DI PIETRAPAOLA,COSENZA,CALABRIA,SUD
419642928135481802,COMUNE DI ACI BONACCORSI,CATANIA,SICILIA,ISOLE
419742930510455002,COMUNE DI ALATRI,FROSINONE,LAZIO,CENTRO
419742930526312002,COMUNE DI MAZARA DEL VALLO,TRAPANI,SICILIA,ISOLE
419742930544479201,COMUNE DI DISO,LECCE,PUGLIA,SUD
419942930519726001,COMUNE DI CONTROGUERRA,TERAMO,ABRUZZO,SUD
419942930534902402,COMUNE DI BIANZANO,BERGAMO,LOMBARDIA,NORD-OVEST
421142930524863402,COMUNE DI LACCHIARELLA,MILANO,LOMBARDIA,NORD-OVEST
421342930476293502,COMUNE DI PRATA D'ANSIDONIA,L'AQUILA,ABRUZZO,SUD
421542930478606501,COMUNE DI SERRALUNGA DI CREA,ALESSANDRIA,PIEMONTE,NORD-OVEST
421542930542662602,COMUNE DI MAFALDA,CAMPOBASSO,MOLISE,SUD
421742930472103102,COMUNE DI TERME VIGLIATORE,MESSINA,SICILIA,ISOLE
421742930478809101,COMUNE DI PIZZONI,VIBO VALENTIA,CALABRIA,SUD
421742930527837001,COMUNE DI PESCHIERA BORROMEO,MILANO,LOMBARDIA,NORD-OVEST
421742930545929201,COMUNE DI MONTEGRANARO,FERMO,MARCHE,CENTRO
421842930464510002,COMUNE DI TRINITA' D'AGULTU E VIGNOLA,SASSARI,SARDEGNA,ISOLE
421842930464512601,COMUNE DI CERCHIO,L'AQUILA,ABRUZZO,SUD
421842930530493601,COMUNE DI BADOLATO,CATANZARO,CALABRIA,SUD
421942930525619301,COMUNE DI SULZANO,BRESCIA,LOMBARDIA,NORD-OVEST
422042929012799102,COMUNE DI RE,VERBANO-CUSIO-OSSOLA,PIEMONTE,NORD-OVEST
422242930462962702,COMUNE DI GERANO,ROMA,LAZIO,CENTRO
422242930464839802,COMUNE DI PAROLISE,AVELLINO,CAMPANIA,SUD
422242930519309302,COMUNE DI MANDELLO DEL LARIO,LECCO,LOMBARDIA,NORD-OVEST
422342929348291702,COMUNE DI ISOLA DELLE FEMMINE,PALERMO,SICILIA,ISOLE
422342930528770702,COMUNE DI NOVA PONENTE - GEMEINDE DEUTSCHNOFEN,BOLZANO/BOZEN,TRENTINO-ALTO ADIGE/SÜDTIROL,NORD-EST
422342930536281502,COMUNE DI SASSOFERRATO,ANCONA,MARCHE,CENTRO
422442930532646302,COMUNE DI TISSI,SASSARI,SARDEGNA,ISOLE
422542929800558901,COMUNE DI GRESSAN,VALLE D'AOSTA/VALLÉE D'AOSTE,VALLE D'AOSTA/VALLÉE D'AOSTE,NORD-OVEST
422642930533379302,COMUNE DI SAN NICOLO' DI COMELICO,BELLUNO,VENETO,NORD-EST
422842930455013301,COMUNE DI SEMINARA,REGGIO DI CALABRIA,CALABRIA,SUD
422942930517743102,COMUNE DI CAMAGNA MONFERRATO,ALESSANDRIA,PIEMONTE,NORD-OVEST
423042930220628402,COMUNE DI CASALVOLONE,NOVARA,PIEMONTE,NORD-OVEST
423142930472510701,COMUNE DI NEVIANO,LECCE,PUGLIA,SUD
423142930529658201,COMUNE DI VARZO,VERBANO-CUSIO-OSSOLA,PIEMONTE,NORD-OVEST
423342930462033501,COMUNE DI CELICO,COSENZA,CALABRIA,SUD
423342930528595001,COMUNE DI PETILIA POLICASTRO,CROTONE,CALABRIA,SUD
423342930541522601,COMUNE DI OSCHIRI,SASSARI,SARDEGNA,ISOLE
423442930510727701,COMUNE DI BUCCHIANICO,CHIETI,ABRUZZO,SUD
423742930476657202,COMUNE DI MONTEGALLO,ASCOLI PICENO,MARCHE,CENTRO
423742930532899201,COMUNE DI CAVENAGO D'ADDA,LODI,LOMBARDIA,NORD-OVEST
423842929307319302,COMUNE DI FABBRICA CURONE,ALESSANDRIA,PIEMONTE,NORD-OVEST
423842930008236502,COMUNE DI CIMOLAIS,PORDENONE,FRIULI-VENEZIA GIULIA,NORD-EST
423842930456507002,COMUNE DI MANDANICI,MESSINA,SICILIA,ISOLE
423842930461862401,COMUNE DI BOLZANO NOVARESE,NOVARA,PIEMONTE,NORD-OVEST
423942930473588601,COMUNE DI PRALORMO,TORINO,PIEMONTE,NORD-OVEST
424042930527942301,COMUNE DI FURORE,SALERNO,CAMPANIA,SUD
424442930526962502,COMUNE DI SCALA COELI,COSENZA,CALABRIA,SUD
424542930476618101,COMUNE DI SETTIMO TORINESE,TORINO,PIEMONTE,NORD-OVEST
424542930544796702,COMUNE DI GROPELLO CAIROLI,PAVIA,LOMBARDIA,NORD-OVEST
424842930455850101,COMUNE DI FRANCOFONTE,SIRACUSA,SICILIA,ISOLE
424842930525167202,COMUNE DI MUGGIO',MONZA E DELLA BRIANZA,LOMBARDIA,NORD-OVEST
424842930531682102,COMUNE DI PARCINES,BOLZANO/BOZEN,TRENTINO-ALTO ADIGE/SÜDTIROL,NORD-EST
424942930478216002,COMUNE DI VALLERMOSA,SUD SARDEGNA,SARDEGNA,ISOLE
424942930522432801,COMUNE DI CANAZEI,TRENTO,TRENTINO-ALTO ADIGE/SÜDTIROL,NORD-EST
425042927982774902,COMUNE DI APRICENA,FOGGIA,PUGLIA,SUD
425042930527812502,COMUNE DI FUSINE,SONDRIO,LOMBARDIA,NORD-OVEST
425142930476491301,COMUNE DI LAION,BOLZANO/BOZEN,TRENTINO-ALTO ADIGE/SÜDTIROL,NORD-EST
425142930517641001,COMUNE DI LAGNASCO,CUNEO,PIEMONTE,NORD-OVEST
425142930532447901,COMUNE DI VERANO BRIANZA,MONZA E DELLA BRIANZA,LOMBARDIA,NORD-OVEST
425342930452771101,COMUNE DI TRECCHINA,POTENZA,BASILICATA,SUD
425342930473661602,COMUNE DI MELITO DI NAPOLI,NAPOLI,CAMPANIA,SUD
425442930517412402,COMUNE DI LEVICE,CUNEO,PIEMONTE,NORD-OVEST
425442930547332502,COMUNE DI RANCO,VARESE,LOMBARDIA,NORD-OVEST
425542930467542701,COMUNE DI SURBO,LECCE,PUGLIA,SUD
425942930461917102,COMUNE DI SAN GIOVANNI GEMINI,AGRIGENTO,SICILIA,ISOLE
425942930525262001,COMUNE DI SAN PANCRAZIO,BOLZANO/BOZEN,TRENTINO-ALTO ADIGE/SÜDTIROL,NORD-EST
426242930508104501,COMUNE DI BRESSANONE,BOLZANO/BOZEN,TRENTINO-ALTO ADIGE/SÜDTIROL,NORD-EST
426242930541919002,COMUNE DI MAGNANO,BIELLA,PIEMONTE,NORD-OVEST
426442929249040201,COMUNE DI HONE,VALLE D'AOSTA/VALLÉE D'AOSTE,VALLE D'AOSTA/VALLÉE D'AOSTE,NORD-OVEST
426442930508858402,COMUNE DI CAUTANO,BENEVENTO,CAMPANIA,SUD
426542928728354801,COMUNE DI BORDOLANO,CREMONA,LOMBARDIA,NORD-OVEST
426542930525179902,COMUNE DI VALLO DELLA LUCANIA,SALERNO,CAMPANIA,SUD
426642930476601002,COMUNE DI PATERNO CALABRO,COSENZA,CALABRIA,SUD
426742930534010201,COMUNE DI BAGNARA CALABRA,REGGIO DI CALABRIA,CALABRIA,SUD
426842928030317302,COMUNE DI CINTO EUGANEO,PADOVA,VENETO,NORD-EST
426842930531351102,COMUNE DI SALLE,PESCARA,ABRUZZO,SUD
426942930534675001,COMUNE DI SAN BASILIO,SUD SARDEGNA,SARDEGNA,ISOLE
427042929467119401,COMUNE DI COLONNELLA,TERAMO,ABRUZZO,SUD
427042930472219801,COMUNE DI VICCHIO,FIRENZE,TOSCANA,CENTRO
427142929346284802,COMUNE DI FIORENZUOLA D'ARDA,PIACENZA,EMILIA-ROMAGNA,NORD-EST
427142929816392201,COMUNE DI JOLANDA DI SAVOIA,FERRARA,EMILIA-ROMAGNA,NORD-EST
427142930455661602,COMUNE DI SAMARATE,VARESE,LOMBARDIA,NORD-OVEST
427142930519082401,COMUNE DI MONASTIR,SUD SARDEGNA,SARDEGNA,ISOLE
427242930508481601,COMUNE DI ARNARA,FROSINONE,LAZIO,CENTRO
427242930549574301,COMUNE DI SAN CATALDO,CALTANISSETTA,SICILIA,ISOLE
427342930454849801,COMUNE DI TROFARELLO,TORINO,PIEMONTE,NORD-OVEST
427442930475405802,COMUNE DI PIORACO,MACERATA,MARCHE,CENTRO
427542930524283402,COMUNE DI SERIATE,BERGAMO,LOMBARDIA,NORD-OVEST
427642930450569802,COMUNE DI TORRE PELLICE,TORINO,PIEMONTE,NORD-OVEST
427642930532071401,COMUNE DI CELANO,L'AQUILA,ABRUZZO,SUD
427642930546508501,COMUNE DI LUZZARA,REGGIO NELL'EMILIA,EMILIA-ROMAGNA,NORD-EST
427842930511054402,COMUNE DI AIRASCA,TORINO,PIEMONTE,NORD-OVEST
427942928225066301,COMUNE DI TRINITAPOLI,BARLETTA-ANDRIA-TRANI,PUGLIA,SUD
428042930534754302,COMUNE DI CORTENO GOLGI,BRESCIA,LOMBARDIA,NORD-OVEST
428342930530081502,COMUNE DI CAORLE,VENEZIA,VENETO,NORD-EST
428442930475850102,COMUNE DI GRISIGNANO DI ZOCCO,VICENZA,VENETO,NORD-EST
428442930533635001,COMUNE DI BARBANIA,TORINO,PIEMONTE,NORD-OVEST
428542930545389202,COMUNE DI AZZATE,VARESE,LOMBARDIA,NORD-OVEST
428742930455226301,COMUNE DI SALUGGIA,VERCELLI,PIEMONTE,NORD-OVEST
428842930515464502,COMUNE DI DELIA,CALTANISSETTA,SICILIA,ISOLE
428942930452187902,COMUNE DI SOMMATINO,CALTANISSETTA,SICILIA,ISOLE
429042930524070901,COMUNE DI SAN POTITO ULTRA,AVELLINO,CAMPANIA,SUD
429142930549347602,COMUNE DI SANTO STEFANO IN ASPROMONTE,REGGIO DI CALABRIA,CALABRIA,SUD
429342928269818402,COMUNE DI AIROLA,BENEVENTO,CAMPANIA,SUD
429342929417543301,COMUNE DI CORREZZANA,MONZA E DELLA BRIANZA,LOMBARDIA,NORD-OVEST
429342930530952502,COMUNE DI CAMPORGIANO,LUCCA,TOSCANA,CENTRO
429442930526423701,COMUNE DI MATTIE,TORINO,PIEMONTE,NORD-OVEST
429542930463343201,COMUNE DI MONTECOPIOLO,RIMINI,EMILIA-ROMAGNA,NORD-EST
429542930534678901,COMUNE DI NUMANA,ANCONA,MARCHE,CENTRO
429742930480276102,COMUNE DI SPIAZZO,TRENTO,TRENTINO-ALTO ADIGE/SÜDTIROL,NORD-EST
429842929411157202,COMUNE DI DAVERIO,VARESE,LOMBARDIA,NORD-OVEST
431142928242857102,COMUNE DI BUBBIANO,MILANO,LOMBARDIA,NORD-OVEST
431142930528814302,COMUNE DI MONASTERO BORMIDA,ASTI,PIEMONTE,NORD-OVEST
431342928188537602,COMUNE DI ALESSANDRIA DELLA ROCCA,AGRIGENTO,SICILIA,ISOLE
431342930436036701,COMUNE DI FIUMEFREDDO BRUZIO,COSENZA,CALABRIA,SUD
431442930460324301,COMUNE DI CASAGIOVE,CASERTA,CAMPANIA,SUD
431642930546311502,COMUNE DI LUSEVERA,UDINE,FRIULI-VENEZIA GIULIA,NORD-EST
431742930460715902,COMUNE DI SAN GREGORIO D'IPPONA,VIBO VALENTIA,CALABRIA,SUD
431742930528369702,COMUNE DI ROCCABERNARDA,CROTONE,CALABRIA,SUD
431842930517103301,COMUNE DI BANARI,SASSARI,SARDEGNA,ISOLE
431942930461501701,COMUNE DI CALAMONACI,AGRIGENTO,SICILIA,ISOLE
432042930475664902,COMUNE DI CIVITAQUANA,PESCARA,ABRUZZO,SUD
432242930450432502,COMUNE DI POGNANO,BERGAMO,LOMBARDIA,NORD-OVEST
432342930529109301,COMUNE DI PONTEVICO,BRESCIA,LOMBARDIA,NORD-OVEST
432442929687010202,COMUNE DI LOMELLO,PAVIA,LOMBARDIA,NORD-OVEST
432642930529775401,COMUNE DI CASATISMA,PAVIA,LOMBARDIA,NORD-OVEST
432642930544091501,COMUNE DI GIZZERIA,CATANZARO,CALABRIA,SUD
432742930464778202,COMUNE DI BOSISIO PARINI,LECCO,LOMBARDIA,NORD-OVEST
432942928887199501,COMUNE DI ELINI,NUORO,SARDEGNA,ISOLE
433042930454629101,COMUNE DI LURANO,BERGAMO,LOMBARDIA,NORD-OVEST
433042930523638701,COMUNE DI GERA LARIO,COMO,LOMBARDIA,NORD-OVEST
433242930479913101,COMUNE DI SAN CHIRICO NUOVO,POTENZA,BASILICATA,SUD
433242930517302902,COMUNE DI CASALFIUMANESE,BOLOGNA,EMILIA-ROMAGNA,NORD-EST
433242930526829102,COMUNE DI VEGLIE,LECCE,PUGLIA,SUD
433542930468923802,COMUNE DI SANTARCANGELO DI ROMAGNA,RIMINI,EMILIA-ROMAGNA,NORD-EST
433542930546801001,COMUNE DI PONTINVREA,SAVONA,LIGURIA,NORD-OVEST
433642930456624001,COMUNE DI OLIVA GESSI,PAVIA,LOMBARDIA,NORD-OVEST
433742930524402901,COMUNE DI SANT'ANGELO A SCALA,AVELLINO,CAMPANIA,SUD
434242930550216202,COMUNE DI PIANCASTAGNAIO,SIENA,TOSCANA,CENTRO
434342928577579702,COMUNE DI COLLEPIETRO,L'AQUILA,ABRUZZO,SUD
434442930476749802,COMUNE DI PONZONE,ALESSANDRIA,PIEMONTE,NORD-OVEST
434542929543902501,COMUNE DI FORANO,RIETI,LAZIO,CENTRO
434542930478188502,COMUNE DI SARENTINO,BOLZANO/BOZEN,TRENTINO-ALTO ADIGE/SÜDTIROL,NORD-EST
434542930516168402,COMUNE DI ISCHITELLA,FOGGIA,PUGLIA,SUD
434542930534207102,COMUNE DI TRISSINO,VICENZA,VENETO,NORD-EST
434642930525286701,COMUNE DI TRINITA',CUNEO,PIEMONTE,NORD-OVEST
434642930537432001,COMUNE DI CASTRO,LECCE,PUGLIA,SUD
435142930542793802,COMUNE DI MARINA DI GIOIOSA IONICA,REGGIO DI CALABRIA,CALABRIA,SUD
435242930531846502,COMUNE DI BELMONTE MEZZAGNO,PALERMO,SICILIA,ISOLE
435242930532869402,COMUNE DI CANARO,ROVIGO,VENETO,NORD-EST
435342929013116401,COMUNE DI COLOGNO AL SERIO,BERGAMO,LOMBARDIA,NORD-OVEST
435442930460426002,COMUNE DI PIETRALUNGA,PERUGIA,UMBRIA,CENTRO
435442930518610701,COMUNE DI FALVATERRA,FROSINONE,LAZIO,CENTRO
435742930543774002,COMUNE DI LAZISE,VERONA,VENETO,NORD-EST
435842930478161502,COMUNE DI TORRAZZA COSTE,PAVIA,LOMBARDIA,NORD-OVEST
435842930510965401,COMUNE DI ARCORE,MONZA E DELLA BRIANZA,LOMBARDIA,NORD-OVEST
435942930527914001,COMUNE DI FUSCALDO,COSENZA,CALABRIA,SUD
436242930547456902,COMUNE DI TOVO SAN GIACOMO,SAVONA,LIGURIA,NORD-OVEST
436342928726782501,COMUNE DI GUALDO TADINO,PERUGIA,UMBRIA,CENTRO
436442930475111001,COMUNE DI LAVIS,TRENTO,TRENTINO-ALTO ADIGE/SÜDTIROL,NORD-EST
436542930542212901,COMUNE DI MOGORO,ORISTANO,SARDEGNA,ISOLE
436642930516141202,COMUNE DI ISERA,TRENTO,TRENTINO-ALTO ADIGE/SÜDTIROL,NORD-EST
436842930473132001,COMUNE DI MARCARIA,MANTOVA,LOMBARDIA,NORD-OVEST
436942930531863101,COMUNE DI MIRABELLO SANNITICO,CAMPOBASSO,MOLISE,SUD
437142930549638801,COMUNE DI PROSSEDI,LATINA,LAZIO,CENTRO
437442930458940101,COMUNE DI GRUMO NEVANO,NAPOLI,CAMPANIA,SUD
437642929456777302,COMUNE DI CASTEL BOLOGNESE,RAVENNA,EMILIA-ROMAGNA,NORD-EST
437642929703857301,COMUNE DI CONTRONE,SALERNO,CAMPANIA,SUD
437642930541280602,COMUNE DI MONTESANO SULLA MARCELLANA,SALERNO,CAMPANIA,SUD
437642930542057902,COMUNE DI SAMBUCO,CUNEO,PIEMONTE,NORD-OVEST
437842930531739502,COMUNE DI MESOLA,FERRARA,EMILIA-ROMAGNA,NORD-EST
438042930524689201,COMUNE DI ROCCAMORICE,PESCARA,ABRUZZO,SUD
438242930467080401,COMUNE DI SQUINZANO,LECCE,PUGLIA,SUD
438242930510427602,COMUNE DI ALBAVILLA,COMO,LOMBARDIA,NORD-OVEST
438442930516910302,COMUNE DI BREMBATE DI SOPRA,BERGAMO,LOMBARDIA,NORD-OVEST
438542928614385802,COMUNE DI COLLEPARDO,FROSINONE,LAZIO,CENTRO
438542930008180002,COMUNE DI VERRES,VALLE D'AOSTA/VALLÉE D'AOSTE,VALLE D'AOSTA/VALLÉE D'AOSTE,NORD-OVEST
438542930528147302,COMUNE DI ONZO,SAVONA,LIGURIA,NORD-OVEST
438742930529846001,COMUNE DI BIBBIENA,AREZZO,TOSCANA,CENTRO
439242930508921102,COMUNE DI BONEA,BENEVENTO,CAMPANIA,SUD
439442930530243202,COMUNE DI ARDESIO,BERGAMO,LOMBARDIA,NORD-OVEST
439642930518496702,COMUNE DI ERICE,TRAPANI,SICILIA,ISOLE
439742929704304201,COMUNE DI JELSI,CAMPOBASSO,MOLISE,SUD
439742930468869302,COMUNE DI TORRE MONDOVI',CUNEO,PIEMONTE,NORD-OVEST
439742930534365702,COMUNE DI CAMERANO CASASCO,ASTI,PIEMONTE,NORD-OVEST
439942928197140001,COMUNE DI CASTELLANIA COPPI,ALESSANDRIA,PIEMONTE,NORD-OVEST
439942929575556101,COMUNE DI MISTRETTA,MESSINA,SICILIA,ISOLE
441242928932386902,COMUNE DI DOMASO,COMO,LOMBARDIA,NORD-OVEST
441242930516479301,COMUNE DI GADESCO-PIEVE DELMONA,CREMONA,LOMBARDIA,NORD-OVEST
441342930455691402,COMUNE DI MONTAZZOLI,CHIETI,ABRUZZO,SUD
441342930538665302,COMUNE DI TOLVE,POTENZA,BASILICATA,SUD
441442930546173402,COMUNE DI GRANITI,MESSINA,SICILIA,ISOLE
441542930528341302,COMUNE DI ODALENGO PICCOLO,ALESSANDRIA,PIEMONTE,NORD-OVEST
441642930543933102,COMUNE DI BLEGGIO SUPERIORE,TRENTO,TRENTINO-ALTO ADIGE/SÜDTIROL,NORD-EST
441742930543287101,COMUNE DI MONTORFANO,COMO,LOMBARDIA,NORD-OVEST
441842930450618302,COMUNE DI TORRI IN SABINA,RIETI,LAZIO,CENTRO
441842930519782902,COMUNE DI PALUZZA,UDINE,FRIULI-VENEZIA GIULIA,NORD-EST
442042930522229201,COMUNE DI FASANO,BRINDISI,PUGLIA,SUD
442142930450340102,COMUNE DI POIANA MAGGIORE,VICENZA,VENETO,NORD-EST
442242928232687101,COMUNE DI ACQUAFREDDA,BRESCIA,LOMBARDIA,NORD-OVEST
442242930456507901,COMUNE DI NOTARESCO,TERAMO,ABRUZZO,SUD
442342928210699901,COMUNE DI CASTELNOVO BARIANO,ROVIGO,VENETO,NORD-EST
442442930537131802,COMUNE DI RONCARO,PAVIA,LOMBARDIA,NORD-OVEST
442542930464754601,COMUNE DI COLLESALVETTI,LIVORNO,TOSCANA,CENTRO
442642930472517502,COMUNE DI POZZO D'ADDA,MILANO,LOMBARDIA,NORD-OVEST
442642930516534602,COMUNE DI CASTIONE DELLA PRESOLANA,BERGAMO,LOMBARDIA,NORD-OVEST
442742930521986601,COMUNE DI MASCALI,CATANIA,SICILIA,ISOLE
442742930541026901,COMUNE DI VOGHERA,PAVIA,LOMBARDIA,NORD-OVEST
442842930460244201,COMUNE DI CAPURSO,BARI,PUGLIA,SUD
443042929544004001,COMUNE DI FONZASO,BELLUNO,VENETO,NORD-EST
443042930544171201,COMUNE DI COMAZZO,LODI,LOMBARDIA,NORD-OVEST
443142930530546101,COMUNE DI CARLOFORTE,SUD SARDEGNA,SARDEGNA,ISOLE
443142930531245401,COMUNE DI CORMANO,MILANO,LOMBARDIA,NORD-OVEST
443242928932549701,COMUNE DI DOMUS DE MARIA,SUD SARDEGNA,SARDEGNA,ISOLE
443642928242815302,COMUNE DI BAULADU,ORISTANO,SARDEGNA,ISOLE
443642930533744301,COMUNE DI CASALETTO DI SOPRA,CREMONA,LOMBARDIA,NORD-OVEST
443742930527623402,COMUNE DI MONTE URANO,FERMO,MARCHE,CENTRO
443942930454346501,COMUNE DI PERDAXIUS,SUD SARDEGNA,SARDEGNA,ISOLE
443942930515762202,COMUNE DI CAPRALBA,CREMONA,LOMBARDIA,NORD-OVEST
444042930540957902,COMUNE DI SCHIVENOGLIA,MANTOVA,LOMBARDIA,NORD-OVEST
444042930547155601,COMUNE DI LAIGUEGLIA,SAVONA,LIGURIA,NORD-OVEST
444142930531489501,COMUNE DI SALICETO,CUNEO,PIEMONTE,NORD-OVEST
444342929025526601,COMUNE DI CIGLIANO,VERCELLI,PIEMONTE,NORD-OVEST
444342930453038602,COMUNE DI VILLA SANTINA,UDINE,FRIULI-VENEZIA GIULIA,NORD-EST
444442930521385601,COMUNE DI CASTROREGIO,COSENZA,CALABRIA,SUD
444642930473703801,COMUNE DI MONTA',CUNEO,PIEMONTE,NORD-OVEST
444642930527844202,COMUNE DI NORMA,LATINA,LAZIO,CENTRO
444642930534681902,COMUNE DI BESANO,VARESE,LOMBARDIA,NORD-OVEST
445042930530644301,COMUNE DI CASSINA RIZZARDI,COMO,LOMBARDIA,NORD-OVEST
445042930538085702,COMUNE DI VILLANOVA MONFERRATO,ALESSANDRIA,PIEMONTE,NORD-OVEST
445242928258168502,COMUNE DI ARCUGNANO,VICENZA,VENETO,NORD-EST
445442930509399801,COMUNE DI CAVALLERMAGGIORE,CUNEO,PIEMONTE,NORD-OVEST
445442930533671402,COMUNE DI POLVERARA,PADOVA,VENETO,NORD-EST
445542930184431601,COMUNE DI CETO,BRESCIA,LOMBARDIA,NORD-OVEST
445542930521743101,COMUNE DI CORVINO SAN QUIRICO,PAVIA,LOMBARDIA,NORD-OVEST
445642930526329602,COMUNE DI PALMAS ARBOREA,ORISTANO,SARDEGNA,ISOLE
445742929118695701,COMUNE DI BARILE,POTENZA,BASILICATA,SUD
445742930525116902,COMUNE DI TORRICELLA IN SABINA,RIETI,LAZIO,CENTRO
446042930461902202,COMUNE DI CASTELVISCONTI,CREMONA,LOMBARDIA,NORD-OVEST
446042930480613802,COMUNE DI USSEGLIO,TORINO,PIEMONTE,NORD-OVEST
446342930516040102,COMUNE DI GIAVE,SASSARI,SARDEGNA,ISOLE
446542930079741302,COMUNE DI FERMIGNANO,PESARO E URBINO,MARCHE,CENTRO
446542930454596401,COMUNE DI DOGLIOLA,CHIETI,ABRUZZO,SUD
446642930527472202,COMUNE DI MONTAGNA SULLA STRADA DEL VINO,BOLZANO/BOZEN,TRENTINO-ALTO ADIGE/SÜDTIROL,NORD-EST
446942930447130201,COMUNE DI MONTEMESOLA,TARANTO,PUGLIA,SUD
447042928757899402,COMUNE DI GATTATICO,REGGIO NELL'EMILIA,EMILIA-ROMAGNA,NORD-EST
447142930477449802,COMUNE DI MACCASTORNA,LODI,LOMBARDIA,NORD-OVEST
447142930543077802,COMUNE DI PRATOLA PELIGNA,L'AQUILA,ABRUZZO,SUD
447242930464320602,COMUNE DI ALVIGNANO,CASERTA,CAMPANIA,SUD
447242930465702601,COMUNE DI MODIGLIANA,FORLI'-CESENA,EMILIA-ROMAGNA,NORD-EST
447342930520081202,COMUNE DI MADESIMO,SONDRIO,LOMBARDIA,NORD-OVEST
447342930545466902,COMUNE DI SCANDICCI,FIRENZE,TOSCANA,CENTRO
447442930459006701,COMUNE DI SAN MAURIZIO CANAVESE,TORINO,PIEMONTE,NORD-OVEST
447742930527213302,COMUNE DI VIDRACCO,TORINO,PIEMONTE,NORD-OVEST
447842929222943602,COMUNE DI CIVIDATE AL PIANO,BERGAMO,LOMBARDIA,NORD-OVEST
447842930509520701,COMUNE DI CASSANO VALCUVIA,VARESE,LOMBARDIA,NORD-OVEST
447942930459258802,COMUNE DI VERCURAGO,LECCO,LOMBARDIA,NORD-OVEST
448042928636802302,COMUNE DI BOJANO,CAMPOBASSO,MOLISE,SUD
448242930159026302,COMUNE DI FIAMIGNANO,RIETI,LAZIO,CENTRO
448442930533817702,COMUNE DI CAPRI LEONE,MESSINA,SICILIA,ISOLE
448642930531059601,COMUNE DI SUTRI,VITERBO,LAZIO,CENTRO
448642930537036702,COMUNE DI VISTRORIO,TORINO,PIEMONTE,NORD-OVEST
448742930530409801,COMUNE DI CARPEGNA,PESARO E URBINO,MARCHE,CENTRO
448742930542480601,COMUNE DI MELITO IRPINO,AVELLINO,CAMPANIA,SUD
448942929424332001,COMUNE DI CERCEMAGGIORE,CAMPOBASSO,MOLISE,SUD
448942930460387202,COMUNE DI ROSELLO,CHIETI,ABRUZZO,SUD
449042930480604502,COMUNE DI SCORZE',VENEZIA,VENETO,NORD-EST
449142930220905101,COMUNE DI CASAMARCIANO,NAPOLI,CAMPANIA,SUD
449342930472986802,COMUNE DI MARATEA,POTENZA,BASILICATA,SUD
449542930529138102,COMUNE DI SAN BENEDETTO DEL TRONTO,ASCOLI PICENO,MARCHE,CENTRO
449542930541325102,COMUNE DI MENTANA,ROMA,LAZIO,CENTRO
449842930012267802,COMUNE DI CIVITELLA SAN PAOLO,ROMA,LAZIO,CENTRO
449942928143339102,COMUNE DI ALBARETO,PARMA,EMILIA-ROMAGNA,NORD-EST
451342928303933502,COMUNE DI BENETUTTI,SASSARI,SARDEGNA,ISOLE
451342929091219502,COMUNE DI GRAVELLONA LOMELLINA,PAVIA,LOMBARDIA,NORD-OVEST
451342929118629102,COMUNE DI CIRO' MARINA,CROTONE,CALABRIA,SUD
451542930462958501,COMUNE DI ROCCA SINIBALDA,RIETI,LAZIO,CENTRO
451642930515849801,COMUNE DI BUONCONVENTO,SIENA,TOSCANA,CENTRO
451642930516655801,COMUNE DI DINAMI,VIBO VALENTIA,CALABRIA,SUD
451742930546667901,COMUNE DI GRAMMICHELE,CATANIA,SICILIA,ISOLE
451842930530890901,COMUNE DI CROSIO DELLA VALLE,VARESE,LOMBARDIA,NORD-OVEST
451842930539712002,COMUNE DI SAN MARCO DEI CAVOTI,BENEVENTO,CAMPANIA,SUD
452042928113086902,COMUNE DI CASOLI,CHIETI,ABRUZZO,SUD
452042929606028501,COMUNE DI MONTU' BECCARIA,PAVIA,LOMBARDIA,NORD-OVEST
452042930474775901,COMUNE DI MONSAMPIETRO MORICO,FERMO,MARCHE,CENTRO
452042930529364501,COMUNE DI GINOSA,TARANTO,PUGLIA,SUD
452142930534008702,COMUNE DI PONTE LAMBRO,COMO,LOMBARDIA,NORD-OVEST
452142930540910401,COMUNE DI SAMBUCI,ROMA,LAZIO,CENTRO
452242930543963002,COMUNE DI NOGARA,VERONA,VENETO,NORD-EST
452342930452739702,COMUNE DI TERENTO,BOLZANO/BOZEN,TRENTINO-ALTO ADIGE/SÜDTIROL,NORD-EST
452342930540695301,COMUNE DI VILLA SAN SECONDO,ASTI,PIEMONTE,NORD-OVEST
452442930519503202,COMUNE DI ANGOLO TERME,BRESCIA,LOMBARDIA,NORD-OVEST
452542929012692802,COMUNE DI CAMPOSAMPIERO,PADOVA,VENETO,NORD-EST
452842930477818401,COMUNE DI MONTE GRIMANO TERME,PESARO E URBINO,MARCHE,CENTRO
453142929766029601,COMUNE DI LONDA,FIRENZE,TOSCANA,CENTRO
453142930458014602,COMUNE DI ROURE,TORINO,PIEMONTE,NORD-OVEST
453142930460223101,COMUNE DI CARPIGNANO SALENTINO,LECCE,PUGLIA,SUD
453142930509752902,COMUNE DI FAI DELLA PAGANELLA,TRENTO,TRENTINO-ALTO ADIGE/SÜDTIROL,NORD-EST
453242930549785802,COMUNE DI TERAMO,TERAMO,ABRUZZO,SUD
453342930528236201,COMUNE DI FONTANAROSA,AVELLINO,CAMPANIA,SUD
453442930510558902,COMUNE DI CERGNAGO,PAVIA,LOMBARDIA,NORD-OVEST
453542930451520802,COMUNE DI MONTEFIORE DELL'ASO,ASCOLI PICENO,MARCHE,CENTRO
453642930536070902,COMUNE DI PORTO CESAREO,LECCE,PUGLIA,SUD
453642930550812901,COMUNE DI TON,TRENTO,TRENTINO-ALTO ADIGE/SÜDTIROL,NORD-EST
453742930460363401,COMUNE DI BOVALINO,REGGIO DI CALABRIA,CALABRIA,SUD
453942928878217602,COMUNE DI CASALATTICO,FROSINONE,LAZIO,CENTRO
454242930477045102,COMUNE DI LESEGNO,CUNEO,PIEMONTE,NORD-OVEST
454342930542587602,COMUNE DI MELITO DI PORTO SALVO,REGGIO DI CALABRIA,CALABRIA,SUD
454442930458915501,COMUNE DI GIOIA SANNITICA,CASERTA,CAMPANIA,SUD
454442930539269601,COMUNE DI VERRONE,BIELLA,PIEMONTE,NORD-OVEST
454842930525563501,COMUNE DI VALGUARNERA CAROPEPE,ENNA,SICILIA,ISOLE
454942930543521201,COMUNE DI GIULIANOVA,TERAMO,ABRUZZO,SUD
455042930478737701,COMUNE DI VEZZA D'OGLIO,BRESCIA,LOMBARDIA,NORD-OVEST
455042930544365902,COMUNE DI CASTEL SAN PIETRO TERME,BOLOGNA,EMILIA-ROMAGNA,NORD-EST
455142930449806501,COMUNE DI RICCO' DEL GOLFO DI SPEZIA,LA SPEZIA,LIGURIA,NORD-OVEST
455142930473987601,COMUNE DI OCCHIEPPO INFERIORE,BIELLA,PIEMONTE,NORD-OVEST
455142930475151802,COMUNE DI LEIVI,GENOVA,LIGURIA,NORD-OVEST
455142930517384102,COMUNE DI CIS,TRENTO,TRENTINO-ALTO ADIGE/SÜDTIROL,NORD-EST
455242930508988402,COMUNE DI BORUTTA,SASSARI,SARDEGNA,ISOLE
455242930525565202,COMUNE DI MASSINO VISCONTI,NOVARA,PIEMONTE,NORD-OVEST
455542930543803602,COMUNE DI MAGGIORA,NOVARA,PIEMONTE,NORD-OVEST
455642930534616002,COMUNE DI FRESAGRANDINARIA,CHIETI,ABRUZZO,SUD
455742930464265902,COMUNE DI PONTENURE,PIACENZA,EMILIA-ROMAGNA,NORD-EST
455842928153642502,COMUNE DI ANTEY-SAINT-ANDRE',VALLE D'AOSTA/VALLÉE D'AOSTE,VALLE D'AOSTA/VALLÉE D'AOSTE,NORD-OVEST
455842929927453401,COMUNE DI MARCIANA,LIVORNO,TOSCANA,CENTRO
455942930543789701,COMUNE DI FORCOLA,SONDRIO,LOMBARDIA,NORD-OVEST
456042930456447502,COMUNE DI MONTALENGHE,TORINO,PIEMONTE,NORD-OVEST
456242929514231701,COMUNE DI MILAZZO,MESSINA,SICILIA,ISOLE
456342930536247302,COMUNE DI VIOLA,CUNEO,PIEMONTE,NORD-OVEST
456342930544849801,COMUNE DI GUARDA VENETA,ROVIGO,VENETO,NORD-EST
456442930460584501,COMUNE DI BASSIANO,LATINA,LAZIO,CENTRO
456542930453086802,COMUNE DI FRASSINETO PO,ALESSANDRIA,PIEMONTE,NORD-OVEST
456542930535531102,COMUNE DI VILLANOVA D'ARDENGHI,PAVIA,LOMBARDIA,NORD-OVEST
456742929213571201,COMUNE DI CECCANO,FROSINONE,LAZIO,CENTRO
456842930461438101,COMUNE DI CENE,BERGAMO,LOMBARDIA,NORD-OVEST
456842930477211101,COMUNE DI MARENO DI PIAVE,TREVISO,VENETO,NORD-EST
457142930456083901,COMUNE DI PEGLIO,COMO,LOMBARDIA,NORD-OVEST
457142930456139802,COMUNE DI PESCHIERA DEL GARDA,VERONA,VENETO,NORD-EST
457142930525741002,COMUNE DI VALLE CASTELLANA,TERAMO,ABRUZZO,SUD
457242930460414301,COMUNE DI BARI SARDO,NUORO,SARDEGNA,ISOLE
457542930525267002,COMUNE DI MONTECCHIO MAGGIORE,VICENZA,VENETO,NORD-EST
457742930540380202,COMUNE DI REZZAGO,COMO,LOMBARDIA,NORD-OVEST
457842930454640301,COMUNE DI MODOLO,ORISTANO,SARDEGNA,ISOLE
457842930539063701,COMUNE DI SESSAME,ASTI,PIEMONTE,NORD-OVEST
457942930459386202,COMUNE DI BORCA DI CADORE,BELLUNO,VENETO,NORD-EST
457942930474542201,COMUNE DI TURBIGO,MILANO,LOMBARDIA,NORD-OVEST
457942930531665701,COMUNE DI CARMIGNANO,PRATO,TOSCANA,CENTRO
458042930542087302,COMUNE DI MOIO ALCANTARA,MESSINA,SICILIA,ISOLE
458142930478821701,COMUNE DI SANT'AGATA DI PUGLIA,FOGGIA,PUGLIA,SUD
458242930524238502,COMUNE DI MONCRIVELLO,VERCELLI,PIEMONTE,NORD-OVEST
458342930515579901,COMUNE DI BORE,PARMA,EMILIA-ROMAGNA,NORD-EST
458442930457513502,COMUNE DI NEIVE,CUNEO,PIEMONTE,NORD-OVEST
458542930454771202,COMUNE DI VIGOLZONE,PIACENZA,EMILIA-ROMAGNA,NORD-EST
458842929605961902,COMUNE DI PADERNO D'ADDA,LECCO,LOMBARDIA,NORD-OVEST
458842930456663701,COMUNE DI MONTEVARCHI,AREZZO,TOSCANA,CENTRO
459042930546001801,COMUNE DI SASSO MARCONI,BOLOGNA,EMILIA-ROMAGNA,NORD-EST
459142930463034701,COMUNE DI CORSANO,LECCE,PUGLIA,SUD
459242930454477302,COMUNE DI DOLCEDO,IMPERIA,LIGURIA,NORD-OVEST
459242930516648702,COMUNE DI GROSSETO,GROSSETO,TOSCANA,CENTRO
459442930468001301,COMUNE DI SAN MARTINO DEL LAGO,CREMONA,LOMBARDIA,NORD-OVEST
459542930463913602,COMUNE DI POLPENAZZE DEL GARDA,BRESCIA,LOMBARDIA,NORD-OVEST
459742930530104301,COMUNE DI CASTEL SAN GIORGIO,SALERNO,CAMPANIA,SUD
459742930534620601,COMUNE DI BOSNASCO,PAVIA,LOMBARDIA,NORD-OVEST
459842930469084801,COMUNE DI SANT'ARPINO,CASERTA,CAMPANIA,SUD
459842930475160701,COMUNE DI MONTELAPIANO,CHIETI,ABRUZZO,SUD
459842930477617001,COMUNE DI PRAMOLLO,TORINO,PIEMONTE,NORD-OVEST
459842930509910101,COMUNE DI ANTEGNATE,BERGAMO,LOMBARDIA,NORD-OVEST
459842930526608101,COMUNE DI OSTRA VETERE,ANCONA,MARCHE,CENTRO
461142930540984802,COMUNE DI OFFIDA,ASCOLI PICENO,MARCHE,CENTRO
461242930531454902,COMUNE DI CUSTONACI,TRAPANI,SICILIA,ISOLE
461242930532147401,COMUNE DI OPPEANO,VERONA,VENETO,NORD-EST
461442928235811802,COMUNE DI BRUZOLO,TORINO,PIEMONTE,NORD-OVEST
461742930456999102,COMUNE DI RODDINO,CUNEO,PIEMONTE,NORD-OVEST
461742930519807502,COMUNE DI LUGO DI VICENZA,VICENZA,VENETO,NORD-EST
461742930549960301,COMUNE DI ROVEGNO,GENOVA,LIGURIA,NORD-OVEST
461842929550832801,COMUNE DI ASSO,COMO,LOMBARDIA,NORD-OVEST
461842930455301401,COMUNE DI SOCCHIEVE,UDINE,FRIULI-VENEZIA GIULIA,NORD-EST
462042930475984002,COMUNE DI PADRIA,SASSARI,SARDEGNA,ISOLE
462342927979813301,COMUNE DI ARIGNANO,TORINO,PIEMONTE,NORD-OVEST
462342928855343602,COMUNE DI EBOLI,SALERNO,CAMPANIA,SUD
462442930516228901,COMUNE DI FRATTE ROSA,PESARO E URBINO,MARCHE,CENTRO
462542930518806401,COMUNE DI CURINGA,CATANZARO,CALABRIA,SUD
462742930459340401,COMUNE DI VARMO,UDINE,FRIULI-VENEZIA GIULIA,NORD-EST
462742930542168801,COMUNE DI JOVENCAN,VALLE D'AOSTA/VALLÉE D'AOSTE,VALLE D'AOSTA/VALLÉE D'AOSTE,NORD-OVEST
462842930525650701,COMUNE DI SOMMARIVA PERNO,CUNEO,PIEMONTE,NORD-OVEST
463042930545892301,COMUNE DI MONTEGALDELLA,VICENZA,VENETO,NORD-EST
463242930452818801,COMUNE DI GORIZIA,GORIZIA,FRIULI-VENEZIA GIULIA,NORD-EST
463242930517357101,COMUNE DI CHIEUTI,FOGGIA,PUGLIA,SUD
463242930541785001,COMUNE DI SAMO,REGGIO DI CALABRIA,CALABRIA,SUD
463342928232635702,COMUNE DI BARZIO,LECCO,LOMBARDIA,NORD-OVEST
463342930449213002,COMUNE DI SAN PIETRO IN LAMA,LECCE,PUGLIA,SUD
463342930478795301,COMUNE DI SAN LORENZO NUOVO,VITERBO,LAZIO,CENTRO
463342930545461902,COMUNE DI LA LOGGIA,TORINO,PIEMONTE,NORD-OVEST
463442930549415502,COMUNE DI RIVOLI,TORINO,PIEMONTE,NORD-OVEST
463542928021859501,COMUNE DI BRISIGHELLA,RAVENNA,EMILIA-ROMAGNA,NORD-EST
463542928932642301,COMUNE DI DOMICELLA,AVELLINO,CAMPANIA,SUD
463542930142380002,COMUNE DI MONTECALVO VERSIGGIA,PAVIA,LOMBARDIA,NORD-OVEST
463542930468513501,COMUNE DI VAIE,TORINO,PIEMONTE,NORD-OVEST
463542930515915102,COMUNE DI COGOLETO,GENOVA,LIGURIA,NORD-OVEST
463742930457863702,COMUNE DI VIGO DI CADORE,BELLUNO,VENETO,NORD-EST
463842928091046702,COMUNE DI COVO,BERGAMO,LOMBARDIA,NORD-OVEST
463942928119476901,COMUNE DI CRESSA,NOVARA,PIEMONTE,NORD-OVEST
463942929331512802,COMUNE DI ESINE,BRESCIA,LOMBARDIA,NORD-OVEST
463942930540578001,COMUNE DI MARIANO DEL FRIULI,GORIZIA,FRIULI-VENEZIA GIULIA,NORD-EST
464242930478339501,COMUNE DI VALLI DEL PASUBIO,VICENZA,VENETO,NORD-EST
464442930451305101,COMUNE DI PALMA DI MONTECHIARO,AGRIGENTO,SICILIA,ISOLE
464742928878383001,COMUNE DI CASALBORGONE,TORINO,PIEMONTE,NORD-OVEST
464842928168330801,COMUNE DI AGRIGENTO,AGRIGENTO,SICILIA,ISOLE
464942930458282102,COMUNE DI RADDUSA,CATANIA,SICILIA,ISOLE
465042930548323001,COMUNE DI VERRETTO,PAVIA,LOMBARDIA,NORD-OVEST
465142930459723502,COMUNE DI CIMONE,TRENTO,TRENTINO-ALTO ADIGE/SÜDTIROL,NORD-EST
465242930476132702,COMUNE DI LUNANO,PESARO E URBINO,MARCHE,CENTRO
465342930534731001,COMUNE DI VENETICO,MESSINA,SICILIA,ISOLE
465442930525456901,COMUNE DI MONTEFINO,TERAMO,ABRUZZO,SUD
465442930545557502,COMUNE DI MAGLIOLO,SAVONA,LIGURIA,NORD-OVEST
465742930536585001,COMUNE DI STAITI,REGGIO DI CALABRIA,CALABRIA,SUD
465842930460001301,COMUNE DI CARNAGO,VARESE,LOMBARDIA,NORD-OVEST
465842930528454901,COMUNE DI OCRE,L'AQUILA,ABRUZZO,SUD
466042928166732401,COMUNE DI ALCARA LI FUSI,MESSINA,SICILIA,ISOLE
466142930526490301,COMUNE DI PALMI,REGGIO DI CALABRIA,CALABRIA,SUD
466242930455505001,COMUNE DI VIESTE,FOGGIA,PUGLIA,SUD
466242930525743701,COMUNE DI GORGOGLIONE,MATERA,BASILICATA,SUD
466342930457832802,COMUNE DI ROCCASECCA,FROSINONE,LAZIO,CENTRO
466342930461729302,COMUNE DI BOMPENSIERE,CALTANISSETTA,SICILIA,ISOLE
466542930519226202,COMUNE DI MONTEMITRO,CAMPOBASSO,MOLISE,SUD
466642930524025601,COMUNE DI NUXIS,SUD SARDEGNA,SARDEGNA,ISOLE
466642930525797101,COMUNE DI TRECENTA,ROVIGO,VENETO,NORD-EST
466842930545666201,COMUNE DI SANT'ALESSIO CON VIALONE,PAVIA,LOMBARDIA,NORD-OVEST
466942930458474701,COMUNE DI RIOLO TERME,RAVENNA,EMILIA-ROMAGNA,NORD-EST
467042930458964601,COMUNE DI SAN MAURO MARCHESATO,CROTONE,CALABRIA,SUD
467042930546302601,COMUNE DI GUARCINO,FROSINONE,LAZIO,CENTRO
467142928570715002,COMUNE DI CUTROFIANO,LECCE,PUGLIA,SUD
467142930529166402,COMUNE DI SORICO,COMO,LOMBARDIA,NORD-OVEST
467142930541650701,COMUNE DI GARDONE RIVIERA,BRESCIA,LOMBARDIA,NORD-OVEST
467142930542033202,COMUNE DI MOGORELLA,ORISTANO,SARDEGNA,ISOLE
467142930549650102,COMUNE DI RIPI,FROSINONE,LAZIO,CENTRO
467542930544167502,COMUNE DI SETTIMO SAN PIETRO,CAGLIARI,SARDEGNA,ISOLE
467642930475072302,COMUNE DI BADALUCCO,IMPERIA,LIGURIA,NORD-OVEST
468042930449809502,COMUNE DI RIALTO,SAVONA,LIGURIA,NORD-OVEST
468042930473361702,COMUNE DI SANT'ANGELO A CUPOLO,BENEVENTO,CAMPANIA,SUD
468042930474736401,COMUNE DI NETRO,BIELLA,PIEMONTE,NORD-OVEST
468042930518820101,COMUNE DI ESPORLATU,SASSARI,SARDEGNA,ISOLE
468042930529448601,COMUNE DI GRUMOLO DELLE ABBADESSE,VICENZA,VENETO,NORD-EST
468242930509685501,COMUNE DI CESANA BRIANZA,LECCO,LOMBARDIA,NORD-OVEST
468342930448583102,COMUNE DI MONACILIONI,CAMPOBASSO,MOLISE,SUD
468442930460274501,COMUNE DI BUSNAGO,MONZA E DELLA BRIANZA,LOMBARDIA,NORD-OVEST
468442930474428202,COMUNE DI TURRI,SUD SARDEGNA,SARDEGNA,ISOLE
468642928800830101,COMUNE DI COLLAZZONE,PERUGIA,UMBRIA,CENTRO
468742929127193901,COMUNE DI MONTERONI D'ARBIA,SIENA,TOSCANA,CENTRO
468942930461994101,COMUNE DI ATELETA,L'AQUILA,ABRUZZO,SUD
468942930529548902,COMUNE DI VOLPARA,PAVIA,LOMBARDIA,NORD-OVEST
469142930479823702,COMUNE DI POGGIO MOIANO,RIETI,LAZIO,CENTRO
469142930532768202,COMUNE DI CAGLIO,COMO,LOMBARDIA,NORD-OVEST
469242930456536202,COMUNE DI MAMOIADA,NUORO,SARDEGNA,ISOLE
469242930464238102,COMUNE DI TRAONA,SONDRIO,LOMBARDIA,NORD-OVEST
469342930460128602,COMUNE DI CURA CARPIGNANO,PAVIA,LOMBARDIA,NORD-OVEST
469442930476395602,COMUNE DI LALLIO,BERGAMO,LOMBARDIA,NORD-OVEST
469442930477083301,COMUNE DI OSPEDALETTO,TRENTO,TRENTINO-ALTO ADIGE/SÜDTIROL,NORD-EST
469542930534434102,COMUNE DI BOSCONERO,TORINO,PIEMONTE,NORD-OVEST
469542930541619202,COMUNE DI GUARDIA PERTICARA,POTENZA,BASILICATA,SUD
469642930530191302,COMUNE DI SANNAZZARO DE' BURGONDI,PAVIA,LOMBARDIA,NORD-OVEST
469742930465097501,COMUNE DI BESENZONE,PIACENZA,EMILIA-ROMAGNA,NORD-EST
469742930471751402,COMUNE DI VILLAMAR,SUD SARDEGNA,SARDEGNA,ISOLE
469742930524778402,COMUNE DI RHEMES-SAINT-GEORGES,VALLE D'AOSTA/VALLÉE D'AOSTE,VALLE D'AOSTA/VALLÉE D'AOSTE,NORD-OVEST
469842930547519201,COMUNE DI SARTEANO,SIENA,TOSCANA,CENTRO
471142930475783801,COMUNE DI CIVITELLA CASANOVA,PESCARA,ABRUZZO,SUD
471142930508056702,COMUNE DI BRENTINO BELLUNO,VERONA,VENETO,NORD-EST
471242928890508701,COMUNE DI FALCONE,MESSINA,SICILIA,ISOLE
471242930517623201,COMUNE DI BRIENZA,POTENZA,BASILICATA,SUD
471442930519177702,COMUNE DI ORUNE,NUORO,SARDEGNA,ISOLE
471442930532511302,COMUNE DI ALMENNO SAN SALVATORE,BERGAMO,LOMBARDIA,NORD-OVEST
471642929346172602,COMUNE DI FIRENZUOLA,FIRENZE,TOSCANA,CENTRO
471642930518281602,COMUNE DI ISOLA DEL PIANO,PESARO E URBINO,MARCHE,CENTRO
471642930530253501,COMUNE DI CARNATE,MONZA E DELLA BRIANZA,LOMBARDIA,NORD-OVEST
471742930459609601,COMUNE DI CIRCELLO,BENEVENTO,CAMPANIA,SUD
471942930509142702,COMUNE DI CARDITO,NAPOLI,CAMPANIA,SUD
471942930548031302,COMUNE DI USELLUS,ORISTANO,SARDEGNA,ISOLE
472042930464677601,COMUNE DI SANTA GIUSTINA,BELLUNO,VENETO,NORD-EST
472142930468182101,COMUNE DI VAGLIO SERRA,ASTI,PIEMONTE,NORD-OVEST
472142930475906602,COMUNE DI PREMILCUORE,FORLI'-CESENA,EMILIA-ROMAGNA,NORD-EST
472142930518773901,COMUNE DI CADEO,PIACENZA,EMILIA-ROMAGNA,NORD-EST
472142930532073701,COMUNE DI SAN GIOVANNI IN CROCE,CREMONA,LOMBARDIA,NORD-OVEST
472242930480688601,COMUNE DI SADALI,SUD SARDEGNA,SARDEGNA,ISOLE
472442929189265702,COMUNE DI CAMPO DI TRENS,BOLZANO/BOZEN,TRENTINO-ALTO ADIGE/SÜDTIROL,NORD-EST
472442930516125302,COMUNE DI NURACHI,ORISTANO,SARDEGNA,ISOLE
472442930526224901,COMUNE DI LESINA,FOGGIA,PUGLIA,SUD
472442930533753802,COMUNE DI AGGIUS,SASSARI,SARDEGNA,ISOLE
472542930523904701,COMUNE DI RIVALBA,TORINO,PIEMONTE,NORD-OVEST
472542930528826501,COMUNE DI TERRUGGIA,ALESSANDRIA,PIEMONTE,NORD-OVEST
472742930528923302,COMUNE DI MALITO,COSENZA,CALABRIA,SUD
472842930524195801,COMUNE DI LIPARI,MESSINA,SICILIA,ISOLE
472842930529543301,COMUNE DI BUGGERRU,SUD SARDEGNA,SARDEGNA,ISOLE
472842930533150401,COMUNE DI ORA,BOLZANO/BOZEN,TRENTINO-ALTO ADIGE/SÜDTIROL,NORD-EST
472942930480232901,COMUNE DI RENDE,COSENZA,CALABRIA,SUD
472942930525044502,COMUNE DI TORRE SANTA SUSANNA,BRINDISI,PUGLIA,SUD
473042930452072501,COMUNE DI VALLATA,AVELLINO,CAMPANIA,SUD
473142930458053402,COMUNE DI MONASTEROLO DEL CASTELLO,BERGAMO,LOMBARDIA,NORD-OVEST
473142930532079502,COMUNE DI CUGGIONO,MILANO,LOMBARDIA,NORD-OVEST
473642929189480701,COMUNE DI INGRIA,TORINO,PIEMONTE,NORD-OVEST
473742930453944302,COMUNE DI MERCENASCO,TORINO,PIEMONTE,NORD-OVEST
473742930525907602,COMUNE DI SAMBUCA DI SICILIA,AGRIGENTO,SICILIA,ISOLE
474042930462750101,COMUNE DI ALME',BERGAMO,LOMBARDIA,NORD-OVEST
474142930476260601,COMUNE DI FIESSO D'ARTICO,VENEZIA,VENETO,NORD-EST
474142930545496402,COMUNE DI LA MORRA,CUNEO,PIEMONTE,NORD-OVEST
474242928759826901,COMUNE DI INARZO,VARESE,LOMBARDIA,NORD-OVEST
474342927929265602,COMUNE DI CAMERI,NOVARA,PIEMONTE,NORD-OVEST
474442930463813901,COMUNE DI CITTA' DI CASTELLO,PERUGIA,UMBRIA,CENTRO
474742928592599302,COMUNE DI CANDIDONI,REGGIO DI CALABRIA,CALABRIA,SUD
474742930523946102,COMUNE DI PONTI SUL MINCIO,MANTOVA,LOMBARDIA,NORD-OVEST
474742930545769002,COMUNE DI MONTEGIORDANO,COSENZA,CALABRIA,SUD
474942930448140102,COMUNE DI SERLE,BRESCIA,LOMBARDIA,NORD-OVEST
474942930480281202,COMUNE DI SANT'ILARIO DELLO IONIO,REGGIO DI CALABRIA,CALABRIA,SUD
474942930522669201,COMUNE DI NOLE,TORINO,PIEMONTE,NORD-OVEST
475042930549926102,COMUNE DI SAN MARZANO SUL SARNO,SALERNO,CAMPANIA,SUD
475142930465272501,COMUNE DI CANNARA,PERUGIA,UMBRIA,CENTRO
475142930527132602,COMUNE DI SOSSANO,VICENZA,VENETO,NORD-EST
475342930533480402,COMUNE DI ALBAGIARA,ORISTANO,SARDEGNA,ISOLE
475342930545136301,COMUNE DI SANT'ANGELO DEI LOMBARDI,AVELLINO,CAMPANIA,SUD
475442930472575302,COMUNE DI MORRO REATINO,RIETI,LAZIO,CENTRO
475742930461738401,COMUNE DI PARATICO,BRESCIA,LOMBARDIA,NORD-OVEST
475942930516528102,COMUNE DI CERTALDO,FIRENZE,TOSCANA,CENTRO
476142930470075602,COMUNE DI VILLAGA,VICENZA,VENETO,NORD-EST
476142930475967801,COMUNE DI CELLE DI BULGHERIA,SALERNO,CAMPANIA,SUD
476142930527268702,COMUNE DI CURCURIS,ORISTANO,SARDEGNA,ISOLE
476242930528458102,COMUNE DI PREGANZIOL,TREVISO,VENETO,NORD-EST
476342930515666102,COMUNE DI CAMPAGNOLA EMILIA,REGGIO NELL'EMILIA,EMILIA-ROMAGNA,NORD-EST
476342930519796601,COMUNE DI CALOPEZZATI,COSENZA,CALABRIA,SUD
476442928043634301,COMUNE DI BOSARO,ROVIGO,VENETO,NORD-EST
476442930537266702,COMUNE DI VILLALFONSINA,CHIETI,ABRUZZO,SUD
476542930460255501,COMUNE DI CARPI,MODENA,EMILIA-ROMAGNA,NORD-EST
476542930469712102,COMUNE DI ZIANO PIACENTINO,PIACENZA,EMILIA-ROMAGNA,NORD-EST
476642930454569401,COMUNE DI LUNGRO,COSENZA,CALABRIA,SUD
476642930543979702,COMUNE DI LAMPEDUSA E LINOSA,AGRIGENTO,SICILIA,ISOLE
476742930465546201,COMUNE DI SAN GIORGIO A LIRI,FROSINONE,LAZIO,CENTRO
476942930455668701,COMUNE DI ORNAGO,MONZA E DELLA BRIANZA,LOMBARDIA,NORD-OVEST
476942930460860902,COMUNE DI APPIANO SULLA STRADA DEL VINO,BOLZANO/BOZEN,TRENTINO-ALTO ADIGE/SÜDTIROL,NORD-EST
476942930540885102,COMUNE DI VILLENEUVE,VALLE D'AOSTA/VALLÉE D'AOSTE,VALLE D'AOSTA/VALLÉE D'AOSTE,NORD-OVEST
477042930542571901,COMUNE DI MOSCHIANO,AVELLINO,CAMPANIA,SUD
477242930476480602,COMUNE DI MAGLIANO ROMANO,ROMA,LAZIO,CENTRO
477342930525142301,COMUNE DI POGNANA LARIO,COMO,LOMBARDIA,NORD-OVEST
477342930528510302,COMUNE DI RIPALTA CREMASCA,CREMONA,LOMBARDIA,NORD-OVEST
477442930476772902,COMUNE DI TAVERNOLA BERGAMASCA,BERGAMO,LOMBARDIA,NORD-OVEST
477542927917445902,COMUNE DI BEDERO VALCUVIA,VARESE,LOMBARDIA,NORD-OVEST
477542930455038201,COMUNE DI TREPUZZI,LECCE,PUGLIA,SUD
478042929000168302,COMUNE DI CALASCA-CASTIGLIONE,VERBANO-CUSIO-OSSOLA,PIEMONTE,NORD-OVEST
478142928664127601,COMUNE DI CARIATI,COSENZA,CALABRIA,SUD
478142930455427601,COMUNE DI MONTAGANO,CAMPOBASSO,MOLISE,SUD
478142930524314602,COMUNE DI VARANO DE' MELEGARI,PARMA,EMILIA-ROMAGNA,NORD-EST
478242929417495501,COMUNE DI ERCHIE,BRINDISI,PUGLIA,SUD
478542930459497102,COMUNE DI TORRE DE' ROVERI,BERGAMO,LOMBARDIA,NORD-OVEST
478642930509156802,COMUNE DI CARDETO,REGGIO DI CALABRIA,CALABRIA,SUD
478742930520008402,COMUNE DI MARMORA,CUNEO,PIEMONTE,NORD-OVEST
478842930456813102,COMUNE DI MALESCO,VERBANO-CUSIO-OSSOLA,PIEMONTE,NORD-OVEST
478842930539445902,COMUNE DI PONTEBBA,UDINE,FRIULI-VENEZIA GIULIA,NORD-EST
479042929762446002,COMUNE DI GORDONA,SONDRIO,LOMBARDIA,NORD-OVEST
479142930544767301,COMUNE DI TULA,SASSARI,SARDEGNA,ISOLE
479242928592717301,COMUNE DI BRESSO,MILANO,LOMBARDIA,NORD-OVEST
479242930531187502,COMUNE DI CHIUSA DI SAN MICHELE,TORINO,PIEMONTE,NORD-OVEST
479342930540753401,COMUNE DI VOBARNO,BRESCIA,LOMBARDIA,NORD-OVEST
479542930517473801,COMUNE DI CASALGRASSO,CUNEO,PIEMONTE,NORD-OVEST
479542930544388701,COMUNE DI ROVERCHIARA,VERONA,VENETO,NORD-EST
479642929056654202,COMUNE DI CAMPOBELLO DI MAZARA,TRAPANI,SICILIA,ISOLE
479642930474220501,COMUNE DI PIETRAPERZIA,ENNA,SICILIA,ISOLE
481142930475809902,COMUNE DI GRONTARDO,CREMONA,LOMBARDIA,NORD-OVEST
481242929456826602,COMUNE DI NOVE,VICENZA,VENETO,NORD-EST
481242930451908901,COMUNE DI OLZAI,NUORO,SARDEGNA,ISOLE
481242930531757002,COMUNE DI CALCO,LECCO,LOMBARDIA,NORD-OVEST
481342930459210702,COMUNE DI PISCINAS,SUD SARDEGNA,SARDEGNA,ISOLE
481442929372930702,COMUNE DI CODIGORO,FERRARA,EMILIA-ROMAGNA,NORD-EST
481442930520024901,COMUNE DI SANTO STEFANO TICINO,MILANO,LOMBARDIA,NORD-OVEST
481542930531340702,COMUNE DI VARCO SABINO,RIETI,LAZIO,CENTRO
481642928135551001,COMUNE DI ANZANO DEL PARCO,COMO,LOMBARDIA,NORD-OVEST
481642928988313701,COMUNE DI CASTELNUOVO CILENTO,SALERNO,CAMPANIA,SUD
481842928748805202,COMUNE DI LORANZE',TORINO,PIEMONTE,NORD-OVEST
481842930453811401,COMUNE DI MORES,SASSARI,SARDEGNA,ISOLE
482542930460807101,COMUNE DI CASAPROTA,RIETI,LAZIO,CENTRO
482642930450734601,COMUNE DI TORRESINA,CUNEO,PIEMONTE,NORD-OVEST
482642930452915102,COMUNE DI TORREBELVICINO,VICENZA,VENETO,NORD-EST
482642930549279601,COMUNE DI POMPONESCO,MANTOVA,LOMBARDIA,NORD-OVEST
482742930509292102,COMUNE DI CALTO,ROVIGO,VENETO,NORD-EST
482742930542291101,COMUNE DI MORTARA,PAVIA,LOMBARDIA,NORD-OVEST
482842928210538302,COMUNE DI ACI SANT'ANTONIO,CATANIA,SICILIA,ISOLE
483042929346456101,COMUNE DI CAINO,BRESCIA,LOMBARDIA,NORD-OVEST
483142930461766602,COMUNE DI CALCIO,BERGAMO,LOMBARDIA,NORD-OVEST
483142930477796401,COMUNE DI CASELLE LURANI,LODI,LOMBARDIA,NORD-OVEST
483342930462087002,COMUNE DI CHALLAND-SAINT-VICTOR,VALLE D'AOSTA/VALLÉE D'AOSTE,VALLE D'AOSTA/VALLÉE D'AOSTE,NORD-OVEST
483342930545459401,COMUNE DI RIVALTA BORMIDA,ALESSANDRIA,PIEMONTE,NORD-OVEST
483442930464676302,COMUNE DI ANDORA,SAVONA,LIGURIA,NORD-OVEST
483442930474998302,COMUNE DI FORIO,NAPOLI,CAMPANIA,SUD
483442930545936002,COMUNE DI LODE',NUORO,SARDEGNA,ISOLE
483542930480032801,COMUNE DI RIPOSTO,CATANIA,SICILIA,ISOLE
483642930475599001,COMUNE DI CASTEL SAN PIETRO ROMANO,ROMA,LAZIO,CENTRO
483742930523610901,COMUNE DI MONTEROSSO ALMO,RAGUSA,SICILIA,ISOLE
483842930469690901,COMUNE DI SANTA MARIA NUOVA,ANCONA,MARCHE,CENTRO
484042930520073202,COMUNE DI TASSAROLO,ALESSANDRIA,PIEMONTE,NORD-OVEST
484142928135303102,COMUNE DI AIELLO DEL FRIULI,UDINE,FRIULI-VENEZIA GIULIA,NORD-EST
484142930463468802,COMUNE DI MONTECOSARO,MACERATA,MARCHE,CENTRO
484142930528446901,COMUNE DI PRESEZZO,BERGAMO,LOMBARDIA,NORD-OVEST
484342930479147702,COMUNE DI VERDUNO,CUNEO,PIEMONTE,NORD-OVEST
484342930531945101,COMUNE DI CALDAROLA,MACERATA,MARCHE,CENTRO
484342930533303902,COMUNE DI MONTECRESTESE,VERBANO-CUSIO-OSSOLA,PIEMONTE,NORD-OVEST
484342930543059601,COMUNE DI SINDIA,NUORO,SARDEGNA,ISOLE
484542928130607802,COMUNE DI AGROPOLI,SALERNO,CAMPANIA,SUD
484542929606003201,COMUNE DI SAN GIORGIO SCARAMPI,ASTI,PIEMONTE,NORD-OVEST
484542930539665602,COMUNE DI VALFLORIANA,TRENTO,TRENTINO-ALTO ADIGE/SÜDTIROL,NORD-EST
484842930465435302,COMUNE DI SAN GIORGIO IONICO,TARANTO,PUGLIA,SUD
485142930531284002,COMUNE DI TRAVERSELLA,TORINO,PIEMONTE,NORD-OVEST
485342930532723502,COMUNE DI CAVEDAGO,TRENTO,TRENTINO-ALTO ADIGE/SÜDTIROL,NORD-EST
485442930518017002,COMUNE DI DRESANO,MILANO,LOMBARDIA,NORD-OVEST
485542930527680002,COMUNE DI NOEPOLI,POTENZA,BASILICATA,SUD
485742930509804102,COMUNE DI ANTERIVO,BOLZANO/BOZEN,TRENTINO-ALTO ADIGE/SÜDTIROL,NORD-EST
485742930524663902,COMUNE DI SAN POLO MATESE,CAMPOBASSO,MOLISE,SUD
485942930543984301,COMUNE DI MANGONE,COSENZA,CALABRIA,SUD
486042928726241301,COMUNE DI CASTELFRANCO IN MISCANO,BENEVENTO,CAMPANIA,SUD
486042930519717701,COMUNE DI PASPARDO,BRESCIA,LOMBARDIA,NORD-OVEST
486042930528603402,COMUNE DI MONTEMAGNO MONFERRATO,ASTI,PIEMONTE,NORD-OVEST
486242930517171402,COMUNE DI GRAVELLONA TOCE,VERBANO-CUSIO-OSSOLA,PIEMONTE,NORD-OVEST
486442930534310301,COMUNE DI ARCO,TRENTO,TRENTINO-ALTO ADIGE/SÜDTIROL,NORD-EST
486542930464426302,COMUNE DI BEDULITA,BERGAMO,LOMBARDIA,NORD-OVEST
486542930515998601,COMUNE DI GIANO DELL'UMBRIA,PERUGIA,UMBRIA,CENTRO
486942930462033301,COMUNE DI RASUN ANTERSELVA,BOLZANO/BOZEN,TRENTINO-ALTO ADIGE/SÜDTIROL,NORD-EST
486942930472886702,COMUNE DI PEIA,BERGAMO,LOMBARDIA,NORD-OVEST
486942930508703401,COMUNE DI APRILIA,LATINA,LAZIO,CENTRO
487042930539321401,COMUNE DI VERTOVA,BERGAMO,LOMBARDIA,NORD-OVEST
487042930550701502,COMUNE DI TORNARECCIO,CHIETI,ABRUZZO,SUD
487142930459698301,COMUNE DI SANTA FLAVIA,PALERMO,SICILIA,ISOLE
487142930510011501,COMUNE DI ACQUASANTA TERME,ASCOLI PICENO,MARCHE,CENTRO
487242930477163901,COMUNE DI PELLEZZANO,SALERNO,CAMPANIA,SUD
487342930526627602,COMUNE DI TALLA,AREZZO,TOSCANA,CENTRO
487542930524247701,COMUNE DI SOLOFRA,AVELLINO,CAMPANIA,SUD
487642929606077601,COMUNE DI PANNARANO,BENEVENTO,CAMPANIA,SUD
488242930530102402,COMUNE DI BAGNO A RIPOLI,FIRENZE,TOSCANA,CENTRO
488442930479218601,COMUNE DI SAN LORENZO AL MARE,IMPERIA,LIGURIA,NORD-OVEST
488542930464707902,COMUNE DI CALTABELLOTTA,AGRIGENTO,SICILIA,ISOLE
488642930527052801,COMUNE DI VIALFRE',TORINO,PIEMONTE,NORD-OVEST
488642930543643901,COMUNE DI OLEVANO DI LOMELLINA,PAVIA,LOMBARDIA,NORD-OVEST
488742930458242901,COMUNE DI LASA,BOLZANO/BOZEN,TRENTINO-ALTO ADIGE/SÜDTIROL,NORD-EST
488842930530153101,COMUNE DI COLLI DEL TRONTO,ASCOLI PICENO,MARCHE,CENTRO
488942930477242701,COMUNE DI OSIO SOPRA,BERGAMO,LOMBARDIA,NORD-OVEST
489042930480486501,COMUNE DI SANREMO,IMPERIA,LIGURIA,NORD-OVEST
489142930460620301,COMUNE DI TRONZANO LAGO MAGGIORE,VARESE,LOMBARDIA,NORD-OVEST
489242930532832001,COMUNE DI ROCCASICURA,ISERNIA,MOLISE,SUD
489342930137664202,COMUNE DI CORVARA IN BADIA,BOLZANO/BOZEN,TRENTINO-ALTO ADIGE/SÜDTIROL,NORD-EST
489442930526872502,COMUNE DI TRONZANO VERCELLESE,VERCELLI,PIEMONTE,NORD-OVEST
489542930456386201,COMUNE DI MAIOLATI SPONTINI,ANCONA,MARCHE,CENTRO
489542930475798102,COMUNE DI LOCATELLO,BERGAMO,LOMBARDIA,NORD-OVEST
489642928042122902,COMUNE DI BARONISSI,SALERNO,CAMPANIA,SUD
489942930465090901,COMUNE DI CARPINETO ROMANO,ROMA,LAZIO,CENTRO
489942930509169701,COMUNE DI BRIONE,BRESCIA,LOMBARDIA,NORD-OVEST
491142930509202201,COMUNE DI CINZANO,TORINO,PIEMONTE,NORD-OVEST
491642930546620901,COMUNE DI GRAFFIGNANO,VITERBO,LAZIO,CENTRO
491642930546647202,COMUNE DI MACHERIO,MONZA E DELLA BRIANZA,LOMBARDIA,NORD-OVEST
491842930510073702,COMUNE DI ALTIVOLE,TREVISO,VENETO,NORD-EST
492442930546128301,COMUNE DI OTRANTO,LECCE,PUGLIA,SUD
492842930316851101,COMUNE DI GARAGUSO,MATERA,BASILICATA,SUD
492942928623687402,COMUNE DI CASTELNUOVO BORMIDA,ALESSANDRIA,PIEMONTE,NORD-OVEST
492942929501728001,COMUNE DI CASTEL GIORGIO,TERNI,UMBRIA,CENTRO
492942930452864802,COMUNE DI TORRE DE' PICENARDI,CREMONA,LOMBARDIA,NORD-OVEST
493042930456094501,COMUNE DI SAMBUCA PISTOIESE,PISTOIA,TOSCANA,CENTRO
493042930526748301,COMUNE DI SERAVEZZA,LUCCA,TOSCANA,CENTRO
493142930475772302,COMUNE DI FILIGHERA,PAVIA,LOMBARDIA,NORD-OVEST
493142930480139801,COMUNE DI ULA' TIRSO,ORISTANO,SARDEGNA,ISOLE
493142930515680001,COMUNE DI TAVAZZANO CON VILLAVESCO,LODI,LOMBARDIA,NORD-OVEST
493142930524205602,COMUNE DI STRADELLA,PAVIA,LOMBARDIA,NORD-OVEST
493242928890484801,COMUNE DI LAGHI,VICENZA,VENETO,NORD-EST
493242929649304202,COMUNE DI GABY,VALLE D'AOSTA/VALLÉE D'AOSTE,VALLE D'AOSTA/VALLÉE D'AOSTE,NORD-OVEST
493242930453365101,COMUNE DI QUARGNENTO,ALESSANDRIA,PIEMONTE,NORD-OVEST
493442930510933301,COMUNE DI ARDARA,SASSARI,SARDEGNA,ISOLE
493842930454422501,COMUNE DI NOCETO,PARMA,EMILIA-ROMAGNA,NORD-EST
493842930458372701,COMUNE DI MOMBAROCCIO,PESARO E URBINO,MARCHE,CENTRO
494042930525265502,COMUNE DI PALOMBARA SABINA,ROMA,LAZIO,CENTRO
494042930533700802,COMUNE DI POLONGHERA,CUNEO,PIEMONTE,NORD-OVEST
494542930520051801,COMUNE DI MANZANO,UDINE,FRIULI-VENEZIA GIULIA,NORD-EST
494542930526270702,COMUNE DI MAZZANO ROMANO,ROMA,LAZIO,CENTRO
494842929189434001,COMUNE DI GESSOPALENA,CHIETI,ABRUZZO,SUD
494842930458101002,COMUNE DI LARCIANO,PISTOIA,TOSCANA,CENTRO
494942930527841402,COMUNE DI PANTELLERIA,TRAPANI,SICILIA,ISOLE
495042930461272602,COMUNE DI CASTELGUIDONE,CHIETI,ABRUZZO,SUD
495242930523127401,COMUNE DI BELLUNO,BELLUNO,VENETO,NORD-EST
495242930543124302,COMUNE DI REFRANCORE,ASTI,PIEMONTE,NORD-OVEST
495342930475809001,COMUNE DI CROGNALETO,TERAMO,ABRUZZO,SUD
495442930462856202,COMUNE DI CAVEDINE,TRENTO,TRENTINO-ALTO ADIGE/SÜDTIROL,NORD-EST
495542930526511702,COMUNE DI PANTIGLIATE,MILANO,LOMBARDIA,NORD-OVEST
495742930516585401,COMUNE DI CASALBORE,AVELLINO,CAMPANIA,SUD
495842930477300401,COMUNE DI LUSERNETTA,TORINO,PIEMONTE,NORD-OVEST
495842930532802501,COMUNE DI ROCCASPARVERA,CUNEO,PIEMONTE,NORD-OVEST
495942930458591402,COMUNE DI ROVERETO,TRENTO,TRENTINO-ALTO ADIGE/SÜDTIROL,NORD-EST
495942930536112302,COMUNE DI VILLACHIARA,BRESCIA,LOMBARDIA,NORD-OVEST
496042930477707602,COMUNE DI SANTA VITTORIA IN MATENANO,FERMO,MARCHE,CENTRO
496142929194472102,COMUNE DI CASANDRINO,NAPOLI,CAMPANIA,SUD
496142930477137102,COMUNE DI OSNAGO,LECCO,LOMBARDIA,NORD-OVEST
496142930536425402,COMUNE DI SQUILLACE,CATANZARO,CALABRIA,SUD
496542930515960801,COMUNE DI GIACCIANO CON BARUCHELLA,ROVIGO,VENETO,NORD-EST
496542930526051401,COMUNE DI POFI,FROSINONE,LAZIO,CENTRO
496642930459468201,COMUNE DI BONVICINO,CUNEO,PIEMONTE,NORD-OVEST
496642930543573801,COMUNE DI MONGUZZO,COMO,LOMBARDIA,NORD-OVEST
496842930471698401,COMUNE DI MORRO D'ALBA,ANCONA,MARCHE,CENTRO
497142929704040602,COMUNE DI MELLO,SONDRIO,LOMBARDIA,NORD-OVEST
497142930458518502,COMUNE DI POVEGLIANO VERONESE,VERONA,VENETO,NORD-EST
497142930465289301,COMUNE DI CAIAZZO,CASERTA,CAMPANIA,SUD
497142930521572401,COMUNE DI PORTO AZZURRO,LIVORNO,TOSCANA,CENTRO
497242930524416802,COMUNE DI PAGNONA,LECCO,LOMBARDIA,NORD-OVEST
497342930545824601,COMUNE DI PATERNO',CATANIA,SICILIA,ISOLE
497442928304094101,COMUNE DI BORGORATTO MORMOROLO,PAVIA,LOMBARDIA,NORD-OVEST
497442930480371302,COMUNE DI PINZOLO,TRENTO,TRENTINO-ALTO ADIGE/SÜDTIROL,NORD-EST
497542930526277002,COMUNE DI MATINO,LECCE,PUGLIA,SUD
497642928726688401,COMUNE DI ARSIE',BELLUNO,VENETO,NORD-EST
497642929013014901,COMUNE DI BANCHETTE,TORINO,PIEMONTE,NORD-OVEST
497942930474576401,COMUNE DI SOLONGHELLO,ALESSANDRIA,PIEMONTE,NORD-OVEST
498142930526916802,COMUNE DI TREQUANDA,SIENA,TOSCANA,CENTRO
498442930448451801,COMUNE DI SANTA MARIA IMBARO,CHIETI,ABRUZZO,SUD
498742930476930701,COMUNE DI FEISOGLIO,CUNEO,PIEMONTE,NORD-OVEST
498742930535870002,COMUNE DI VILLALVERNIA,ALESSANDRIA,PIEMONTE,NORD-OVEST
498942930455821102,COMUNE DI MORCONE,BENEVENTO,CAMPANIA,SUD
498942930509485002,COMUNE DI CASORZO MONFERRATO,ASTI,PIEMONTE,NORD-OVEST
499042930470319801,COMUNE DI PRIMALUNA,LECCO,LOMBARDIA,NORD-OVEST
499142930456531901,COMUNE DI OLIVOLA,ALESSANDRIA,PIEMONTE,NORD-OVEST
499242930548738301,COMUNE DI SERRAVALLE LANGHE,CUNEO,PIEMONTE,NORD-OVEST
499342928759319702,COMUNE DI GUIDIZZOLO,MANTOVA,LOMBARDIA,NORD-OVEST
499342929816166302,COMUNE DI CASTRI DI LECCE,LECCE,PUGLIA,SUD
499442929684697002,COMUNE DI ANGRI,SALERNO,CAMPANIA,SUD
499742930529461601,COMUNE DI SAN MAURO CASTELVERDE,PALERMO,SICILIA,ISOLE
499942928726148601,COMUNE DI GIARDINELLO,PALERMO,SICILIA,ISOLE
499942930478076302,COMUNE DI VERNOLE,LECCE,PUGLIA,SUD
501242930542373002,COMUNE DI NIMIS,UDINE,FRIULI-VENEZIA GIULIA,NORD-EST
501342930530242201,COMUNE DI CISTERNA D'ASTI,ASTI,PIEMONTE,NORD-OVEST
501442928865230702,COMUNE DI ELVA,CUNEO,PIEMONTE,NORD-OVEST
501442929743318701,COMUNE DI GIFFONE,REGGIO DI CALABRIA,CALABRIA,SUD
501942928159244701,COMUNE DI LA MAGDELEINE,VALLE D'AOSTA/VALLÉE D'AOSTE,VALLE D'AOSTA/VALLÉE D'AOSTE,NORD-OVEST
502142930454972402,COMUNE DI VILLA SANTA MARIA,CHIETI,ABRUZZO,SUD
502242930519922101,COMUNE DI MASI TORELLO,FERRARA,EMILIA-ROMAGNA,NORD-EST
502342930462673302,COMUNE DI ALTAMURA,BARI,PUGLIA,SUD
502342930526203701,COMUNE DI VILLATA,VERCELLI,PIEMONTE,NORD-OVEST
502442930518077802,COMUNE DI LACCO AMENO,NAPOLI,CAMPANIA,SUD
502442930530766202,COMUNE DI CHAMBAVE,VALLE D'AOSTA/VALLÉE D'AOSTE,VALLE D'AOSTA/VALLÉE D'AOSTE,NORD-OVEST
502742930470765201,COMUNE DI VALERA FRATTA,LODI,LOMBARDIA,NORD-OVEST
503042929331684901,COMUNE DI CIVIASCO,VERCELLI,PIEMONTE,NORD-OVEST
503142930507893702,COMUNE DI BRUSIMPIANO,VARESE,LOMBARDIA,NORD-OVEST
503342929284336901,COMUNE DI LUISAGO,COMO,LOMBARDIA,NORD-OVEST
503342930510069202,COMUNE DI ALTAVILLA SILENTINA,SALERNO,CAMPANIA,SUD
503442930457501602,COMUNE DI POGGIO SAN LORENZO,RIETI,LAZIO,CENTRO
503442930542795201,COMUNE DI MADIGNANO,CREMONA,LOMBARDIA,NORD-OVEST
503542930544768701,COMUNE DI PONZANO VENETO,TREVISO,VENETO,NORD-EST
503542930548255301,COMUNE DI VELO VERONESE,VERONA,VENETO,NORD-EST
503642930289255802,COMUNE DI MURO LECCESE,LECCE,PUGLIA,SUD
503642930453436801,COMUNE DI SAVOGNA,UDINE,FRIULI-VENEZIA GIULIA,NORD-EST
503642930474418101,COMUNE DI PRATO CARNICO,UDINE,FRIULI-VENEZIA GIULIA,NORD-EST
503742930525386401,COMUNE DI OROTELLI,NUORO,SARDEGNA,ISOLE
503942930478925301,COMUNE DI ZAMBRONE,VIBO VALENTIA,CALABRIA,SUD
503942930528397202,COMUNE DI ROCCAVALDINA,MESSINA,SICILIA,ISOLE
503942930549548401,COMUNE DI SAN FELICE CIRCEO,LATINA,LAZIO,CENTRO
504042930542576202,COMUNE DI VISSO,MACERATA,MARCHE,CENTRO
504142930451421902,COMUNE DI MONTEFIORINO,MODENA,EMILIA-ROMAGNA,NORD-EST
504342930526925301,COMUNE DI OLIVETO CITRA,SALERNO,CAMPANIA,SUD
504642930530044501,COMUNE DI BUSCA,CUNEO,PIEMONTE,NORD-OVEST
504642930538397802,COMUNE DI CESENATICO,FORLI'-CESENA,EMILIA-ROMAGNA,NORD-EST
504842930464703201,COMUNE DI AMANTEA,COSENZA,CALABRIA,SUD
504942930451255101,COMUNE DI VALGRISENCHE,VALLE D'AOSTA/VALLÉE D'AOSTE,VALLE D'AOSTA/VALLÉE D'AOSTE,NORD-OVEST
504942930544768102,COMUNE DI GROSCAVALLO,TORINO,PIEMONTE,NORD-OVEST
505142928247005002,COMUNE DI BARZANA,BERGAMO,LOMBARDIA,NORD-OVEST
505242930517313502,COMUNE DI BARISCIANO,L'AQUILA,ABRUZZO,SUD
505242930543535301,COMUNE DI NETTUNO,ROMA,LAZIO,CENTRO
505342930478257402,COMUNE DI SANTA CRISTINA D'ASPROMONTE,REGGIO DI CALABRIA,CALABRIA,SUD
505342930532382802,COMUNE DI CASTELPOTO,BENEVENTO,CAMPANIA,SUD
505542930457376602,COMUNE DI PIANICO,BERGAMO,LOMBARDIA,NORD-OVEST
505642930531559201,COMUNE DI CUSINO,COMO,LOMBARDIA,NORD-OVEST
505742930454327802,COMUNE DI SERDIANA,SUD SARDEGNA,SARDEGNA,ISOLE
505842930526220202,COMUNE DI MORENGO,BERGAMO,LOMBARDIA,NORD-OVEST
505942930528910001,COMUNE DI VIGNONE,VERBANO-CUSIO-OSSOLA,PIEMONTE,NORD-OVEST
506042929166340601,COMUNE DI LAGOSANTO,FERRARA,EMILIA-ROMAGNA,NORD-EST
506142930545523801,COMUNE DI AZZANO MELLA,BRESCIA,LOMBARDIA,NORD-OVEST
506242930535157402,COMUNE DI SARSINA,FORLI'-CESENA,EMILIA-ROMAGNA,NORD-EST
506442930460633701,COMUNE DI CROSIA,COSENZA,CALABRIA,SUD
506442930463838902,COMUNE DI BIANCAVILLA,CATANIA,SICILIA,ISOLE
506442930519662001,COMUNE DI FAGNANO CASTELLO,COSENZA,CALABRIA,SUD
506442930539820501,COMUNE DI PIGNONE,LA SPEZIA,LIGURIA,NORD-OVEST
506542929012850302,COMUNE DI BALSORANO,L'AQUILA,ABRUZZO,SUD
506642930510412501,COMUNE DI ALBOSAGGIA,SONDRIO,LOMBARDIA,NORD-OVEST
506642930542825801,COMUNE DI SANTA CROCE DI MAGLIANO,CAMPOBASSO,MOLISE,SUD
506742930463954401,COMUNE DI PIEVE EMANUELE,MILANO,LOMBARDIA,NORD-OVEST
506842930476150901,COMUNE DI PAESE,TREVISO,VENETO,NORD-EST
506842930543581002,COMUNE DI PALERMO,PALERMO,SICILIA,ISOLE
506942930473639902,COMUNE DI PANNI,FOGGIA,PUGLIA,SUD
507242930478677602,COMUNE DI PLATI',REGGIO DI CALABRIA,CALABRIA,SUD
507342930452489501,COMUNE DI MONTECHIARO D'ASTI,ASTI,PIEMONTE,NORD-OVEST
507442928025464301,COMUNE DI CARASSAI,ASCOLI PICENO,MARCHE,CENTRO
507442930534261702,COMUNE DI SANTA GIUSTA,ORISTANO,SARDEGNA,ISOLE
507442930538366402,COMUNE DI FORLIMPOPOLI,FORLI'-CESENA,EMILIA-ROMAGNA,NORD-EST
507542930459442602,COMUNE DI BIANZONE,SONDRIO,LOMBARDIA,NORD-OVEST
507542930465039802,COMUNE DI CORTEMILIA,CUNEO,PIEMONTE,NORD-OVEST
507642930462577801,COMUNE DI ALBINO,BERGAMO,LOMBARDIA,NORD-OVEST
507642930475155102,COMUNE DI CERRO TANARO,ASTI,PIEMONTE,NORD-OVEST
507642930539035801,COMUNE DI SARNO,SALERNO,CAMPANIA,SUD
507742930453695202,COMUNE DI MATHI,TORINO,PIEMONTE,NORD-OVEST
507742930476257801,COMUNE DI LUMEZZANE,BRESCIA,LOMBARDIA,NORD-OVEST
507742930522315701,COMUNE DI BORGOMARO,IMPERIA,LIGURIA,NORD-OVEST
507842930477223801,COMUNE DI MARIANA MANTOVANA,MANTOVA,LOMBARDIA,NORD-OVEST
507842930515435302,COMUNE DI CANELLI,ASTI,PIEMONTE,NORD-OVEST
507842930520627202,COMUNE DI MARTIRANO,CATANZARO,CALABRIA,SUD
507942930524452702,COMUNE DI FROSOLONE,ISERNIA,MOLISE,SUD
508042930460964002,COMUNE DI CORLETO PERTICARA,POTENZA,BASILICATA,SUD
508542930520963101,COMUNE DI FONTAINEMORE,VALLE D'AOSTA/VALLÉE D'AOSTE,VALLE D'AOSTA/VALLÉE D'AOSTE,NORD-OVEST
508642930461811801,COMUNE DI BUSSOLENGO,VERONA,VENETO,NORD-EST
508642930477069102,COMUNE DI MARCIGNAGO,PAVIA,LOMBARDIA,NORD-OVEST
508942930526551501,COMUNE DI LEPORANO,TARANTO,PUGLIA,SUD
509042930526340202,COMUNE DI MERCATINO CONCA,PESARO E URBINO,MARCHE,CENTRO
509042930533248102,COMUNE DI NUCETTO,CUNEO,PIEMONTE,NORD-OVEST
509342930474233502,COMUNE DI ROCCAVIVARA,CAMPOBASSO,MOLISE,SUD
509342930516309802,COMUNE DI FORNI DI SOPRA,UDINE,FRIULI-VENEZIA GIULIA,NORD-EST
509542930448255401,COMUNE DI SERINA,BERGAMO,LOMBARDIA,NORD-OVEST
509542930541584802,COMUNE DI GUARDIA PIEMONTESE,COSENZA,CALABRIA,SUD
509542930544989402,COMUNE DI PAGANI,SALERNO,CAMPANIA,SUD
509642928052225901,COMUNE DI CASTAGNOLE MONFERRATO,ASTI,PIEMONTE,NORD-OVEST
509642930450791502,COMUNE DI MEZZANEGO,GENOVA,LIGURIA,NORD-OVEST
509642930520079401,COMUNE DI NURRI,SUD SARDEGNA,SARDEGNA,ISOLE
509842930528199402,COMUNE DI ROCCHETTA TANARO,ASTI,PIEMONTE,NORD-OVEST
509942930458318801,COMUNE DI MALLARE,SAVONA,LIGURIA,NORD-OVEST
509942930516833901,COMUNE DI DOMEGGE DI CADORE,BELLUNO,VENETO,NORD-EST
511242929721432102,COMUNE DI JERAGO CON ORAGO,VARESE,LOMBARDIA,NORD-OVEST
511242930527800702,COMUNE DI FUNES,BOLZANO/BOZEN,TRENTINO-ALTO ADIGE/SÜDTIROL,NORD-EST
511342929613283702,COMUNE DI ORTUERI,NUORO,SARDEGNA,ISOLE
511342930541133801,COMUNE DI OGGIONO,LECCO,LOMBARDIA,NORD-OVEST
511742930476524002,COMUNE DI MAGNAGO,MILANO,LOMBARDIA,NORD-OVEST
511942930549594601,COMUNE DI PIANELLO VAL TIDONE,PIACENZA,EMILIA-ROMAGNA,NORD-EST
512042930474491802,COMUNE DI PADERNA,ALESSANDRIA,PIEMONTE,NORD-OVEST
512142930450743102,COMUNE DI TORRICELLA VERZATE,PAVIA,LOMBARDIA,NORD-OVEST
512142930510216902,COMUNE DI ALAGNA,PAVIA,LOMBARDIA,NORD-OVEST
512242930456751602,COMUNE DI VEGGIANO,PADOVA,VENETO,NORD-EST
512242930517231702,COMUNE DI MONTERENZIO,BOLOGNA,EMILIA-ROMAGNA,NORD-EST
512242930532860401,COMUNE DI CASTELLO D'ARGILE,BOLOGNA,EMILIA-ROMAGNA,NORD-EST
512342930524586101,COMUNE DI FUCECCHIO,FIRENZE,TOSCANA,CENTRO
512442930533583302,COMUNE DI ALIMINUSA,PALERMO,SICILIA,ISOLE
512542930034890302,COMUNE DI AVIGLIANO,POTENZA,BASILICATA,SUD
512542930447428101,COMUNE DI GUARDAVALLE,CATANZARO,CALABRIA,SUD
512542930475376202,COMUNE DI MARTIGNANA DI PO,CREMONA,LOMBARDIA,NORD-OVEST
512642930457716302,COMUNE DI RUTINO,SALERNO,CAMPANIA,SUD
512742930537291401,COMUNE DI ROMENTINO,NOVARA,PIEMONTE,NORD-OVEST
512942930466301102,COMUNE DI VILLONGO,BERGAMO,LOMBARDIA,NORD-OVEST
513042930464313501,COMUNE DI PORTO TORRES,SASSARI,SARDEGNA,ISOLE
513142930464625601,COMUNE DI SFRUZ,TRENTO,TRENTINO-ALTO ADIGE/SÜDTIROL,NORD-EST
513242930478886801,COMUNE DI FONTE NUOVA,ROMA,LAZIO,CENTRO
513242930526360602,COMUNE DI MERI',MESSINA,SICILIA,ISOLE
513342930456017302,COMUNE DI MONTESILVANO,PESCARA,ABRUZZO,SUD
513542930532871401,COMUNE DI CASSOLA,VICENZA,VENETO,NORD-EST
513742929664075601,COMUNE DI GAZZADA SCHIANNO,VARESE,LOMBARDIA,NORD-OVEST
513842930529817001,COMUNE DI ATINA,FROSINONE,LAZIO,CENTRO
513842930547240801,COMUNE DI SANTO STEFANO QUISQUINA,AGRIGENTO,SICILIA,ISOLE
514042930450771701,COMUNE DI SALEMI,TRAPANI,SICILIA,ISOLE
514042930480452202,COMUNE DI SAREGO,VICENZA,VENETO,NORD-EST
514142930543922802,COMUNE DI BLESSAGNO,COMO,LOMBARDIA,NORD-OVEST
514242930474094101,COMUNE DI RONCHI VALSUGANA,TRENTO,TRENTINO-ALTO ADIGE/SÜDTIROL,NORD-EST
514242930529829401,COMUNE DI BIBIANA,TORINO,PIEMONTE,NORD-OVEST
514342928021819501,COMUNE DI AURIGO,IMPERIA,LIGURIA,NORD-OVEST
514342930516646901,COMUNE DI COMACCHIO,FERRARA,EMILIA-ROMAGNA,NORD-EST
514342930544960202,COMUNE DI CERRINA MONFERRATO,ALESSANDRIA,PIEMONTE,NORD-OVEST
514342930547228702,COMUNE DI VELLETRI,ROMA,LAZIO,CENTRO
514442930477650702,COMUNE DI ERACLEA,VENEZIA,VENETO,NORD-EST
514642930517490501,COMUNE DI CASTELL'ARQUATO,PIACENZA,EMILIA-ROMAGNA,NORD-EST
514942930450840302,COMUNE DI TRIESTE,TRIESTE,FRIULI-VENEZIA GIULIA,NORD-EST
515042930519916902,COMUNE DI MARACALAGONIS,CAGLIARI,SARDEGNA,ISOLE
515042930548602902,COMUNE DI SAN VERO MILIS,ORISTANO,SARDEGNA,ISOLE
515142930476508902,COMUNE DI MONTEBELLO JONICO,REGGIO DI CALABRIA,CALABRIA,SUD
515242930464587302,COMUNE DI AMARONI,CATANZARO,CALABRIA,SUD
515442930527986401,COMUNE DI NOTO,SIRACUSA,SICILIA,ISOLE
515542930461758002,COMUNE DI BOMARZO,VITERBO,LAZIO,CENTRO
515542930522168902,COMUNE DI BOVILLE ERNICA,FROSINONE,LAZIO,CENTRO
515642930516671402,COMUNE DI DOLO,VENEZIA,VENETO,NORD-EST
515642930545201102,COMUNE DI SANT'ANGELO ROMANO,ROMA,LAZIO,CENTRO
515742929303612002,COMUNE DI CASTEL DI IUDICA,CATANIA,SICILIA,ISOLE
515742930508268002,COMUNE DI ARICCIA,ROMA,LAZIO,CENTRO
515742930516762801,COMUNE DI BUTTIGLIERA D'ASTI,ASTI,PIEMONTE,NORD-OVEST
515742930519307902,COMUNE DI TAURISANO,LECCE,PUGLIA,SUD
515842930509301901,COMUNE DI CAREMA,TORINO,PIEMONTE,NORD-OVEST
515942930475211801,COMUNE DI LILLIANES,VALLE D'AOSTA/VALLÉE D'AOSTE,VALLE D'AOSTA/VALLÉE D'AOSTE,NORD-OVEST
516142930459157302,COMUNE DI STINTINO,SASSARI,SARDEGNA,ISOLE
516242929991282201,COMUNE DI CONDRO',MESSINA,SICILIA,ISOLE
516242930526581001,COMUNE DI MEZZOJUSO,PALERMO,SICILIA,ISOLE
516342930518380501,COMUNE DI CAIRATE,VARESE,LOMBARDIA,NORD-OVEST
516542930462044701,COMUNE DI CELENZA SUL TRIGNO,CHIETI,ABRUZZO,SUD
516542930545901402,COMUNE DI ORCO FEGLINO,SAVONA,LIGURIA,NORD-OVEST
516642930538134302,COMUNE DI SCALA,SALERNO,CAMPANIA,SUD
516942930536217702,COMUNE DI VILLANOVA TRUSCHEDU,ORISTANO,SARDEGNA,ISOLE
517042930456397402,COMUNE DI MORGEX,VALLE D'AOSTA/VALLÉE D'AOSTE,VALLE D'AOSTA/VALLÉE D'AOSTE,NORD-OVEST
517542930447311702,COMUNE DI LIPOMO,COMO,LOMBARDIA,NORD-OVEST
517542930543913501,COMUNE DI MAGASA,BRESCIA,LOMBARDIA,NORD-OVEST
517642930456732001,COMUNE DI SAN NICOLA BARONIA,AVELLINO,CAMPANIA,SUD
517742929083253102,COMUNE DI BAONE,PADOVA,VENETO,NORD-EST
517742930459785702,COMUNE DI CASTIGLIONE FALLETTO,CUNEO,PIEMONTE,NORD-OVEST
517842930545188702,COMUNE DI ISOLA DEL LIRI,FROSINONE,LAZIO,CENTRO
517942930509245701,COMUNE DI CALVI DELL'UMBRIA,TERNI,UMBRIA,CENTRO
518142930464255502,COMUNE DI PONTE DI PIAVE,TREVISO,VENETO,NORD-EST
518242929696964301,COMUNE DI CASTELLO DI ANNONE,ASTI,PIEMONTE,NORD-OVEST
518242930460910601,COMUNE DI SUTERA,CALTANISSETTA,SICILIA,ISOLE
518242930480673301,COMUNE DI SAGLIANO MICCA,BIELLA,PIEMONTE,NORD-OVEST
518242930524234402,COMUNE DI MONTELPARO,FERMO,MARCHE,CENTRO
518242930534219002,COMUNE DI SEZZE,LATINA,LAZIO,CENTRO
518542930531123101,COMUNE DI APICE,BENEVENTO,CAMPANIA,SUD
518642930518090401,COMUNE DI CASTELNUOVO NIGRA,TORINO,PIEMONTE,NORD-OVEST
518842930459553101,COMUNE DI ATRANI,SALERNO,CAMPANIA,SUD
518842930547093602,COMUNE DI GAMBARA,BRESCIA,LOMBARDIA,NORD-OVEST
518942930456292602,COMUNE DI FUIPIANO VALLE IMAGNA,BERGAMO,LOMBARDIA,NORD-OVEST
519142930450171602,COMUNE DI PIETRA DE' GIORGI,PAVIA,LOMBARDIA,NORD-OVEST
519142930454298802,COMUNE DI PONTE SAN NICOLO',PADOVA,VENETO,NORD-EST
519242930535055702,COMUNE DI PIANEZZA,TORINO,PIEMONTE,NORD-OVEST
519542930470388902,COMUNE DI PONTE,BENEVENTO,CAMPANIA,SUD
519542930528475701,COMUNE DI PRESEGLIE,BRESCIA,LOMBARDIA,NORD-OVEST
519742930461844302,COMUNE DI BELMONTE CASTELLO,FROSINONE,LAZIO,CENTRO
519842930451311602,COMUNE DI ORRIA,SALERNO,CAMPANIA,SUD
519842930473770402,COMUNE DI MOSCAZZANO,CREMONA,LOMBARDIA,NORD-OVEST
519842930527443702,COMUNE DI MONTAGNANA,PADOVA,VENETO,NORD-EST
521242930456422201,COMUNE DI FURNARI,MESSINA,SICILIA,ISOLE
521342929543705902,COMUNE DI MASSA E COZZILE,PISTOIA,TOSCANA,CENTRO
521442930446384001,COMUNE DI RIVA DI SOLTO,BERGAMO,LOMBARDIA,NORD-OVEST
521442930516243902,COMUNE DI COLI,PIACENZA,EMILIA-ROMAGNA,NORD-EST
521442930550695802,COMUNE DI USSITA,MACERATA,MARCHE,CENTRO
521642929820882502,COMUNE DI LANDIONA,NOVARA,PIEMONTE,NORD-OVEST
521642930466537502,COMUNE DI VILLA CELIERA,PESCARA,ABRUZZO,SUD
521642930529911802,COMUNE DI BUSCEMI,SIRACUSA,SICILIA,ISOLE
521742929248984702,COMUNE DI BORGIALLO,TORINO,PIEMONTE,NORD-OVEST
521742930289474802,COMUNE DI MINEO,CATANIA,SICILIA,ISOLE
521742930476572201,COMUNE DI CASELLE LANDI,LODI,LOMBARDIA,NORD-OVEST
521842930464664801,COMUNE DI SEZZADIO,ALESSANDRIA,PIEMONTE,NORD-OVEST
521942930518970902,COMUNE DI FONTANIVA,PADOVA,VENETO,NORD-EST
522042930476800702,COMUNE DI SAN NAZZARO SESIA,NOVARA,PIEMONTE,NORD-OVEST
522142930469906601,COMUNE DI SANT'EGIDIO ALLA VIBRATA,TERAMO,ABRUZZO,SUD
522142930516375802,COMUNE DI DUSINO SAN MICHELE,ASTI,PIEMONTE,NORD-OVEST
522242930459711202,COMUNE DI BONIFATI,COSENZA,CALABRIA,SUD
522342930544686501,COMUNE DI SAN PIETRO APOSTOLO,CATANZARO,CALABRIA,SUD
522642930515876402,COMUNE DI GIARDINI-NAXOS,MESSINA,SICILIA,ISOLE
522742930531960302,COMUNE DI MEZZAGO,MONZA E DELLA BRIANZA,LOMBARDIA,NORD-OVEST
523042930525975001,COMUNE DI VILLA DI TIRANO,SONDRIO,LOMBARDIA,NORD-OVEST
523042930539813501,COMUNE DI VALFABBRICA,PERUGIA,UMBRIA,CENTRO
523242930476453102,COMUNE DI SANT'ALESSIO IN ASPROMONTE,REGGIO DI CALABRIA,CALABRIA,SUD
523242930533811701,COMUNE DI POLLONE,BIELLA,PIEMONTE,NORD-OVEST
523242930549913201,COMUNE DI VALPELLINE,VALLE D'AOSTA/VALLÉE D'AOSTE,VALLE D'AOSTA/VALLÉE D'AOSTE,NORD-OVEST
523342930527468302,COMUNE DI FRASCAROLO,PAVIA,LOMBARDIA,NORD-OVEST
523442930464798501,COMUNE DI CAMANDONA,BIELLA,PIEMONTE,NORD-OVEST
523442930543257102,COMUNE DI ORTELLE,LECCE,PUGLIA,SUD
523542930517232102,COMUNE DI CAPERGNANICA,CREMONA,LOMBARDIA,NORD-OVEST
523542930542853201,COMUNE DI FORMIGARA,CREMONA,LOMBARDIA,NORD-OVEST
523742930476968902,COMUNE DI LANGHIRANO,PARMA,EMILIA-ROMAGNA,NORD-EST
523742930530552602,COMUNE DI SAN GERVASIO BRESCIANO,BRESCIA,LOMBARDIA,NORD-OVEST
523942930477531001,COMUNE DI FIESSE,BRESCIA,LOMBARDIA,NORD-OVEST
523942930545877502,COMUNE DI FILAGO,BERGAMO,LOMBARDIA,NORD-OVEST
524042930530774101,COMUNE DI PIETRAGALLA,POTENZA,BASILICATA,SUD
524242930532164301,COMUNE DI PERGINE VALSUGANA,TRENTO,TRENTINO-ALTO ADIGE/SÜDTIROL,NORD-EST
524342930456612601,COMUNE DI MORLUPO,ROMA,LAZIO,CENTRO
524442927921789101,COMUNE DI BELVEDERE MARITTIMO,COSENZA,CALABRIA,SUD
524442930457683001,COMUNE DI MONTICELLI BRUSATI,BRESCIA,LOMBARDIA,NORD-OVEST
524542929644301002,COMUNE DI MORGANO,TREVISO,VENETO,NORD-EST
524542930448041102,COMUNE DI MONDAVIO,PESARO E URBINO,MARCHE,CENTRO
524542930453022401,COMUNE DI SONDRIO,SONDRIO,LOMBARDIA,NORD-OVEST
524542930510187201,COMUNE DI ACQUAVIVA COLLECROCE,CAMPOBASSO,MOLISE,SUD
524542930517113001,COMUNE DI CIVIDATE CAMUNO,BRESCIA,LOMBARDIA,NORD-OVEST
524642929946600601,COMUNE DI CUGLIATE-FABIASCO,VARESE,LOMBARDIA,NORD-OVEST
524642930507929602,COMUNE DI CALUSO,TORINO,PIEMONTE,NORD-OVEST
524742930524493501,COMUNE DI VARAZZE,SAVONA,LIGURIA,NORD-OVEST
524742930524888502,COMUNE DI PUTIFIGARI,SASSARI,SARDEGNA,ISOLE
524842930468636502,COMUNE DI SANTA MARGHERITA DI BELICE,AGRIGENTO,SICILIA,ISOLE
524842930525479102,COMUNE DI SAN LAZZARO DI SAVENA,BOLOGNA,EMILIA-ROMAGNA,NORD-EST
524842930532705901,COMUNE DI ALONTE,VICENZA,VENETO,NORD-EST
524942930528164202,COMUNE DI RIOMAGGIORE,LA SPEZIA,LIGURIA,NORD-OVEST
525242930456243101,COMUNE DI NARNI,TERNI,UMBRIA,CENTRO
525242930476598501,COMUNE DI SANT'ALFIO,CATANIA,SICILIA,ISOLE
525542929991226701,COMUNE DI CASTELVECCHIO DI ROCCA BARBENA,SAVONA,LIGURIA,NORD-OVEST
525542930519128501,COMUNE DI ITTIREDDU,SASSARI,SARDEGNA,ISOLE
525642930457580101,COMUNE DI POZZUOLI,NAPOLI,CAMPANIA,SUD
525642930515445502,COMUNE DI BORGARELLO,PAVIA,LOMBARDIA,NORD-OVEST
525742930462141902,COMUNE DI BRACCIANO,ROMA,LAZIO,CENTRO
525842930515830002,COMUNE DI CALLIANO MONFERRATO,ASTI,PIEMONTE,NORD-OVEST
525942929013002102,COMUNE DI CENTRACHE,CATANZARO,CALABRIA,SUD
525942930534269801,COMUNE DI CERCINO,SONDRIO,LOMBARDIA,NORD-OVEST
526142930525745102,COMUNE DI SONDALO,SONDRIO,LOMBARDIA,NORD-OVEST
526242930448845701,COMUNE DI VALLEDOLMO,PALERMO,SICILIA,ISOLE
526342930527313402,COMUNE DI MORFASSO,PIACENZA,EMILIA-ROMAGNA,NORD-EST
526442930528398402,COMUNE DI OFFAGNA,ANCONA,MARCHE,CENTRO
526442930545311801,COMUNE DI GABBIONETA-BINANUOVA,CREMONA,LOMBARDIA,NORD-OVEST
526742927905068101,COMUNE DI BRAIES,BOLZANO/BOZEN,TRENTINO-ALTO ADIGE/SÜDTIROL,NORD-EST
526942930453045801,COMUNE DI VALLEBONA,IMPERIA,LIGURIA,NORD-OVEST
526942930507933602,COMUNE DI CAMERATA NUOVA,ROMA,LAZIO,CENTRO
527342930456726202,COMUNE DI SAN BELLINO,ROVIGO,VENETO,NORD-EST
527342930533695601,COMUNE DI ALI' TERME,MESSINA,SICILIA,ISOLE
527442930528109502,COMUNE DI GIFFONI SEI CASALI,SALERNO,CAMPANIA,SUD
527542930452604902,COMUNE DI GORNO,BERGAMO,LOMBARDIA,NORD-OVEST
527542930455826401,COMUNE DI POLIGNANO A MARE,BARI,PUGLIA,SUD
527542930530669502,COMUNE DI ASCREA,RIETI,LAZIO,CENTRO
527742930508942102,COMUNE DI CASTAGNETO CARDUCCI,LIVORNO,TOSCANA,CENTRO
527742930539602001,COMUNE DI TERGU,SASSARI,SARDEGNA,ISOLE
527842930519336902,COMUNE DI FIUMARA,REGGIO DI CALABRIA,CALABRIA,SUD
527942930509473501,COMUNE DI COZZO,PAVIA,LOMBARDIA,NORD-OVEST
527942930519957502,COMUNE DI MONTEBELLO DI BERTONA,PESCARA,ABRUZZO,SUD
527942930527946202,COMUNE DI MANDAS,SUD SARDEGNA,SARDEGNA,ISOLE
528042930531882502,COMUNE DI CAULONIA,REGGIO DI CALABRIA,CALABRIA,SUD
528642930532677102,COMUNE DI TIRIOLO,CATANZARO,CALABRIA,SUD
528842930448825702,COMUNE DI MEOLO,VENEZIA,VENETO,NORD-EST
528842930474056201,COMUNE DI SIMBARIO,VIBO VALENTIA,CALABRIA,SUD
528842930537470801,COMUNE DI TIRANO,SONDRIO,LOMBARDIA,NORD-OVEST
528942930517857701,COMUNE DI FLUSSIO,ORISTANO,SARDEGNA,ISOLE
529042930452799502,COMUNE DI SCANDALE,CROTONE,CALABRIA,SUD
529142930528514802,COMUNE DI NEBBIUNO,NOVARA,PIEMONTE,NORD-OVEST
529242930549000602,COMUNE DI VILLANOVA MONDOVI',CUNEO,PIEMONTE,NORD-OVEST
529342930474315402,COMUNE DI REDONDESCO,MANTOVA,LOMBARDIA,NORD-OVEST
529342930527717402,COMUNE DI PESCIA,PISTOIA,TOSCANA,CENTRO
529442930477183002,COMUNE DI LUZZANA,BERGAMO,LOMBARDIA,NORD-OVEST
529442930526829101,COMUNE DI LUPARA,CAMPOBASSO,MOLISE,SUD
529542928990317602,COMUNE DI CANDIA LOMELLINA,PAVIA,LOMBARDIA,NORD-OVEST
529642930518469401,COMUNE DI CODEVILLA,PAVIA,LOMBARDIA,NORD-OVEST
529742930460107701,COMUNE DI VILLAR PELLICE,TORINO,PIEMONTE,NORD-OVEST
529742930532663702,COMUNE DI PIARIO,BERGAMO,LOMBARDIA,NORD-OVEST
529842928135420501,COMUNE DI CASAL DI PRINCIPE,CASERTA,CAMPANIA,SUD
531142929684609602,COMUNE DI FARA GERA D'ADDA,BERGAMO,LOMBARDIA,NORD-OVEST
531142930526117402,COMUNE DI PIOZZANO,PIACENZA,EMILIA-ROMAGNA,NORD-EST
531342930519090202,COMUNE DI ROMAGNANO SESIA,NOVARA,PIEMONTE,NORD-OVEST
531342930521353802,COMUNE DI BARANO D'ISCHIA,NAPOLI,CAMPANIA,SUD
531342930534825402,COMUNE DI PARZANICA,BERGAMO,LOMBARDIA,NORD-OVEST
531442930509846501,COMUNE DI ACERRA,NAPOLI,CAMPANIA,SUD
531442930549950602,COMUNE DI SAN GIULIANO MILANESE,MILANO,LOMBARDIA,NORD-OVEST
531542930461010801,COMUNE DI APPIGNANO,MACERATA,MARCHE,CENTRO
531542930542068501,COMUNE DI FRANCAVILLA BISIO,ALESSANDRIA,PIEMONTE,NORD-OVEST
531642930509346502,COMUNE DI CAPOTERRA,CAGLIARI,SARDEGNA,ISOLE
531742930478634302,COMUNE DI USSASSAI,NUORO,SARDEGNA,ISOLE
531742930525753001,COMUNE DI GORNATE-OLONA,VARESE,LOMBARDIA,NORD-OVEST
532042930548155202,COMUNE DI CAVALLINO - TREPORTI,VENEZIA,VENETO,NORD-EST
532242930478188602,COMUNE DI VALLESACCARDA,AVELLINO,CAMPANIA,SUD
532242930542455601,COMUNE DI MASSERANO,BIELLA,PIEMONTE,NORD-OVEST
532442930459984001,COMUNE DI CICERALE,SALERNO,CAMPANIA,SUD
532442930472851202,COMUNE DI MONTE SAN PIETRANGELI,FERMO,MARCHE,CENTRO
532542929118531402,COMUNE DI CASAL VELINO,SALERNO,CAMPANIA,SUD
532542930543483502,COMUNE DI OLEGGIO,NOVARA,PIEMONTE,NORD-OVEST
532642930524212001,COMUNE DI GRUMELLO DEL MONTE,BERGAMO,LOMBARDIA,NORD-OVEST
532642930527773702,COMUNE DI FURCI SICULO,MESSINA,SICILIA,ISOLE
532742930508593502,COMUNE DI CAMPOFILONE,FERMO,MARCHE,CENTRO
533042928257856601,COMUNE DI ALBIANO,TRENTO,TRENTINO-ALTO ADIGE/SÜDTIROL,NORD-EST
533042930464310102,COMUNE DI ALZANO SCRIVIA,ALESSANDRIA,PIEMONTE,NORD-OVEST
533242930464522301,COMUNE DI DENICE,ALESSANDRIA,PIEMONTE,NORD-OVEST
533342929269151302,COMUNE DI FABRIANO,ANCONA,MARCHE,CENTRO
533342930461618601,COMUNE DI CAFASSE,TORINO,PIEMONTE,NORD-OVEST
533442929501754601,COMUNE DI ORTISEI,BOLZANO/BOZEN,TRENTINO-ALTO ADIGE/SÜDTIROL,NORD-EST
533642930461272401,COMUNE DI COSSERIA,SAVONA,LIGURIA,NORD-OVEST
533742930528841102,COMUNE DI MONALE,ASTI,PIEMONTE,NORD-OVEST
533842930450656002,COMUNE DI PIETRASTORNINA,AVELLINO,CAMPANIA,SUD
533842930532705502,COMUNE DI CORIO,TORINO,PIEMONTE,NORD-OVEST
534142930462567801,COMUNE DI EXILLES,TORINO,PIEMONTE,NORD-OVEST
534142930464536002,COMUNE DI TRAMONTI DI SOTTO,PORDENONE,FRIULI-VENEZIA GIULIA,NORD-EST
534242930449890701,COMUNE DI RESUTTANO,CALTANISSETTA,SICILIA,ISOLE
534342929528923002,COMUNE DI ISTRANA,TREVISO,VENETO,NORD-EST
534342930472965901,COMUNE DI FARDELLA,POTENZA,BASILICATA,SUD
534442928293182001,COMUNE DI AVELENGO,BOLZANO/BOZEN,TRENTINO-ALTO ADIGE/SÜDTIROL,NORD-EST
534642930541733801,COMUNE DI GALLINARO,FROSINONE,LAZIO,CENTRO
534742928716216301,COMUNE DI BORDANO,UDINE,FRIULI-VENEZIA GIULIA,NORD-EST
534842928887104802,COMUNE DI CREDARO,BERGAMO,LOMBARDIA,NORD-OVEST
534842930454500201,COMUNE DI TALMASSONS,UDINE,FRIULI-VENEZIA GIULIA,NORD-EST
534942930460349701,COMUNE DI ARTOGNE,BRESCIA,LOMBARDIA,NORD-OVEST
535042930544297801,COMUNE DI PIENZA,SIENA,TOSCANA,CENTRO
535142930542720502,COMUNE DI SAVELLI,CROTONE,CALABRIA,SUD
535442930509897502,COMUNE DI ABANO TERME,PADOVA,VENETO,NORD-EST
535642929346340802,COMUNE DI CAIRO MONTENOTTE,SAVONA,LIGURIA,NORD-OVEST
535742930508737102,COMUNE DI BRISSAGO-VALTRAVAGLIA,VARESE,LOMBARDIA,NORD-OVEST
535742930547538701,COMUNE DI SASSINORO,BENEVENTO,CAMPANIA,SUD
535842930475256801,COMUNE DI LEI,NUORO,SARDEGNA,ISOLE
535942930480358302,COMUNE DI PIOBESI D'ALBA,CUNEO,PIEMONTE,NORD-OVEST
536042930524260402,COMUNE DI TRASAGHIS,UDINE,FRIULI-VENEZIA GIULIA,NORD-EST
536242930479479502,COMUNE DI TRIVIGNO,POTENZA,BASILICATA,SUD
536242930531045102,COMUNE DI APPIGNANO DEL TRONTO,ASCOLI PICENO,MARCHE,CENTRO
536442930518004201,COMUNE DI FABBRICO,REGGIO NELL'EMILIA,EMILIA-ROMAGNA,NORD-EST
536642928030238702,COMUNE DI CARAPELLE CALVISIO,L'AQUILA,ABRUZZO,SUD
536742930477969701,COMUNE DI SANT'ORESTE,ROMA,LAZIO,CENTRO
536842928096602302,COMUNE DI CRISPANO,NAPOLI,CAMPANIA,SUD
536842930517065202,COMUNE DI CAMPOCHIARO,CAMPOBASSO,MOLISE,SUD
536942930521186501,COMUNE DI CASTELVECCHIO CALVISIO,L'AQUILA,ABRUZZO,SUD
536942930546660802,COMUNE DI SAN FLORO,CATANZARO,CALABRIA,SUD
537042930459870402,COMUNE DI SAN GIULIANO TERME,PISA,TOSCANA,CENTRO
537042930475994501,COMUNE DI CELLE DI SAN VITO,FOGGIA,PUGLIA,SUD
537042930515757301,COMUNE DI BOGLIASCO,GENOVA,LIGURIA,NORD-OVEST
537242930472882002,COMUNE DI GALLO MATESE,CASERTA,CAMPANIA,SUD
537442930462553302,COMUNE DI GAMBATESA,CAMPOBASSO,MOLISE,SUD
537742930537487701,COMUNE DI POMPEIANA,IMPERIA,LIGURIA,NORD-OVEST
537842930472684901,COMUNE DI PENNABILLI,RIMINI,EMILIA-ROMAGNA,NORD-EST
537842930539585501,COMUNE DI VILLANOVAFRANCA,SUD SARDEGNA,SARDEGNA,ISOLE
538242930527708102,COMUNE DI PESSANO CON BORNAGO,MILANO,LOMBARDIA,NORD-OVEST
538742930051294101,COMUNE DI CASTEGNATO,BRESCIA,LOMBARDIA,NORD-OVEST
538742930544730402,COMUNE DI GENGA,ANCONA,MARCHE,CENTRO
538842930458550301,COMUNE DI SAN VITO,SUD SARDEGNA,SARDEGNA,ISOLE
538942928601996601,COMUNE DI DELEBIO,SONDRIO,LOMBARDIA,NORD-OVEST
539142930531965102,COMUNE DI META,NAPOLI,CAMPANIA,SUD
539142930533963502,COMUNE DI TRANA,TORINO,PIEMONTE,NORD-OVEST
539242930080248202,COMUNE DI CORZANO,BRESCIA,LOMBARDIA,NORD-OVEST
539242930452638301,COMUNE DI MASSIMINO,SAVONA,LIGURIA,NORD-OVEST
539342930460514101,COMUNE DI ROSAZZA,BIELLA,PIEMONTE,NORD-OVEST
539342930534180401,COMUNE DI CORTACCIA SULLA STRADA DEL VINO,BOLZANO/BOZEN,TRENTINO-ALTO ADIGE/SÜDTIROL,NORD-EST
539442930457747202,COMUNE DI TESERO,TRENTO,TRENTINO-ALTO ADIGE/SÜDTIROL,NORD-EST
539542930524258101,COMUNE DI TORCHIAROLO,BRINDISI,PUGLIA,SUD
539542930529863002,COMUNE DI DUGENTA,BENEVENTO,CAMPANIA,SUD
539642930547018201,COMUNE DI ROVIANO,ROMA,LAZIO,CENTRO
539742930456462402,COMUNE DI MORICONE,ROMA,LAZIO,CENTRO
539742930542241701,COMUNE DI MONTICELLO D'ALBA,CUNEO,PIEMONTE,NORD-OVEST
539842930509501001,COMUNE DI CANNOLE,LECCE,PUGLIA,SUD
539842930544496001,COMUNE DI POMEZIA,ROMA,LAZIO,CENTRO
539942928887267601,COMUNE DI FOLIGNANO,ASCOLI PICENO,MARCHE,CENTRO
541342930547951202,COMUNE DI ZONE,BRESCIA,LOMBARDIA,NORD-OVEST
541442930463825901,COMUNE DI CASTELLAMMARE DEL GOLFO,TRAPANI,SICILIA,ISOLE
541542930479667301,COMUNE DI SERRAPETRONA,MACERATA,MARCHE,CENTRO
541542930538712902,COMUNE DI SORAGA DI FASSA,TRENTO,TRENTINO-ALTO ADIGE/SÜDTIROL,NORD-EST
541642930526968002,COMUNE DI TUSA,MESSINA,SICILIA,ISOLE
541642930549264901,COMUNE DI SILIQUA,SUD SARDEGNA,SARDEGNA,ISOLE
541742930456042502,COMUNE DI NARDO',LECCE,PUGLIA,SUD
541742930475975601,COMUNE DI GROPPARELLO,PIACENZA,EMILIA-ROMAGNA,NORD-EST
541742930544290302,COMUNE DI LAINO CASTELLO,COSENZA,CALABRIA,SUD
541842930473594102,COMUNE DI PESCAROLO ED UNITI,CREMONA,LOMBARDIA,NORD-OVEST
541942930465491901,COMUNE DI PIAGGINE,SALERNO,CAMPANIA,SUD
541942930516487601,COMUNE DI GOLASECCA,VARESE,LOMBARDIA,NORD-OVEST
542042930527285602,COMUNE DI POSADA,NUORO,SARDEGNA,ISOLE
542042930541493402,COMUNE DI FERRARA,FERRARA,EMILIA-ROMAGNA,NORD-EST
542142930451723601,COMUNE DI SUPERSANO,LECCE,PUGLIA,SUD
542142930461059702,COMUNE DI CHIUSAFORTE,UDINE,FRIULI-VENEZIA GIULIA,NORD-EST
542142930550147302,COMUNE DI SPEZZANO ALBANESE,COSENZA,CALABRIA,SUD
542242930460488801,COMUNE DI CASSINE,ALESSANDRIA,PIEMONTE,NORD-OVEST
542342930463533802,COMUNE DI MOLOCHIO,REGGIO DI CALABRIA,CALABRIA,SUD
542442930459874901,COMUNE DI CASTEL ROCCHERO,ASTI,PIEMONTE,NORD-OVEST
542642930475186901,COMUNE DI FORTE DEI MARMI,LUCCA,TOSCANA,CENTRO
542842930515348302,COMUNE DI COMPIANO,PARMA,EMILIA-ROMAGNA,NORD-EST
542942928269661402,COMUNE DI COLOBRARO,MATERA,BASILICATA,SUD
542942930467896902,COMUNE DI VILLA LAGARINA,TRENTO,TRENTINO-ALTO ADIGE/SÜDTIROL,NORD-EST
543042930517155302,COMUNE DI GRASSANO,MATERA,BASILICATA,SUD
543142930510592802,COMUNE DI CERISANO,COSENZA,CALABRIA,SUD
543142930519755302,COMUNE DI CASTELVECCANA,VARESE,LOMBARDIA,NORD-OVEST
543242930461378502,COMUNE DI BRUMANO,BERGAMO,LOMBARDIA,NORD-OVEST
543242930463811702,COMUNE DI COLLERETTO GIACOSA,TORINO,PIEMONTE,NORD-OVEST
543242930519274302,COMUNE DI GAZZANIGA,BERGAMO,LOMBARDIA,NORD-OVEST
543242930531815101,COMUNE DI SAN DONACI,BRINDISI,PUGLIA,SUD
543242930542042201,COMUNE DI MARCHIROLO,VARESE,LOMBARDIA,NORD-OVEST
543442930541462601,COMUNE DI POZZOL GROPPO,ALESSANDRIA,PIEMONTE,NORD-OVEST
543542930467923101,COMUNE DI REMEDELLO,BRESCIA,LOMBARDIA,NORD-OVEST
543742928086481802,COMUNE DI CASTENEDOLO,BRESCIA,LOMBARDIA,NORD-OVEST
543742929568598802,COMUNE DI PORTICO DI CASERTA,CASERTA,CAMPANIA,SUD
543842930470748101,COMUNE DI VAL DI VIZZE,BOLZANO/BOZEN,TRENTINO-ALTO ADIGE/SÜDTIROL,NORD-EST
543942929861115802,COMUNE DI GRAZZANISE,CASERTA,CAMPANIA,SUD
543942930454431102,COMUNE DI PARODI LIGURE,ALESSANDRIA,PIEMONTE,NORD-OVEST
544042930546906902,COMUNE DI CASELLA,GENOVA,LIGURIA,NORD-OVEST
544142930477290902,COMUNE DI GRAGLIA,BIELLA,PIEMONTE,NORD-OVEST
544142930527736401,COMUNE DI RAPOLLA,POTENZA,BASILICATA,SUD
544342930461160202,COMUNE DI CIRIE',TORINO,PIEMONTE,NORD-OVEST
544442930534290402,COMUNE DI SAN BARTOLOMEO AL MARE,IMPERIA,LIGURIA,NORD-OVEST
544842929091483101,COMUNE DI CHIEVE,CREMONA,LOMBARDIA,NORD-OVEST
544842930472859602,COMUNE DI VALGIOIE,TORINO,PIEMONTE,NORD-OVEST
545142927968949301,COMUNE DI CALVERA,POTENZA,BASILICATA,SUD
545142930525857501,COMUNE DI SANTA MARIA A VICO,CASERTA,CAMPANIA,SUD
545242930452170201,COMUNE DI VALLANZENGO,BIELLA,PIEMONTE,NORD-OVEST
545442930516399001,COMUNE DI COLLARMELE,L'AQUILA,ABRUZZO,SUD
545442930549864302,COMUNE DI SEDILO,ORISTANO,SARDEGNA,ISOLE
545542929704005801,COMUNE DI CAMPAGNANO DI ROMA,ROMA,LAZIO,CENTRO
545542930518725601,COMUNE DI CERASO,SALERNO,CAMPANIA,SUD
545742930518330102,COMUNE DI CODROIPO,UDINE,FRIULI-VENEZIA GIULIA,NORD-EST
545842930462759002,COMUNE DI SAN DONA' DI PIAVE,VENEZIA,VENETO,NORD-EST
545842930521406102,COMUNE DI GALLICANO NEL LAZIO,ROMA,LAZIO,CENTRO
545842930528948202,COMUNE DI RACCUJA,MESSINA,SICILIA,ISOLE
545942930531461501,COMUNE DI SALISANO,RIETI,LAZIO,CENTRO
546142930543021401,COMUNE DI ROCCA DI PAPA,ROMA,LAZIO,CENTRO
546442930463560202,COMUNE DI ACRI,COSENZA,CALABRIA,SUD
546642930527206702,COMUNE DI VOLTIDO,CREMONA,LOMBARDIA,NORD-OVEST
546842930522448401,COMUNE DI SALCEDO,VICENZA,VENETO,NORD-EST
547042930474978302,COMUNE DI MARSAGLIA,CUNEO,PIEMONTE,NORD-OVEST
547042930517487202,COMUNE DI NOVELLO,CUNEO,PIEMONTE,NORD-OVEST
547042930531498801,COMUNE DI ROCCABRUNA,CUNEO,PIEMONTE,NORD-OVEST
547642930532282601,COMUNE DI AICURZIO,MONZA E DELLA BRIANZA,LOMBARDIA,NORD-OVEST
547742930526035202,COMUNE DI VOLTAGGIO,ALESSANDRIA,PIEMONTE,NORD-OVEST
547742930538261001,COMUNE DI SEMIANA,PAVIA,LOMBARDIA,NORD-OVEST
548142928074373402,COMUNE DI BUROLO,TORINO,PIEMONTE,NORD-OVEST
548242930550008501,COMUNE DI SAN GIULIANO DEL SANNIO,CAMPOBASSO,MOLISE,SUD
548342930527872802,COMUNE DI NOVA LEVANTE,BOLZANO/BOZEN,TRENTINO-ALTO ADIGE/SÜDTIROL,NORD-EST
548542928790834402,COMUNE DI CEDRASCO,SONDRIO,LOMBARDIA,NORD-OVEST
548642929800443002,COMUNE DI GIAVERA DEL MONTELLO,TREVISO,VENETO,NORD-EST
548842930519045702,COMUNE DI CASTELLI,TERAMO,ABRUZZO,SUD
548842930524558501,COMUNE DI NOVARA,NOVARA,PIEMONTE,NORD-OVEST
548842930531426702,COMUNE DI CUTRO,CROTONE,CALABRIA,SUD
548942930459670202,COMUNE DI BUSCATE,MILANO,LOMBARDIA,NORD-OVEST
548942930468881502,COMUNE DI TORRAZZO,BIELLA,PIEMONTE,NORD-OVEST
549842930531368902,COMUNE DI BONORVA,SASSARI,SARDEGNA,ISOLE
551142930012217002,COMUNE DI CATIGNANO,PESCARA,ABRUZZO,SUD
551142930534783602,COMUNE DI CANNERO RIVIERA,VERBANO-CUSIO-OSSOLA,PIEMONTE,NORD-OVEST
551142930546057701,COMUNE DI FILATTIERA,MASSA-CARRARA,TOSCANA,CENTRO
551242930516939202,COMUNE DI RAVISCANINA,CASERTA,CAMPANIA,SUD
551242930525237102,COMUNE DI ORSENIGO,COMO,LOMBARDIA,NORD-OVEST
551342930475628502,COMUNE DI GRICIGNANO DI AVERSA,CASERTA,CAMPANIA,SUD
551342930510981301,COMUNE DI BRESSANA BOTTARONE,PAVIA,LOMBARDIA,NORD-OVEST
551442930461046401,COMUNE DI CANTALUPO NEL SANNIO,ISERNIA,MOLISE,SUD
551542930510651401,COMUNE DI ALBIATE,MONZA E DELLA BRIANZA,LOMBARDIA,NORD-OVEST
551642930462492502,COMUNE DI ALBISSOLA MARINA,SAVONA,LIGURIA,NORD-OVEST
551742930537219302,COMUNE DI PIOMBINO DESE,PADOVA,VENETO,NORD-EST
551842930474095401,COMUNE DI SCONTRONE,L'AQUILA,ABRUZZO,SUD
551942930461508601,COMUNE DI CASTELDELFINO,CUNEO,PIEMONTE,NORD-OVEST
552042930517985101,COMUNE DI MILITELLO ROSMARINO,MESSINA,SICILIA,ISOLE
552142930517714802,COMUNE DI CAPRIATI A VOLTURNO,CASERTA,CAMPANIA,SUD
552242928021779802,COMUNE DI AUSONIA,FROSINONE,LAZIO,CENTRO
552442930517302801,COMUNE DI CAMPOSPINOSO ALBAREDO,PAVIA,LOMBARDIA,NORD-OVEST
552542930469038101,COMUNE DI SANT'AGATA BOLOGNESE,BOLOGNA,EMILIA-ROMAGNA,NORD-EST
552642930476017702,COMUNE DI TREVIGNANO,TREVISO,VENETO,NORD-EST
552742930511122301,COMUNE DI BRUSAPORTO,BERGAMO,LOMBARDIA,NORD-OVEST
552742930519002501,COMUNE DI ORTIGNANO RAGGIOLO,AREZZO,TOSCANA,CENTRO
552842930520109302,COMUNE DI TARVISIO,UDINE,FRIULI-VENEZIA GIULIA,NORD-EST
552842930526058302,COMUNE DI MELISSANO,LECCE,PUGLIA,SUD
552842930534076701,COMUNE DI SANSEPOLCRO,AREZZO,TOSCANA,CENTRO
553042930522335502,COMUNE DI MUSILE DI PIAVE,VENEZIA,VENETO,NORD-EST
553142927979773102,COMUNE DI ARMENTO,POTENZA,BASILICATA,SUD
553142930519641901,COMUNE DI CORTE FRANCA,BRESCIA,LOMBARDIA,NORD-OVEST
553142930525095601,COMUNE DI RONCHIS,UDINE,FRIULI-VENEZIA GIULIA,NORD-EST
553442930447528101,COMUNE DI GRUARO,VENEZIA,VENETO,NORD-EST
553442930457344001,COMUNE DI ODERZO,TREVISO,VENETO,NORD-EST
553642930530697802,COMUNE DI CASALE MONFERRATO,ALESSANDRIA,PIEMONTE,NORD-OVEST
553742928726828901,COMUNE DI GUALTIERI SICAMINO',MESSINA,SICILIA,ISOLE
553942930537403801,COMUNE DI VILLA GUARDIA,COMO,LOMBARDIA,NORD-OVEST
554042930531433001,COMUNE DI SCANZANO JONICO,MATERA,BASILICATA,SUD
554142930459817702,COMUNE DI CAPRIVA DEL FRIULI,GORIZIA,FRIULI-VENEZIA GIULIA,NORD-EST
554242930542090802,COMUNE DI PRALI,TORINO,PIEMONTE,NORD-OVEST
554242930543050701,COMUNE DI SPINETO SCRIVIA,ALESSANDRIA,PIEMONTE,NORD-OVEST
554342930457428302,COMUNE DI RIPACANDIDA,POTENZA,BASILICATA,SUD
554442929583904102,COMUNE DI CASTELLETTO UZZONE,CUNEO,PIEMONTE,NORD-OVEST
554442930480398002,COMUNE DI SAN GILLIO,TORINO,PIEMONTE,NORD-OVEST
554542928560706302,COMUNE DI AILOCHE,BIELLA,PIEMONTE,NORD-OVEST
554542928683902002,COMUNE DI BRESIMO,TRENTO,TRENTINO-ALTO ADIGE/SÜDTIROL,NORD-EST
554542930523931701,COMUNE DI SAN MANGO SUL CALORE,AVELLINO,CAMPANIA,SUD
554642930527272401,COMUNE DI SOVERIA MANNELLI,CATANZARO,CALABRIA,SUD
554842930541292702,COMUNE DI PENNA IN TEVERINA,TERNI,UMBRIA,CENTRO
554942928088031901,COMUNE DI CHIUPPANO,VICENZA,VENETO,NORD-EST
554942930477615202,COMUNE DI ROVIGO,ROVIGO,VENETO,NORD-EST
554942930525147302,COMUNE DI RANDAZZO,CATANIA,SICILIA,ISOLE
555042930460461801,COMUNE DI CEVA,CUNEO,PIEMONTE,NORD-OVEST
555142929726669102,COMUNE DI FAGGIANO,TARANTO,PUGLIA,SUD
555142930521219102,COMUNE DI CATANIA,CATANIA,SICILIA,ISOLE
555542929774131802,COMUNE DI PAUPISI,BENEVENTO,CAMPANIA,SUD
556042930456816801,COMUNE DI SAN FELICE A CANCELLO,CASERTA,CAMPANIA,SUD
556342930477631501,COMUNE DI PIGNA,IMPERIA,LIGURIA,NORD-OVEST
556442930454854102,COMUNE DI TRESIVIO,SONDRIO,LOMBARDIA,NORD-OVEST
556742930508706002,COMUNE DI CANNETO PAVESE,PAVIA,LOMBARDIA,NORD-OVEST
556742930527870101,COMUNE DI PESCOLANCIANO,ISERNIA,MOLISE,SUD
556742930538894801,COMUNE DI URBANA,PADOVA,VENETO,NORD-EST
556742930544434101,COMUNE DI PRATA DI PRINCIPATO ULTRA,AVELLINO,CAMPANIA,SUD
556842930548802901,COMUNE DI VALSTRONA,VERBANO-CUSIO-OSSOLA,PIEMONTE,NORD-OVEST
557042930543946701,COMUNE DI MANERBA DEL GARDA,BRESCIA,LOMBARDIA,NORD-OVEST
557142930527185802,COMUNE DI RAGALNA,CATANIA,SICILIA,ISOLE
557142930548186002,COMUNE DI SANT'AMBROGIO DI VALPOLICELLA,VERONA,VENETO,NORD-EST
557242928726103501,COMUNE DI GHISLARENGO,VERCELLI,PIEMONTE,NORD-OVEST
557242930515969802,COMUNE DI BOLOTANA,NUORO,SARDEGNA,ISOLE
557342930519016702,COMUNE DI FONTEGRECA,CASERTA,CAMPANIA,SUD
557442930461953502,COMUNE DI MEZZANA MORTIGLIENGO,BIELLA,PIEMONTE,NORD-OVEST
557842930459073502,COMUNE DI SEROLE,ASTI,PIEMONTE,NORD-OVEST
557942930462279901,COMUNE DI AYAS,VALLE D'AOSTA/VALLÉE D'AOSTE,VALLE D'AOSTA/VALLÉE D'AOSTE,NORD-OVEST
557942930533494001,COMUNE DI PRATO,PRATO,TOSCANA,CENTRO
558042930452454801,COMUNE DI SONA,VERONA,VENETO,NORD-EST
558142930464202002,COMUNE DI TRAPPETO,PALERMO,SICILIA,ISOLE
558142930542231401,COMUNE DI PRAIANO,SALERNO,CAMPANIA,SUD
558342930459575501,COMUNE DI BICCARI,FOGGIA,PUGLIA,SUD
558442930469720701,COMUNE DI TORRE PALLAVICINA,BERGAMO,LOMBARDIA,NORD-OVEST
558442930509513301,COMUNE DI CANSANO,L'AQUILA,ABRUZZO,SUD
558542930457990002,COMUNE DI PALATA,CAMPOBASSO,MOLISE,SUD
558842930447952101,COMUNE DI STRAMBINELLO,TORINO,PIEMONTE,NORD-OVEST
558842930527041001,COMUNE DI VESTONE,BRESCIA,LOMBARDIA,NORD-OVEST
559042929514327501,COMUNE DI MONCALIERI,TORINO,PIEMONTE,NORD-OVEST
559042930459904901,COMUNE DI CAPRINO BERGAMASCO,BERGAMO,LOMBARDIA,NORD-OVEST
559042930540567602,COMUNE DI VILLA COLLEMANDINA,LUCCA,TOSCANA,CENTRO
559142930449974901,COMUNE DI ERCOLANO,NAPOLI,CAMPANIA,SUD
559342930474453902,COMUNE DI ORTE,VITERBO,LAZIO,CENTRO
559442928242647001,COMUNE DI CASALPUSTERLENGO,LODI,LOMBARDIA,NORD-OVEST
559442930531483002,COMUNE DI BRUINO,TORINO,PIEMONTE,NORD-OVEST
559542930523324601,COMUNE DI PORTACOMARO,ASTI,PIEMONTE,NORD-OVEST
559642930035056801,COMUNE DI FENIS,VALLE D'AOSTA/VALLÉE D'AOSTE,VALLE D'AOSTA/VALLÉE D'AOSTE,NORD-OVEST
559642930456132201,COMUNE DI PAPOZZE,ROVIGO,VENETO,NORD-EST
559742930525871201,COMUNE DI TORRE BERETTI E CASTELLARO,PAVIA,LOMBARDIA,NORD-OVEST
559842930517085602,COMUNE DI CAMPOBELLO DI LICATA,AGRIGENTO,SICILIA,ISOLE
561142930458888302,COMUNE DI SAN MAURO FORTE,MATERA,BASILICATA,SUD
561242930460817802,COMUNE DI CAMPOROSSO,IMPERIA,LIGURIA,NORD-OVEST
561342930508219601,COMUNE DI BRONTE,CATANIA,SICILIA,ISOLE
561542928897699201,COMUNE DI LAERRU,SASSARI,SARDEGNA,ISOLE
561542930473946302,COMUNE DI MADONE,BERGAMO,LOMBARDIA,NORD-OVEST
561742930458343901,COMUNE DI SAN LORENZO ISONTINO,GORIZIA,FRIULI-VENEZIA GIULIA,NORD-EST
561742930527745402,COMUNE DI MAIERATO,VIBO VALENTIA,CALABRIA,SUD
561842930508624602,COMUNE DI CARAFFA DEL BIANCO,REGGIO DI CALABRIA,CALABRIA,SUD
562142930457999401,COMUNE DI VIGNOLO,CUNEO,PIEMONTE,NORD-OVEST
562242930516762201,COMUNE DI COLFELICE,FROSINONE,LAZIO,CENTRO
562542927901384601,COMUNE DI BITETTO,BARI,PUGLIA,SUD
562542930524733502,COMUNE DI PIRAINO,MESSINA,SICILIA,ISOLE
562642929859057801,COMUNE DI CASTRIGNANO DEL CAPO,LECCE,PUGLIA,SUD
562642930533395402,COMUNE DI ACQUAPPESA,COSENZA,CALABRIA,SUD
562742928592805401,COMUNE DI BORGARO TORINESE,TORINO,PIEMONTE,NORD-OVEST
562842930535224101,COMUNE DI SAN GIORGIO ALBANESE,COSENZA,CALABRIA,SUD
562942930400107802,COMUNE DI PORTALBERA,PAVIA,LOMBARDIA,NORD-OVEST
562942930472538801,COMUNE DI NICOLOSI,CATANIA,SICILIA,ISOLE
562942930524087901,COMUNE DI SAN GIACOMO DELLE SEGNATE,MANTOVA,LOMBARDIA,NORD-OVEST
563042930447412502,COMUNE DI GRUMENTO NOVA,POTENZA,BASILICATA,SUD
563242930523466202,COMUNE DI GENZANO DI ROMA,ROMA,LAZIO,CENTRO
563342930517166701,COMUNE DI CAMPAGNA LUPIA,VENEZIA,VENETO,NORD-EST
563442930478766302,COMUNE DI ZERO BRANCO,TREVISO,VENETO,NORD-EST
563842930518338801,COMUNE DI COLLEDIMEZZO,CHIETI,ABRUZZO,SUD
563842930519687902,COMUNE DI MURAZZANO,CUNEO,PIEMONTE,NORD-OVEST
563942929879951101,COMUNE DI CHIENES - GEMEINDE KIENS,BOLZANO/BOZEN,TRENTINO-ALTO ADIGE/SÜDTIROL,NORD-EST
563942930518265001,COMUNE DI CUSANO MUTRI,BENEVENTO,CAMPANIA,SUD
564042930467698902,COMUNE DI VESSALICO,IMPERIA,LIGURIA,NORD-OVEST
564042930474130202,COMUNE DI LEGNARO,PADOVA,VENETO,NORD-EST
564042930545302301,COMUNE DI CELLENO,VITERBO,LAZIO,CENTRO
564142930473610102,COMUNE DI PACHINO,SIRACUSA,SICILIA,ISOLE
564142930541405401,COMUNE DI MONTE SAN GIOVANNI CAMPANO,FROSINONE,LAZIO,CENTRO
564242930479823502,COMUNE DI PROSERPIO,COMO,LOMBARDIA,NORD-OVEST
564242930548268301,COMUNE DI SANT'AGATA SUL SANTERNO,RAVENNA,EMILIA-ROMAGNA,NORD-EST
564442930461651601,COMUNE DI CARAVAGGIO,BERGAMO,LOMBARDIA,NORD-OVEST
564542930474770502,COMUNE DI LAVENA PONTE TRESA,VARESE,LOMBARDIA,NORD-OVEST
564542930518717701,COMUNE DI GALGAGNANO,LODI,LOMBARDIA,NORD-OVEST
564642930546316601,COMUNE DI ENEMONZO,UDINE,FRIULI-VENEZIA GIULIA,NORD-EST
564842930451772701,COMUNE DI TREBISACCE,COSENZA,CALABRIA,SUD
564942930476944301,COMUNE DI FILADELFIA,VIBO VALENTIA,CALABRIA,SUD
564942930510791302,COMUNE DI ARQUATA SCRIVIA,ALESSANDRIA,PIEMONTE,NORD-OVEST
564942930545163102,COMUNE DI LUMARZO,GENOVA,LIGURIA,NORD-OVEST
565042929230337001,COMUNE DI GUSSAGO,BRESCIA,LOMBARDIA,NORD-OVEST
565142930531312102,COMUNE DI PIANELLA,PESCARA,ABRUZZO,SUD
565242929417347501,COMUNE DI CERVARO,FROSINONE,LAZIO,CENTRO
565542930466898901,COMUNE DI ROTONDA,POTENZA,BASILICATA,SUD
565742930510705701,COMUNE DI CERIGNALE,PIACENZA,EMILIA-ROMAGNA,NORD-EST
565742930510970501,COMUNE DI BERZO SAN FERMO,BERGAMO,LOMBARDIA,NORD-OVEST
565742930533556001,COMUNE DI ADRO,BRESCIA,LOMBARDIA,NORD-OVEST
565842930455500602,COMUNE DI POSSAGNO,TREVISO,VENETO,NORD-EST
565942930532283302,COMUNE DI ORNAVASSO,VERBANO-CUSIO-OSSOLA,PIEMONTE,NORD-OVEST
566042930480045402,COMUNE DI VERUCCHIO,RIMINI,EMILIA-ROMAGNA,NORD-EST
566242930517841701,COMUNE DI CASTELLO TESINO,TRENTO,TRENTINO-ALTO ADIGE/SÜDTIROL,NORD-EST
566342930464201901,COMUNE DI CALENZANO,FIRENZE,TOSCANA,CENTRO
566342930534237701,COMUNE DI CAVAION VERONESE,VERONA,VENETO,NORD-EST
566842928663876202,COMUNE DI CHIANCIANO TERME,SIENA,TOSCANA,CENTRO
566842930455650202,COMUNE DI MARIGLIANELLA,NAPOLI,CAMPANIA,SUD
566842930471587602,COMUNE DI MELFI,POTENZA,BASILICATA,SUD
566842930521696602,COMUNE DI POGGIO SAN VICINO,MACERATA,MARCHE,CENTRO
566842930527942301,COMUNE DI MARZANO APPIO,CASERTA,CAMPANIA,SUD
566842930546245201,COMUNE DI LA SALLE,VALLE D'AOSTA/VALLÉE D'AOSTE,VALLE D'AOSTA/VALLÉE D'AOSTE,NORD-OVEST
566942930474848802,COMUNE DI PALAZZO SAN GERVASIO,POTENZA,BASILICATA,SUD
567042930474703002,COMUNE DI INTROD,VALLE D'AOSTA/VALLÉE D'AOSTE,VALLE D'AOSTA/VALLÉE D'AOSTE,NORD-OVEST
567242930525117701,COMUNE DI POGNO,NOVARA,PIEMONTE,NORD-OVEST
567242930534208901,COMUNE DI SANTA MARIA DEL CEDRO,COSENZA,CALABRIA,SUD
567242930538634301,COMUNE DI SELEGAS,SUD SARDEGNA,SARDEGNA,ISOLE
567342930478576802,COMUNE DI SCALENGHE,TORINO,PIEMONTE,NORD-OVEST
567442929268241802,COMUNE DI NOVI VELIA,SALERNO,CAMPANIA,SUD
567442930519118001,COMUNE DI MONTODINE,CREMONA,LOMBARDIA,NORD-OVEST
567542930477190301,COMUNE DI PELLA,NOVARA,PIEMONTE,NORD-OVEST
567742930536589701,COMUNE DI SANT'EUSANIO DEL SANGRO,CHIETI,ABRUZZO,SUD
567842930533979901,COMUNE DI CAMPIONE D'ITALIA,COMO,LOMBARDIA,NORD-OVEST
567942930449203501,COMUNE DI SENIGALLIA,ANCONA,MARCHE,CENTRO
567942930477467801,COMUNE DI RUFINA,FIRENZE,TOSCANA,CENTRO
568142930509898301,COMUNE DI ALBAREDO D'ADIGE,VERONA,VENETO,NORD-EST
568242930474081501,COMUNE DI SAN MARZANO DI SAN GIUSEPPE,TARANTO,PUGLIA,SUD
568542928888035401,COMUNE DI DIANO MARINA,IMPERIA,LIGURIA,NORD-OVEST
568642930448284102,COMUNE DI SICIGNANO DEGLI ALBURNI,SALERNO,CAMPANIA,SUD
568642930517970701,COMUNE DI CASTELLIRI,FROSINONE,LAZIO,CENTRO
568642930549098001,COMUNE DI TERRAVECCHIA,COSENZA,CALABRIA,SUD
568742930508158102,COMUNE DI CALVENZANO,BERGAMO,LOMBARDIA,NORD-OVEST
568842930508896801,COMUNE DI BONATE SOTTO,BERGAMO,LOMBARDIA,NORD-OVEST
568842930526668401,COMUNE DI PERANO,CHIETI,ABRUZZO,SUD
568842930535912902,COMUNE DI VINOVO,TORINO,PIEMONTE,NORD-OVEST
568942930521809401,COMUNE DI MAGOMADAS,ORISTANO,SARDEGNA,ISOLE
569042929989643102,COMUNE DI CASTELVECCHIO SUBEQUO,L'AQUILA,ABRUZZO,SUD
569042930474384601,COMUNE DI VALFURVA,SONDRIO,LOMBARDIA,NORD-OVEST
569042930522915601,COMUNE DI MARTIS,SASSARI,SARDEGNA,ISOLE
569042930532748602,COMUNE DI CASTELLO DI BRIANZA,LECCO,LOMBARDIA,NORD-OVEST
569142930524772701,COMUNE DI SAN PIETRO VIMINARIO,PADOVA,VENETO,NORD-EST
569242930448533202,COMUNE DI MOMBELLO DI TORINO,TORINO,PIEMONTE,NORD-OVEST
569242930518886302,COMUNE DI MELE,GENOVA,LIGURIA,NORD-OVEST
569242930520724301,COMUNE DI GAIARINE,TREVISO,VENETO,NORD-EST
569242930544909101,COMUNE DI ISSIGLIO,TORINO,PIEMONTE,NORD-OVEST
569342930546613702,COMUNE DI ROATTO,ASTI,PIEMONTE,NORD-OVEST
569442930455416802,COMUNE DI SABBIO CHIESE,BRESCIA,LOMBARDIA,NORD-OVEST
569442930534471901,COMUNE DI AMELIA,TERNI,UMBRIA,CENTRO
569742930520040302,COMUNE DI MILENA,CALTANISSETTA,SICILIA,ISOLE
571142930478703301,COMUNE DI ZOPPE' DI CADORE,BELLUNO,VENETO,NORD-EST
571242930462540901,COMUNE DI VITULAZIO,CASERTA,CAMPANIA,SUD
571442928168238301,COMUNE DI BORGONE SUSA,TORINO,PIEMONTE,NORD-OVEST
571442930518125902,COMUNE DI DOMUSNOVAS,SUD SARDEGNA,SARDEGNA,ISOLE
571542928191310502,COMUNE DI ALTILIA,COSENZA,CALABRIA,SUD
571642930517592301,COMUNE DI LEVONE,TORINO,PIEMONTE,NORD-OVEST
571642930525404001,COMUNE DI MONTE DI MALO,VICENZA,VENETO,NORD-EST
571642930529436001,COMUNE DI SAN MAURO TORINESE,TORINO,PIEMONTE,NORD-OVEST
571842930449526801,COMUNE DI SAN POLO D'ENZA,REGGIO NELL'EMILIA,EMILIA-ROMAGNA,NORD-EST
571942930519538402,COMUNE DI FAGNANO OLONA,VARESE,LOMBARDIA,NORD-OVEST
572042930477638502,COMUNE DI PAULLO,MILANO,LOMBARDIA,NORD-OVEST
572242930476538501,COMUNE DI LAMA DEI PELIGNI,CHIETI,ABRUZZO,SUD
572442930520255801,COMUNE DI TAURANO,AVELLINO,CAMPANIA,SUD
572542930519030002,COMUNE DI FORCHIA,BENEVENTO,CAMPANIA,SUD
572642930456622302,COMUNE DI TUFILLO,CHIETI,ABRUZZO,SUD
572642930468538502,COMUNE DI BAGNO DI ROMAGNA,FORLI'-CESENA,EMILIA-ROMAGNA,NORD-EST
572742930509858301,COMUNE DI ANZANO DI PUGLIA,FOGGIA,PUGLIA,SUD
572742930525592201,COMUNE DI VALLE DI CADORE,BELLUNO,VENETO,NORD-EST
573042929681101202,COMUNE DI ANGUILLARA VENETA,PADOVA,VENETO,NORD-EST
573042930464326101,COMUNE DI TRANI,BARLETTA-ANDRIA-TRANI,PUGLIA,SUD
573242930529251302,COMUNE DI MEINA,NOVARA,PIEMONTE,NORD-OVEST
573342929456888301,COMUNE DI CASTELBELLINO,ANCONA,MARCHE,CENTRO
573542930474819301,COMUNE DI FRISA,CHIETI,ABRUZZO,SUD
573642930517772902,COMUNE DI NOVIGLIO,MILANO,LOMBARDIA,NORD-OVEST
573742930451856301,COMUNE DI TRAVO,PIACENZA,EMILIA-ROMAGNA,NORD-EST
573842929155647901,COMUNE DI BRIENNO,COMO,LOMBARDIA,NORD-OVEST
573842930453679001,COMUNE DI SALGAREDA,TREVISO,VENETO,NORD-EST
573842930464965301,COMUNE DI RONCOLA,BERGAMO,LOMBARDIA,NORD-OVEST
573842930542908001,COMUNE DI TRIBANO,PADOVA,VENETO,NORD-EST
574042930462561401,COMUNE DI CAMPOLI DEL MONTE TABURNO,BENEVENTO,CAMPANIA,SUD
574142930464398002,COMUNE DI CORTINA D'AMPEZZO,BELLUNO,VENETO,NORD-EST
574142930517773901,COMUNE DI CURTAROLO,PADOVA,VENETO,NORD-EST
574642930461515002,COMUNE DI CAGLI,PESARO E URBINO,MARCHE,CENTRO
574642930461999801,COMUNE DI CASTELVETRO PIACENTINO,PIACENZA,EMILIA-ROMAGNA,NORD-EST
574942930517405201,COMUNE DI MONTE RINALDO,FERMO,MARCHE,CENTRO
575342930459315802,COMUNE DI COSTANZANA,VERCELLI,PIEMONTE,NORD-OVEST
575542930456924902,COMUNE DI ROCCHETTA SANT'ANTONIO,FOGGIA,PUGLIA,SUD
575742929649255602,COMUNE DI ISPANI,SALERNO,CAMPANIA,SUD
575742930543431602,COMUNE DI MONTOTTONE,FERMO,MARCHE,CENTRO
575942929642387902,COMUNE DI MANTELLO,SONDRIO,LOMBARDIA,NORD-OVEST
575942930519477602,COMUNE DI ANGROGNA,TORINO,PIEMONTE,NORD-OVEST
575942930530011001,COMUNE DI COPIANO,PAVIA,LOMBARDIA,NORD-OVEST
576142929047937501,COMUNE DI GRANZE,PADOVA,VENETO,NORD-EST
576242930508191701,COMUNE DI BROSSASCO,CUNEO,PIEMONTE,NORD-OVEST
576342929644467501,COMUNE DI ISOLE TREMITI,FOGGIA,PUGLIA,SUD
577042930529391901,COMUNE DI GINESTRA,POTENZA,BASILICATA,SUD
577342930460467902,COMUNE DI BAGNOLO MELLA,BRESCIA,LOMBARDIA,NORD-OVEST
577642930456314401,COMUNE DI PESSINA CREMONESE,CREMONA,LOMBARDIA,NORD-OVEST
577642930542833502,COMUNE DI LEGGIUNO,VARESE,LOMBARDIA,NORD-OVEST
577842930517373302,COMUNE DI IRSINA,MATERA,BASILICATA,SUD
577842930525195102,COMUNE DI SAPPADA,UDINE,FRIULI-VENEZIA GIULIA,NORD-EST
578242930461628901,COMUNE DI CERVIGNANO D'ADDA,LODI,LOMBARDIA,NORD-OVEST
578342930453531001,COMUNE DI VOLPIANO,TORINO,PIEMONTE,NORD-OVEST
578442930477795202,COMUNE DI POVOLETTO,UDINE,FRIULI-VENEZIA GIULIA,NORD-EST
578542930449771801,COMUNE DI RIGNANO FLAMINIO,ROMA,LAZIO,CENTRO
578542930477348802,COMUNE DI ROVERE' VERONESE,VERONA,VENETO,NORD-EST
578542930538582801,COMUNE DI SAN VITO CHIETINO,CHIETI,ABRUZZO,SUD
578642928247046702,COMUNE DI CERIANO LAGHETTO,MONZA E DELLA BRIANZA,LOMBARDIA,NORD-OVEST
578642930450407501,COMUNE DI ROGOLO,SONDRIO,LOMBARDIA,NORD-OVEST
578742930456531402,COMUNE DI MONTANO ANTILIA,SALERNO,CAMPANIA,SUD
578842930544158201,COMUNE DI CERRIONE,BIELLA,PIEMONTE,NORD-OVEST
578942930527274801,COMUNE DI VITTUONE,MILANO,LOMBARDIA,NORD-OVEST
579142930524604301,COMUNE DI RUOTI,POTENZA,BASILICATA,SUD
579142930543145301,COMUNE DI PIEGARO,PERUGIA,UMBRIA,CENTRO
579342930462972902,COMUNE DI GAGLIANICO,BIELLA,PIEMONTE,NORD-OVEST
579342930530210801,COMUNE DI MONTECATINI-TERME,PISTOIA,TOSCANA,CENTRO
579542930533839801,COMUNE DI POLLICA,SALERNO,CAMPANIA,SUD
579742930464612902,COMUNE DI COLLETORTO,CAMPOBASSO,MOLISE,SUD
579842929543736402,COMUNE DI FONTENO,BERGAMO,LOMBARDIA,NORD-OVEST
581142928021939101,COMUNE DI CAPPADOCIA,L'AQUILA,ABRUZZO,SUD
581142929514065002,COMUNE DI MONASTIER DI TREVISO,TREVISO,VENETO,NORD-EST
581142930456597102,COMUNE DI SIDERNO,REGGIO DI CALABRIA,CALABRIA,SUD
581142930550197802,COMUNE DI SPILAMBERTO,MODENA,EMILIA-ROMAGNA,NORD-EST
581342930458767201,COMUNE DI ROCCA DE' BALDI,CUNEO,PIEMONTE,NORD-OVEST
581342930517552302,COMUNE DI GESSATE,MILANO,LOMBARDIA,NORD-OVEST
581342930542448702,COMUNE DI SAN TOMASO AGORDINO,BELLUNO,VENETO,NORD-EST
581542930464865602,COMUNE DI NESPOLO,RIETI,LAZIO,CENTRO
581542930519191201,COMUNE DI FONTEVIVO,PARMA,EMILIA-ROMAGNA,NORD-EST
581542930531076401,COMUNE DI SUSTINENTE,MANTOVA,LOMBARDIA,NORD-OVEST
581842930541975902,COMUNE DI TREIA,MACERATA,MARCHE,CENTRO
581942930529283101,COMUNE DI PEZZOLO VALLE UZZONE,CUNEO,PIEMONTE,NORD-OVEST
582142930517224801,COMUNE DI CIVEZZA,IMPERIA,LIGURIA,NORD-OVEST
582142930517408502,COMUNE DI LETTERE,NAPOLI,CAMPANIA,SUD
582342930449478601,COMUNE DI SANTERAMO IN COLLE,BARI,PUGLIA,SUD
582442930543160701,COMUNE DI MORAZZONE,VARESE,LOMBARDIA,NORD-OVEST
582442930544226302,COMUNE DI SAN PIERO PATTI,MESSINA,SICILIA,ISOLE
582742930465726302,COMUNE DI SOGLIANO AL RUBICONE,FORLI'-CESENA,EMILIA-ROMAGNA,NORD-EST
582842930220790102,COMUNE DI MURELLO,CUNEO,PIEMONTE,NORD-OVEST
582842930527808601,COMUNE DI NAPOLI,NAPOLI,CAMPANIA,SUD
582842930538678201,COMUNE DI SELVA DI CADORE,BELLUNO,VENETO,NORD-EST
582942930480100701,COMUNE DI VILLAFRANCA D'ASTI,ASTI,PIEMONTE,NORD-OVEST
582942930527405202,COMUNE DI PIETRACUPA,CAMPOBASSO,MOLISE,SUD
583142930542128701,COMUNE DI SAN FELICE DEL BENACO,BRESCIA,LOMBARDIA,NORD-OVEST
583242930458535402,COMUNE DI ROSARNO,REGGIO DI CALABRIA,CALABRIA,SUD
583342930515495901,COMUNE DI COMMESSAGGIO,MANTOVA,LOMBARDIA,NORD-OVEST
583442930447834902,COMUNE DI FINO MORNASCO,COMO,LOMBARDIA,NORD-OVEST
583442930515472902,COMUNE DI BORGETTO,PALERMO,SICILIA,ISOLE
583542930452714702,COMUNE DI TREGLIO,CHIETI,ABRUZZO,SUD
583642930534574102,COMUNE DI MALETTO,CATANIA,SICILIA,ISOLE
583742930462041502,COMUNE DI PERETO,L'AQUILA,ABRUZZO,SUD
583742930524576502,COMUNE DI SENIGA,BRESCIA,LOMBARDIA,NORD-OVEST
583742930549754102,COMUNE DI ULASSAI,NUORO,SARDEGNA,ISOLE
583842930523464402,COMUNE DI GERMAGNANO,TORINO,PIEMONTE,NORD-OVEST
584042930474517201,COMUNE DI MONTONE,PERUGIA,UMBRIA,CENTRO
584042930515521701,COMUNE DI ANNONE VENETO,VENEZIA,VENETO,NORD-EST
584042930525849001,COMUNE DI SCAMPITELLA,AVELLINO,CAMPANIA,SUD
584142930509593402,COMUNE DI CRESPIATICA,LODI,LOMBARDIA,NORD-OVEST
584242930527056502,COMUNE DI RUEGLIO,TORINO,PIEMONTE,NORD-OVEST
584342929439542302,COMUNE DI CERANOVA,PAVIA,LOMBARDIA,NORD-OVEST
584442930456661802,COMUNE DI MUSSOLENTE,VICENZA,VENETO,NORD-EST
584542930460728101,COMUNE DI CASTELDACCIA,PALERMO,SICILIA,ISOLE
584642929069856702,COMUNE DI BARAGIANO,POTENZA,BASILICATA,SUD
584742930548988402,COMUNE DI PIZZO,VIBO VALENTIA,CALABRIA,SUD
584842930532016401,COMUNE DI CASTELVETRO DI MODENA,MODENA,EMILIA-ROMAGNA,NORD-EST
584842930549536902,COMUNE DI PROVAGLIO D'ISEO,BRESCIA,LOMBARDIA,NORD-OVEST
584942929166082202,COMUNE DI LAGO,COSENZA,CALABRIA,SUD
585042929816225002,COMUNE DI LIVERI,NAPOLI,CAMPANIA,SUD
585042930524706102,COMUNE DI PISANO,NOVARA,PIEMONTE,NORD-OVEST
585142929494098001,COMUNE DI ORTONA DEI MARSI,L'AQUILA,ABRUZZO,SUD
585142930455279902,COMUNE DI VOLTERRA,PISA,TOSCANA,CENTRO
585342930476207401,COMUNE DI MONTELEONE SABINO,RIETI,LAZIO,CENTRO
585342930525444502,COMUNE DI VIGASIO,VERONA,VENETO,NORD-EST
585542930470647202,COMUNE DI VALDUGGIA,VERCELLI,PIEMONTE,NORD-OVEST
585642930015479602,COMUNE DI CHIARAMONTI,SASSARI,SARDEGNA,ISOLE
585642930507653402,COMUNE DI BRANZI,BERGAMO,LOMBARDIA,NORD-OVEST
585742930455366802,COMUNE DI VIGANO SAN MARTINO,BERGAMO,LOMBARDIA,NORD-OVEST
585942930469500002,COMUNE DI SANTA MARIA LA LONGA,UDINE,FRIULI-VENEZIA GIULIA,NORD-EST
586142929321228501,COMUNE DI LACEDONIA,AVELLINO,CAMPANIA,SUD
586242930528427301,COMUNE DI PINCARA,ROVIGO,VENETO,NORD-EST
586342930521266002,COMUNE DI CIVITELLA ROVETO,L'AQUILA,ABRUZZO,SUD
586342930546496302,COMUNE DI GRAGNANO,NAPOLI,CAMPANIA,SUD
586442930515845701,COMUNE DI CAMMARATA,AGRIGENTO,SICILIA,ISOLE
586442930542132202,COMUNE DI MONTE CREMASCO,CREMONA,LOMBARDIA,NORD-OVEST
586542930542625602,COMUNE DI GAGLIOLE,MACERATA,MARCHE,CENTRO
586642930459044301,COMUNE DI SAN GIOVANNI VALDARNO,AREZZO,TOSCANA,CENTRO
586642930509511902,COMUNE DI CASOREZZO,MILANO,LOMBARDIA,NORD-OVEST
586642930547111102,COMUNE DI NAVE,BRESCIA,LOMBARDIA,NORD-OVEST
586742930472476902,COMUNE DI MONTESANO SALENTINO,LECCE,PUGLIA,SUD
586742930473877602,COMUNE DI VISCIANO,NAPOLI,CAMPANIA,SUD
586742930539668202,COMUNE DI VALENTANO,VITERBO,LAZIO,CENTRO
586842930526323702,COMUNE DI MONTE VIDON CORRADO,FERMO,MARCHE,CENTRO
587042930509703002,COMUNE DI ACCUMOLI,RIETI,LAZIO,CENTRO
587142930461747102,COMUNE DI CALDARO SULLA STRADA DEL VINO,BOLZANO/BOZEN,TRENTINO-ALTO ADIGE/SÜDTIROL,NORD-EST
587742928281527002,COMUNE DI AGRA,VARESE,LOMBARDIA,NORD-OVEST
587742930460346402,COMUNE DI CASSINA DE' PECCHI,MILANO,LOMBARDIA,NORD-OVEST
587742930472337201,COMUNE DI OYACE,VALLE D'AOSTA/VALLÉE D'AOSTE,VALLE D'AOSTA/VALLÉE D'AOSTE,NORD-OVEST
587942929417447601,COMUNE DI CENTALLO,CUNEO,PIEMONTE,NORD-OVEST
587942930524650302,COMUNE DI SAN TEODORO,SASSARI,SARDEGNA,ISOLE
587942930529959002,COMUNE DI CASTEL RITALDI,PERUGIA,UMBRIA,CENTRO
588042929417233502,COMUNE DI ERBEZZO,VERONA,VENETO,NORD-EST
588042930534336502,COMUNE DI CAMASTRA,AGRIGENTO,SICILIA,ISOLE
588142929231894901,COMUNE DI CASTELLUCCIO VALMAGGIORE,FOGGIA,PUGLIA,SUD
588142930449937102,COMUNE DI PUSIANO,COMO,LOMBARDIA,NORD-OVEST
588142930529250001,COMUNE DI SALASSA,TORINO,PIEMONTE,NORD-OVEST
588142930534105601,COMUNE DI TRAPANI,TRAPANI,SICILIA,ISOLE
588242930462767202,COMUNE DI ROCCASECCA DEI VOLSCI,LATINA,LAZIO,CENTRO
588242930510749901,COMUNE DI BRENTA,VARESE,LOMBARDIA,NORD-OVEST
588642930455895302,COMUNE DI PERTICA BASSA,BRESCIA,LOMBARDIA,NORD-OVEST
588642930473831901,COMUNE DI NISCEMI,CALTANISSETTA,SICILIA,ISOLE
588642930543710601,COMUNE DI TUFO,AVELLINO,CAMPANIA,SUD
588642930546161702,COMUNE DI PELLEGRINO PARMENSE,PARMA,EMILIA-ROMAGNA,NORD-EST
588742930541310501,COMUNE DI NIARDO,BRESCIA,LOMBARDIA,NORD-OVEST
588842930526032001,COMUNE DI GORZEGNO,CUNEO,PIEMONTE,NORD-OVEST
588842930530071501,COMUNE DI CERENZIA,CROTONE,CALABRIA,SUD
588842930531093601,COMUNE DI TERRANOVA DEI PASSERINI,LODI,LOMBARDIA,NORD-OVEST
588942930454522301,COMUNE DI DIZZASCO,COMO,LOMBARDIA,NORD-OVEST
588942930460786702,COMUNE DI SUZZARA,MANTOVA,LOMBARDIA,NORD-OVEST
588942930509288502,COMUNE DI CALUSCO D'ADDA,BERGAMO,LOMBARDIA,NORD-OVEST
589142930533897302,COMUNE DI BAGNASCO,CUNEO,PIEMONTE,NORD-OVEST
589242930509826302,COMUNE DI ALCAMO,TRAPANI,SICILIA,ISOLE
589342930458575501,COMUNE DI PREMIA,VERBANO-CUSIO-OSSOLA,PIEMONTE,NORD-OVEST
589342930543595001,COMUNE DI MONSAMPOLO DEL TRONTO,ASCOLI PICENO,MARCHE,CENTRO
589642930477663402,COMUNE DI CASTELNUOVO CALCEA,ASTI,PIEMONTE,NORD-OVEST
589642930522282001,COMUNE DI BARBIANO,BOLZANO/BOZEN,TRENTINO-ALTO ADIGE/SÜDTIROL,NORD-EST
589742930477775701,COMUNE DI RUBANO,PADOVA,VENETO,NORD-EST
589842930532627701,COMUNE DI DESULO,NUORO,SARDEGNA,ISOLE
589942930461929202,COMUNE DI RAVANUSA,AGRIGENTO,SICILIA,ISOLE
591142930517656102,COMUNE DI CURTI,CASERTA,CAMPANIA,SUD
591242930459409302,COMUNE DI CONSELICE,RAVENNA,EMILIA-ROMAGNA,NORD-EST
591242930525928101,COMUNE DI SONGAVAZZO,BERGAMO,LOMBARDIA,NORD-OVEST
591442930460881901,COMUNE DI SUTRIO,UDINE,FRIULI-VENEZIA GIULIA,NORD-EST
591442930542682902,COMUNE DI SCIOLZE,TORINO,PIEMONTE,NORD-OVEST
591542929861064502,COMUNE DI FLORIDIA,SIRACUSA,SICILIA,ISOLE
591642929696689202,COMUNE DI FALERONE,FERMO,MARCHE,CENTRO
591642930520245202,COMUNE DI CHIESINA UZZANESE,PISTOIA,TOSCANA,CENTRO
591742930528396801,COMUNE DI SOVERZENE,BELLUNO,VENETO,NORD-EST
591842930466935302,COMUNE DI SENALE-SAN FELICE,BOLZANO/BOZEN,TRENTINO-ALTO ADIGE/SÜDTIROL,NORD-EST
591942930475826602,COMUNE DI GRONDONA,ALESSANDRIA,PIEMONTE,NORD-OVEST
592142930449312802,COMUNE DI SANTE MARIE,L'AQUILA,ABRUZZO,SUD
592242930477337602,COMUNE DI POLLA,SALERNO,CAMPANIA,SUD
592342929488844701,COMUNE DI ESANATOGLIA,MACERATA,MARCHE,CENTRO
592342930459708602,COMUNE DI CINETO ROMANO,ROMA,LAZIO,CENTRO
592442930463877002,COMUNE DI POLVERIGI,ANCONA,MARCHE,CENTRO
592542929272083201,COMUNE DI BORGO DI TERZO,BERGAMO,LOMBARDIA,NORD-OVEST
592542930458683501,COMUNE DI SORIANELLO,VIBO VALENTIA,CALABRIA,SUD
592542930471919401,COMUNE DI VILLACIDRO,SUD SARDEGNA,SARDEGNA,ISOLE
592542930473120501,COMUNE DI OSIDDA,NUORO,SARDEGNA,ISOLE
592642930456067102,COMUNE DI NOCIGLIA,LECCE,PUGLIA,SUD
592842930526388301,COMUNE DI MATERA,MATERA,BASILICATA,SUD
593042930472567801,COMUNE DI NIBIONNO,LECCO,LOMBARDIA,NORD-OVEST
593042930525941702,COMUNE DI CARATE BRIANZA,MONZA E DELLA BRIANZA,LOMBARDIA,NORD-OVEST
593242930475730801,COMUNE DI SAN PIETRO A MAIDA,CATANZARO,CALABRIA,SUD
593342930477133702,COMUNE DI ISPRA,VARESE,LOMBARDIA,NORD-OVEST
593342930550723402,COMUNE DI VELESO,COMO,LOMBARDIA,NORD-OVEST
593442930515371502,COMUNE DI COLLEGIOVE,RIETI,LAZIO,CENTRO
593442930549666501,COMUNE DI PROPATA,GENOVA,LIGURIA,NORD-OVEST
593542929061068602,COMUNE DI CARSOLI,L'AQUILA,ABRUZZO,SUD
593542930521351902,COMUNE DI FERLA,SIRACUSA,SICILIA,ISOLE
593542930527158301,COMUNE DI VENIANO,COMO,LOMBARDIA,NORD-OVEST
593742930508002202,COMUNE DI BALDISSERO D'ALBA,CUNEO,PIEMONTE,NORD-OVEST
593742930521614202,COMUNE DI COSIO DI ARROSCIA,IMPERIA,LIGURIA,NORD-OVEST
593942930528641901,COMUNE DI RACALE,LECCE,PUGLIA,SUD
594142930457190501,COMUNE DI RODENGO,BOLZANO/BOZEN,TRENTINO-ALTO ADIGE/SÜDTIROL,NORD-EST
594442930508177201,COMUNE DI BROCCOSTELLA,FROSINONE,LAZIO,CENTRO
594542930541697702,COMUNE DI LOREO,ROVIGO,VENETO,NORD-EST
594642930449328501,COMUNE DI SANTA LUCIA DI PIAVE,TREVISO,VENETO,NORD-EST
594642930515594001,COMUNE DI BORGHETTO D'ARROSCIA,IMPERIA,LIGURIA,NORD-OVEST
594642930531581601,COMUNE DI CASTEL DEL GIUDICE,ISERNIA,MOLISE,SUD
595342930546098901,COMUNE DI OTTAVIANO,NAPOLI,CAMPANIA,SUD
595642930465653401,COMUNE DI CESENA,FORLI'-CESENA,EMILIA-ROMAGNA,NORD-EST
595642930532404801,COMUNE DI VILLAVERLA,VICENZA,VENETO,NORD-EST
595942930518746201,COMUNE DI GALLESE,VITERBO,LAZIO,CENTRO
596042930526196402,COMUNE DI OSSANA,TRENTO,TRENTINO-ALTO ADIGE/SÜDTIROL,NORD-EST
596142930529081401,COMUNE DI TERDOBBIATE,NOVARA,PIEMONTE,NORD-OVEST
596142930531579402,COMUNE DI CAGGIANO,SALERNO,CAMPANIA,SUD
596142930546348202,COMUNE DI LUSON,BOLZANO/BOZEN,TRENTINO-ALTO ADIGE/SÜDTIROL,NORD-EST
596242930523059101,COMUNE DI CAPODIMONTE,VITERBO,LAZIO,CENTRO
596342928865348301,COMUNE DI EGNA,BOLZANO/BOZEN,TRENTINO-ALTO ADIGE/SÜDTIROL,NORD-EST
596342930458865101,COMUNE DI ROCCAPIEMONTE,SALERNO,CAMPANIA,SUD
596342930519682902,COMUNE DI JERZU,NUORO,SARDEGNA,ISOLE
596342930530862902,COMUNE DI CASARGO,LECCO,LOMBARDIA,NORD-OVEST
596442930460384102,COMUNE DI TREVIGLIO,BERGAMO,LOMBARDIA,NORD-OVEST
596442930475623901,COMUNE DI PIEA,ASTI,PIEMONTE,NORD-OVEST
596542928666175601,COMUNE DI CASTELL'UMBERTO,MESSINA,SICILIA,ISOLE
596542930459563002,COMUNE DI VILLADOSE,ROVIGO,VENETO,NORD-EST
596542930459823601,COMUNE DI CASTEL ROZZONE,BERGAMO,LOMBARDIA,NORD-OVEST
596542930478696401,COMUNE DI VEZZANO LIGURE,LA SPEZIA,LIGURIA,NORD-OVEST
596842930531387001,COMUNE DI TRAVES,TORINO,PIEMONTE,NORD-OVEST
597042930457165401,COMUNE DI SALMOUR,CUNEO,PIEMONTE,NORD-OVEST
597242930449725302,COMUNE DI SAN QUIRICO D'ORCIA,SIENA,TOSCANA,CENTRO
597542930525509602,COMUNE DI ROSSA,VERCELLI,PIEMONTE,NORD-OVEST
597542930540997201,COMUNE DI VOGOGNA,VERBANO-CUSIO-OSSOLA,PIEMONTE,NORD-OVEST
597842927910570102,COMUNE DI BASELICE,BENEVENTO,CAMPANIA,SUD
598042930480248302,COMUNE DI SPESSA,PAVIA,LOMBARDIA,NORD-OVEST
598342930464702101,COMUNE DI AMEGLIA,LA SPEZIA,LIGURIA,NORD-OVEST
598542930461791302,COMUNE DI BORMIDA,SAVONA,LIGURIA,NORD-OVEST
598542930475870101,COMUNE DI GIBELLINA,TRAPANI,SICILIA,ISOLE
598542930533871601,COMUNE DI AGAZZANO,PIACENZA,EMILIA-ROMAGNA,NORD-EST
598642929013099802,COMUNE DI CEPPALONI,BENEVENTO,CAMPANIA,SUD
598642930477505101,COMUNE DI MARANO DI VALPOLICELLA,VERONA,VENETO,NORD-EST
598742930519103702,COMUNE DI SAN GIOVANNI DI GERACE,REGGIO DI CALABRIA,CALABRIA,SUD
598742930532516401,COMUNE DI ESCOLCA,SUD SARDEGNA,SARDEGNA,ISOLE
598942930524473502,COMUNE DI GONNESA,SUD SARDEGNA,SARDEGNA,ISOLE
598942930528649802,COMUNE DI STRAMBINO,TORINO,PIEMONTE,NORD-OVEST
599242930479376201,COMUNE DI TERRASINI,PALERMO,SICILIA,ISOLE
599242930523902202,COMUNE DI COSTA DI ROVIGO,ROVIGO,VENETO,NORD-EST
599242930530515602,COMUNE DI CASSINELLE,ALESSANDRIA,PIEMONTE,NORD-OVEST
599442930455207201,COMUNE DI RIPALTA GUERINA,CREMONA,LOMBARDIA,NORD-OVEST
599442930479292302,COMUNE DI SANTO STEFANO AL MARE,IMPERIA,LIGURIA,NORD-OVEST
599542930517704302,COMUNE DI CASTELLUCCIO INFERIORE,POTENZA,BASILICATA,SUD
599642930529222701,COMUNE DI POVIGLIO,REGGIO NELL'EMILIA,EMILIA-ROMAGNA,NORD-EST
599742930537896002,COMUNE DI SANT'ANATOLIA DI NARCO,PERUGIA,UMBRIA,CENTRO
599742930543267201,COMUNE DI LATTARICO,COSENZA,CALABRIA,SUD
599842930469507701,COMUNE DI SPINO D'ADDA,CREMONA,LOMBARDIA,NORD-OVEST
599942930477494401,COMUNE DI SAN CASCIANO IN VAL DI PESA,FIRENZE,TOSCANA,CENTRO
599942930517386201,COMUNE DI MONTERODUNI,ISERNIA,MOLISE,SUD
601142930530304601,COMUNE DI RIFIANO,BOLZANO/BOZEN,TRENTINO-ALTO ADIGE/SÜDTIROL,NORD-EST
601142930532628902,COMUNE DI VIGONOVO,VENEZIA,VENETO,NORD-EST
601342930534500301,COMUNE DI CAMBURZANO,BIELLA,PIEMONTE,NORD-OVEST
601542930548744701,COMUNE DI SAN VALENTINO IN ABRUZZO CITERIORE,PESCARA,ABRUZZO,SUD
601742929704138702,COMUNE DI LIGNANA,VERCELLI,PIEMONTE,NORD-OVEST
601842930531541802,COMUNE DI CADORAGO,COMO,LOMBARDIA,NORD-OVEST
601942930477296302,COMUNE DI RUFFIA,CUNEO,PIEMONTE,NORD-OVEST
601942930545625601,COMUNE DI CASINA,REGGIO NELL'EMILIA,EMILIA-ROMAGNA,NORD-EST
602042930459604702,COMUNE DI SERRASTRETTA,CATANZARO,CALABRIA,SUD
602042930533617202,COMUNE DI COLLERETTO CASTELNUOVO,TORINO,PIEMONTE,NORD-OVEST
602142930459145702,COMUNE DI VARESE,VARESE,LOMBARDIA,NORD-OVEST
602142930463647002,COMUNE DI AFRAGOLA,NAPOLI,CAMPANIA,SUD
602442930461109002,COMUNE DI CAPANNORI,LUCCA,TOSCANA,CENTRO
602442930476369502,COMUNE DI OCCHIOBELLO,ROVIGO,VENETO,NORD-EST
602442930543862902,COMUNE DI SANTO STEFANO DI SESSANIO,L'AQUILA,ABRUZZO,SUD
602542930516182701,COMUNE DI GEMMANO,RIMINI,EMILIA-ROMAGNA,NORD-EST
602642930517270801,COMUNE DI CAINES,BOLZANO/BOZEN,TRENTINO-ALTO ADIGE/SÜDTIROL,NORD-EST
602742928923797302,COMUNE DI BUTTIGLIERA ALTA,TORINO,PIEMONTE,NORD-OVEST
602842930465367401,COMUNE DI BUDOIA,PORDENONE,FRIULI-VENEZIA GIULIA,NORD-EST
602842930550309601,COMUNE DI SPIGNO MONFERRATO,ALESSANDRIA,PIEMONTE,NORD-OVEST
603042930517565201,COMUNE DI GRAVINA IN PUGLIA,BARI,PUGLIA,SUD
603042930517800901,COMUNE DI CEREA,VERONA,VENETO,NORD-EST
603142930464879901,COMUNE DI CALTANISSETTA,CALTANISSETTA,SICILIA,ISOLE
603142930536135501,COMUNE DI ZENEVREDO,PAVIA,LOMBARDIA,NORD-OVEST
603242929528873402,COMUNE DI FONTE,TREVISO,VENETO,NORD-EST
603242930453273701,COMUNE DI SAN PIETRO IN GU,PADOVA,VENETO,NORD-EST
603442930540543902,COMUNE DI ZERI,MASSA-CARRARA,TOSCANA,CENTRO
603542930459425401,COMUNE DI MONSERRATO,CAGLIARI,SARDEGNA,ISOLE
603542930461122101,COMUNE DI CORMONS,GORIZIA,FRIULI-VENEZIA GIULIA,NORD-EST
603642930473938801,COMUNE DI LIMBADI,VIBO VALENTIA,CALABRIA,SUD
603742930532254401,COMUNE DI AGUGLIARO,VICENZA,VENETO,NORD-EST
603942928288395502,COMUNE DI BENE VAGIENNA,CUNEO,PIEMONTE,NORD-OVEST
604042930533456501,COMUNE DI NOCARA,COSENZA,CALABRIA,SUD
604442930516714501,COMUNE DI CASTIONS DI STRADA,UDINE,FRIULI-VENEZIA GIULIA,NORD-EST
604442930524119801,COMUNE DI VERNASCA,PIACENZA,EMILIA-ROMAGNA,NORD-EST
604542930549186401,COMUNE DI PORTO VIRO,ROVIGO,VENETO,NORD-EST
604742930527736902,COMUNE DI PESCOSANSONESCO,PESCARA,ABRUZZO,SUD
604942930455731001,COMUNE DI MALVICINO,ALESSANDRIA,PIEMONTE,NORD-OVEST
604942930518583101,COMUNE DI FANANO,MODENA,EMILIA-ROMAGNA,NORD-EST
605042930463498402,COMUNE DI MONTEMEZZO,COMO,LOMBARDIA,NORD-OVEST
605142928043599202,COMUNE DI BOSCO MARENGO,ALESSANDRIA,PIEMONTE,NORD-OVEST
605242928247165901,COMUNE DI CERETTO LOMELLINA,PAVIA,LOMBARDIA,NORD-OVEST
605242929514279101,COMUNE DI MASSALENGO,LODI,LOMBARDIA,NORD-OVEST
605442930523496602,COMUNE DI LONGARE,VICENZA,VENETO,NORD-EST
605542930518208001,COMUNE DI CASTELMAGNO,CUNEO,PIEMONTE,NORD-OVEST
605642930462346002,COMUNE DI VENTIMIGLIA,IMPERIA,LIGURIA,NORD-OVEST
605842927909613602,COMUNE DI CARRARA,MASSA-CARRARA,TOSCANA,CENTRO
605842929488900701,COMUNE DI INCUDINE,BRESCIA,LOMBARDIA,NORD-OVEST
606042930459235902,COMUNE DI BELLIZZI,SALERNO,CAMPANIA,SUD
606042930524723102,COMUNE DI RIARDO,CASERTA,CAMPANIA,SUD
606042930533821802,COMUNE DI CAMPIGLIA MARITTIMA,LIVORNO,TOSCANA,CENTRO
606142930530396101,COMUNE DI CERESETO,ALESSANDRIA,PIEMONTE,NORD-OVEST
606242930529461702,COMUNE DI STIO,SALERNO,CAMPANIA,SUD
606342930473257802,COMUNE DI FRANCAVILLA D'ETE,FERMO,MARCHE,CENTRO
606342930520935601,COMUNE DI LOVERE,BERGAMO,LOMBARDIA,NORD-OVEST
606342930525324901,COMUNE DI TORITTO,BARI,PUGLIA,SUD
606442930266044402,COMUNE DI MUROS,SASSARI,SARDEGNA,ISOLE
606442930509031902,COMUNE DI CASTELMEZZANO,POTENZA,BASILICATA,SUD
606542930474426001,COMUNE DI GIRASOLE,NUORO,SARDEGNA,ISOLE
606542930508410601,COMUNE DI ARITZO,NUORO,SARDEGNA,ISOLE
606742930451742602,COMUNE DI TRECASTAGNI,CATANIA,SICILIA,ISOLE
607042929816234301,COMUNE DI MELTINA,BOLZANO/BOZEN,TRENTINO-ALTO ADIGE/SÜDTIROL,NORD-EST
607042930523355301,COMUNE DI GAIOLE IN CHIANTI,SIENA,TOSCANA,CENTRO
607342928096763401,COMUNE DI CASSANO ALLO IONIO,COSENZA,CALABRIA,SUD
607342930517964902,COMUNE DI CASTELPAGANO,BENEVENTO,CAMPANIA,SUD
607542930518974101,COMUNE DI ORTONA,CHIETI,ABRUZZO,SUD
607642930454021201,COMUNE DI NOVAFELTRIA,RIMINI,EMILIA-ROMAGNA,NORD-EST
607642930463621501,COMUNE DI MOLISE,CAMPOBASSO,MOLISE,SUD
607642930468169701,COMUNE DI TALAMELLO,RIMINI,EMILIA-ROMAGNA,NORD-EST
607642930537271102,COMUNE DI VIARIGI,ASTI,PIEMONTE,NORD-OVEST
607742930533867501,COMUNE DI SAN SECONDO DI PINEROLO,TORINO,PIEMONTE,NORD-OVEST
608142929309521301,COMUNE DI DARFO BOARIO TERME,BRESCIA,LOMBARDIA,NORD-OVEST
608242929166128302,COMUNE DI BRINDISI,BRINDISI,PUGLIA,SUD
608342930460180901,COMUNE DI SAN GERMANO VERCELLESE,VERCELLI,PIEMONTE,NORD-OVEST
608342930466842201,COMUNE DI ROTA D'IMAGNA,BERGAMO,LOMBARDIA,NORD-OVEST
608442930450561601,COMUNE DI SALICE SALENTINO,LECCE,PUGLIA,SUD
608442930544190202,COMUNE DI PIETRAMONTECORVINO,FOGGIA,PUGLIA,SUD
608642930550485002,COMUNE DI VENAROTTA,ASCOLI PICENO,MARCHE,CENTRO
608742930527235302,COMUNE DI ZOLA PREDOSA,BOLOGNA,EMILIA-ROMAGNA,NORD-EST
608842930448699501,COMUNE DI MOMPEO,RIETI,LAZIO,CENTRO
608942930519744202,COMUNE DI CASTELLINA MARITTIMA,PISA,TOSCANA,CENTRO
609142930478083502,COMUNE DI SARROCH,CAGLIARI,SARDEGNA,ISOLE
609142930545018002,COMUNE DI PAESANA,CUNEO,PIEMONTE,NORD-OVEST
609242930475241401,COMUNE DI BLELLO,BERGAMO,LOMBARDIA,NORD-OVEST
609342930519980402,COMUNE DI GREMIASCO,ALESSANDRIA,PIEMONTE,NORD-OVEST
609442929613635201,COMUNE DI PETTINENGO,BIELLA,PIEMONTE,NORD-OVEST
609542928176021402,COMUNE DI ACQUAVIVA DELLE FONTI,BARI,PUGLIA,SUD
609742930471752701,COMUNE DI MEDIGLIA,MILANO,LOMBARDIA,NORD-OVEST
609942930510039901,COMUNE DI ACQUAVIVA PICENA,ASCOLI PICENO,MARCHE,CENTRO
609942930528550401,COMUNE DI PREVALLE,BRESCIA,LOMBARDIA,NORD-OVEST
611142930519056902,COMUNE DI SAN GIOVANNI TEATINO,CHIETI,ABRUZZO,SUD
611242930456564601,COMUNE DI OLLASTRA,ORISTANO,SARDEGNA,ISOLE
611242930544170802,COMUNE DI SAN GIOVANNI IN MARIGNANO,RIMINI,EMILIA-ROMAGNA,NORD-EST
611442929236057902,COMUNE DI CAPRIATE SAN GERVASIO,BERGAMO,LOMBARDIA,NORD-OVEST
611442930536252502,COMUNE DI VAUDA CANAVESE,TORINO,PIEMONTE,NORD-OVEST
611542928135643301,COMUNE DI ANTRONA SCHIERANCO,VERBANO-CUSIO-OSSOLA,PIEMONTE,NORD-OVEST
611542930463206002,COMUNE DI PIEVE FISSIRAGA,LODI,LOMBARDIA,NORD-OVEST
611542930465552501,COMUNE DI SAN GIORGIO LUCANO,MATERA,BASILICATA,SUD
611842930525086802,COMUNE DI SAN MICHELE MONDOVI',CUNEO,PIEMONTE,NORD-OVEST
611842930528062002,COMUNE DI TAGLIOLO MONFERRATO,ALESSANDRIA,PIEMONTE,NORD-OVEST
611942930458139602,COMUNE DI ROCCAPALUMBA,PALERMO,SICILIA,ISOLE
611942930516991901,COMUNE DI BOCCIOLETO,VERCELLI,PIEMONTE,NORD-OVEST
611942930525522002,COMUNE DI SCAFA,PESCARA,ABRUZZO,SUD
612142929514163102,COMUNE DI MASSANZAGO,PADOVA,VENETO,NORD-EST
612342928108786601,COMUNE DI CALATABIANO,CATANIA,SICILIA,ISOLE
612342930457889302,COMUNE DI SANT'AGATA FELTRIA,RIMINI,EMILIA-ROMAGNA,NORD-EST
612342930543404502,COMUNE DI MONGRASSANO,COSENZA,CALABRIA,SUD
612442930473165602,COMUNE DI FOGLIANO REDIPUGLIA,GORIZIA,FRIULI-VENEZIA GIULIA,NORD-EST
612542928601833902,COMUNE DI COMMEZZADURA,TRENTO,TRENTINO-ALTO ADIGE/SÜDTIROL,NORD-EST
612742930457760601,COMUNE DI SANT'ARCANGELO TRIMONTE,BENEVENTO,CAMPANIA,SUD
612742930473475701,COMUNE DI MOMBALDONE,ASTI,PIEMONTE,NORD-OVEST
612742930509766401,COMUNE DI AIELLI,L'AQUILA,ABRUZZO,SUD
612942930464604802,COMUNE DI AMENDOLARA,COSENZA,CALABRIA,SUD
613142930522255301,COMUNE DI FARRA DI SOLIGO,TREVISO,VENETO,NORD-EST
613142930527786601,COMUNE DI NOCI,BARI,PUGLIA,SUD
613142930541713601,COMUNE DI GALLIPOLI,LECCE,PUGLIA,SUD
613242930469281302,COMUNE DI SAN VITO SULLO IONIO,CATANZARO,CALABRIA,SUD
613342930527812301,COMUNE DI NASINO,SAVONA,LIGURIA,NORD-OVEST
613642930458178401,COMUNE DI MONTIERI,GROSSETO,TOSCANA,CENTRO
613742930531180301,COMUNE DI CALVIZZANO,NAPOLI,CAMPANIA,SUD
613842930474030501,COMUNE DI GAGLIANO ATERNO,L'AQUILA,ABRUZZO,SUD
613842930529166701,COMUNE DI SAN VITTORE DEL LAZIO,FROSINONE,LAZIO,CENTRO
613842930530935001,COMUNE DI CASALMORO,MANTOVA,LOMBARDIA,NORD-OVEST
614042930510485702,COMUNE DI CARGEGHE,SASSARI,SARDEGNA,ISOLE
614142930449855601,COMUNE DI RHO,MILANO,LOMBARDIA,NORD-OVEST
614142930545162802,COMUNE DI FIESSO UMBERTIANO,ROVIGO,VENETO,NORD-EST
614242930526869301,COMUNE DI OVIGLIO,ALESSANDRIA,PIEMONTE,NORD-OVEST
614342930316630702,COMUNE DI PREZZA,L'AQUILA,ABRUZZO,SUD
614442930529223002,COMUNE DI PAGNACCO,UDINE,FRIULI-VENEZIA GIULIA,NORD-EST
614642930460835202,COMUNE DI TORRE ANNUNZIATA,NAPOLI,CAMPANIA,SUD
614942930520133301,COMUNE DI MARONE,BRESCIA,LOMBARDIA,NORD-OVEST
615042930535854102,COMUNE DI VILLAMAINA,AVELLINO,CAMPANIA,SUD
615242930529026902,COMUNE DI RIVELLO,POTENZA,BASILICATA,SUD
615242930534894001,COMUNE DI CILAVEGNA,PAVIA,LOMBARDIA,NORD-OVEST
615542930453514002,COMUNE DI ZOAGLI,GENOVA,LIGURIA,NORD-OVEST
615542930472245601,COMUNE DI ZUNGRI,VIBO VALENTIA,CALABRIA,SUD
615542930472598101,COMUNE DI MONTE SAN GIOVANNI IN SABINA,RIETI,LAZIO,CENTRO
615542930524160001,COMUNE DI SCHILPARIO,BERGAMO,LOMBARDIA,NORD-OVEST
615642928791241702,COMUNE DI COLLALTO SABINO,RIETI,LAZIO,CENTRO
615642930453924201,COMUNE DI PEROSA ARGENTINA,TORINO,PIEMONTE,NORD-OVEST
615642930548013602,COMUNE DI SCALETTA ZANCLEA,MESSINA,SICILIA,ISOLE
615742930472569902,COMUNE DI POZZOLO FORMIGARO,ALESSANDRIA,PIEMONTE,NORD-OVEST
615742930517542101,COMUNE DI LESSONA,BIELLA,PIEMONTE,NORD-OVEST
615842930452120801,COMUNE DI VIGEVANO,PAVIA,LOMBARDIA,NORD-OVEST
615842930464614501,COMUNE DI UZZANO,PISTOIA,TOSCANA,CENTRO
615842930540550801,COMUNE DI REZZO,IMPERIA,LIGURIA,NORD-OVEST
616142930535327501,COMUNE DI CIVITELLA DI ROMAGNA,FORLI'-CESENA,EMILIA-ROMAGNA,NORD-EST
616342928009789001,COMUNE DI CAMPOFIORITO,PALERMO,SICILIA,ISOLE
616342930540564901,COMUNE DI MOROLO,FROSINONE,LAZIO,CENTRO
616542930525105801,COMUNE DI ROIATE,ROMA,LAZIO,CENTRO
616842929189316902,COMUNE DI CASANOVA ELVO,VERCELLI,PIEMONTE,NORD-OVEST
616842930524612002,COMUNE DI SANTA LUCIA DEL MELA,MESSINA,SICILIA,ISOLE
616942930507685202,COMUNE DI CARPINONE,ISERNIA,MOLISE,SUD
617242930472545102,COMUNE DI MORRONE DEL SANNIO,CAMPOBASSO,MOLISE,SUD
617542930461420101,COMUNE DI CLAUT,PORDENONE,FRIULI-VENEZIA GIULIA,NORD-EST
617742930535217001,COMUNE DI VILLANTERIO,PAVIA,LOMBARDIA,NORD-OVEST
617942930460510202,COMUNE DI BERGAMASCO,ALESSANDRIA,PIEMONTE,NORD-OVEST
618042930451043001,COMUNE DI MEZZANINO,PAVIA,LOMBARDIA,NORD-OVEST
618042930525354301,COMUNE DI PALMA CAMPANIA,NAPOLI,CAMPANIA,SUD
618342930517732602,COMUNE DI FERRIERE,PIACENZA,EMILIA-ROMAGNA,NORD-EST
618442930479187302,COMUNE DI VALTOPINA,PERUGIA,UMBRIA,CENTRO
618642930476813602,COMUNE DI LOCULI,NUORO,SARDEGNA,ISOLE
618842930525478901,COMUNE DI SUPINO,FROSINONE,LAZIO,CENTRO
619042930458308802,COMUNE DI TRAMONTI,SALERNO,CAMPANIA,SUD
619442930456902601,COMUNE DI ROBECCO D'OGLIO,CREMONA,LOMBARDIA,NORD-OVEST
619642930461679002,COMUNE DI PARGHELIA,VIBO VALENTIA,CALABRIA,SUD
619642930467832502,COMUNE DI PIOMBINO,LIVORNO,TOSCANA,CENTRO
619842930518854401,COMUNE DI CICILIANO,ROMA,LAZIO,CENTRO
621242930519112201,COMUNE DI FERRERA ERBOGNONE,PAVIA,LOMBARDIA,NORD-OVEST
621342930458041402,COMUNE DI PEZZANA,VERCELLI,PIEMONTE,NORD-OVEST
621342930460442702,COMUNE DI BASSANO DEL GRAPPA,VICENZA,VENETO,NORD-EST
621442930509631801,COMUNE DI CASOLE D'ELSA,SIENA,TOSCANA,CENTRO
621442930533515701,COMUNE DI MOLTENO,LECCO,LOMBARDIA,NORD-OVEST
621442930542426801,COMUNE DI PACENTRO,L'AQUILA,ABRUZZO,SUD
621842928305365001,COMUNE DI BIONAZ,VALLE D'AOSTA/VALLÉE D'AOSTE,VALLE D'AOSTA/VALLÉE D'AOSTE,NORD-OVEST
621942930527380301,COMUNE DI SANT'ANTONIO DI GALLURA,SASSARI,SARDEGNA,ISOLE
622142930525597202,COMUNE DI FOZA,VICENZA,VENETO,NORD-EST
622342930454373401,COMUNE DI MEANA SARDO,NUORO,SARDEGNA,ISOLE
622342930530575101,COMUNE DI BOVES,CUNEO,PIEMONTE,NORD-OVEST
622542930524635402,COMUNE DI SANT'ELENA,PADOVA,VENETO,NORD-EST
623042930453137202,COMUNE DI SAN PIETRO INFINE,CASERTA,CAMPANIA,SUD
623042930474490501,COMUNE DI MONTOPOLI DI SABINA,RIETI,LAZIO,CENTRO
623042930476919301,COMUNE DI FILANDARI,VIBO VALENTIA,CALABRIA,SUD
623142930537296402,COMUNE DI VILLALAGO,L'AQUILA,ABRUZZO,SUD
623342930473502501,COMUNE DI SAN FILI,COSENZA,CALABRIA,SUD
623742930507962602,COMUNE DI CAMINI,REGGIO DI CALABRIA,CALABRIA,SUD
623742930536195201,COMUNE DI VOTTIGNASCO,CUNEO,PIEMONTE,NORD-OVEST
623942928258542701,COMUNE DI VILLA LATINA,FROSINONE,LAZIO,CENTRO
623942930530823901,COMUNE DI BASILIANO,UDINE,FRIULI-VENEZIA GIULIA,NORD-EST
624142929684805401,COMUNE DI FAGAGNA,UDINE,FRIULI-VENEZIA GIULIA,NORD-EST
624142930451687501,COMUNE DI ZUCCARELLO,SAVONA,LIGURIA,NORD-OVEST
624242930455754701,COMUNE DI SALZA DI PINEROLO,TORINO,PIEMONTE,NORD-OVEST
624242930475530502,COMUNE DI PIEDIMONTE MATESE,CASERTA,CAMPANIA,SUD
624342930529722402,COMUNE DI COLZATE,BERGAMO,LOMBARDIA,NORD-OVEST
624342930532757901,COMUNE DI CONCA CASALE,ISERNIA,MOLISE,SUD
624442928726031502,COMUNE DI CIMINA',REGGIO DI CALABRIA,CALABRIA,SUD
624442930464003901,COMUNE DI NERVIANO,MILANO,LOMBARDIA,NORD-OVEST
624542930530514701,COMUNE DI CARMAGNOLA,TORINO,PIEMONTE,NORD-OVEST
624742930142486002,COMUNE DI MONTEBUONO,RIETI,LAZIO,CENTRO
624742930530714801,COMUNE DI ROSE,COSENZA,CALABRIA,SUD
624942930479378202,COMUNE DI SAN CONO,CATANIA,SICILIA,ISOLE
624942930509974501,COMUNE DI BORGONOVO VAL TIDONE,PIACENZA,EMILIA-ROMAGNA,NORD-EST
625042930475269601,COMUNE DI LAMPORECCHIO,PISTOIA,TOSCANA,CENTRO
625142930460858601,COMUNE DI TORRE DI MOSTO,VENEZIA,VENETO,NORD-EST
625342929466954002,COMUNE DI CASTEL GUELFO DI BOLOGNA,BOLOGNA,EMILIA-ROMAGNA,NORD-EST
625442930530055402,COMUNE DI CICCIANO,NAPOLI,CAMPANIA,SUD
625542930533010301,COMUNE DI GERENZANO,VARESE,LOMBARDIA,NORD-OVEST
625742930470569001,COMUNE DI PONTE GARDENA,BOLZANO/BOZEN,TRENTINO-ALTO ADIGE/SÜDTIROL,NORD-EST
625842930518152502,COMUNE DI FAENZA,RAVENNA,EMILIA-ROMAGNA,NORD-EST
626142930480164301,COMUNE DI SAN GIORGIO DELLA RICHINVELDA,PORDENONE,FRIULI-VENEZIA GIULIA,NORD-EST
626142930540691101,COMUNE DI ORDONA,FOGGIA,PUGLIA,SUD
626142930545055902,COMUNE DI POGGIO RUSCO,MANTOVA,LOMBARDIA,NORD-OVEST
626442930541959602,COMUNE DI LENOLA,LATINA,LAZIO,CENTRO
626642930534157502,COMUNE DI BEINETTE,CUNEO,PIEMONTE,NORD-OVEST
626742930469978402,COMUNE DI SANTA BRIGIDA,BERGAMO,LOMBARDIA,NORD-OVEST
626742930547755901,COMUNE DI VEROLENGO,TORINO,PIEMONTE,NORD-OVEST
626942930531391002,COMUNE DI CELLINO ATTANASIO,TERAMO,ABRUZZO,SUD
626942930550762501,COMUNE DI TORANO CASTELLO,COSENZA,CALABRIA,SUD
627142930477846402,COMUNE DI TORCHIARA,SALERNO,CAMPANIA,SUD
627142930519283702,COMUNE DI PETTENASCO,NOVARA,PIEMONTE,NORD-OVEST
627242930521030802,COMUNE DI CORBETTA,MILANO,LOMBARDIA,NORD-OVEST
627242930530633202,COMUNE DI RETORBIDO,PAVIA,LOMBARDIA,NORD-OVEST
627742930535001801,COMUNE DI CASTIGLION FIBOCCHI,AREZZO,TOSCANA,CENTRO
627742930542430902,COMUNE DI MORTEGLIANO,UDINE,FRIULI-VENEZIA GIULIA,NORD-EST
627842930454353502,COMUNE DI POVE DEL GRAPPA,VICENZA,VENETO,NORD-EST
627842930455116302,COMUNE DI RIPA TEATINA,CHIETI,ABRUZZO,SUD
627842930527026502,COMUNE DI MODUGNO,BARI,PUGLIA,SUD
627942930468002802,COMUNE DI VADENA,BOLZANO/BOZEN,TRENTINO-ALTO ADIGE/SÜDTIROL,NORD-EST
628042930476683502,COMUNE DI MONTEGALDA,VICENZA,VENETO,NORD-EST
628242930463571801,COMUNE DI CASALEONE,VERONA,VENETO,NORD-EST
628242930528148101,COMUNE DI SAN NICOLA MANFREDI,BENEVENTO,CAMPANIA,SUD
628442930546282602,COMUNE DI OSINI,NUORO,SARDEGNA,ISOLE
628542930529940802,COMUNE DI CINIGIANO,GROSSETO,TOSCANA,CENTRO
628742930447174202,COMUNE DI SCHIO,VICENZA,VENETO,NORD-EST
629142930462199101,COMUNE DI CUCEGLIO,TORINO,PIEMONTE,NORD-OVEST
629342930476512301,COMUNE DI POGGIO IMPERIALE,FOGGIA,PUGLIA,SUD
629342930509172202,COMUNE DI CAMINO AL TAGLIAMENTO,UDINE,FRIULI-VENEZIA GIULIA,NORD-EST
629442930454891802,COMUNE DI TRESCORE CREMASCO,CREMONA,LOMBARDIA,NORD-OVEST
629442930546221601,COMUNE DI NOGAREDO,TRENTO,TRENTINO-ALTO ADIGE/SÜDTIROL,NORD-EST
629542930524103602,COMUNE DI SOLIGNANO,PARMA,EMILIA-ROMAGNA,NORD-EST
629942930465575701,COMUNE DI VILLARBOIT,VERCELLI,PIEMONTE,NORD-OVEST
631342930544564001,COMUNE DI PIEDIMONTE ETNEO,CATANIA,SICILIA,ISOLE
631442930453559201,COMUNE DI TAVERNERIO,COMO,LOMBARDIA,NORD-OVEST
631442930465223901,COMUNE DI CAVEZZO,MODENA,EMILIA-ROMAGNA,NORD-EST
631442930478758802,COMUNE DI VERDELLINO,BERGAMO,LOMBARDIA,NORD-OVEST
631442930534697501,COMUNE DI SAN BARTOLOMEO IN GALDO,BENEVENTO,CAMPANIA,SUD
631442930544035201,COMUNE DI MASI,PADOVA,VENETO,NORD-EST
631542930137891201,COMUNE DI FIANO,TORINO,PIEMONTE,NORD-OVEST
631642930515728402,COMUNE DI CAPPELLE SUL TAVO,PESCARA,ABRUZZO,SUD
631742929269314901,COMUNE DI FAEDIS,UDINE,FRIULI-VENEZIA GIULIA,NORD-EST
631842930544615602,COMUNE DI CRODO,VERBANO-CUSIO-OSSOLA,PIEMONTE,NORD-OVEST
631842930546616102,COMUNE DI RIO SALICETO,REGGIO NELL'EMILIA,EMILIA-ROMAGNA,NORD-EST
632142929417331502,COMUNE DI CODEVIGO,PADOVA,VENETO,NORD-EST
632142930475451901,COMUNE DI SETTIME,ASTI,PIEMONTE,NORD-OVEST
632142930529489601,COMUNE DI TEGLIO VENETO,VENEZIA,VENETO,NORD-EST
632242928242485402,COMUNE DI ALBIDONA,COSENZA,CALABRIA,SUD
632242928726267002,COMUNE DI BULGAROGRASSO,COMO,LOMBARDIA,NORD-OVEST
632242930528090201,COMUNE DI TUFINO,NAPOLI,CAMPANIA,SUD
632542930460063802,COMUNE DI ARESE,MILANO,LOMBARDIA,NORD-OVEST
632742928602899402,COMUNE DI MARTIGNACCO,UDINE,FRIULI-VENEZIA GIULIA,NORD-EST
632742930471641102,COMUNE DI VESTIGNE',TORINO,PIEMONTE,NORD-OVEST
632842930545035902,COMUNE DI GRANA MONFERRATO,ASTI,PIEMONTE,NORD-OVEST
633042930524124402,COMUNE DI TORGNON,VALLE D'AOSTA/VALLÉE D'AOSTE,VALLE D'AOSTA/VALLÉE D'AOSTE,NORD-OVEST
633142930479439902,COMUNE DI TERRAZZO,VERONA,VENETO,NORD-EST
633142930480181601,COMUNE DI RASSA,VERCELLI,PIEMONTE,NORD-OVEST
633142930546696501,COMUNE DI REANO,TORINO,PIEMONTE,NORD-OVEST
633742930519064501,COMUNE DI MASSAFRA,TARANTO,PUGLIA,SUD
634042930454923601,COMUNE DI TRONTANO,VERBANO-CUSIO-OSSOLA,PIEMONTE,NORD-OVEST
634142930378995901,COMUNE DI GAVELLO,ROVIGO,VENETO,NORD-EST
634242930480300802,COMUNE DI SEGUSINO,TREVISO,VENETO,NORD-EST
634342930517827402,COMUNE DI CLUSONE,BERGAMO,LOMBARDIA,NORD-OVEST
634342930538918502,COMUNE DI SERSALE,CATANZARO,CALABRIA,SUD
634442928570877701,COMUNE DI CUSANO MILANINO,MILANO,LOMBARDIA,NORD-OVEST
634442928601879102,COMUNE DI CASTELFORTE,LATINA,LAZIO,CENTRO
634442930509229101,COMUNE DI BERZANO DI SAN PIETRO,ASTI,PIEMONTE,NORD-OVEST
634542930516387001,COMUNE DI CAVRIANA,MANTOVA,LOMBARDIA,NORD-OVEST
634542930518933602,COMUNE DI MASSA MARITTIMA,GROSSETO,TOSCANA,CENTRO
634542930547167301,COMUNE DI PIEVE DI CADORE,BELLUNO,VENETO,NORD-EST
635042930475778201,COMUNE DI GRIMALDI,COSENZA,CALABRIA,SUD
635242930466868001,COMUNE DI ZANE',VICENZA,VENETO,NORD-EST
635242930523886601,COMUNE DI SAN LUCA,REGGIO DI CALABRIA,CALABRIA,SUD
635342930529573401,COMUNE DI STILO,REGGIO DI CALABRIA,CALABRIA,SUD
635442930450110302,COMUNE DI MOTTOLA,TARANTO,PUGLIA,SUD
635442930457627902,COMUNE DI MONTE MARENZO,LECCO,LOMBARDIA,NORD-OVEST
635542930533071202,COMUNE DI MONTECORVINO ROVELLA,SALERNO,CAMPANIA,SUD
635842930448036901,COMUNE DI MONTELUPO ALBESE,CUNEO,PIEMONTE,NORD-OVEST
635942930457087702,COMUNE DI SALORNO SULLA STRADA DEL VINO,BOLZANO/BOZEN,TRENTINO-ALTO ADIGE/SÜDTIROL,NORD-EST
636142930528352101,COMUNE DI RODDI,CUNEO,PIEMONTE,NORD-OVEST
636342930526638701,COMUNE DI FRASSO SABINO,RIETI,LAZIO,CENTRO
636442930460092501,COMUNE DI SANFRE',CUNEO,PIEMONTE,NORD-OVEST
636442930520175701,COMUNE DI LIVO,COMO,LOMBARDIA,NORD-OVEST
636542930536561801,COMUNE DI SANTHIA',VERCELLI,PIEMONTE,NORD-OVEST
636742928865301501,COMUNE DI GOLFERENZO,PAVIA,LOMBARDIA,NORD-OVEST
636742929020918202,COMUNE DI CIVATE,LECCO,LOMBARDIA,NORD-OVEST
636842930510820302,COMUNE DI ARQUA' PETRARCA,PADOVA,VENETO,NORD-EST
636842930525655902,COMUNE DI GORO,FERRARA,EMILIA-ROMAGNA,NORD-EST
636942930472736801,COMUNE DI ORTACESUS,SUD SARDEGNA,SARDEGNA,ISOLE
637142930511097902,COMUNE DI BENEVELLO,CUNEO,PIEMONTE,NORD-OVEST
637542930466070001,COMUNE DI VILLANOVA D'ASTI,ASTI,PIEMONTE,NORD-OVEST
637642930474869901,COMUNE DI MONTEVIALE,VICENZA,VENETO,NORD-EST
637642930550717001,COMUNE DI TOMBOLO,PADOVA,VENETO,NORD-EST
637742930532452802,COMUNE DI DESENZANO DEL GARDA,BRESCIA,LOMBARDIA,NORD-OVEST
637842928603015501,COMUNE DI MARTA,VITERBO,LAZIO,CENTRO
637842930510482502,COMUNE DI ALBIGNASEGO,PADOVA,VENETO,NORD-EST
637942930548982002,COMUNE DI PONTE DELL'OLIO,PIACENZA,EMILIA-ROMAGNA,NORD-EST
638042930450992201,COMUNE DI OLMO AL BREMBO,BERGAMO,LOMBARDIA,NORD-OVEST
638042930509034601,COMUNE DI FAICCHIO,BENEVENTO,CAMPANIA,SUD
638042930529760102,COMUNE DI TORRE DE' PASSERI,PESCARA,ABRUZZO,SUD
638042930538055401,COMUNE DI TRENZANO,BRESCIA,LOMBARDIA,NORD-OVEST
638142930447921202,COMUNE DI MONTELUPONE,MACERATA,MARCHE,CENTRO
638142930450063801,COMUNE DI PIETRA LIGURE,SAVONA,LIGURIA,NORD-OVEST
638142930455866601,COMUNE DI FRASSILONGO,TRENTO,TRENTINO-ALTO ADIGE/SÜDTIROL,NORD-EST
638142930540569102,COMUNE DI VILLANOVA DEL SILLARO,LODI,LOMBARDIA,NORD-OVEST
638242930455311801,COMUNE DI SOVER,TRENTO,TRENTINO-ALTO ADIGE/SÜDTIROL,NORD-EST
638242930533781801,COMUNE DI PIETRELCINA,BENEVENTO,CAMPANIA,SUD
638542930476079201,COMUNE DI MARSALA,TRAPANI,SICILIA,ISOLE
638642930519829201,COMUNE DI IZANO,CREMONA,LOMBARDIA,NORD-OVEST
638742930527718701,COMUNE DI MONTESCHENO,VERBANO-CUSIO-OSSOLA,PIEMONTE,NORD-OVEST
638842930452336902,COMUNE DI VILLA DEL CONTE,PADOVA,VENETO,NORD-EST
639042930529309401,COMUNE DI SAN PRISCO,CASERTA,CAMPANIA,SUD
639142930518547302,COMUNE DI CORREGGIO,REGGIO NELL'EMILIA,EMILIA-ROMAGNA,NORD-EST
639142930529139001,COMUNE DI RIMINI,RIMINI,EMILIA-ROMAGNA,NORD-EST
639342930454898101,COMUNE DI VIGODARZERE,PADOVA,VENETO,NORD-EST
639342930461614402,COMUNE DI SAN DEMETRIO NE' VESTINI,L'AQUILA,ABRUZZO,SUD
639342930465207602,COMUNE DI BIANDRONNO,VARESE,LOMBARDIA,NORD-OVEST
639442928988290801,COMUNE DI ARBOREA,ORISTANO,SARDEGNA,ISOLE
639442930538235001,COMUNE DI TORRE DI RUGGIERO,CATANZARO,CALABRIA,SUD
639542930532563901,COMUNE DI BARCELLONA POZZO DI GOTTO,MESSINA,SICILIA,ISOLE
639642930530084702,COMUNE DI BAGNOLI DEL TRIGNO,ISERNIA,MOLISE,SUD
641142930477278001,COMUNE DI LUSIA,ROVIGO,VENETO,NORD-EST
641242930464771301,COMUNE DI CAMBIAGO,MILANO,LOMBARDIA,NORD-OVEST
641242930528742302,COMUNE DI VIGNOLE BORBERA,ALESSANDRIA,PIEMONTE,NORD-OVEST
641242930548136302,COMUNE DI SANT'AGATA LI BATTIATI,CATANIA,SICILIA,ISOLE
641342930545059402,COMUNE DI MONTELEONE ROCCA DORIA,SASSARI,SARDEGNA,ISOLE
641442929528823102,COMUNE DI ITRI,LATINA,LAZIO,CENTRO
641442930464779301,COMUNE DI ANACAPRI,NAPOLI,CAMPANIA,SUD
641442930524145502,COMUNE DI SOMAGLIA,LODI,LOMBARDIA,NORD-OVEST
641742930516236501,COMUNE DI CECIMA,PAVIA,LOMBARDIA,NORD-OVEST
641842928570742801,COMUNE DI GUILMI,CHIETI,ABRUZZO,SUD
641942930474911501,COMUNE DI LA VALLE AGORDINA,BELLUNO,VENETO,NORD-EST
641942930534201702,COMUNE DI ANGERA,VARESE,LOMBARDIA,NORD-OVEST
642042930525103802,COMUNE DI MOIOLA,CUNEO,PIEMONTE,NORD-OVEST
642142930542004602,COMUNE DI RUDIANO,BRESCIA,LOMBARDIA,NORD-OVEST
642242930456211802,COMUNE DI PESCOPAGANO,POTENZA,BASILICATA,SUD
642342930453637401,COMUNE DI LENTA,VERCELLI,PIEMONTE,NORD-OVEST
642342930457120101,COMUNE DI RODANO,MILANO,LOMBARDIA,NORD-OVEST
642542930456223802,COMUNE DI MONTACUTO,ALESSANDRIA,PIEMONTE,NORD-OVEST
642642930474766001,COMUNE DI MONGUELFO-TESIDO,BOLZANO/BOZEN,TRENTINO-ALTO ADIGE/SÜDTIROL,NORD-EST
642742930526624501,COMUNE DI ONORE,BERGAMO,LOMBARDIA,NORD-OVEST
643142930459533201,COMUNE DI CONFLENTI,CATANZARO,CALABRIA,SUD
643142930519928302,COMUNE DI MARSICOVETERE,POTENZA,BASILICATA,SUD
643242929821047101,COMUNE DI TARTANO,SONDRIO,LOMBARDIA,NORD-OVEST
643442930550034201,COMUNE DI PIEVEPELAGO,MODENA,EMILIA-ROMAGNA,NORD-EST
643742930454947202,COMUNE DI SPRIANA,SONDRIO,LOMBARDIA,NORD-OVEST
643742930476853602,COMUNE DI OTRICOLI,TERNI,UMBRIA,CENTRO
643742930524019802,COMUNE DI SCHEGGINO,PERUGIA,UMBRIA,CENTRO
643742930542962201,COMUNE DI MARINO,ROMA,LAZIO,CENTRO
643942930525309802,COMUNE DI NIZZA MONFERRATO,ASTI,PIEMONTE,NORD-OVEST
644142930446451802,COMUNE DI VALLORIATE,CUNEO,PIEMONTE,NORD-OVEST
644142930474924401,COMUNE DI MENDICINO,COSENZA,CALABRIA,SUD
644642930474099402,COMUNE DI ROCCACASALE,L'AQUILA,ABRUZZO,SUD
644642930510593801,COMUNE DI BRUZZANO ZEFFIRIO,REGGIO DI CALABRIA,CALABRIA,SUD
644742929681216001,COMUNE DI PECETTO DI VALENZA,ALESSANDRIA,PIEMONTE,NORD-OVEST
644742930477479302,COMUNE DI TREVIOLO,BERGAMO,LOMBARDIA,NORD-OVEST
644942930511287101,COMUNE DI CERETE,BERGAMO,LOMBARDIA,NORD-OVEST
644942930516721002,COMUNE DI CAMPAGNATICO,GROSSETO,TOSCANA,CENTRO
645042930468804501,COMUNE DI SANT'ANDREA DI CONZA,AVELLINO,CAMPANIA,SUD
645242930524530001,COMUNE DI MOMBERCELLI,ASTI,PIEMONTE,NORD-OVEST
645342930532493602,COMUNE DI TEGGIANO,SALERNO,CAMPANIA,SUD
645542930453093001,COMUNE DI SANT'AGATA DEL BIANCO,REGGIO DI CALABRIA,CALABRIA,SUD
645742930461298301,COMUNE DI COSSANO BELBO,CUNEO,PIEMONTE,NORD-OVEST
646142930516997802,COMUNE DI CEPPO MORELLI,VERBANO-CUSIO-OSSOLA,PIEMONTE,NORD-OVEST
646442930476673001,COMUNE DI FILACCIANO,ROMA,LAZIO,CENTRO
646442930515735902,COMUNE DI CAPRANICA,VITERBO,LAZIO,CENTRO
646742928967163401,COMUNE DI DORNO,PAVIA,LOMBARDIA,NORD-OVEST
646742930464184902,COMUNE DI ARDEA,ROMA,LAZIO,CENTRO
646742930527254501,COMUNE DI SOGLIANO CAVOUR,LECCE,PUGLIA,SUD
647042929800407201,COMUNE DI MONTEBELLO DELLA BATTAGLIA,PAVIA,LOMBARDIA,NORD-OVEST
647042930457784202,COMUNE DI VIGNOLA-FALESINA,TRENTO,TRENTINO-ALTO ADIGE/SÜDTIROL,NORD-EST
647142930520231302,COMUNE DI CASTRO,BERGAMO,LOMBARDIA,NORD-OVEST
647242930515716702,COMUNE DI CARIMATE,COMO,LOMBARDIA,NORD-OVEST
647242930529731001,COMUNE DI CARLANTINO,FOGGIA,PUGLIA,SUD
647542927963609202,COMUNE DI BROLO,MESSINA,SICILIA,ISOLE
647642930462303702,COMUNE DI VICOFORTE,CUNEO,PIEMONTE,NORD-OVEST
647942930515080402,COMUNE DI AILANO,CASERTA,CAMPANIA,SUD
648042930528529302,COMUNE DI RIPALIMOSANI,CAMPOBASSO,MOLISE,SUD
648342930459509102,COMUNE DI TRECASE,NAPOLI,CAMPANIA,SUD
648342930463022901,COMUNE DI CASSINO,FROSINONE,LAZIO,CENTRO
648342930527411001,COMUNE DI LOIRI PORTO SAN PAOLO,SASSARI,SARDEGNA,ISOLE
648342930534785301,COMUNE DI ASIGLIANO VERCELLESE,VERCELLI,PIEMONTE,NORD-OVEST
648342930547014502,COMUNE DI MAGLIANO ALFIERI,CUNEO,PIEMONTE,NORD-OVEST
648442930449073502,COMUNE DI SORRENTO,NAPOLI,CAMPANIA,SUD
648442930526664902,COMUNE DI DOGNA,UDINE,FRIULI-VENEZIA GIULIA,NORD-EST
648442930547127301,COMUNE DI MAGLIANO DI TENNA,FERMO,MARCHE,CENTRO
648642930531693201,COMUNE DI CAERANO DI SAN MARCO,TREVISO,VENETO,NORD-EST
648742930454987101,COMUNE DI TRESANA,MASSA-CARRARA,TOSCANA,CENTRO
648742930478797202,COMUNE DI STELLANELLO,SAVONA,LIGURIA,NORD-OVEST
648742930524846701,COMUNE DI TENNA,TRENTO,TRENTINO-ALTO ADIGE/SÜDTIROL,NORD-EST
648842930460023301,COMUNE DI CANZO,COMO,LOMBARDIA,NORD-OVEST
648942929567799701,COMUNE DI ITTIRI,SASSARI,SARDEGNA,ISOLE
648942930449110702,COMUNE DI SAN PIETRO MUSSOLINO,VICENZA,VENETO,NORD-EST
649042930527078002,COMUNE DI SAN GINESIO,MACERATA,MARCHE,CENTRO
649142930518226402,COMUNE DI COLLEFERRO,ROMA,LAZIO,CENTRO
649342930117707001,COMUNE DI FERRUZZANO,REGGIO DI CALABRIA,CALABRIA,SUD
649442930480047802,COMUNE DI SAN GIORGIO DELLE PERTICHE,PADOVA,VENETO,NORD-EST
649642930467947801,COMUNE DI RIZZICONI,REGGIO DI CALABRIA,CALABRIA,SUD
649742930539647002,COMUNE DI VALDINA,MESSINA,SICILIA,ISOLE
649942930476139101,COMUNE DI LAURITO,SALERNO,CAMPANIA,SUD
649942930479236002,COMUNE DI STROZZA,BERGAMO,LOMBARDIA,NORD-OVEST
651142930450359001,COMUNE DI RODIGO,MANTOVA,LOMBARDIA,NORD-OVEST
651342928887918302,COMUNE DI DICOMANO,FIRENZE,TOSCANA,CENTRO
651442930479445702,COMUNE DI VILLANOVA DEL BATTISTA,AVELLINO,CAMPANIA,SUD
651642930515551701,COMUNE DI COLLELONGO,L'AQUILA,ABRUZZO,SUD
651742930533814901,COMUNE DI POMARICO,MATERA,BASILICATA,SUD
651842930526320601,COMUNE DI MULAZZANO,LODI,LOMBARDIA,NORD-OVEST
651942930454825201,COMUNE DI SIZZANO,NOVARA,PIEMONTE,NORD-OVEST
651942930478231102,COMUNE DI VALLIO TERME,BRESCIA,LOMBARDIA,NORD-OVEST
652142930447137102,COMUNE DI SANT'ANGELO LE FRATTE,POTENZA,BASILICATA,SUD
652142930509584901,COMUNE DI CALATAFIMI SEGESTA,TRAPANI,SICILIA,ISOLE
652442930515802601,COMUNE DI CARIFE,AVELLINO,CAMPANIA,SUD
652542930454752501,COMUNE DI SIRIS,ORISTANO,SARDEGNA,ISOLE
652542930546548902,COMUNE DI SAN CASCIANO DEI BAGNI,SIENA,TOSCANA,CENTRO
652642930533782602,COMUNE DI CAPRAROLA,VITERBO,LAZIO,CENTRO
652842930516145901,COMUNE DI GIARRATANA,RAGUSA,SICILIA,ISOLE
652842930529521401,COMUNE DI SGURGOLA,FROSINONE,LAZIO,CENTRO
653042927963768501,COMUNE DI BRONZOLO,BOLZANO/BOZEN,TRENTINO-ALTO ADIGE/SÜDTIROL,NORD-EST
653042930542015202,COMUNE DI SAN FERMO DELLA BATTAGLIA,COMO,LOMBARDIA,NORD-OVEST
653142930459478902,COMUNE DI CASTIGLIONE D'ORCIA,SIENA,TOSCANA,CENTRO
653142930479524002,COMUNE DI STRIANO,NAPOLI,CAMPANIA,SUD
653342930508972101,COMUNE DI ATZARA,NUORO,SARDEGNA,ISOLE
653342930533725301,COMUNE DI ALTAVILLA IRPINA,AVELLINO,CAMPANIA,SUD
653542930529153902,COMUNE DI ROCCA DE' GIORGI,PAVIA,LOMBARDIA,NORD-OVEST
653642930462867801,COMUNE DI CONCAMARISE,VERONA,VENETO,NORD-EST
653742930510384802,COMUNE DI CASALROMANO,MANTOVA,LOMBARDIA,NORD-OVEST
653842929400256501,COMUNE DI FALOPPIO,COMO,LOMBARDIA,NORD-OVEST
653842929696743002,COMUNE DI PASTRENGO,VERONA,VENETO,NORD-EST
653842930453388901,COMUNE DI CASTELLETTO D'ORBA,ALESSANDRIA,PIEMONTE,NORD-OVEST
653842930473075901,COMUNE DI OSILO,SASSARI,SARDEGNA,ISOLE
653942930509065402,COMUNE DI ARGEGNO,COMO,LOMBARDIA,NORD-OVEST
654042930449629701,COMUNE DI PREMENO,VERBANO-CUSIO-OSSOLA,PIEMONTE,NORD-OVEST
654042930470916901,COMUNE DI SOLAROLO RAINERIO,CREMONA,LOMBARDIA,NORD-OVEST
654242930542632701,COMUNE DI SANT'ONOFRIO,VIBO VALENTIA,CALABRIA,SUD
654342930546863601,COMUNE DI ASSORO,ENNA,SICILIA,ISOLE
654542930474824902,COMUNE DI PALAZZO ADRIANO,PALERMO,SICILIA,ISOLE
654542930477661102,COMUNE DI FAVRIA,TORINO,PIEMONTE,NORD-OVEST
654642930453465602,COMUNE DI VILLANOVAFORRU,SUD SARDEGNA,SARDEGNA,ISOLE
654642930454790701,COMUNE DI SMERILLO,FERMO,MARCHE,CENTRO
654642930460302701,COMUNE DI BAREGGIO,MILANO,LOMBARDIA,NORD-OVEST
654942930509543701,COMUNE DI CANOSA SANNITA,CHIETI,ABRUZZO,SUD
655042930472188302,COMUNE DI OGLIANICO,TORINO,PIEMONTE,NORD-OVEST
655042930479484502,COMUNE DI DUE CARRARE,PADOVA,VENETO,NORD-EST
655142928726124202,COMUNE DI CASLINO D'ERBA,COMO,LOMBARDIA,NORD-OVEST
655342930509983701,COMUNE DI BORGO PRIOLO,PAVIA,LOMBARDIA,NORD-OVEST
655342930543181102,COMUNE DI VALVESTINO,BRESCIA,LOMBARDIA,NORD-OVEST
655442930469818502,COMUNE DI SESSA CILENTO,SALERNO,CAMPANIA,SUD
655442930510824702,COMUNE DI CASTELVERDE,CREMONA,LOMBARDIA,NORD-OVEST
655842928887872002,COMUNE DI EMPOLI,FIRENZE,TOSCANA,CENTRO
655842930523085001,COMUNE DI CAPO D'ORLANDO,MESSINA,SICILIA,ISOLE
656042930475018502,COMUNE DI MONTEIASI,TARANTO,PUGLIA,SUD
656242930456953401,COMUNE DI GIFFONI VALLE PIANA,SALERNO,CAMPANIA,SUD
656242930473377402,COMUNE DI ORSOGNA,CHIETI,ABRUZZO,SUD
656342930342691002,COMUNE DI BELLINZAGO NOVARESE,NOVARA,PIEMONTE,NORD-OVEST
656442930472250401,COMUNE DI LADISPOLI,ROMA,LAZIO,CENTRO
656542928592761601,COMUNE DI ORVINIO,RIETI,LAZIO,CENTRO
656542930543599602,COMUNE DI MONTEFRANCO,TERNI,UMBRIA,CENTRO
656642930474235001,COMUNE DI LICODIA EUBEA,CATANIA,SICILIA,ISOLE
656642930517305401,COMUNE DI GRATTERI,PALERMO,SICILIA,ISOLE
656742928789992001,COMUNE DI ISNELLO,PALERMO,SICILIA,ISOLE
656842930475431902,COMUNE DI PORCIA,PORDENONE,FRIULI-VENEZIA GIULIA,NORD-EST
657242928887312101,COMUNE DI CRANDOLA VALSASSINA,LECCO,LOMBARDIA,NORD-OVEST
657342930541170002,COMUNE DI NICHELINO,TORINO,PIEMONTE,NORD-OVEST
657442930477734402,COMUNE DI TREVI NEL LAZIO,FROSINONE,LAZIO,CENTRO
657742930465781302,COMUNE DI VIVERONE,BIELLA,PIEMONTE,NORD-OVEST
657742930474796002,COMUNE DI TORREGROTTA,MESSINA,SICILIA,ISOLE
657742930532598501,COMUNE DI SCIGLIANO,COSENZA,CALABRIA,SUD
658142930473567902,COMUNE DI PESCATE,LECCO,LOMBARDIA,NORD-OVEST
658142930546394001,COMUNE DI GRANDOLA ED UNITI,COMO,LOMBARDIA,NORD-OVEST
658642929303719501,COMUNE DI CARCARE,SAVONA,LIGURIA,NORD-OVEST
658942930456879602,COMUNE DI SAN MARTINO DI FINITA,COSENZA,CALABRIA,SUD
658942930479038602,COMUNE DI RAPAGNANO,FERMO,MARCHE,CENTRO
659142928232753901,COMUNE DI CASALVECCHIO DI PUGLIA,FOGGIA,PUGLIA,SUD
659142930532505601,COMUNE DI CAMPOLATTARO,BENEVENTO,CAMPANIA,SUD
659542930519222201,COMUNE DI ASSISI,PERUGIA,UMBRIA,CENTRO
659742930464854101,COMUNE DI ANDRANO,LECCE,PUGLIA,SUD
659742930544352401,COMUNE DI SAN PELLEGRINO TERME,BERGAMO,LOMBARDIA,NORD-OVEST
659842930534373901,COMUNE DI SAN VITALIANO,NAPOLI,CAMPANIA,SUD
659942929259428501,COMUNE DI CLAUZETTO,PORDENONE,FRIULI-VENEZIA GIULIA,NORD-EST
659942930461469101,COMUNE DI CUSIO,BERGAMO,LOMBARDIA,NORD-OVEST
659942930519363301,COMUNE DI OSASCO,TORINO,PIEMONTE,NORD-OVEST
661142930533758202,COMUNE DI ALBANELLA,SALERNO,CAMPANIA,SUD
661242930541930402,COMUNE DI MASLIANICO,COMO,LOMBARDIA,NORD-OVEST
661342930531787402,COMUNE DI BOLZANO VICENTINO,VICENZA,VENETO,NORD-EST
661542930458841401,COMUNE DI GIMIGLIANO,CATANZARO,CALABRIA,SUD
661542930526107101,COMUNE DI QUARONA,VERCELLI,PIEMONTE,NORD-OVEST
661642928062746602,COMUNE DI CARDE',CUNEO,PIEMONTE,NORD-OVEST
662142928255461701,COMUNE DI BASCAPE',PAVIA,LOMBARDIA,NORD-OVEST
662142930529150601,COMUNE DI VILLAMIROGLIO,ALESSANDRIA,PIEMONTE,NORD-OVEST
662242930517506301,COMUNE DI LETINO,CASERTA,CAMPANIA,SUD
662342930463195201,COMUNE DI CORNEGLIANO LAUDENSE,LODI,LOMBARDIA,NORD-OVEST
662342930464993502,COMUNE DI BESOZZO,VARESE,LOMBARDIA,NORD-OVEST
662542930461143901,COMUNE DI COURMAYEUR,VALLE D'AOSTA/VALLÉE D'AOSTE,VALLE D'AOSTA/VALLÉE D'AOSTE,NORD-OVEST
662542930525213101,COMUNE DI TORRETTA,PALERMO,SICILIA,ISOLE
662742929621897902,COMUNE DI PORTOFERRAIO,LIVORNO,TOSCANA,CENTRO
662742930474015002,COMUNE DI MARANO DI NAPOLI,NAPOLI,CAMPANIA,SUD
662942930534037001,COMUNE DI BAGNARIA,PAVIA,LOMBARDIA,NORD-OVEST
663042930479679601,COMUNE DI SUCCIVO,CASERTA,CAMPANIA,SUD
663042930524347201,COMUNE DI FINO DEL MONTE,BERGAMO,LOMBARDIA,NORD-OVEST
663142929839447601,COMUNE DI MARMIROLO,MANTOVA,LOMBARDIA,NORD-OVEST
663342930451105601,COMUNE DI RANICA,BERGAMO,LOMBARDIA,NORD-OVEST
663542930529957101,COMUNE DI SANTA FIORA,GROSSETO,TOSCANA,CENTRO
663642930480208101,COMUNE DI RUMO,TRENTO,TRENTINO-ALTO ADIGE/SÜDTIROL,NORD-EST
663742930515497202,COMUNE DI CASTIGLIONE DI GARFAGNANA,LUCCA,TOSCANA,CENTRO
663842930455452701,COMUNE DI VIETRI SUL MARE,SALERNO,CAMPANIA,SUD
664042930448245002,COMUNE DI RAGUSA,RAGUSA,SICILIA,ISOLE
664042930459310502,COMUNE DI CARLAZZO,COMO,LOMBARDIA,NORD-OVEST
664042930542970902,COMUNE DI VALGANNA,VARESE,LOMBARDIA,NORD-OVEST
664242930518346602,COMUNE DI CERAMI,ENNA,SICILIA,ISOLE
664642930528521401,COMUNE DI SAN DAMIANO AL COLLE,PAVIA,LOMBARDIA,NORD-OVEST
664742929309406402,COMUNE DI DOZZA,BOLOGNA,EMILIA-ROMAGNA,NORD-EST
664742930179843902,COMUNE DI FARRA D'ISONZO,GORIZIA,FRIULI-VENEZIA GIULIA,NORD-EST
664742930518939202,COMUNE DI MONCALVO,ASTI,PIEMONTE,NORD-OVEST
664742930532198301,COMUNE DI CESARO',MESSINA,SICILIA,ISOLE
664942930450522402,COMUNE DI SALE DELLE LANGHE,CUNEO,PIEMONTE,NORD-OVEST
665142930474649402,COMUNE DI VILLA DI BRIANO,CASERTA,CAMPANIA,SUD
665242930463609802,COMUNE DI CANEVA,PORDENONE,FRIULI-VENEZIA GIULIA,NORD-EST
665342930460685202,COMUNE DI CASARILE,MILANO,LOMBARDIA,NORD-OVEST
665342930528787802,COMUNE DI SANTA MARGHERITA LIGURE,GENOVA,LIGURIA,NORD-OVEST
665642930550842201,COMUNE DI SOLEMINIS,SUD SARDEGNA,SARDEGNA,ISOLE
665742930527645201,COMUNE DI NORBELLO,ORISTANO,SARDEGNA,ISOLE
665842929380279101,COMUNE DI DECIMOPUTZU,SUD SARDEGNA,SARDEGNA,ISOLE
665842930471889901,COMUNE DI VILLA CORTESE,MILANO,LOMBARDIA,NORD-OVEST
665842930528854901,COMUNE DI PREDOSA,ALESSANDRIA,PIEMONTE,NORD-OVEST
665942929400362701,COMUNE DI FALLO,CHIETI,ABRUZZO,SUD
665942930515546002,COMUNE DI FORZA D'AGRO',MESSINA,SICILIA,ISOLE
665942930524702001,COMUNE DI SANTA MARINA SALINA,MESSINA,SICILIA,ISOLE
665942930543219101,COMUNE DI PRATO ALLO STELVIO,BOLZANO/BOZEN,TRENTINO-ALTO ADIGE/SÜDTIROL,NORD-EST
666042930475028101,COMUNE DI VOLTURARA IRPINA,AVELLINO,CAMPANIA,SUD
666042930525712202,COMUNE DI SCANDOLARA RIPA D'OGLIO,CREMONA,LOMBARDIA,NORD-OVEST
666142930462109402,COMUNE DI CASSOLNOVO,PAVIA,LOMBARDIA,NORD-OVEST
666142930464828901,COMUNE DI ANDALI,CATANZARO,CALABRIA,SUD
666142930533023602,COMUNE DI ROCCAMENA,PALERMO,SICILIA,ISOLE
666242928113204401,COMUNE DI CANTAGALLO,PRATO,TOSCANA,CENTRO
666242930516082801,COMUNE DI BUONABITACOLO,SALERNO,CAMPANIA,SUD
666242930525492302,COMUNE DI SOMMA LOMBARDO,VARESE,LOMBARDIA,NORD-OVEST
666342930519029801,COMUNE DI MILETO,VIBO VALENTIA,CALABRIA,SUD
666342930544643602,COMUNE DI INVERSO PINASCA,TORINO,PIEMONTE,NORD-OVEST
666442930480433801,COMUNE DI SPILIMBERGO,PORDENONE,FRIULI-VENEZIA GIULIA,NORD-EST
666442930546688702,COMUNE DI MACUGNAGA,VERBANO-CUSIO-OSSOLA,PIEMONTE,NORD-OVEST
666942930531738801,COMUNE DI CUPELLO,CHIETI,ABRUZZO,SUD
667042929885514702,COMUNE DI CHIESA IN VALMALENCO,SONDRIO,LOMBARDIA,NORD-OVEST
667042930450950202,COMUNE DI VALLO DI NERA,PERUGIA,UMBRIA,CENTRO
667142927966337801,COMUNE DI BEMA,SONDRIO,LOMBARDIA,NORD-OVEST
667142930518229601,COMUNE DI CARTURA,PADOVA,VENETO,NORD-EST
667242930457538102,COMUNE DI NERETO,TERAMO,ABRUZZO,SUD
667342928113248801,COMUNE DI CASORIA,NAPOLI,CAMPANIA,SUD
667442930464212402,COMUNE DI QUARTUCCIU,CAGLIARI,SARDEGNA,ISOLE
667442930515645402,COMUNE DI BOGOGNO,NOVARA,PIEMONTE,NORD-OVEST
667442930549503402,COMUNE DI PROVVIDENTI,CAMPOBASSO,MOLISE,SUD
667942930528227902,COMUNE DI SAN MARCO ARGENTANO,COSENZA,CALABRIA,SUD
667942930530965901,COMUNE DI CASALMAIOCCO,LODI,LOMBARDIA,NORD-OVEST
668042928091088502,COMUNE DI CANOSA DI PUGLIA,BARLETTA-ANDRIA-TRANI,PUGLIA,SUD
668142930526970101,COMUNE DI SIROLO,ANCONA,MARCHE,CENTRO
668242930533365502,COMUNE DI ACQUI TERME,ALESSANDRIA,PIEMONTE,NORD-OVEST
668442930532995202,COMUNE DI PRELA',IMPERIA,LIGURIA,NORD-OVEST
668642930527433401,COMUNE DI VILLA SANT'ANGELO,L'AQUILA,ABRUZZO,SUD
668642930544536701,COMUNE DI SOLOPACA,BENEVENTO,CAMPANIA,SUD
668742928235978602,COMUNE DI ALBI,CATANZARO,CALABRIA,SUD
668842930538829901,COMUNE DI SOVICO,MONZA E DELLA BRIANZA,LOMBARDIA,NORD-OVEST
668942930527960502,COMUNE DI TUBRE,BOLZANO/BOZEN,TRENTINO-ALTO ADIGE/SÜDTIROL,NORD-EST
668942930529847002,COMUNE DI SANT'AGAPITO,ISERNIA,MOLISE,SUD
669142930289529202,COMUNE DI MIOGLIA,SAVONA,LIGURIA,NORD-OVEST
669142930450104201,COMUNE DI MOTTA DE' CONTI,VERCELLI,PIEMONTE,NORD-OVEST
669242930527333102,COMUNE DI ORISTANO,ORISTANO,SARDEGNA,ISOLE
669242930529373802,COMUNE DI SETZU,SUD SARDEGNA,SARDEGNA,ISOLE
669342930526060301,COMUNE DI PECETTO TORINESE,TORINO,PIEMONTE,NORD-OVEST
669442930474293901,COMUNE DI ROCCA DI CAVE,ROMA,LAZIO,CENTRO
669642930539906702,COMUNE DI PREDAPPIO,FORLI'-CESENA,EMILIA-ROMAGNA,NORD-EST
669842930542477401,COMUNE DI MONTE PORZIO,PESARO E URBINO,MARCHE,CENTRO
671142930534395002,COMUNE DI CAMERANA,CUNEO,PIEMONTE,NORD-OVEST
671242930455919502,COMUNE DI NORAGUGUME,NUORO,SARDEGNA,ISOLE
671542930478300201,COMUNE DI TORRE BOLDONE,BERGAMO,LOMBARDIA,NORD-OVEST
671642928739595002,COMUNE DI LEZZENO,COMO,LOMBARDIA,NORD-OVEST
671742930528968102,COMUNE DI PLODIO,SAVONA,LIGURIA,NORD-OVEST
671842927929385701,COMUNE DI BORGO SAN GIACOMO,BRESCIA,LOMBARDIA,NORD-OVEST
671942930546143302,COMUNE DI LIVRAGA,LODI,LOMBARDIA,NORD-OVEST
672042929801894901,COMUNE DI MARCIANO DELLA CHIANA,AREZZO,TOSCANA,CENTRO
672142928726429701,COMUNE DI BOLOGNOLA,MACERATA,MARCHE,CENTRO
672142929373030202,COMUNE DI CODOGNO,LODI,LOMBARDIA,NORD-OVEST
672442930530787602,COMUNE DI CASTELCUCCO,TREVISO,VENETO,NORD-EST
672542930080417901,COMUNE DI COSIO VALTELLINO,SONDRIO,LOMBARDIA,NORD-OVEST
672742930531909101,COMUNE DI CALCINAIA,PISA,TOSCANA,CENTRO
673042930517612002,COMUNE DI IDRO,BRESCIA,LOMBARDIA,NORD-OVEST
673042930529893101,COMUNE DI STORNARA,FOGGIA,PUGLIA,SUD
673142930477769301,COMUNE DI FARA SAN MARTINO,CHIETI,ABRUZZO,SUD
673142930516487402,COMUNE DI CRECCHIO,CHIETI,ABRUZZO,SUD
673242930461406401,COMUNE DI ROCCA CANAVESE,TORINO,PIEMONTE,NORD-OVEST
673342930467794802,COMUNE DI ROMETTA,MESSINA,SICILIA,ISOLE
673342930518841002,COMUNE DI GALLIATE,NOVARA,PIEMONTE,NORD-OVEST
673342930534726802,COMUNE DI CORTENUOVA,BERGAMO,LOMBARDIA,NORD-OVEST
673442930531133301,COMUNE DI SCIARA,PALERMO,SICILIA,ISOLE
673542930463546502,COMUNE DI SAN CARLO CANAVESE,TORINO,PIEMONTE,NORD-OVEST
673742930533903301,COMUNE DI ALBANO LAZIALE,ROMA,LAZIO,CENTRO
673842930475061702,COMUNE DI VIBO VALENTIA,VIBO VALENTIA,CALABRIA,SUD
674042930461682601,COMUNE DI COLOSIMI,COSENZA,CALABRIA,SUD
674142930516069702,COMUNE DI FRATTAMAGGIORE,NAPOLI,CAMPANIA,SUD
674242930435870002,COMUNE DI GALATI MAMERTINO,MESSINA,SICILIA,ISOLE
674242930473017302,COMUNE DI LORO PICENO,MACERATA,MARCHE,CENTRO
674342930457227401,COMUNE DI PINASCA,TORINO,PIEMONTE,NORD-OVEST
674342930524419701,COMUNE DI TRATALIAS,SUD SARDEGNA,SARDEGNA,ISOLE
674542930458635101,COMUNE DI SALAPARUTA,TRAPANI,SICILIA,ISOLE
674542930480126701,COMUNE DI ROSETO CAPO SPULICO,COSENZA,CALABRIA,SUD
674742930528798301,COMUNE DI TERZIGNO,NAPOLI,CAMPANIA,SUD
675142930451155701,COMUNE DI PALESTRO,PAVIA,LOMBARDIA,NORD-OVEST
675142930540256901,COMUNE DI SOLBIATE ARNO,VARESE,LOMBARDIA,NORD-OVEST
675242928055989402,COMUNE DI CALCERANICA AL LAGO,TRENTO,TRENTINO-ALTO ADIGE/SÜDTIROL,NORD-EST
675342930525185901,COMUNE DI TORREVECCHIA PIA,PAVIA,LOMBARDIA,NORD-OVEST
675442930516295301,COMUNE DI ISOLA D'ASTI,ASTI,PIEMONTE,NORD-OVEST
675542930448864102,COMUNE DI ROCCALUMERA,MESSINA,SICILIA,ISOLE
675642929321111502,COMUNE DI CARUGATE,MILANO,LOMBARDIA,NORD-OVEST
675642930451386202,COMUNE DI SAN PONSO,TORINO,PIEMONTE,NORD-OVEST
675642930524949302,COMUNE DI PIETRAFERRAZZANA,CHIETI,ABRUZZO,SUD
675742930526577702,COMUNE DI MAZZE',TORINO,PIEMONTE,NORD-OVEST
675742930528981401,COMUNE DI RORA',TORINO,PIEMONTE,NORD-OVEST
675842930459007402,COMUNE DI BUGGIANO,PISTOIA,TOSCANA,CENTRO
675942930475206502,COMUNE DI COMANO,MASSA-CARRARA,TOSCANA,CENTRO
676142929194519602,COMUNE DI JACURSO,CATANZARO,CALABRIA,SUD
676142930524860502,COMUNE DI SAN SEBASTIANO CURONE,ALESSANDRIA,PIEMONTE,NORD-OVEST
676242930220737602,COMUNE DI BUCCINASCO,MILANO,LOMBARDIA,NORD-OVEST
676242930469479001,COMUNE DI VICOLI,PESCARA,ABRUZZO,SUD
676242930473283902,COMUNE DI MACCHIA VALFORTORE,CAMPOBASSO,MOLISE,SUD
676242930542299602,COMUNE DI PALU' DEL FERSINA,TRENTO,TRENTINO-ALTO ADIGE/SÜDTIROL,NORD-EST
676342930012382501,COMUNE DI CIVITELLA D'AGLIANO,VITERBO,LAZIO,CENTRO
676442930461411002,COMUNE DI CANZANO,TERAMO,ABRUZZO,SUD
676442930464954101,COMUNE DI PARUZZARO,NOVARA,PIEMONTE,NORD-OVEST
676442930546368201,COMUNE DI MARGARITA,CUNEO,PIEMONTE,NORD-OVEST
676542930477748601,COMUNE DI RUBIERA,REGGIO NELL'EMILIA,EMILIA-ROMAGNA,NORD-EST
676542930517857402,COMUNE DI MILO,CATANIA,SICILIA,ISOLE
676742930475025802,COMUNE DI MANIAGO,PORDENONE,FRIULI-VENEZIA GIULIA,NORD-EST
676842930545340301,COMUNE DI SAN BIAGIO PLATANI,AGRIGENTO,SICILIA,ISOLE
676942930479197201,COMUNE DI SAN LORENZO,REGGIO DI CALABRIA,CALABRIA,SUD
676942930533687801,COMUNE DI CASTELLAMONTE,TORINO,PIEMONTE,NORD-OVEST
677042930478874701,COMUNE DI VENAFRO,ISERNIA,MOLISE,SUD
677142930527521402,COMUNE DI MONTE DI PROCIDA,NAPOLI,CAMPANIA,SUD
677242928932243302,COMUNE DI BUTI,PISA,TOSCANA,CENTRO
677242928988167902,COMUNE DI BORTIGALI,NUORO,SARDEGNA,ISOLE
677242930517222601,COMUNE DI CAMPODENNO,TRENTO,TRENTINO-ALTO ADIGE/SÜDTIROL,NORD-EST
677242930544609802,COMUNE DI CIVITELLA IN VAL DI CHIANA,AREZZO,TOSCANA,CENTRO
677242930547631701,COMUNE DI TORRECUSO,BENEVENTO,CAMPANIA,SUD
677742930447987101,COMUNE DI OZIERI,SASSARI,SARDEGNA,ISOLE
677742930519472901,COMUNE DI GAZZO VERONESE,VERONA,VENETO,NORD-EST
677842930461361101,COMUNE DI SALIZZOLE,VERONA,VENETO,NORD-EST
677942930525818002,COMUNE DI SPOLETO,PERUGIA,UMBRIA,CENTRO
678142930479964501,COMUNE DI PROVES,BOLZANO/BOZEN,TRENTINO-ALTO ADIGE/SÜDTIROL,NORD-EST
678142930521363801,COMUNE DI CELLARENGO,ASTI,PIEMONTE,NORD-OVEST
678242930530196802,COMUNE DI RIGNANO SULL'ARNO,FIRENZE,TOSCANA,CENTRO
678542930476045002,COMUNE DI MONTELEONE DI PUGLIA,FOGGIA,PUGLIA,SUD
678642930458165102,COMUNE DI MERONE,COMO,LOMBARDIA,NORD-OVEST
678742930222068601,COMUNE DI FASCIA,GENOVA,LIGURIA,NORD-OVEST
678742930462308501,COMUNE DI CELLA DATI,CREMONA,LOMBARDIA,NORD-OVEST
678742930528119502,COMUNE DI ROBELLA,ASTI,PIEMONTE,NORD-OVEST
678842930547371802,COMUNE DI SAN VITO DI CADORE,BELLUNO,VENETO,NORD-EST
679042928030516801,COMUNE DI CAVA MANARA,PAVIA,LOMBARDIA,NORD-OVEST
679142930464344202,COMUNE DI COLLIANO,SALERNO,CAMPANIA,SUD
679242930478303301,COMUNE DI TORO,CAMPOBASSO,MOLISE,SUD
679342930519642702,COMUNE DI OULX,TORINO,PIEMONTE,NORD-OVEST
679442930456249102,COMUNE DI MIGLIONICO,MATERA,BASILICATA,SUD
679442930546701301,COMUNE DI FIEROZZO,TRENTO,TRENTINO-ALTO ADIGE/SÜDTIROL,NORD-EST
679742929946486602,COMUNE DI ARAMENGO,ASTI,PIEMONTE,NORD-OVEST
679942930541716201,COMUNE DI PEGOGNAGA,MANTOVA,LOMBARDIA,NORD-OVEST
681142930454118401,COMUNE DI LEONFORTE,ENNA,SICILIA,ISOLE
681342930534908101,COMUNE DI CORTE PALASIO,LODI,LOMBARDIA,NORD-OVEST
681442930464803501,COMUNE DI CAMERANO,ANCONA,MARCHE,CENTRO
681742930510597001,COMUNE DI ALBERA LIGURE,ALESSANDRIA,PIEMONTE,NORD-OVEST
682042930525009502,COMUNE DI SAN MARTINO IN BADIA,BOLZANO/BOZEN,TRENTINO-ALTO ADIGE/SÜDTIROL,NORD-EST
682442928121580101,COMUNE DI CESANO MADERNO,MONZA E DELLA BRIANZA,LOMBARDIA,NORD-OVEST
682442930509273402,COMUNE DI ABBIATEGRASSO,MILANO,LOMBARDIA,NORD-OVEST
682542930478153201,COMUNE DI SAN BENEDETTO DEI MARSI,L'AQUILA,ABRUZZO,SUD
682542930521194702,COMUNE DI AVIGLIANA,TORINO,PIEMONTE,NORD-OVEST
682542930523950602,COMUNE DI POTENZA PICENA,MACERATA,MARCHE,CENTRO
682542930531441302,COMUNE DI BOISSANO,SAVONA,LIGURIA,NORD-OVEST
682642930545320202,COMUNE DI RIVANAZZANO TERME,PAVIA,LOMBARDIA,NORD-OVEST
682842928064987401,COMUNE DI CAVALESE,TRENTO,TRENTINO-ALTO ADIGE/SÜDTIROL,NORD-EST
682842930526003901,COMUNE DI QUARTU SANT'ELENA,CAGLIARI,SARDEGNA,ISOLE
683042930455966702,COMUNE DI MONTESCUDAIO,PISA,TOSCANA,CENTRO
683142930518339501,COMUNE DI COLLEBEATO,BRESCIA,LOMBARDIA,NORD-OVEST
683342930517481102,COMUNE DI BRIGA NOVARESE,NOVARA,PIEMONTE,NORD-OVEST
683342930549650701,COMUNE DI RODI' MILICI,MESSINA,SICILIA,ISOLE
683442930464374402,COMUNE DI COLLINAS,SUD SARDEGNA,SARDEGNA,ISOLE
683542930530462101,COMUNE DI CARPIGNANO SESIA,NOVARA,PIEMONTE,NORD-OVEST
683642929780713401,COMUNE DI MARCIANA MARINA,LIVORNO,TOSCANA,CENTRO
683742930461427702,COMUNE DI BAGNOLO IN PIANO,REGGIO NELL'EMILIA,EMILIA-ROMAGNA,NORD-EST
683842930531713201,COMUNE DI CARATE URIO,COMO,LOMBARDIA,NORD-OVEST
684142930516547701,COMUNE DI LAGANADI,REGGIO DI CALABRIA,CALABRIA,SUD
684342930519896201,COMUNE DI PANCALIERI,TORINO,PIEMONTE,NORD-OVEST
684342930526179301,COMUNE DI PIETRAFITTA,COSENZA,CALABRIA,SUD
684342930538673401,COMUNE DI SANTA MARGHERITA DI STAFFORA,PAVIA,LOMBARDIA,NORD-OVEST
684342930549015902,COMUNE DI PIZZALE,PAVIA,LOMBARDIA,NORD-OVEST
684742928878191202,COMUNE DI BOBBIO,PIACENZA,EMILIA-ROMAGNA,NORD-EST
684942930529277701,COMUNE DI SORIANO CALABRO,VIBO VALENTIA,CALABRIA,SUD
685042930523351301,COMUNE DI GAVIGNANO,ROMA,LAZIO,CENTRO
685142930474884601,COMUNE DI OLGIATE OLONA,VARESE,LOMBARDIA,NORD-OVEST
685142930523762602,COMUNE DI ROGHUDI,REGGIO DI CALABRIA,CALABRIA,SUD
685142930546857301,COMUNE DI PRASCO,ALESSANDRIA,PIEMONTE,NORD-OVEST
685242928725986102,COMUNE DI GIANO VETUSTO,CASERTA,CAMPANIA,SUD
685542930545717101,COMUNE DI MAGNACAVALLO,MANTOVA,LOMBARDIA,NORD-OVEST
685642930473229702,COMUNE DI FRANCAVILLA ANGITOLA,VIBO VALENTIA,CALABRIA,SUD
685642930480066702,COMUNE DI SERRAVALLE PISTOIESE,PISTOIA,TOSCANA,CENTRO
686142928159082502,COMUNE DI ACCIANO,L'AQUILA,ABRUZZO,SUD
686142930516730902,COMUNE DI CANDIA CANAVESE,TORINO,PIEMONTE,NORD-OVEST
686242930478176701,COMUNE DI RANCIO VALCUVIA,VARESE,LOMBARDIA,NORD-OVEST
686242930534114102,COMUNE DI COLLI SUL VELINO,RIETI,LAZIO,CENTRO
686442930474073202,COMUNE DI TREZZONE,COMO,LOMBARDIA,NORD-OVEST
686442930536461201,COMUNE DI SATRIANO,CATANZARO,CALABRIA,SUD
686442930544290302,COMUNE DI REITANO,MESSINA,SICILIA,ISOLE
686542930549153402,COMUNE DI SANTA TERESA DI RIVA,MESSINA,SICILIA,ISOLE
686642930530558201,COMUNE DI ARZANA,NUORO,SARDEGNA,ISOLE
686742930460247802,COMUNE DI BORGO VAL DI TARO,PARMA,EMILIA-ROMAGNA,NORD-EST
686742930471518302,COMUNE DI MONTALDO TORINESE,TORINO,PIEMONTE,NORD-OVEST
686742930480404201,COMUNE DI SPEZZANO DELLA SILA,COSENZA,CALABRIA,SUD
686742930530161202,COMUNE DI POSTALESIO,SONDRIO,LOMBARDIA,NORD-OVEST
686942930508038502,COMUNE DI BERGAMO,BERGAMO,LOMBARDIA,NORD-OVEST
687042930454546001,COMUNE DI DOLCE',VERONA,VENETO,NORD-EST
687142930472558801,COMUNE DI OPERA,MILANO,LOMBARDIA,NORD-OVEST
687242930525582202,COMUNE DI MASSIMENO,TRENTO,TRENTINO-ALTO ADIGE/SÜDTIROL,NORD-EST
687342930521812002,COMUNE DI MARZIO,VARESE,LOMBARDIA,NORD-OVEST
687442930545692702,COMUNE DI PATTI,MESSINA,SICILIA,ISOLE
687542930516092602,COMUNE DI GASSINO TORINESE,TORINO,PIEMONTE,NORD-OVEST
687742930448383602,COMUNE DI PAGNO,CUNEO,PIEMONTE,NORD-OVEST
687842930528045202,COMUNE DI VILLA SANTA LUCIA,FROSINONE,LAZIO,CENTRO
687942930478920301,COMUNE DI ZIANO DI FIEMME,TRENTO,TRENTINO-ALTO ADIGE/SÜDTIROL,NORD-EST
688042930519267601,COMUNE DI SAN GIORGIO DI PIANO,BOLOGNA,EMILIA-ROMAGNA,NORD-EST
688242930479600701,COMUNE DI PIZZOFERRATO,CHIETI,ABRUZZO,SUD
688242930479708301,COMUNE DI SECLI',LECCE,PUGLIA,SUD
688342930454573002,COMUNE DI OLMO GENTILE,ASTI,PIEMONTE,NORD-OVEST
688442930478551502,COMUNE DI VO',PADOVA,VENETO,NORD-EST
688542930547601101,COMUNE DI TRIVIGLIANO,FROSINONE,LAZIO,CENTRO
688742928087825902,COMUNE DI CASTEL VOLTURNO,CASERTA,CAMPANIA,SUD
688842930462822501,COMUNE DI CERVO,IMPERIA,LIGURIA,NORD-OVEST
689042929230287301,COMUNE DI CASTELVERRINO,ISERNIA,MOLISE,SUD
689142930539934701,COMUNE DI SOLARUSSA,ORISTANO,SARDEGNA,ISOLE
689242930533588202,COMUNE DI DEROVERE,CREMONA,LOMBARDIA,NORD-OVEST
689442930543590601,COMUNE DI MONTE SAN SAVINO,AREZZO,TOSCANA,CENTRO
689542930547519802,COMUNE DI TORRAZZA PIEMONTE,TORINO,PIEMONTE,NORD-OVEST
689642930516857701,COMUNE DI CENTOLA,SALERNO,CAMPANIA,SUD
689842929800307001,COMUNE DI FLERO,BRESCIA,LOMBARDIA,NORD-OVEST
689842930445443202,COMUNE DI GENZANO DI LUCANIA,POTENZA,BASILICATA,SUD
689842930531065801,COMUNE DI SAN GREGORIO DA SASSOLA,ROMA,LAZIO,CENTRO
691142930454716601,COMUNE DI NERVESA DELLA BATTAGLIA,TREVISO,VENETO,NORD-EST
691142930459899401,COMUNE DI CINTANO,TORINO,PIEMONTE,NORD-OVEST
691142930477836702,COMUNE DI SANTO STEFANO DEL SOLE,AVELLINO,CAMPANIA,SUD
691142930520228202,COMUNE DI CHIAVERANO,TORINO,PIEMONTE,NORD-OVEST
691142930545181902,COMUNE DI PONTIROLO NUOVO,BERGAMO,LOMBARDIA,NORD-OVEST
691242930471865101,COMUNE DI VILLANOVA BIELLESE,BIELLA,PIEMONTE,NORD-OVEST
691242930519659401,COMUNE DI CORTE DE' CORTESI CON CIGNONE,CREMONA,LOMBARDIA,NORD-OVEST
691242930521321801,COMUNE DI PASTORANO,CASERTA,CAMPANIA,SUD
691242930545521202,COMUNE DI SANT'ANGELO IN PONTANO,MACERATA,MARCHE,CENTRO
691742930461913501,COMUNE DI BOMPORTO,MODENA,EMILIA-ROMAGNA,NORD-EST
691742930480379601,COMUNE DI SAMOLACO,SONDRIO,LOMBARDIA,NORD-OVEST
691842930446404902,COMUNE DI ROVERE' DELLA LUNA,TRENTO,TRENTINO-ALTO ADIGE/SÜDTIROL,NORD-EST
691942930460283802,COMUNE DI BORGOSATOLLO,BRESCIA,LOMBARDIA,NORD-OVEST
691942930461252602,COMUNE DI ROCCABIANCA,PARMA,EMILIA-ROMAGNA,NORD-EST
691942930544112801,COMUNE DI LEMIE,TORINO,PIEMONTE,NORD-OVEST
692042930455091602,COMUNE DI SAVOIA DI LUCANIA,POTENZA,BASILICATA,SUD
692042930476840302,COMUNE DI OTTANA,NUORO,SARDEGNA,ISOLE
692042930526194602,COMUNE DI PESARO,PESARO E URBINO,MARCHE,CENTRO
692142930465080401,COMUNE DI VOLPAGO DEL MONTELLO,TREVISO,VENETO,NORD-EST
692242928258200901,COMUNE DI ARQUATA DEL TRONTO,ASCOLI PICENO,MARCHE,CENTRO
692242930461896101,COMUNE DI BORGO TOSSIGNANO,BOLOGNA,EMILIA-ROMAGNA,NORD-EST
692242930478049202,COMUNE DI SARTIRANA LOMELLINA,PAVIA,LOMBARDIA,NORD-OVEST
692342930460767302,COMUNE DI SURANO,LECCE,PUGLIA,SUD
692342930530025502,COMUNE DI CAPRIGLIO,ASTI,PIEMONTE,NORD-OVEST
692442930461132602,COMUNE DI CADONEGHE,PADOVA,VENETO,NORD-EST
692542930461026101,COMUNE DI BOVOLENTA,PADOVA,VENETO,NORD-EST
692542930464877602,COMUNE DI FREGONA,TREVISO,VENETO,NORD-EST
692642930474182301,COMUNE DI SAVIGNONE,GENOVA,LIGURIA,NORD-OVEST
692742930515987001,COMUNE DI CISLAGO,VARESE,LOMBARDIA,NORD-OVEST
692942930479854902,COMUNE DI RAPALLO,GENOVA,LIGURIA,NORD-OVEST
693342928042043202,COMUNE DI ARTEGNA,UDINE,FRIULI-VENEZIA GIULIA,NORD-EST
693342930521784902,COMUNE DI MONTEBELLO VICENTINO,VICENZA,VENETO,NORD-EST
693442930478861301,COMUNE DI SANT'ANTONINO DI SUSA,TORINO,PIEMONTE,NORD-OVEST
693642930542975801,COMUNE DI ROCCA CANTERANO,ROMA,LAZIO,CENTRO
693642930549537501,COMUNE DI PORTOGRUARO,VENEZIA,VENETO,NORD-EST
693842930526783301,COMUNE DI TESTICO,SAVONA,LIGURIA,NORD-OVEST
693942930517351702,COMUNE DI CASTELLAZZO BORMIDA,ALESSANDRIA,PIEMONTE,NORD-OVEST
694042930471569902,COMUNE DI MEDESANO,PARMA,EMILIA-ROMAGNA,NORD-EST
694342930515665501,COMUNE DI MARTELLO,BOLZANO/BOZEN,TRENTINO-ALTO ADIGE/SÜDTIROL,NORD-EST
694342930533946902,COMUNE DI BOLLENGO,TORINO,PIEMONTE,NORD-OVEST
694542930474143501,COMUNE DI FORNELLI,ISERNIA,MOLISE,SUD
694542930527930802,COMUNE DI MONTEVAGO,AGRIGENTO,SICILIA,ISOLE
694642930542427401,COMUNE DI RONZO-CHIENIS,TRENTO,TRENTINO-ALTO ADIGE/SÜDTIROL,NORD-EST
694842928181430002,COMUNE DI BORGO PACE,PESARO E URBINO,MARCHE,CENTRO
694842930547250201,COMUNE DI TORCEGNO,TRENTO,TRENTINO-ALTO ADIGE/SÜDTIROL,NORD-EST
694942930509632101,COMUNE DI CASALBUTTANO ED UNITI,CREMONA,LOMBARDIA,NORD-OVEST
695042930476106001,COMUNE DI MARLENGO,BOLZANO/BOZEN,TRENTINO-ALTO ADIGE/SÜDTIROL,NORD-EST
695142930529650002,COMUNE DI BORBONA,RIETI,LAZIO,CENTRO
695242930446942902,COMUNE DI VALTORTA,BERGAMO,LOMBARDIA,NORD-OVEST
695242930468155102,COMUNE DI SAN MARTINO IN RIO,REGGIO NELL'EMILIA,EMILIA-ROMAGNA,NORD-EST
695342930458421202,COMUNE DI SAN VITO LO CAPO,TRAPANI,SICILIA,ISOLE
695642929248923802,COMUNE DI NOVI LIGURE,ALESSANDRIA,PIEMONTE,NORD-OVEST
695842930524152402,COMUNE DI TORELLA DEL SANNIO,CAMPOBASSO,MOLISE,SUD
696042930517018501,COMUNE DI CASTELFRANCO VENETO,TREVISO,VENETO,NORD-EST
696142928633821702,COMUNE DI CASTIGLIONE OLONA,VARESE,LOMBARDIA,NORD-OVEST
696642930474802301,COMUNE DI MONREALE,PALERMO,SICILIA,ISOLE
696642930541606002,COMUNE DI GALLODORO,MESSINA,SICILIA,ISOLE
696642930544942101,COMUNE DI LAVIANO,SALERNO,CAMPANIA,SUD
696842928030437801,COMUNE DI CATTOLICA,RIMINI,EMILIA-ROMAGNA,NORD-EST
696942930473808002,COMUNE DI LIMINA,MESSINA,SICILIA,ISOLE
697042930473910301,COMUNE DI SANT' OMERO,TERAMO,ABRUZZO,SUD
697242930479552002,COMUNE DI SARNONICO,TRENTO,TRENTINO-ALTO ADIGE/SÜDTIROL,NORD-EST
697342929012746502,COMUNE DI BALZOLA,ALESSANDRIA,PIEMONTE,NORD-OVEST
697342930534528301,COMUNE DI CAMBIANO,TORINO,PIEMONTE,NORD-OVEST
697442930527780301,COMUNE DI NARCAO,SUD SARDEGNA,SARDEGNA,ISOLE
697642930537356401,COMUNE DI PIGNATARO MAGGIORE,CASERTA,CAMPANIA,SUD
697742930508268501,COMUNE DI CALVELLO,POTENZA,BASILICATA,SUD
697942930448206801,COMUNE DI MONEGLIA,GENOVA,LIGURIA,NORD-OVEST
697942930532346202,COMUNE DI VILLAFRANCA DI VERONA,VERONA,VENETO,NORD-EST
697942930534180601,COMUNE DI ALVITO,FROSINONE,LAZIO,CENTRO
698142930476799201,COMUNE DI MONTEGIORGIO,FERMO,MARCHE,CENTRO
698142930519445901,COMUNE DI FISCIANO,SALERNO,CAMPANIA,SUD
698442930520214102,COMUNE DI CHIAROMONTE,POTENZA,BASILICATA,SUD
698542928135348302,COMUNE DI CASTELLARO,IMPERIA,LIGURIA,NORD-OVEST
698542930517150901,COMUNE DI COLOGNO MONZESE,MILANO,LOMBARDIA,NORD-OVEST
698642930472207101,COMUNE DI VODO CADORE,BELLUNO,VENETO,NORD-EST
698642930518661301,COMUNE DI COCULLO,L'AQUILA,ABRUZZO,SUD
698642930527561602,COMUNE DI RAPINO,CHIETI,ABRUZZO,SUD
698842930453783402,COMUNE DI MONTE VIDON COMBATTE,FERMO,MARCHE,CENTRO
698942930522124802,COMUNE DI FAUGLIA,PISA,TOSCANA,CENTRO
699142928159330601,COMUNE DI ALESSANDRIA DEL CARRETTO,COSENZA,CALABRIA,SUD
699742930449276401,COMUNE DI SENERCHIA,AVELLINO,CAMPANIA,SUD
699742930529576902,COMUNE DI SAN CESAREO,ROMA,LAZIO,CENTRO
699742930529711202,COMUNE DI BIANZE',VERCELLI,PIEMONTE,NORD-OVEST
699842928265614001,COMUNE DI BRUNELLO,VARESE,LOMBARDIA,NORD-OVEST
699842929800132601,COMUNE DI LUINO,VARESE,LOMBARDIA,NORD-OVEST
699842930526989702,COMUNE DI TORRITA DI SIENA,SIENA,TOSCANA,CENTRO
699942930472631801,COMUNE DI MONTE SAN BIAGIO,LATINA,LAZIO,CENTRO
701442930518355201,COMUNE DI COLLE D'ANCHISE,CAMPOBASSO,MOLISE,SUD
701542930477281501,COMUNE DI OSPEDALETTO LODIGIANO,LODI,LOMBARDIA,NORD-OVEST
701542930525900501,COMUNE DI SPORMAGGIORE,TRENTO,TRENTINO-ALTO ADIGE/SÜDTIROL,NORD-EST
701642928043515102,COMUNE DI CAVARGNA,COMO,LOMBARDIA,NORD-OVEST
701642930527873402,COMUNE DI MORGONGIORI,ORISTANO,SARDEGNA,ISOLE
701742930453720802,COMUNE DI PEDESINA,SONDRIO,LOMBARDIA,NORD-OVEST
701742930526291201,COMUNE DI ZINASCO,PAVIA,LOMBARDIA,NORD-OVEST
701742930526811201,COMUNE DI DOLEGNA DEL COLLIO,GORIZIA,FRIULI-VENEZIA GIULIA,NORD-EST
701942930508392401,COMUNE DI ARGUSTO,CATANZARO,CALABRIA,SUD
702142930534562902,COMUNE DI ROCCA PRIORA,ROMA,LAZIO,CENTRO
702242930521210002,COMUNE DI TAVERNOLE SUL MELLA,BRESCIA,LOMBARDIA,NORD-OVEST
702442930463800001,COMUNE DI CANICATTI',AGRIGENTO,SICILIA,ISOLE
702542930464549202,COMUNE DI AMATO,CATANZARO,CALABRIA,SUD
702542930469787202,COMUNE DI SESSANO DEL MOLISE,ISERNIA,MOLISE,SUD
702742930465685701,COMUNE DI ROCCA SAN CASCIANO,FORLI'-CESENA,EMILIA-ROMAGNA,NORD-EST
702742930472798502,COMUNE DI GARDONE VAL TROMPIA,BRESCIA,LOMBARDIA,NORD-OVEST
702942930457151702,COMUNE DI ODALENGO GRANDE,ALESSANDRIA,PIEMONTE,NORD-OVEST
703042930532533001,COMUNE DI ALBINEA,REGGIO NELL'EMILIA,EMILIA-ROMAGNA,NORD-EST
703242930461794801,COMUNE DI MESERO,MILANO,LOMBARDIA,NORD-OVEST
703242930527544401,COMUNE DI SALZANO,VENEZIA,VENETO,NORD-EST
703342930472057401,COMUNE DI MEGLIADINO SAN VITALE,PADOVA,VENETO,NORD-EST
703342930542327302,COMUNE DI PALOMBARO,CHIETI,ABRUZZO,SUD
703542930447435902,COMUNE DI MANSUE',TREVISO,VENETO,NORD-EST
703542930529683202,COMUNE DI BIASSONO,MONZA E DELLA BRIANZA,LOMBARDIA,NORD-OVEST
703642929467003402,COMUNE DI CEPRANO,FROSINONE,LAZIO,CENTRO
703742929341560901,COMUNE DI COLLECORVINO,PESCARA,ABRUZZO,SUD
703842930465284901,COMUNE DI PASIAN DI PRATO,UDINE,FRIULI-VENEZIA GIULIA,NORD-EST
703942930456878301,COMUNE DI VIGUZZOLO,ALESSANDRIA,PIEMONTE,NORD-OVEST
704042930480086002,COMUNE DI TIVOLI,ROMA,LAZIO,CENTRO
704042930516438602,COMUNE DI CASALANGUIDA,CHIETI,ABRUZZO,SUD
704142929091942401,COMUNE DI MONTE ROMANO,VITERBO,LAZIO,CENTRO
704342930462932901,COMUNE DI SAN DONATO DI NINEA,COSENZA,CALABRIA,SUD
704342930464054902,COMUNE DI CALDIERO,VERONA,VENETO,NORD-EST
704442930446654802,COMUNE DI FRABOSA SOTTANA,CUNEO,PIEMONTE,NORD-OVEST
704542930546364601,COMUNE DI GAIS,BOLZANO/BOZEN,TRENTINO-ALTO ADIGE/SÜDTIROL,NORD-EST
704842930473832701,COMUNE DI FORMELLO,ROMA,LAZIO,CENTRO
704842930518386102,COMUNE DI DECIMOMANNU,CAGLIARI,SARDEGNA,ISOLE
704842930543354302,COMUNE DI GIUSTINO,TRENTO,TRENTINO-ALTO ADIGE/SÜDTIROL,NORD-EST
704942930550367501,COMUNE DI PONTBOSET,VALLE D'AOSTA/VALLÉE D'AOSTE,VALLE D'AOSTA/VALLÉE D'AOSTE,NORD-OVEST
705042930517986502,COMUNE DI ASOLA,MANTOVA,LOMBARDIA,NORD-OVEST
705042930520388601,COMUNE DI CHIERI,TORINO,PIEMONTE,NORD-OVEST
705042930542945301,COMUNE DI PRATA DI PORDENONE,PORDENONE,FRIULI-VENEZIA GIULIA,NORD-EST
705142930446317302,COMUNE DI SAN LUCIDO,COSENZA,CALABRIA,SUD
705142930511073702,COMUNE DI BENESTARE,REGGIO DI CALABRIA,CALABRIA,SUD
705142930518615901,COMUNE DI CERNOBBIO,COMO,LOMBARDIA,NORD-OVEST
705342928043798601,COMUNE DI CASTELMOLA,MESSINA,SICILIA,ISOLE
705342929013067401,COMUNE DI CIVITA,COSENZA,CALABRIA,SUD
705342930474395702,COMUNE DI ROCCAFORTE MONDOVI',CUNEO,PIEMONTE,NORD-OVEST
705542930478356501,COMUNE DI SAREZZO,BRESCIA,LOMBARDIA,NORD-OVEST
705542930543915002,COMUNE DI LIGNANO SABBIADORO,UDINE,FRIULI-VENEZIA GIULIA,NORD-EST
705642930467932701,COMUNE DI ROMANS D'ISONZO,GORIZIA,FRIULI-VENEZIA GIULIA,NORD-EST
705642930523995501,COMUNE DI FRABOSA SOPRANA,CUNEO,PIEMONTE,NORD-OVEST
705842930446977101,COMUNE DI FILOTTRANO,ANCONA,MARCHE,CENTRO
705842930539803201,COMUNE DI VALDOBBIADENE,TREVISO,VENETO,NORD-EST
706142929047821502,COMUNE DI CARROSIO,ALESSANDRIA,PIEMONTE,NORD-OVEST
706342930476820301,COMUNE DI OSTANA,CUNEO,PIEMONTE,NORD-OVEST
706542930549790602,COMUNE DI SENNORI,SASSARI,SARDEGNA,ISOLE
706642929449864401,COMUNE DI CERMENATE,COMO,LOMBARDIA,NORD-OVEST
706742930461573101,COMUNE DI BAGNOREGIO,VITERBO,LAZIO,CENTRO
706742930509540002,COMUNE DI CASTELNUOVO DEL GARDA,VERONA,VENETO,NORD-EST
706842930534709802,COMUNE DI CALITRI,AVELLINO,CAMPANIA,SUD
706942930524806002,COMUNE DI RONDISSONE,TORINO,PIEMONTE,NORD-OVEST
707242930509951101,COMUNE DI ALDENO,TRENTO,TRENTINO-ALTO ADIGE/SÜDTIROL,NORD-EST
707242930533645202,COMUNE DI PIEVE ALBIGNOLA,PAVIA,LOMBARDIA,NORD-OVEST
707342928043758401,COMUNE DI CAVARZERE,VENEZIA,VENETO,NORD-EST
707342930464718201,COMUNE DI AMBIVERE,BERGAMO,LOMBARDIA,NORD-OVEST
707442930447015301,COMUNE DI ROCCA D'ARAZZO,ASTI,PIEMONTE,NORD-OVEST
707542930534451302,COMUNE DI ANDORNO MICCA,BIELLA,PIEMONTE,NORD-OVEST
707642930519538401,COMUNE DI ISORELLA,BRESCIA,LOMBARDIA,NORD-OVEST
707642930544005001,COMUNE DI MONTEGROSSO D'ASTI,ASTI,PIEMONTE,NORD-OVEST
707742930524510001,COMUNE DI TERRAGNOLO,TRENTO,TRENTINO-ALTO ADIGE/SÜDTIROL,NORD-EST
707842930455442102,COMUNE DI PORTULA,BIELLA,PIEMONTE,NORD-OVEST
707842930524286802,COMUNE DI MONDRAGONE,CASERTA,CAMPANIA,SUD
707842930543553902,COMUNE DI LAVAGNO,VERONA,VENETO,NORD-EST
708242930527684101,COMUNE DI NONIO,VERBANO-CUSIO-OSSOLA,PIEMONTE,NORD-OVEST
708242930532709102,COMUNE DI CORNALBA,BERGAMO,LOMBARDIA,NORD-OVEST
708342930456371102,COMUNE DI NOVALESA,TORINO,PIEMONTE,NORD-OVEST
708442930518563602,COMUNE DI FARIGLIANO,CUNEO,PIEMONTE,NORD-OVEST
708542929644415901,COMUNE DI MONTEMONACO,ASCOLI PICENO,MARCHE,CENTRO
708642930508236301,COMUNE DI BRENZONE SUL GARDA,VERONA,VENETO,NORD-EST
708742930529787502,COMUNE DI SANTA MARIA LA CARITA',NAPOLI,CAMPANIA,SUD
708942930545115602,COMUNE DI POGGIO CATINO,RIETI,LAZIO,CENTRO
709142930454722902,COMUNE DI TROINA,ENNA,SICILIA,ISOLE
709142930529107902,COMUNE DI SALANDRA,MATERA,BASILICATA,SUD
709342930462657202,COMUNE DI ALMENNO SAN BARTOLOMEO,BERGAMO,LOMBARDIA,NORD-OVEST
709342930463189902,COMUNE DI ORBASSANO,TORINO,PIEMONTE,NORD-OVEST
709342930523776902,COMUNE DI SAN LUPO,BENEVENTO,CAMPANIA,SUD
709342930543115601,COMUNE DI ROCCAVIONE,CUNEO,PIEMONTE,NORD-OVEST
709442929476579602,COMUNE DI CERVENO,BRESCIA,LOMBARDIA,NORD-OVEST
709442930480607601,COMUNE DI BLUFI,PALERMO,SICILIA,ISOLE
709542928119272102,COMUNE DI CESANA TORINESE,TORINO,PIEMONTE,NORD-OVEST
709542930527752701,COMUNE DI MOMBELLO MONFERRATO,ALESSANDRIA,PIEMONTE,NORD-OVEST
709742929321275401,COMUNE DI CUSAGO,MILANO,LOMBARDIA,NORD-OVEST
709742930463751901,COMUNE DI AFFI,VERONA,VENETO,NORD-EST
709842930457914302,COMUNE DI PALAGIANO,TARANTO,PUGLIA,SUD
711142928043716701,COMUNE DI BORZONASCA,GENOVA,LIGURIA,NORD-OVEST
711142928623619902,COMUNE DI BORGHETTO DI VARA,LA SPEZIA,LIGURIA,NORD-OVEST
711142930529725002,COMUNE DI BICINICCO,UDINE,FRIULI-VENEZIA GIULIA,NORD-EST
711542930534089201,COMUNE DI SANTA MARIA COGHINAS,SASSARI,SARDEGNA,ISOLE
711842930537906902,COMUNE DI SUMMONTE,AVELLINO,CAMPANIA,SUD
711942930467776401,COMUNE DI ZANICA,BERGAMO,LOMBARDIA,NORD-OVEST
711942930530934902,COMUNE DI TORRE D'ISOLA,PAVIA,LOMBARDIA,NORD-OVEST
712142930518571101,COMUNE DI CAPRIANO DEL COLLE,BRESCIA,LOMBARDIA,NORD-OVEST
712142930547855301,COMUNE DI SARACINESCO,ROMA,LAZIO,CENTRO
712342930544714301,COMUNE DI DURONIA,CAMPOBASSO,MOLISE,SUD
712442930521584402,COMUNE DI CORTINO,TERAMO,ABRUZZO,SUD
712542930529577101,COMUNE DI SERNIO,SONDRIO,LOMBARDIA,NORD-OVEST
712542930531904702,COMUNE DI SAN GIOVANNI ILARIONE,VERONA,VENETO,NORD-EST
712542930547080001,COMUNE DI CASELLE IN PITTARI,SALERNO,CAMPANIA,SUD
712942929303552002,COMUNE DI CASTELNUOVO DI VAL DI CECINA,PISA,TOSCANA,CENTRO
712942930459172101,COMUNE DI BUJA,UDINE,FRIULI-VENEZIA GIULIA,NORD-EST
713042930460573101,COMUNE DI REVELLO,CUNEO,PIEMONTE,NORD-OVEST
713042930547421102,COMUNE DI SARULE,NUORO,SARDEGNA,ISOLE
713342930479106802,COMUNE DI SAN VENDEMIANO,TREVISO,VENETO,NORD-EST
713342930515708601,COMUNE DI FOSDINOVO,MASSA-CARRARA,TOSCANA,CENTRO
713542930457938602,COMUNE DI SERRA D'AIELLO,COSENZA,CALABRIA,SUD
713542930543641801,COMUNE DI MOGLIANO VENETO,TREVISO,VENETO,NORD-EST
713642930520847002,COMUNE DI FELTRE,BELLUNO,VENETO,NORD-EST
713842928716168701,COMUNE DI GIAGLIONE,TORINO,PIEMONTE,NORD-OVEST
713842930455618501,COMUNE DI SACCO,SALERNO,CAMPANIA,SUD
713842930546729101,COMUNE DI FIE' ALLO SCILIAR,BOLZANO/BOZEN,TRENTINO-ALTO ADIGE/SÜDTIROL,NORD-EST
714042930508735101,COMUNE DI CAPIAGO INTIMIANO,COMO,LOMBARDIA,NORD-OVEST
714242930509730002,COMUNE DI ANZOLA D'OSSOLA,VERBANO-CUSIO-OSSOLA,PIEMONTE,NORD-OVEST
714242930519201201,COMUNE DI GIUSVALLA,SAVONA,LIGURIA,NORD-OVEST
714342930474663402,COMUNE DI MONIGA DEL GARDA,BRESCIA,LOMBARDIA,NORD-OVEST
714442930532459401,COMUNE DI VITULANO,BENEVENTO,CAMPANIA,SUD
714542930476876001,COMUNE DI LUCO DEI MARSI,L'AQUILA,ABRUZZO,SUD
714542930509917201,COMUNE DI ALFIANELLO,BRESCIA,LOMBARDIA,NORD-OVEST
714642928243104701,COMUNE DI COLLOREDO DI MONTE ALBANO,UDINE,FRIULI-VENEZIA GIULIA,NORD-EST
714742930546759701,COMUNE DI ROVASENDA,VERCELLI,PIEMONTE,NORD-OVEST
715042930457003501,COMUNE DI FONTANELLE,TREVISO,VENETO,NORD-EST
715042930476333602,COMUNE DI AZZANO DECIMO,PORDENONE,FRIULI-VENEZIA GIULIA,NORD-EST
715042930526729701,COMUNE DI SAN LEO,RIMINI,EMILIA-ROMAGNA,NORD-EST
715242930535188001,COMUNE DI SAN GIORGIO BIGARELLO,MANTOVA,LOMBARDIA,NORD-OVEST
715242930541662702,COMUNE DI PRECI,PERUGIA,UMBRIA,CENTRO
715342930530796402,COMUNE DI CASALNUOVO DI NAPOLI,NAPOLI,CAMPANIA,SUD
715542930516326301,COMUNE DI FOIANO DI VAL FORTORE,BENEVENTO,CAMPANIA,SUD
715642930458588702,COMUNE DI ROCCA D'ARCE,FROSINONE,LAZIO,CENTRO
715842930453973101,COMUNE DI MONTEZEMOLO,CUNEO,PIEMONTE,NORD-OVEST
715942930462479201,COMUNE DI VICO NEL LAZIO,FROSINONE,LAZIO,CENTRO
715942930517913801,COMUNE DI BORGIA,CATANZARO,CALABRIA,SUD
716042930452054202,COMUNE DI VALLE DI MADDALONI,CASERTA,CAMPANIA,SUD
716142930474628101,COMUNE DI ORTEZZANO,FERMO,MARCHE,CENTRO
716242930455354902,COMUNE DI VICOVARO,ROMA,LAZIO,CENTRO
716342930453440202,COMUNE DI GRANTOLA,VARESE,LOMBARDIA,NORD-OVEST
716342930547575302,COMUNE DI VALLE SALIMBENE,PAVIA,LOMBARDIA,NORD-OVEST
716342930548795201,COMUNE DI SPADAFORA,MESSINA,SICILIA,ISOLE
716542930524372901,COMUNE DI OZZERO,MILANO,LOMBARDIA,NORD-OVEST
716542930538702501,COMUNE DI VICOLUNGO,NOVARA,PIEMONTE,NORD-OVEST
716842930527589702,COMUNE DI PAPASIDERO,COSENZA,CALABRIA,SUD
716942930510570001,COMUNE DI ALBERONA,FOGGIA,PUGLIA,SUD
716942930548060802,COMUNE DI VALLELONGA,VIBO VALENTIA,CALABRIA,SUD
717042930524936602,COMUNE DI MOZZAGROGNA,CHIETI,ABRUZZO,SUD
717142930142250702,COMUNE DI CUNARDO,VARESE,LOMBARDIA,NORD-OVEST
717142930448680702,COMUNE DI GRESSONEY-SAINT-JEAN,VALLE D'AOSTA/VALLÉE D'AOSTE,VALLE D'AOSTA/VALLÉE D'AOSTE,NORD-OVEST
717342930462710901,COMUNE DI DIAMANTE,COSENZA,CALABRIA,SUD
717342930516923801,COMUNE DI CERVARESE SANTA CROCE,PADOVA,VENETO,NORD-EST
717442930526366001,COMUNE DI MORETTA,CUNEO,PIEMONTE,NORD-OVEST
717642929528798602,COMUNE DI ASUNI,ORISTANO,SARDEGNA,ISOLE
717642930474342302,COMUNE DI OLCENENGO,VERCELLI,PIEMONTE,NORD-OVEST
717942929704056301,COMUNE DI MONTEFALCONE DI VAL FORTORE,BENEVENTO,CAMPANIA,SUD
717942930545697601,COMUNE DI MAGLIANO SABINA,RIETI,LAZIO,CENTRO
718042930542624402,COMUNE DI SAN MARZANO OLIVETO,ASTI,PIEMONTE,NORD-OVEST
718042930542813302,COMUNE DI LICENZA,ROMA,LAZIO,CENTRO
718242930547462902,COMUNE DI TORRE BORMIDA,CUNEO,PIEMONTE,NORD-OVEST
718442930464314901,COMUNE DI NOVA SIRI,MATERA,BASILICATA,SUD
718942930448650001,COMUNE DI PAGO DEL VALLO DI LAURO,AVELLINO,CAMPANIA,SUD
719042930517652301,COMUNE DI BRIGNANO-FRASCATA,ALESSANDRIA,PIEMONTE,NORD-OVEST
719042930532077502,COMUNE DI CONTIGLIANO,RIETI,LAZIO,CENTRO
719042930546226002,COMUNE DI MARENE,CUNEO,PIEMONTE,NORD-OVEST
719142930508420101,COMUNE DI ARMO,IMPERIA,LIGURIA,NORD-OVEST
719142930528578601,COMUNE DI PIANIGA,VENEZIA,VENETO,NORD-EST
719342929575458001,COMUNE DI FONTECHIARI,FROSINONE,LAZIO,CENTRO
719642930457602102,COMUNE DI PORTO TOLLE,ROVIGO,VENETO,NORD-EST
719642930515572502,COMUNE DI CREDERA RUBBIANO,CREMONA,LOMBARDIA,NORD-OVEST
719642930522915302,COMUNE DI BUCCINO,SALERNO,CAMPANIA,SUD
719642930529291802,COMUNE DI SAN MAURIZIO D'OPAGLIO,NOVARA,PIEMONTE,NORD-OVEST
719742930478003601,COMUNE DI MARIANO COMENSE,COMO,LOMBARDIA,NORD-OVEST
721342930461532101,COMUNE DI CALALZO DI CADORE,BELLUNO,VENETO,NORD-EST
721342930476968801,COMUNE DI LODI,LODI,LOMBARDIA,NORD-OVEST
721642930525564601,COMUNE DI VANDOIES,BOLZANO/BOZEN,TRENTINO-ALTO ADIGE/SÜDTIROL,NORD-EST
721742930464967901,COMUNE DI PARTANNA,TRAPANI,SICILIA,ISOLE
721942929155598201,COMUNE DI GARBAGNATE MILANESE,MILANO,LOMBARDIA,NORD-OVEST
721942930537211101,COMUNE DI VESPOLATE,NOVARA,PIEMONTE,NORD-OVEST
722042930460960701,COMUNE DI APIRO,MACERATA,MARCHE,CENTRO
722042930532045801,COMUNE DI RUFFANO,LECCE,PUGLIA,SUD
722042930545968602,COMUNE DI OSTELLATO,FERRARA,EMILIA-ROMAGNA,NORD-EST
722242930463139302,COMUNE DI STEZZANO,BERGAMO,LOMBARDIA,NORD-OVEST
722542930531607802,COMUNE DI CARAVATE,VARESE,LOMBARDIA,NORD-OVEST
722742929861282501,COMUNE DI GIOIA TAURO,REGGIO DI CALABRIA,CALABRIA,SUD
722742930508588502,COMUNE DI CASALINO,NOVARA,PIEMONTE,NORD-OVEST
722842930456337501,COMUNE DI PESCINA,L'AQUILA,ABRUZZO,SUD
722942930518085401,COMUNE DI AVETRANA,TARANTO,PUGLIA,SUD
723042930142431802,COMUNE DI DOSSENA,BERGAMO,LOMBARDIA,NORD-OVEST
723142929505807502,COMUNE DI CASTELGOMBERTO,VICENZA,VENETO,NORD-EST
723342930479511702,COMUNE DI STATTE,TARANTO,PUGLIA,SUD
723342930519547602,COMUNE DI PASTURANA,ALESSANDRIA,PIEMONTE,NORD-OVEST
723342930522941101,COMUNE DI MACCHIAGODENA,ISERNIA,MOLISE,SUD
723342930548142402,COMUNE DI VELTURNO,BOLZANO/BOZEN,TRENTINO-ALTO ADIGE/SÜDTIROL,NORD-EST
723442930454249601,COMUNE DI MONTEFERRANTE,CHIETI,ABRUZZO,SUD
723442930529973901,COMUNE DI SANTA DOMENICA VITTORIA,MESSINA,SICILIA,ISOLE
723642930526466502,COMUNE DI MONTEFELCINO,PESARO E URBINO,MARCHE,CENTRO
723742930543772201,COMUNE DI SAN MANGO PIEMONTE,SALERNO,CAMPANIA,SUD
723942928577741801,COMUNE DI CANDIANA,PADOVA,VENETO,NORD-EST
724042930455904601,COMUNE DI FRASCATI,ROMA,LAZIO,CENTRO
724142930534294101,COMUNE DI BEDONIA,PARMA,EMILIA-ROMAGNA,NORD-EST
724142930536224301,COMUNE DI VOLTURINO,FOGGIA,PUGLIA,SUD
724242928955424601,COMUNE DI DORIO,LECCO,LOMBARDIA,NORD-OVEST
724242929621924102,COMUNE DI FIUMALBO,MODENA,EMILIA-ROMAGNA,NORD-EST
724242930452538101,COMUNE DI NESSO,COMO,LOMBARDIA,NORD-OVEST
724242930460547301,COMUNE DI ROSIGNANO MONFERRATO,ALESSANDRIA,PIEMONTE,NORD-OVEST
724342930479595301,COMUNE DI PONTEDERA,PISA,TOSCANA,CENTRO
724542930470416402,COMUNE DI PETROSINO,TRAPANI,SICILIA,ISOLE
724542930518199302,COMUNE DI COLLECCHIO,PARMA,EMILIA-ROMAGNA,NORD-EST
724542930543143101,COMUNE DI SAN BUONO,CHIETI,ABRUZZO,SUD
724642930518447602,COMUNE DI CERMIGNANO,TERAMO,ABRUZZO,SUD
724742930510510502,COMUNE DI BALESTRINO,SAVONA,LIGURIA,NORD-OVEST
724742930541235102,COMUNE DI MONTE SAN GIACOMO,SALERNO,CAMPANIA,SUD
724842930543942001,COMUNE DI PAGO VEIANO,BENEVENTO,CAMPANIA,SUD
724942929331638002,COMUNE DI DONATO,BIELLA,PIEMONTE,NORD-OVEST
725042930477408302,COMUNE DI ROASIO,VERCELLI,PIEMONTE,NORD-OVEST
725142930454394001,COMUNE DI MAZZIN,TRENTO,TRENTINO-ALTO ADIGE/SÜDTIROL,NORD-EST
725142930518660101,COMUNE DI CHIVASSO,TORINO,PIEMONTE,NORD-OVEST
725442930528155802,COMUNE DI SAN MARTINO CANAVESE,TORINO,PIEMONTE,NORD-OVEST
725542929230123302,COMUNE DI CURTATONE,MANTOVA,LOMBARDIA,NORD-OVEST
725542930523879402,COMUNE DI COSTACCIARO,PERUGIA,UMBRIA,CENTRO
725642930527444301,COMUNE DI ORIOLO,COSENZA,CALABRIA,SUD
725842930474771402,COMUNE DI MUSSOMELI,CALTANISSETTA,SICILIA,ISOLE
726042927901222702,COMUNE DI BRAONE,BRESCIA,LOMBARDIA,NORD-OVEST
726042927945167401,COMUNE DI BREGNANO,COMO,LOMBARDIA,NORD-OVEST
726042930525993201,COMUNE DI TACENO,LECCO,LOMBARDIA,NORD-OVEST
726042930548509302,COMUNE DI ROSSANO VENETO,VICENZA,VENETO,NORD-EST
726142930466752102,COMUNE DI ROTELLA,ASCOLI PICENO,MARCHE,CENTRO
726342929331582102,COMUNE DI CREMENO,LECCO,LOMBARDIA,NORD-OVEST
726342930479757802,COMUNE DI SAN FELICE SUL PANARO,MODENA,EMILIA-ROMAGNA,NORD-EST
726442930511203801,COMUNE DI BENNA,BIELLA,PIEMONTE,NORD-OVEST
726542930527959101,COMUNE DI NOVALEDO,TRENTO,TRENTINO-ALTO ADIGE/SÜDTIROL,NORD-EST
726542930530133101,COMUNE DI CAPRIE,TORINO,PIEMONTE,NORD-OVEST
726642930537169902,COMUNE DI RIVOLTA D'ADDA,CREMONA,LOMBARDIA,NORD-OVEST
726742930335253302,COMUNE DI MELILLI,SIRACUSA,SICILIA,ISOLE
726742930446891001,COMUNE DI CHIAUCI,ISERNIA,MOLISE,SUD
726942930544834401,COMUNE DI FILIGNANO,ISERNIA,MOLISE,SUD
727142930454666401,COMUNE DI OLIVETO LUCANO,MATERA,BASILICATA,SUD
727142930516918701,COMUNE DI TORTOLI',NUORO,SARDEGNA,ISOLE
727542928577623102,COMUNE DI CANEGRATE,MILANO,LOMBARDIA,NORD-OVEST
727542930509628102,COMUNE DI ACATE,RAGUSA,SICILIA,ISOLE
727542930526079601,COMUNE DI CASTELLETTO CERVO,BIELLA,PIEMONTE,NORD-OVEST
727642930520165201,COMUNE DI CASTELFRANCO DI SOTTO,PISA,TOSCANA,CENTRO
727642930524987001,COMUNE DI PIETRACAMELA,TERAMO,ABRUZZO,SUD
727642930544262202,COMUNE DI MARTINENGO,BERGAMO,LOMBARDIA,NORD-OVEST
727742930458207302,COMUNE DI TERELLE,FROSINONE,LAZIO,CENTRO
727942930478773002,COMUNE DI VILLADEATI,ALESSANDRIA,PIEMONTE,NORD-OVEST
728042930518785901,COMUNE DI CADEGLIANO-VICONAGO,VARESE,LOMBARDIA,NORD-OVEST
728142930541764201,COMUNE DI GUARENE,CUNEO,PIEMONTE,NORD-OVEST
728242930448434602,COMUNE DI MOMO,NOVARA,PIEMONTE,NORD-OVEST
728242930519752501,COMUNE DI PETRALIA SOPRANA,PALERMO,SICILIA,ISOLE
728442930520123101,COMUNE DI GIAVENO,TORINO,PIEMONTE,NORD-OVEST
728442930529061501,COMUNE DI MONTIRONE,BRESCIA,LOMBARDIA,NORD-OVEST
728442930545119902,COMUNE DI FIGINO SERENZA,COMO,LOMBARDIA,NORD-OVEST
728542930522298301,COMUNE DI BORGOMALE,CUNEO,PIEMONTE,NORD-OVEST
728642930529333901,COMUNE DI RIPE SAN GINESIO,MACERATA,MARCHE,CENTRO
728742930522733101,COMUNE DI MINORI,SALERNO,CAMPANIA,SUD
728742930525038602,COMUNE DI SALERANO SUL LAMBRO,LODI,LOMBARDIA,NORD-OVEST
728842930460376401,COMUNE DI BORGO SAN MARTINO,ALESSANDRIA,PIEMONTE,NORD-OVEST
728842930549897002,COMUNE DI RENON,BOLZANO/BOZEN,TRENTINO-ALTO ADIGE/SÜDTIROL,NORD-EST
728942930459500901,COMUNE DI CASAVATORE,NAPOLI,CAMPANIA,SUD
728942930508830501,COMUNE DI AURANO,VERBANO-CUSIO-OSSOLA,PIEMONTE,NORD-OVEST
728942930523743302,COMUNE DI ROGNANO,PAVIA,LOMBARDIA,NORD-OVEST
729442928202993902,COMUNE DI CASPOGGIO,SONDRIO,LOMBARDIA,NORD-OVEST
729642930509316501,COMUNE DI BURIASCO,TORINO,PIEMONTE,NORD-OVEST
729742930473396301,COMUNE DI LENNA,BERGAMO,LOMBARDIA,NORD-OVEST
729842928664038701,COMUNE DI CARIGNANO,TORINO,PIEMONTE,NORD-OVEST
729942930528741801,COMUNE DI PORTOSCUSO,SUD SARDEGNA,SARDEGNA,ISOLE
729942930531735002,COMUNE DI BOLSENA,VITERBO,LAZIO,CENTRO
729942930538749302,COMUNE DI URBISAGLIA,MACERATA,MARCHE,CENTRO
731342930509055901,COMUNE DI CALCATA,VITERBO,LAZIO,CENTRO
731342930529588602,COMUNE DI URURI,CAMPOBASSO,MOLISE,SUD
731542929861231001,COMUNE DI SAN DORLIGO DELLA VALLE,TRIESTE,FRIULI-VENEZIA GIULIA,NORD-EST
731642930474993502,COMUNE DI MANERBIO,BRESCIA,LOMBARDIA,NORD-OVEST
731842930529884101,COMUNE DI CASTIGLIONE A CASAURIA,PESCARA,ABRUZZO,SUD
732242930455101101,COMUNE DI MAISSANA,LA SPEZIA,LIGURIA,NORD-OVEST
732342930527132002,COMUNE DI VITORCHIANO,VITERBO,LAZIO,CENTRO
732442930462972101,COMUNE DI CASTELLO DELL'ACQUA,SONDRIO,LOMBARDIA,NORD-OVEST
732542930475142002,COMUNE DI LASTRA A SIGNA,FIRENZE,TOSCANA,CENTRO
732642930509335302,COMUNE DI CHIOPRIS-VISCONE,UDINE,FRIULI-VENEZIA GIULIA,NORD-EST
732742930531854702,COMUNE DI BAGOLINO,BRESCIA,LOMBARDIA,NORD-OVEST
732942930460657301,COMUNE DI BOVEZZO,BRESCIA,LOMBARDIA,NORD-OVEST
733042930527487301,COMUNE DI LASCARI,PALERMO,SICILIA,ISOLE
733342930510619002,COMUNE DI COLOGNA VENETA,VERONA,VENETO,NORD-EST
733542929012617102,COMUNE DI CALANGIANUS,SASSARI,SARDEGNA,ISOLE
733642930466511702,COMUNE DI VAZZOLA,TREVISO,VENETO,NORD-EST
733642930507971802,COMUNE DI BALDISSERO TORINESE,TORINO,PIEMONTE,NORD-OVEST
733742930515525102,COMUNE DI BASTIDA PANCARANA,PAVIA,LOMBARDIA,NORD-OVEST
733742930546339002,COMUNE DI LUSERNA SAN GIOVANNI,TORINO,PIEMONTE,NORD-OVEST
733842929800091802,COMUNE DI MARA,SASSARI,SARDEGNA,ISOLE
734242930457519401,COMUNE DI ROCCA GRIMALDA,ALESSANDRIA,PIEMONTE,NORD-OVEST
734342930549901602,COMUNE DI TOCCO CAUDIO,BENEVENTO,CAMPANIA,SUD
734442930534817002,COMUNE DI CANNALONGA,SALERNO,CAMPANIA,SUD
734742930076008601,COMUNE DI LONGONE SABINO,RIETI,LAZIO,CENTRO
734742930543673001,COMUNE DI PAGLIARA,MESSINA,SICILIA,ISOLE
734842930479746102,COMUNE DI SAN CESARIO DI LECCE,LECCE,PUGLIA,SUD
734942930518880301,COMUNE DI COGGIOLA,BIELLA,PIEMONTE,NORD-OVEST
735042930545828002,COMUNE DI PRADAMANO,UDINE,FRIULI-VENEZIA GIULIA,NORD-EST
735142930522300602,COMUNE DI PASSERANO MARMORITO,ASTI,PIEMONTE,NORD-OVEST
735142930522899001,COMUNE DI FOSSANO,CUNEO,PIEMONTE,NORD-OVEST
735342930472325001,COMUNE DI OFFLAGA,BRESCIA,LOMBARDIA,NORD-OVEST
735342930520929801,COMUNE DI LOVERO,SONDRIO,LOMBARDIA,NORD-OVEST
735442929800456501,COMUNE DI GRECI,AVELLINO,CAMPANIA,SUD
735442930475264201,COMUNE DI LAS PLASSAS,SUD SARDEGNA,SARDEGNA,ISOLE
735542930460016202,COMUNE DI SAN GEMINI,TERNI,UMBRIA,CENTRO
735642928015149902,COMUNE DI BISEGNA,L'AQUILA,ABRUZZO,SUD
735742930524567701,COMUNE DI MOMPERONE,ALESSANDRIA,PIEMONTE,NORD-OVEST
735742930533007802,COMUNE DI ORBETELLO,GROSSETO,TOSCANA,CENTRO
735942930521494601,COMUNE DI CIVO,SONDRIO,LOMBARDIA,NORD-OVEST
736042930543201701,COMUNE DI GIRIFALCO,CATANZARO,CALABRIA,SUD
736142928096645402,COMUNE DI CASOLA VALSENIO,RAVENNA,EMILIA-ROMAGNA,NORD-EST
736142930467949601,COMUNE DI RONCADELLE,BRESCIA,LOMBARDIA,NORD-OVEST
736242930538538202,COMUNE DI SELLERO,BRESCIA,LOMBARDIA,NORD-OVEST
736342930518400701,COMUNE DI ISOLA DELLA SCALA,VERONA,VENETO,NORD-EST
736442930477504102,COMUNE DI PRAROSTINO,TORINO,PIEMONTE,NORD-OVEST
736442930515792202,COMUNE DI CANCELLO ED ARNONE,CASERTA,CAMPANIA,SUD
736442930549875302,COMUNE DI SERRAVALLE DI CHIENTI,MACERATA,MARCHE,CENTRO
736642930446691002,COMUNE DI COSTA VALLE IMAGNA,BERGAMO,LOMBARDIA,NORD-OVEST
736742930546638901,COMUNE DI GREGGIO,VERCELLI,PIEMONTE,NORD-OVEST
736942930542401802,COMUNE DI PIEVE DEL CAIRO,PAVIA,LOMBARDIA,NORD-OVEST
737142930543350701,COMUNE DI MEZZENILE,TORINO,PIEMONTE,NORD-OVEST
737142930549156801,COMUNE DI TRIVIGNANO UDINESE,UDINE,FRIULI-VENEZIA GIULIA,NORD-EST
737242928633983801,COMUNE DI CHIANOCCO,TORINO,PIEMONTE,NORD-OVEST
737542929476623601,COMUNE DI CERCEPICCOLA,CAMPOBASSO,MOLISE,SUD
737542930531384801,COMUNE DI COSSATO,BIELLA,PIEMONTE,NORD-OVEST
737742930453612901,COMUNE DI TAVENNA,CAMPOBASSO,MOLISE,SUD
737742930526022401,COMUNE DI SAN PIETRO IN GUARANO,COSENZA,CALABRIA,SUD
737942930097616401,COMUNE DI GALLICANO,LUCCA,TOSCANA,CENTRO
738042930527178102,COMUNE DI VIETRI DI POTENZA,POTENZA,BASILICATA,SUD
738142930451961401,COMUNE DI SIRMIONE,BRESCIA,LOMBARDIA,NORD-OVEST
738142930533054302,COMUNE DI ORGIANO,VICENZA,VENETO,NORD-EST
738242930540616501,COMUNE DI MEDOLLA,MODENA,EMILIA-ROMAGNA,NORD-EST
738242930543621201,COMUNE DI OLEVANO SUL TUSCIANO,SALERNO,CAMPANIA,SUD
738342930473904902,COMUNE DI SILVANO PIETRA,PAVIA,LOMBARDIA,NORD-OVEST
738442930524781601,COMUNE DI SANT'ELPIDIO A MARE,FERMO,MARCHE,CENTRO
738542930474153702,COMUNE DI ROCCAFIORITA,MESSINA,SICILIA,ISOLE
738642930477169202,COMUNE DI LUZZI,COSENZA,CALABRIA,SUD
738642930527516801,COMUNE DI ROCCAFORTE DEL GRECO,REGGIO DI CALABRIA,CALABRIA,SUD
738742930544018201,COMUNE DI MONTELEONE DI FERMO,FERMO,MARCHE,CENTRO
738842930544021902,COMUNE DI CERRO AL VOLTURNO,ISERNIA,MOLISE,SUD
739042930473663702,COMUNE DI MONTE PORZIO CATONE,ROMA,LAZIO,CENTRO
739142930525380301,COMUNE DI MEDE,PAVIA,LOMBARDIA,NORD-OVEST
739242928653524301,COMUNE DI CAMPEGINE,REGGIO NELL'EMILIA,EMILIA-ROMAGNA,NORD-EST
739242930475291601,COMUNE DI LA THUILE,VALLE D'AOSTA/VALLÉE D'AOSTE,VALLE D'AOSTA/VALLÉE D'AOSTE,NORD-OVEST
739242930521845301,COMUNE DI MAGREGLIO,COMO,LOMBARDIA,NORD-OVEST
739342930534811301,COMUNE DI BESSUDE,SASSARI,SARDEGNA,ISOLE
739542930518662002,COMUNE DI NOVATE MEZZOLA,SONDRIO,LOMBARDIA,NORD-OVEST
739842930528586602,COMUNE DI MONTEMALE DI CUNEO,CUNEO,PIEMONTE,NORD-OVEST
739942930474247801,COMUNE DI RONCOBELLO,BERGAMO,LOMBARDIA,NORD-OVEST
739942930475675602,COMUNE DI CROCEFIESCHI,GENOVA,LIGURIA,NORD-OVEST
739942930509665302,COMUNE DI CERMES,BOLZANO/BOZEN,TRENTINO-ALTO ADIGE/SÜDTIROL,NORD-EST
741142930450133202,COMUNE DI SAN POLO DI PIAVE,TREVISO,VENETO,NORD-EST
741242930464967602,COMUNE DI ASIGLIANO VENETO,VICENZA,VENETO,NORD-EST
741342930471659901,COMUNE DI MORNICO LOSANA,PAVIA,LOMBARDIA,NORD-OVEST
741342930507683502,COMUNE DI BRANDICO,BRESCIA,LOMBARDIA,NORD-OVEST
741542930473974002,COMUNE DI SCIDO,REGGIO DI CALABRIA,CALABRIA,SUD
741642930526223702,COMUNE DI PEDEMONTE,VICENZA,VENETO,NORD-EST
741642930532255502,COMUNE DI MOLINARA,BENEVENTO,CAMPANIA,SUD
741842930534899702,COMUNE DI CASTIGNANO,ASCOLI PICENO,MARCHE,CENTRO
741942930460427001,COMUNE DI BELLANO,LECCO,LOMBARDIA,NORD-OVEST
742142927988856202,COMUNE DI CARONA,BERGAMO,LOMBARDIA,NORD-OVEST
742342930453758302,COMUNE DI MATTINATA,FOGGIA,PUGLIA,SUD
742542930471723202,COMUNE DI VILLANOVA D'ALBENGA,SAVONA,LIGURIA,NORD-OVEST
742742930471636501,COMUNE DI REZZATO,BRESCIA,LOMBARDIA,NORD-OVEST
742742930510071001,COMUNE DI ABBASANTA,ORISTANO,SARDEGNA,ISOLE
742942930184370202,COMUNE DI FAULE,CUNEO,PIEMONTE,NORD-OVEST
742942930465440001,COMUNE DI STEFANACONI,VIBO VALENTIA,CALABRIA,SUD
743142930464727701,COMUNE DI SAN BARTOLOMEO VAL CAVARGNA,COMO,LOMBARDIA,NORD-OVEST
743242930536606001,COMUNE DI STAFFOLO,ANCONA,MARCHE,CENTRO
743442930541434601,COMUNE DI POZZOMAGGIORE,SASSARI,SARDEGNA,ISOLE
743542930524091302,COMUNE DI LIRIO,PAVIA,LOMBARDIA,NORD-OVEST
743542930544765102,COMUNE DI LOCERI,NUORO,SARDEGNA,ISOLE
743542930547574501,COMUNE DI MONTIGLIO MONFERRATO,ASTI,PIEMONTE,NORD-OVEST
743842930456424802,COMUNE DI NOVA MILANESE,MONZA E DELLA BRIANZA,LOMBARDIA,NORD-OVEST
743942930479775402,COMUNE DI SAN CIPRIANO PO,PAVIA,LOMBARDIA,NORD-OVEST
743942930522308902,COMUNE DI CASALZUIGNO,VARESE,LOMBARDIA,NORD-OVEST
744042929543889402,COMUNE DI FORCE,ASCOLI PICENO,MARCHE,CENTRO
744042930532707001,COMUNE DI CERVINO,CASERTA,CAMPANIA,SUD
744142930521176202,COMUNE DI AVIO,TRENTO,TRENTINO-ALTO ADIGE/SÜDTIROL,NORD-EST
744142930534687902,COMUNE DI BETTONA,PERUGIA,UMBRIA,CENTRO
744642930462634201,COMUNE DI ANDRIA,BARLETTA-ANDRIA-TRANI,PUGLIA,SUD
744742930475299301,COMUNE DI GROTTOLELLA,AVELLINO,CAMPANIA,SUD
744842929800342902,COMUNE DI LESSOLO,TORINO,PIEMONTE,NORD-OVEST
744942930472424402,COMUNE DI NEVIGLIE,CUNEO,PIEMONTE,NORD-OVEST
745042930456188002,COMUNE DI MAIERA',COSENZA,CALABRIA,SUD
745042930478192601,COMUNE DI SASSARI,SASSARI,SARDEGNA,ISOLE
745242930526604202,COMUNE DI PIAZZA ARMERINA,ENNA,SICILIA,ISOLE
745342930451956402,COMUNE DI VALLADA AGORDINA,BELLUNO,VENETO,NORD-EST
745442930200242001,COMUNE DI BAUCINA,PALERMO,SICILIA,ISOLE
745642928091208001,COMUNE DI CANOLO,REGGIO DI CALABRIA,CALABRIA,SUD
745642930454699602,COMUNE DI TAVIGLIANO,BIELLA,PIEMONTE,NORD-OVEST
745842930461008802,COMUNE DI CHIUSA,BOLZANO/BOZEN,TRENTINO-ALTO ADIGE/SÜDTIROL,NORD-EST
745842930543313301,COMUNE DI TURRIACO,GORIZIA,FRIULI-VENEZIA GIULIA,NORD-EST
746042930142328302,COMUNE DI MACERATA,MACERATA,MARCHE,CENTRO
746042930476625101,COMUNE DI MAGLIONE,TORINO,PIEMONTE,NORD-OVEST
746142930460295001,COMUNE DI BADIA POLESINE,ROVIGO,VENETO,NORD-EST
746142930524520202,COMUNE DI MERANA,ALESSANDRIA,PIEMONTE,NORD-OVEST
746242930463776001,COMUNE DI CANINO,VITERBO,LAZIO,CENTRO
746342930457665402,COMUNE DI RUVO DEL MONTE,POTENZA,BASILICATA,SUD
746342930463878801,COMUNE DI ALICE CASTELLO,VERCELLI,PIEMONTE,NORD-OVEST
746642927966216502,COMUNE DI CARONNO PERTUSELLA,VARESE,LOMBARDIA,NORD-OVEST
746742929372946401,COMUNE DI ISOLA DI FONDRA,BERGAMO,LOMBARDIA,NORD-OVEST
746742930469050901,COMUNE DI SESTO CALENDE,VARESE,LOMBARDIA,NORD-OVEST
746742930477841502,COMUNE DI SANT'ORSOLA TERME,TRENTO,TRENTINO-ALTO ADIGE/SÜDTIROL,NORD-EST
746742930530543702,COMUNE DI CASSINA VALSASSINA,LECCO,LOMBARDIA,NORD-OVEST
746742930543821902,COMUNE DI SANTO STEFANO DI MAGRA,LA SPEZIA,LIGURIA,NORD-OVEST
747042930524642501,COMUNE DI ROCCALBEGNA,GROSSETO,TOSCANA,CENTRO
747242930477155201,COMUNE DI FRANCAVILLA IN SINNI,POTENZA,BASILICATA,SUD
747442930467088501,COMUNE DI STAZZEMA,LUCCA,TOSCANA,CENTRO
747742930541866701,COMUNE DI LORETO APRUTINO,PESCARA,ABRUZZO,SUD
748042930531543202,COMUNE DI CAGLIARI,CAGLIARI,SARDEGNA,ISOLE
748242930454229802,COMUNE DI NOCERA INFERIORE,SALERNO,CAMPANIA,SUD
748242930518778501,COMUNE DI CURNO,BERGAMO,LOMBARDIA,NORD-OVEST
748342928967256601,COMUNE DI COSTIGLIOLE SALUZZO,CUNEO,PIEMONTE,NORD-OVEST
748342930464625102,COMUNE DI SANT'ELENA SANNITA,ISERNIA,MOLISE,SUD
748342930546884901,COMUNE DI PRAROLO,VERCELLI,PIEMONTE,NORD-OVEST
748542930454194802,COMUNE DI PERAROLO DI CADORE,BELLUNO,VENETO,NORD-EST
748542930459519002,COMUNE DI COLLEDARA,TERAMO,ABRUZZO,SUD
748542930509083001,COMUNE DI CASTAGNOLE PIEMONTE,TORINO,PIEMONTE,NORD-OVEST
748542930524919801,COMUNE DI SAN PROSPERO,MODENA,EMILIA-ROMAGNA,NORD-EST
748942928979759201,COMUNE DI COSTERMANO SUL GARDA,VERONA,VENETO,NORD-EST
748942930524024102,COMUNE DI SALA MONFERRATO,ALESSANDRIA,PIEMONTE,NORD-OVEST
748942930528259001,COMUNE DI GILDONE,CAMPOBASSO,MOLISE,SUD
749042930535188201,COMUNE DI VALLE DELL'ANGELO,SALERNO,CAMPANIA,SUD
749142930533508002,COMUNE DI CASTELLAMMARE DI STABIA,NAPOLI,CAMPANIA,SUD
749142930545493601,COMUNE DI RIVARA,TORINO,PIEMONTE,NORD-OVEST
749342928043475002,COMUNE DI BONDONE,TRENTO,TRENTINO-ALTO ADIGE/SÜDTIROL,NORD-EST
751142930473745402,COMUNE DI MOSCIANO SANT'ANGELO,TERAMO,ABRUZZO,SUD
751142930535995802,COMUNE DI VESIME,ASTI,PIEMONTE,NORD-OVEST
751242930462920302,COMUNE DI GUAZZORA,ALESSANDRIA,PIEMONTE,NORD-OVEST
751242930540585502,COMUNE DI VAPRIO D'ADDA,MILANO,LOMBARDIA,NORD-OVEST
751342930468117401,COMUNE DI POMPEI,NAPOLI,CAMPANIA,SUD
751542930516435202,COMUNE DI ELLO,LECCO,LOMBARDIA,NORD-OVEST
751542930536437302,COMUNE DI STAZZANO,ALESSANDRIA,PIEMONTE,NORD-OVEST
751742930473859501,COMUNE DI FORLI' DEL SANNIO,ISERNIA,MOLISE,SUD
751842930476377802,COMUNE DI SAN PIETRO DI FELETTO,TREVISO,VENETO,NORD-EST
752042930469315501,COMUNE DI LONGIANO,FORLI'-CESENA,EMILIA-ROMAGNA,NORD-EST
752142930526027902,COMUNE DI VILLASPECIOSA,SUD SARDEGNA,SARDEGNA,ISOLE
752442930525788701,COMUNE DI SILIGO,SASSARI,SARDEGNA,ISOLE
752842930473388502,COMUNE DI LABICO,ROMA,LAZIO,CENTRO
753142930528832802,COMUNE DI MONTICIANO,SIENA,TOSCANA,CENTRO
753242927904948402,COMUNE DI BRANDIZZO,TORINO,PIEMONTE,NORD-OVEST
753242930475495502,COMUNE DI PICINISCO,FROSINONE,LAZIO,CENTRO
753242930525301802,COMUNE DI SAN POSSIDONIO,MODENA,EMILIA-ROMAGNA,NORD-EST
753342930458410102,COMUNE DI VILLA MINOZZO,REGGIO NELL'EMILIA,EMILIA-ROMAGNA,NORD-EST
753342930517172002,COMUNE DI BARBATA,BERGAMO,LOMBARDIA,NORD-OVEST
753442930458177702,COMUNE DI ROCCANOVA,POTENZA,BASILICATA,SUD
753442930546984902,COMUNE DI MAGLIANO DE' MARSI,L'AQUILA,ABRUZZO,SUD
753742930508107502,COMUNE DI CANTALUPO IN SABINA,RIETI,LAZIO,CENTRO
753842929284173502,COMUNE DI GRADISCA D'ISONZO,GORIZIA,FRIULI-VENEZIA GIULIA,NORD-EST
753942930458126802,COMUNE DI LAURENZANA,POTENZA,BASILICATA,SUD
754042930474411501,COMUNE DI MORANO CALABRO,COSENZA,CALABRIA,SUD
754142930510380702,COMUNE DI POZZAGLIO ED UNITI,CREMONA,LOMBARDIA,NORD-OVEST
754242930539056601,COMUNE DI SERRONE,FROSINONE,LAZIO,CENTRO
754242930546328902,COMUNE DI OSPEDALETTO D'ALPINOLO,AVELLINO,CAMPANIA,SUD
754342930508346001,COMUNE DI BRENDOLA,VICENZA,VENETO,NORD-EST
754542930450506301,COMUNE DI POLESELLA,ROVIGO,VENETO,NORD-EST
754542930521328001,COMUNE DI AVIANO,PORDENONE,FRIULI-VENEZIA GIULIA,NORD-EST
754542930534566901,COMUNE DI CARMIGNANO DI BRENTA,PADOVA,VENETO,NORD-EST
754642930411668402,COMUNE DI FICULLE,TERNI,UMBRIA,CENTRO
754642930448728702,COMUNE DI RUSSI,RAVENNA,EMILIA-ROMAGNA,NORD-EST
754642930468904202,COMUNE DI TEVEROLA,CASERTA,CAMPANIA,SUD
754742930509141001,COMUNE DI BARREA,L'AQUILA,ABRUZZO,SUD
754742930519092101,COMUNE DI ESTERZILI,SUD SARDEGNA,SARDEGNA,ISOLE
754842929194568002,COMUNE DI ILLORAI,SASSARI,SARDEGNA,ISOLE
754842930531037201,COMUNE DI PIOVA' MASSAIA,ASTI,PIEMONTE,NORD-OVEST
754942929091873102,COMUNE DI MONTE ROBERTO,ANCONA,MARCHE,CENTRO
754942930510146201,COMUNE DI CASSACCO,UDINE,FRIULI-VENEZIA GIULIA,NORD-EST
754942930519302201,COMUNE DI PORTOCANNONE,CAMPOBASSO,MOLISE,SUD
754942930537316102,COMUNE DI TALAMONA,SONDRIO,LOMBARDIA,NORD-OVEST
755042930463252802,COMUNE DI MONTECORVINO PUGLIANO,SALERNO,CAMPANIA,SUD
755142930525235801,COMUNE DI TORRICELLA PELIGNA,CHIETI,ABRUZZO,SUD
755342930469345301,COMUNE DI DOVADOLA,FORLI'-CESENA,EMILIA-ROMAGNA,NORD-EST
755342930538800701,COMUNE DI SOZZAGO,NOVARA,PIEMONTE,NORD-OVEST
755442930475572701,COMUNE DI PULA,CAGLIARI,SARDEGNA,ISOLE
755542930526175202,COMUNE DI ZOCCA,MODENA,EMILIA-ROMAGNA,NORD-EST
755642930446488302,COMUNE DI SOLERO,ALESSANDRIA,PIEMONTE,NORD-OVEST
755842930447690702,COMUNE DI STRA,VENEZIA,VENETO,NORD-EST
756242930458599801,COMUNE DI SALASCO,VERCELLI,PIEMONTE,NORD-OVEST
756442928726364102,COMUNE DI ARAGONA,AGRIGENTO,SICILIA,ISOLE
756642930480195101,COMUNE DI SEDINI,SASSARI,SARDEGNA,ISOLE
756742930543284001,COMUNE DI ROCCAFORTE LIGURE,ALESSANDRIA,PIEMONTE,NORD-OVEST
756942930532631301,COMUNE DI CASTELL'ALFERO,ASTI,PIEMONTE,NORD-OVEST
757042930456484001,COMUNE DI FUTANI,SALERNO,CAMPANIA,SUD
757042930526438702,COMUNE DI LEQUIO TANARO,CUNEO,PIEMONTE,NORD-OVEST
757142930515607701,COMUNE DI FALERNA,CATANZARO,CALABRIA,SUD
757442930466583202,COMUNE DI VILLA CARCINA,BRESCIA,LOMBARDIA,NORD-OVEST
757542930529923202,COMUNE DI CASTELROTTO,BOLZANO/BOZEN,TRENTINO-ALTO ADIGE/SÜDTIROL,NORD-EST
757742928757969001,COMUNE DI BULZI,SASSARI,SARDEGNA,ISOLE
757842928258270602,COMUNE DI BERZO INFERIORE,BRESCIA,LOMBARDIA,NORD-OVEST
758042928602853002,COMUNE DI MONTERCHI,AREZZO,TOSCANA,CENTRO
758042930474086402,COMUNE DI PRATELLA,CASERTA,CAMPANIA,SUD
758142930530827302,COMUNE DI VILLAPIANA,COSENZA,CALABRIA,SUD
758242930159219901,COMUNE DI CHIUSAVECCHIA,IMPERIA,LIGURIA,NORD-OVEST
758242930459609201,COMUNE DI CASTIGLIONE DEL LAGO,PERUGIA,UMBRIA,CENTRO
758242930524619902,COMUNE DI VILLA SAN PIETRO,CAGLIARI,SARDEGNA,ISOLE
758342930532955101,COMUNE DI MASSA FERMANA,FERMO,MARCHE,CENTRO
758542930538871101,COMUNE DI SAN SEVERO,FOGGIA,PUGLIA,SUD
758742930509973401,COMUNE DI ALES,ORISTANO,SARDEGNA,ISOLE
758842930516754702,COMUNE DI BORSO DEL GRAPPA,TREVISO,VENETO,NORD-EST
759142930517837001,COMUNE DI CERSOSIMO,POTENZA,BASILICATA,SUD
759442928967092902,COMUNE DI COSTARAINERA,IMPERIA,LIGURIA,NORD-OVEST
759442930475081701,COMUNE DI MONTASOLA,RIETI,LAZIO,CENTRO
759742930475779602,COMUNE DI GUARDAMIGLIO,LODI,LOMBARDIA,NORD-OVEST
759742930518516101,COMUNE DI DEIVA MARINA,LA SPEZIA,LIGURIA,NORD-OVEST
759742930531826402,COMUNE DI BAIANO,AVELLINO,CAMPANIA,SUD
759842930342859001,COMUNE DI BELLUSCO,MONZA E DELLA BRIANZA,LOMBARDIA,NORD-OVEST
761142930529910401,COMUNE DI CASTIGLIONE D'ADDA,LODI,LOMBARDIA,NORD-OVEST
761342929839451902,COMUNE DI GROTTAMMARE,ASCOLI PICENO,MARCHE,CENTRO
761342930534268601,COMUNE DI DEMONTE,CUNEO,PIEMONTE,NORD-OVEST
761442929901274502,COMUNE DI MARANO SUL PANARO,MODENA,EMILIA-ROMAGNA,NORD-EST
761442930456868501,COMUNE DI SAN FELE,POTENZA,BASILICATA,SUD
761442930509005001,COMUNE DI CINTO CAOMAGGIORE,VENEZIA,VENETO,NORD-EST
761642929372779502,COMUNE DI ISOLA DEL GIGLIO,GROSSETO,TOSCANA,CENTRO
761742928878266802,COMUNE DI BORRIANA,BIELLA,PIEMONTE,NORD-OVEST
761742930516272301,COMUNE DI ISCHIA,NAPOLI,CAMPANIA,SUD
761842930539848401,COMUNE DI SPINADESCO,CREMONA,LOMBARDIA,NORD-OVEST
762142930519940701,COMUNE DI GHILARZA,ORISTANO,SARDEGNA,ISOLE
762242929309570201,COMUNE DI DRENCHIA,UDINE,FRIULI-VENEZIA GIULIA,NORD-EST
762242930460430702,COMUNE DI SOLARINO,SIRACUSA,SICILIA,ISOLE
762242930536443802,COMUNE DI SENALES,BOLZANO/BOZEN,TRENTINO-ALTO ADIGE/SÜDTIROL,NORD-EST
762442930475939001,COMUNE DI LOCOROTONDO,BARI,PUGLIA,SUD
762742930459418802,COMUNE DI BIBBIANO,REGGIO NELL'EMILIA,EMILIA-ROMAGNA,NORD-EST
762742930459632601,COMUNE DI CASTIGLIONE TORINESE,TORINO,PIEMONTE,NORD-OVEST
762942930455609302,COMUNE DI MAMMOLA,REGGIO DI CALABRIA,CALABRIA,SUD
762942930549462102,COMUNE DI SAN CESARIO SUL PANARO,MODENA,EMILIA-ROMAGNA,NORD-EST
763342930012331001,COMUNE DI CASTROVILLARI,COSENZA,CALABRIA,SUD
763442930459100501,COMUNE DI SEUI,SUD SARDEGNA,SARDEGNA,ISOLE
763442930520624602,COMUNE DI GRAZZANO BADOGLIO,ASTI,PIEMONTE,NORD-OVEST
763742930468785601,COMUNE DI TRENTOLA DUCENTA,CASERTA,CAMPANIA,SUD
763742930522540202,COMUNE DI MONTECASTRILLI,TERNI,UMBRIA,CENTRO
763742930549198901,COMUNE DI SERRAMEZZANA,SALERNO,CAMPANIA,SUD
763942928739548802,COMUNE DI SETTINGIANO,CATANZARO,CALABRIA,SUD
763942930527556701,COMUNE DI NATURNO,BOLZANO/BOZEN,TRENTINO-ALTO ADIGE/SÜDTIROL,NORD-EST
764142930542767902,COMUNE DI PIETRAPORZIO,CUNEO,PIEMONTE,NORD-OVEST
764242930531902702,COMUNE DI ETROUBLES,VALLE D'AOSTA/VALLÉE D'AOSTE,VALLE D'AOSTA/VALLÉE D'AOSTE,NORD-OVEST
764342929735780202,COMUNE DI CASTAGNOLE DELLE LANZE,ASTI,PIEMONTE,NORD-OVEST
764642930543133502,COMUNE DI OLDENICO,VERCELLI,PIEMONTE,NORD-OVEST
764742930550657701,COMUNE DI SAN GREGORIO NELLE ALPI,BELLUNO,VENETO,NORD-EST
764842930458088902,COMUNE DI PETTORAZZA GRIMANI,ROVIGO,VENETO,NORD-EST
764842930524609801,COMUNE DI FRUGAROLO,ALESSANDRIA,PIEMONTE,NORD-OVEST
764942930451690902,COMUNE DI ONCINO,CUNEO,PIEMONTE,NORD-OVEST
764942930476892201,COMUNE DI PRADALUNGA,BERGAMO,LOMBARDIA,NORD-OVEST
765242928990481001,COMUNE DI CASACALENDA,CAMPOBASSO,MOLISE,SUD
765342930451224102,COMUNE DI ORSAGO,TREVISO,VENETO,NORD-EST
765342930532594302,COMUNE DI CAMUGNANO,BOLOGNA,EMILIA-ROMAGNA,NORD-EST
765442930450956601,COMUNE DI VIRLE PIEMONTE,TORINO,PIEMONTE,NORD-OVEST
765442930461657301,COMUNE DI CUPRA MARITTIMA,ASCOLI PICENO,MARCHE,CENTRO
765542930544129601,COMUNE DI LASTEBASSE,VICENZA,VENETO,NORD-EST
765642929456721202,COMUNE DI CURIGLIA CON MONTEVIASCO,VARESE,LOMBARDIA,NORD-OVEST
765642930541715502,COMUNE DI MARCHENO,BRESCIA,LOMBARDIA,NORD-OVEST
765742930454226601,COMUNE DI MONTENERO VAL COCCHIARA,ISERNIA,MOLISE,SUD
765742930468090501,COMUNE DI VILLALBA,CALTANISSETTA,SICILIA,ISOLE
765942930479079402,COMUNE DI SAN LEONARDO IN PASSIRIA,BOLZANO/BOZEN,TRENTINO-ALTO ADIGE/SÜDTIROL,NORD-EST
766042930526573601,COMUNE DI MIGLIANICO,CHIETI,ABRUZZO,SUD
766242930524092001,COMUNE DI VALTOURNENCHE,VALLE D'AOSTA/VALLÉE D'AOSTE,VALLE D'AOSTA/VALLÉE D'AOSTE,NORD-OVEST
766442930461358101,COMUNE DI MOLINA ATERNO,L'AQUILA,ABRUZZO,SUD
766442930542604801,COMUNE DI MORUZZO,UDINE,FRIULI-VENEZIA GIULIA,NORD-EST
766542927975285601,COMUNE DI BELLINZAGO LOMBARDO,MILANO,LOMBARDIA,NORD-OVEST
766542930525683902,COMUNE DI TOVO DI SANT'AGATA,SONDRIO,LOMBARDIA,NORD-OVEST
766542930544795501,COMUNE DI PIETRAVAIRANO,CASERTA,CAMPANIA,SUD
766642929456991301,COMUNE DI CURINO,BIELLA,PIEMONTE,NORD-OVEST
766642930533177401,COMUNE DI OPPIDO LUCANO,POTENZA,BASILICATA,SUD
766842930480172401,COMUNE DI SEDRINA,BERGAMO,LOMBARDIA,NORD-OVEST
766842930546929202,COMUNE DI SAN GIOVANNI LA PUNTA,CATANIA,SICILIA,ISOLE
766942930532052102,COMUNE DI CASTEL CASTAGNA,TERAMO,ABRUZZO,SUD
766942930533452502,COMUNE DI AFFILE,ROMA,LAZIO,CENTRO
767042928789923501,COMUNE DI GROTTAZZOLINA,FERMO,MARCHE,CENTRO
767142930545023602,COMUNE DI LISCIANO NICCONE,PERUGIA,UMBRIA,CENTRO
767342930474126302,COMUNE DI ROCCA DI BOTTE,L'AQUILA,ABRUZZO,SUD
767742930527127401,COMUNE DI SPRESIANO,TREVISO,VENETO,NORD-EST
767942930517197501,COMUNE DI BOTRICELLO,CATANZARO,CALABRIA,SUD
768142928607058202,COMUNE DI MARTELLAGO,VENEZIA,VENETO,NORD-EST
768142929012910901,COMUNE DI RAVELLO,SALERNO,CAMPANIA,SUD
768142930479507402,COMUNE DI SERRAMONACESCA,PESCARA,ABRUZZO,SUD
768342930549072102,COMUNE DI SERRARA FONTANA,NAPOLI,CAMPANIA,SUD
768442929543790002,COMUNE DI PERINALDO,IMPERIA,LIGURIA,NORD-OVEST
768442930453312102,COMUNE DI TORRICELLA SICURA,TERAMO,ABRUZZO,SUD
768442930516932402,COMUNE DI BALVANO,POTENZA,BASILICATA,SUD
768742930459748301,COMUNE DI COPERTINO,LECCE,PUGLIA,SUD
768742930519976801,COMUNE DI MAJANO,UDINE,FRIULI-VENEZIA GIULIA,NORD-EST
768742930532593301,COMUNE DI DERVIO,LECCO,LOMBARDIA,NORD-OVEST
768742930546262102,COMUNE DI MARGNO,LECCO,LOMBARDIA,NORD-OVEST
768942930477568501,COMUNE DI MACLODIO,BRESCIA,LOMBARDIA,NORD-OVEST
769042929721548401,COMUNE DI IVREA,TORINO,PIEMONTE,NORD-OVEST
769042930454948301,COMUNE DI ZUMPANO,COSENZA,CALABRIA,SUD
769042930510266802,COMUNE DI ALGUA,BERGAMO,LOMBARDIA,NORD-OVEST
769142930524552902,COMUNE DI SEQUALS,PORDENONE,FRIULI-VENEZIA GIULIA,NORD-EST
769242930465461002,COMUNE DI SORANO,GROSSETO,TOSCANA,CENTRO
769342930515814002,COMUNE DI ARSIERO,VICENZA,VENETO,NORD-EST
769542930449226601,COMUNE DI TRAMATZA,ORISTANO,SARDEGNA,ISOLE
769542930478713902,COMUNE DI SANT'AGATA DE' GOTI,BENEVENTO,CAMPANIA,SUD
769742929839403502,COMUNE DI TARZO,TREVISO,VENETO,NORD-EST
769742930524787902,COMUNE DI RESIUTTA,UDINE,FRIULI-VENEZIA GIULIA,NORD-EST
769742930529503102,COMUNE DI SANTA CRISTINA E BISSONE,PAVIA,LOMBARDIA,NORD-OVEST
769942930533553002,COMUNE DI ALICE BEL COLLE,ALESSANDRIA,PIEMONTE,NORD-OVEST
771242930517918102,COMUNE DI CASTELNUOVO DI PORTO,ROMA,LAZIO,CENTRO
771242930549734802,COMUNE DI SAN COSTANZO,PESARO E URBINO,MARCHE,CENTRO
771442927975242201,COMUNE DI CAROSINO,TARANTO,PUGLIA,SUD
771442930531741101,COMUNE DI BURCEI,SUD SARDEGNA,SARDEGNA,ISOLE
771542930475690702,COMUNE DI TUORO SUL TRASIMENO,PERUGIA,UMBRIA,CENTRO
771542930530420301,COMUNE DI ARENZANO,GENOVA,LIGURIA,NORD-OVEST
771642929269267201,COMUNE DI MILZANO,BRESCIA,LOMBARDIA,NORD-OVEST
771742930526615202,COMUNE DI TAMBRE,BELLUNO,VENETO,NORD-EST
771842928932571602,COMUNE DI CASTELFIORENTINO,FIRENZE,TOSCANA,CENTRO
772042930518296002,COMUNE DI ARCE,FROSINONE,LAZIO,CENTRO
772142930460642302,COMUNE DI CASARANO,LECCE,PUGLIA,SUD
772442927901338901,COMUNE DI BRANCALEONE,REGGIO DI CALABRIA,CALABRIA,SUD
772442930525244601,COMUNE DI TRIEI,NUORO,SARDEGNA,ISOLE
772442930529133601,COMUNE DI MOMBARUZZO,ASTI,PIEMONTE,NORD-OVEST
772842930524188301,COMUNE DI MONTAFIA,ASTI,PIEMONTE,NORD-OVEST
772842930533471901,COMUNE DI MOLITERNO,POTENZA,BASILICATA,SUD
772842930534651101,COMUNE DI PARONA,PAVIA,LOMBARDIA,NORD-OVEST
772842930545597801,COMUNE DI LAIVES,BOLZANO/BOZEN,TRENTINO-ALTO ADIGE/SÜDTIROL,NORD-EST
773042930474939502,COMUNE DI FAVIGNANA,TRAPANI,SICILIA,ISOLE
773042930517042102,COMUNE DI CITTIGLIO,VARESE,LOMBARDIA,NORD-OVEST
773142928258122402,COMUNE DI ARPAIA,BENEVENTO,CAMPANIA,SUD
773142930455877401,COMUNE DI MONTAGNAREALE,MESSINA,SICILIA,ISOLE
773442930476283801,COMUNE DI ISOLA DEL CANTONE,GENOVA,LIGURIA,NORD-OVEST
773542930466500401,COMUNE DI VINZAGLIO,NOVARA,PIEMONTE,NORD-OVEST
773742927963650802,COMUNE DI BROZOLO,TORINO,PIEMONTE,NORD-OVEST
773842930475318301,COMUNE DI CERRO AL LAMBRO,MILANO,LOMBARDIA,NORD-OVEST
773842930542881302,COMUNE DI ROCCA DI CAMBIO,L'AQUILA,ABRUZZO,SUD
773942930457397801,COMUNE DI PRETORO,CHIETI,ABRUZZO,SUD
773942930524179501,COMUNE DI SALA BAGANZA,PARMA,EMILIA-ROMAGNA,NORD-EST
773942930535252001,COMUNE DI VILLAREGGIA,TORINO,PIEMONTE,NORD-OVEST
773942930545339702,COMUNE DI ROCCAGLORIOSA,SALERNO,CAMPANIA,SUD
774142930473192902,COMUNE DI GARZIGLIANA,TORINO,PIEMONTE,NORD-OVEST
774442930473346201,COMUNE DI FRAMURA,LA SPEZIA,LIGURIA,NORD-OVEST
774442930516563901,COMUNE DI LACONI,ORISTANO,SARDEGNA,ISOLE
774642930478609202,COMUNE DI TREMOSINE SUL GARDA,BRESCIA,LOMBARDIA,NORD-OVEST
774842930509319202,COMUNE DI CHIUDUNO,BERGAMO,LOMBARDIA,NORD-OVEST
774942930528725202,COMUNE DI TESIMO,BOLZANO/BOZEN,TRENTINO-ALTO ADIGE/SÜDTIROL,NORD-EST
775042930549875901,COMUNE DI VALMONTONE,ROMA,LAZIO,CENTRO
775242930477103701,COMUNE DI CORI,LATINA,LAZIO,CENTRO
775342930515885902,COMUNE DI CASTEL VITTORIO,IMPERIA,LIGURIA,NORD-OVEST
775342930533707102,COMUNE DI SAN SEBASTIANO DA PO,TORINO,PIEMONTE,NORD-OVEST
775342930536044501,COMUNE DI VINCHIO,ASTI,PIEMONTE,NORD-OVEST
775342930544529802,COMUNE DI SAN PIETRO AL TANAGRO,SALERNO,CAMPANIA,SUD
775442928247207701,COMUNE DI COLLIO,BRESCIA,LOMBARDIA,NORD-OVEST
775542930509392802,COMUNE DI CESSALTO,TREVISO,VENETO,NORD-EST
775742930451514601,COMUNE DI MONTECCHIO PRECALCINO,VICENZA,VENETO,NORD-EST
775742930469338602,COMUNE DI SELCI,RIETI,LAZIO,CENTRO
775742930531576201,COMUNE DI CALAMANDRANA,ASTI,PIEMONTE,NORD-OVEST
775842930545108101,COMUNE DI PADERNO DUGNANO,MILANO,LOMBARDIA,NORD-OVEST
776142929439514102,COMUNE DI FALZES,BOLZANO/BOZEN,TRENTINO-ALTO ADIGE/SÜDTIROL,NORD-EST
776142930543691701,COMUNE DI LAVELLO,POTENZA,BASILICATA,SUD
776342930466918701,COMUNE DI SASSUOLO,MODENA,EMILIA-ROMAGNA,NORD-EST
776342930479367001,COMUNE DI THIENE,VICENZA,VENETO,NORD-EST
776342930520595402,COMUNE DI GALLIERA VENETA,PADOVA,VENETO,NORD-EST
776342930529182402,COMUNE DI ROCCADASPIDE,SALERNO,CAMPANIA,SUD
776342930531140302,COMUNE DI CHIURO,SONDRIO,LOMBARDIA,NORD-OVEST
776342930543786801,COMUNE DI OROSEI,NUORO,SARDEGNA,ISOLE
776542930531824101,COMUNE DI PARENTI,COSENZA,CALABRIA,SUD
776642928021818302,COMUNE DI BRISSOGNE,VALLE D'AOSTA/VALLÉE D'AOSTE,VALLE D'AOSTA/VALLÉE D'AOSTE,NORD-OVEST
776642930515873301,COMUNE DI CAPRAIA E LIMITE,FIRENZE,TOSCANA,CENTRO
776742930480086601,COMUNE DI VAL MASINO,SONDRIO,LOMBARDIA,NORD-OVEST
776742930523716602,COMUNE DI RIVA DEL GARDA,TRENTO,TRENTINO-ALTO ADIGE/SÜDTIROL,NORD-EST
776842930528938501,COMUNE DI SERRACAPRIOLA,FOGGIA,PUGLIA,SUD
776842930536068502,COMUNE DI VERNAZZA,LA SPEZIA,LIGURIA,NORD-OVEST
776942930524452701,COMUNE DI VEZZI PORTIO,SAVONA,LIGURIA,NORD-OVEST
777242930450063302,COMUNE DI MOTTALCIATA,BIELLA,PIEMONTE,NORD-OVEST
777342930534776602,COMUNE DI CAVERNAGO,BERGAMO,LOMBARDIA,NORD-OVEST
777442930516602301,COMUNE DI CRAVAGLIANA,VERCELLI,PIEMONTE,NORD-OVEST
777442930527433102,COMUNE DI FRASCINETO,COSENZA,CALABRIA,SUD
777442930530250002,COMUNE DI SAN GENNARO VESUVIANO,NAPOLI,CAMPANIA,SUD
777642930519773301,COMUNE DI MONTEFALCIONE,AVELLINO,CAMPANIA,SUD
777742930479628601,COMUNE DI CASAPESENNA,CASERTA,CAMPANIA,SUD
777842930472830402,COMUNE DI GARDA,VERONA,VENETO,NORD-EST
777842930516503902,COMUNE DI CRAVEGGIA,VERBANO-CUSIO-OSSOLA,PIEMONTE,NORD-OVEST
777842930526744102,COMUNE DI OLIVERI,MESSINA,SICILIA,ISOLE
778242930531554001,COMUNE DI CENATE SOPRA,BERGAMO,LOMBARDIA,NORD-OVEST
778242930543394801,COMUNE DI MONTALDO SCARAMPI,ASTI,PIEMONTE,NORD-OVEST
778342930548631302,COMUNE DI VALBREVENNA,GENOVA,LIGURIA,NORD-OVEST
778442929331751501,COMUNE DI COLLE UMBERTO,TREVISO,VENETO,NORD-EST
778442930454922102,COMUNE DI SENAGO,MILANO,LOMBARDIA,NORD-OVEST
778542930519394202,COMUNE DI MATELICA,MACERATA,MARCHE,CENTRO
778642930528102201,COMUNE DI PERITO,SALERNO,CAMPANIA,SUD
778842929946433101,COMUNE DI LUCERA,FOGGIA,PUGLIA,SUD
779142928067753302,COMUNE DI CARENNO,LECCO,LOMBARDIA,NORD-OVEST
779142930454007402,COMUNE DI MEZZOMERICO,NOVARA,PIEMONTE,NORD-OVEST
779342930475595301,COMUNE DI COMERIO,VARESE,LOMBARDIA,NORD-OVEST
779342930528311502,COMUNE DI ROMANENGO,CREMONA,LOMBARDIA,NORD-OVEST
779542930525824701,COMUNE DI TRAVACO' SICCOMARIO,PAVIA,LOMBARDIA,NORD-OVEST
779742930518126701,COMUNE DI ISOLABONA,IMPERIA,LIGURIA,NORD-OVEST
779742930550836101,COMUNE DI SORTINO,SIRACUSA,SICILIA,ISOLE
779842930528013401,COMUNE DI MORIAGO DELLA BATTAGLIA,TREVISO,VENETO,NORD-EST
779942928242605201,COMUNE DI CARESANABLOT,VERCELLI,PIEMONTE,NORD-OVEST
779942930525768601,COMUNE DI TREGNAGO,VERONA,VENETO,NORD-EST
781242930528004102,COMUNE DI SAN NICOLA DA CRISSA,VIBO VALENTIA,CALABRIA,SUD
781542929613319202,COMUNE DI PETRALIA SOTTANA,PALERMO,SICILIA,ISOLE
781742930545603602,COMUNE DI GONNOSNO',ORISTANO,SARDEGNA,ISOLE
781842930478569102,COMUNE DI VETRALLA,VITERBO,LAZIO,CENTRO
782042930519983001,COMUNE DI FLUMINIMAGGIORE,SUD SARDEGNA,SARDEGNA,ISOLE
782142930509565602,COMUNE DI CRESPINO,ROVIGO,VENETO,NORD-EST
782242930463891102,COMUNE DI ROCCHETTA LIGURE,ALESSANDRIA,PIEMONTE,NORD-OVEST
782342930464471102,COMUNE DI ANFO,BRESCIA,LOMBARDIA,NORD-OVEST
782642930460611001,COMUNE DI ASIAGO,VICENZA,VENETO,NORD-EST
782642930526694301,COMUNE DI ORICOLA,L'AQUILA,ABRUZZO,SUD
782742929069883302,COMUNE DI CAMPO SAN MARTINO,PADOVA,VENETO,NORD-EST
782742930518665902,COMUNE DI CASTELBELLO-CIARDES,BOLZANO/BOZEN,TRENTINO-ALTO ADIGE/SÜDTIROL,NORD-EST
782742930548055602,COMUNE DI PLACANICA,REGGIO DI CALABRIA,CALABRIA,SUD
782842930472211801,COMUNE DI LAMEZIA TERME,CATANZARO,CALABRIA,SUD
782842930523338101,COMUNE DI FICARRA,MESSINA,SICILIA,ISOLE
782942928855295402,COMUNE DI SESTA GODANO,LA SPEZIA,LIGURIA,NORD-OVEST
782942930550273902,COMUNE DI PINO D'ASTI,ASTI,PIEMONTE,NORD-OVEST
783142930475311202,COMUNE DI TAVAGNACCO,UDINE,FRIULI-VENEZIA GIULIA,NORD-EST
783142930524033101,COMUNE DI COSSOINE,SASSARI,SARDEGNA,ISOLE
783242930435923402,COMUNE DI GERMAGNO,VERBANO-CUSIO-OSSOLA,PIEMONTE,NORD-OVEST
783442930457873101,COMUNE DI TERZOLAS,TRENTO,TRENTINO-ALTO ADIGE/SÜDTIROL,NORD-EST
783442930475894501,COMUNE DI GENONI,SUD SARDEGNA,SARDEGNA,ISOLE
783442930534528202,COMUNE DI PARTINICO,PALERMO,SICILIA,ISOLE
783442930546572802,COMUNE DI MARANO LAGUNARE,UDINE,FRIULI-VENEZIA GIULIA,NORD-EST
783742930458253801,COMUNE DI MALNATE,VARESE,LOMBARDIA,NORD-OVEST
783742930521498701,COMUNE DI FENESTRELLE,TORINO,PIEMONTE,NORD-OVEST
783842930548599002,COMUNE DI SILANUS,NUORO,SARDEGNA,ISOLE
783942930449037902,COMUNE DI SANTA MARINELLA,ROMA,LAZIO,CENTRO
783942930474252402,COMUNE DI SAN CALOGERO,VIBO VALENTIA,CALABRIA,SUD
783942930531632201,COMUNE DI BRUNATE,COMO,LOMBARDIA,NORD-OVEST
784642929501690802,COMUNE DI MELEGNANO,MILANO,LOMBARDIA,NORD-OVEST
784842930534724801,COMUNE DI FRAZZANO',MESSINA,SICILIA,ISOLE
784842930545061101,COMUNE DI CERRETO GUIDI,FIRENZE,TOSCANA,CENTRO
784942930476591601,COMUNE DI SANT'AGNELLO,NAPOLI,CAMPANIA,SUD
784942930529549701,COMUNE DI SESTO AL REGHENA,PORDENONE,FRIULI-VENEZIA GIULIA,NORD-EST
785042930462606001,COMUNE DI ALBA ADRIATICA,TERAMO,ABRUZZO,SUD
785242928042281901,COMUNE DI BARRALI,SUD SARDEGNA,SARDEGNA,ISOLE
785342930474536401,COMUNE DI MONTORIO ROMANO,ROMA,LAZIO,CENTRO
785342930523919402,COMUNE DI OCCHIEPPO SUPERIORE,BIELLA,PIEMONTE,NORD-OVEST
785342930524892802,COMUNE DI MOTTA SANTA LUCIA,CATANZARO,CALABRIA,SUD
785542930528001701,COMUNE DI MONTALE,PISTOIA,TOSCANA,CENTRO
785642930532277002,COMUNE DI VENTOTENE,LATINA,LAZIO,CENTRO
785742930184537101,COMUNE DI CASTELPIZZUTO,ISERNIA,MOLISE,SUD
785742930184590001,COMUNE DI BARBONA,PADOVA,VENETO,NORD-EST
785842930446725402,COMUNE DI PAISCO LOVENO,BRESCIA,LOMBARDIA,NORD-OVEST
785842930465005902,COMUNE DI CALIMERA,LECCE,PUGLIA,SUD
785842930519421901,COMUNE DI PETRITOLI,FERMO,MARCHE,CENTRO
785942930548106801,COMUNE DI SCALEA,COSENZA,CALABRIA,SUD
786042930549165502,COMUNE DI SANTA GIULETTA,PAVIA,LOMBARDIA,NORD-OVEST
786442930469601302,COMUNE DI SAN SEVERINO LUCANO,POTENZA,BASILICATA,SUD
786442930542702602,COMUNE DI FORNACE,TRENTO,TRENTINO-ALTO ADIGE/SÜDTIROL,NORD-EST
786542930473755202,COMUNE DI SANT'IPPOLITO,PESARO E URBINO,MARCHE,CENTRO
786542930544320802,COMUNE DI REGGIOLO,REGGIO NELL'EMILIA,EMILIA-ROMAGNA,NORD-EST
786642928135690801,COMUNE DI AOSTA,VALLE D'AOSTA/VALLÉE D'AOSTE,VALLE D'AOSTA/VALLÉE D'AOSTE,NORD-OVEST
786642929800291402,COMUNE DI NUS,VALLE D'AOSTA/VALLÉE D'AOSTE,VALLE D'AOSTA/VALLÉE D'AOSTE,NORD-OVEST
786642930474830401,COMUNE DI MOGLIANO,MACERATA,MARCHE,CENTRO
786742930477382902,COMUNE DI MARANO MARCHESATO,COSENZA,CALABRIA,SUD
787142929346398801,COMUNE DI DAIRAGO,MILANO,LOMBARDIA,NORD-OVEST
787442930518450901,COMUNE DI MIRANDA,ISERNIA,MOLISE,SUD
787642930534343202,COMUNE DI AMENO,NOVARA,PIEMONTE,NORD-OVEST
787742928258284701,COMUNE DI ARQUA' POLESINE,ROVIGO,VENETO,NORD-EST
787742930476743501,COMUNE DI PATU',LECCE,PUGLIA,SUD
787942930463685102,COMUNE DI BRUGNATO,LA SPEZIA,LIGURIA,NORD-OVEST
788042929331622001,COMUNE DI CASTELNUOVO MAGRA,LA SPEZIA,LIGURIA,NORD-OVEST
788042930545910402,COMUNE DI TAVIANO,LECCE,PUGLIA,SUD
788142930480566001,COMUNE DI SARDARA,SUD SARDEGNA,SARDEGNA,ISOLE
788342928988192502,COMUNE DI CASTELNUOVO DI CONZA,SALERNO,CAMPANIA,SUD
788342930516599802,COMUNE DI CABRAS,ORISTANO,SARDEGNA,ISOLE
788542930530225502,COMUNE DI ARENA,VIBO VALENTIA,CALABRIA,SUD
788642928099739401,COMUNE DI CASSANO DELLE MURGE,BARI,PUGLIA,SUD
788742930545224501,COMUNE DI GRANAROLO DELL'EMILIA,BOLOGNA,EMILIA-ROMAGNA,NORD-EST
788842930457949001,COMUNE DI TESSENNANO,VITERBO,LAZIO,CENTRO
789142930474951301,COMUNE DI LAVENONE,BRESCIA,LOMBARDIA,NORD-OVEST
789242930473443202,COMUNE DI PRALBOINO,BRESCIA,LOMBARDIA,NORD-OVEST
789242930510920601,COMUNE DI ARPAISE,BENEVENTO,CAMPANIA,SUD
789342928664009802,COMUNE DI CARINARO,CASERTA,CAMPANIA,SUD
789342930530039601,COMUNE DI CAVA DE' TIRRENI,SALERNO,CAMPANIA,SUD
789542930516170601,COMUNE DI IMPRUNETA,FIRENZE,TOSCANA,CENTRO
789642930521356701,COMUNE DI CASTROPIGNANO,CAMPOBASSO,MOLISE,SUD
789642930546785901,COMUNE DI ENVIE,CUNEO,PIEMONTE,NORD-OVEST
789842929761637902,COMUNE DI GENURI,SUD SARDEGNA,SARDEGNA,ISOLE
791242930459821801,COMUNE DI BUSETO PALIZZOLO,TRAPANI,SICILIA,ISOLE
791242930473795302,COMUNE DI SANTOPADRE,FROSINONE,LAZIO,CENTRO
791242930477581001,COMUNE DI MACERATA FELTRIA,PESARO E URBINO,MARCHE,CENTRO
791442930527242601,COMUNE DI SALUSSOLA,BIELLA,PIEMONTE,NORD-OVEST
791642930550280802,COMUNE DI TRASACCO,L'AQUILA,ABRUZZO,SUD
791942928759342702,COMUNE DI GROTTOLE,MATERA,BASILICATA,SUD
791942929346145902,COMUNE DI SINALUNGA,SIENA,TOSCANA,CENTRO
791942930464434002,COMUNE DI BEDOLLO,TRENTO,TRENTINO-ALTO ADIGE/SÜDTIROL,NORD-EST
791942930477646801,COMUNE DI PIEVE VERGONTE,VERBANO-CUSIO-OSSOLA,PIEMONTE,NORD-OVEST
792042929389319801,COMUNE DI CORTINA SULLA STRADA DEL VINO,BOLZANO/BOZEN,TRENTINO-ALTO ADIGE/SÜDTIROL,NORD-EST
792042930459871802,COMUNE DI CISTERNA DI LATINA,LATINA,LAZIO,CENTRO
792142930474135901,COMUNE DI SAVIANO,NAPOLI,CAMPANIA,SUD
792142930523805202,COMUNE DI MONTELIBRETTI,ROMA,LAZIO,CENTRO
792142930540998802,COMUNE DI OGLIASTRO CILENTO,SALERNO,CAMPANIA,SUD
792142930544740501,COMUNE DI CIVITANOVA MARCHE,MACERATA,MARCHE,CENTRO
792642930463270101,COMUNE DI PIEVE D'OLMI,CREMONA,LOMBARDIA,NORD-OVEST
792942930475742502,COMUNE DI GUARDEA,TERNI,UMBRIA,CENTRO
792942930527241002,COMUNE DI MAZZARRONE,CATANIA,SICILIA,ISOLE
793042930528322601,COMUNE DI SAN SALVO,CHIETI,ABRUZZO,SUD
793142930460010501,COMUNE DI BAGNOLI DI SOPRA,PADOVA,VENETO,NORD-EST
793542930515407802,COMUNE DI CANEPINA,VITERBO,LAZIO,CENTRO
793542930531525801,COMUNE DI CENCENIGHE AGORDINO,BELLUNO,VENETO,NORD-EST
793742930479837702,COMUNE DI RESCALDINA,MILANO,LOMBARDIA,NORD-OVEST
793742930529081301,COMUNE DI RADICOFANI,SIENA,TOSCANA,CENTRO
793842930454257301,COMUNE DI ONIFAI,NUORO,SARDEGNA,ISOLE
793842930479910501,COMUNE DI RIVODUTRI,RIETI,LAZIO,CENTRO
793942930462395002,COMUNE DI CAMPOMAGGIORE,POTENZA,BASILICATA,SUD
794242930534591401,COMUNE DI ANDALO VALTELLINO,SONDRIO,LOMBARDIA,NORD-OVEST
794442930447904801,COMUNE DI OZZANO DELL'EMILIA,BOLOGNA,EMILIA-ROMAGNA,NORD-EST
794542930101290201,COMUNE DI LONGONE AL SEGRINO,COMO,LOMBARDIA,NORD-OVEST
794542930532969201,COMUNE DI GUBBIO,PERUGIA,UMBRIA,CENTRO
794642930546989801,COMUNE DI ROVITO,COSENZA,CALABRIA,SUD
794742930479829901,COMUNE DI VAL REZZO,COMO,LOMBARDIA,NORD-OVEST
794842930529842901,COMUNE DI ATENA LUCANA,SALERNO,CAMPANIA,SUD
794942930516814001,COMUNE DI DOMODOSSOLA,VERBANO-CUSIO-OSSOLA,PIEMONTE,NORD-OVEST
795142930524750802,COMUNE DI TEOLO,PADOVA,VENETO,NORD-EST
795142930526088701,COMUNE DI QUADRI,CHIETI,ABRUZZO,SUD
795142930532308602,COMUNE DI VENTIMIGLIA DI SICILIA,PALERMO,SICILIA,ISOLE
795342930450598901,COMUNE DI POLAVENO,BRESCIA,LOMBARDIA,NORD-OVEST
795442928823159701,COMUNE DI CAVRIAGO,REGGIO NELL'EMILIA,EMILIA-ROMAGNA,NORD-EST
795442930458219802,COMUNE DI MEZZOCORONA,TRENTO,TRENTINO-ALTO ADIGE/SÜDTIROL,NORD-EST
795642930464761502,COMUNE DI ANGHIARI,AREZZO,TOSCANA,CENTRO
795742927975326001,COMUNE DI BELLEGRA,ROMA,LAZIO,CENTRO
795942930523988901,COMUNE DI GHIFFA,VERBANO-CUSIO-OSSOLA,PIEMONTE,NORD-OVEST
796042929457044501,COMUNE DI ESTE,PADOVA,VENETO,NORD-EST
796042930525061902,COMUNE DI TORRE SAN GIORGIO,CUNEO,PIEMONTE,NORD-OVEST
796142930476360402,COMUNE DI PONTECORVO,FROSINONE,LAZIO,CENTRO
796242929514115302,COMUNE DI MASSA,MASSA-CARRARA,TOSCANA,CENTRO
796242930508282101,COMUNE DI CARONIA,MESSINA,SICILIA,ISOLE
796442930519745301,COMUNE DI CONTURSI TERME,SALERNO,CAMPANIA,SUD
796442930543616402,COMUNE DI PALAZZOLO ACREIDE,SIRACUSA,SICILIA,ISOLE
796542930534869402,COMUNE DI CASTINO,CUNEO,PIEMONTE,NORD-OVEST
796742930468079202,COMUNE DI VAGLI SOTTO,LUCCA,TOSCANA,CENTRO
796742930548112102,COMUNE DI VILLA SANT'ANTONIO,ORISTANO,SARDEGNA,ISOLE
797042930533526401,COMUNE DI PEZZAZE,BRESCIA,LOMBARDIA,NORD-OVEST
797242930519193302,COMUNE DI PORTOFINO,GENOVA,LIGURIA,NORD-OVEST
797242930525539302,COMUNE DI MONTE CERIGNONE,PESARO E URBINO,MARCHE,CENTRO
797242930530108302,COMUNE DI CITTADELLA,PADOVA,VENETO,NORD-EST
797642930457443801,COMUNE DI ROCCHETTA NERVINA,IMPERIA,LIGURIA,NORD-OVEST
797742930476311902,COMUNE DI RIVAROLO CANAVESE,TORINO,PIEMONTE,NORD-OVEST
797842930450324201,COMUNE DI MOZZANICA,BERGAMO,LOMBARDIA,NORD-OVEST
797942930460336502,COMUNE DI CHALLAND-SAINT-ANSELME,VALLE D'AOSTA/VALLÉE D'AOSTE,VALLE D'AOSTA/VALLÉE D'AOSTE,NORD-OVEST
797942930522003401,COMUNE DI MASERA' DI PADOVA,PADOVA,VENETO,NORD-EST
798142929259265402,COMUNE DI CASTELLUCCHIO,MANTOVA,LOMBARDIA,NORD-OVEST
798242930543941802,COMUNE DI LA SPEZIA,LA SPEZIA,LIGURIA,NORD-OVEST
798342929194635601,COMUNE DI CIVITALUPARELLA,CHIETI,ABRUZZO,SUD
798342930447675001,COMUNE DI TORINO DI SANGRO,CHIETI,ABRUZZO,SUD
798342930545453401,COMUNE DI PRATA SANNITA,CASERTA,CAMPANIA,SUD
798442930529701001,COMUNE DI CARLENTINI,SIRACUSA,SICILIA,ISOLE
798542930460582702,COMUNE DI CASTELVETERE IN VAL FORTORE,BENEVENTO,CAMPANIA,SUD
798642930517286101,COMUNE DI CORTANDONE,ASTI,PIEMONTE,NORD-OVEST
798742930289645702,COMUNE DI MINTURNO,LATINA,LAZIO,CENTRO
798742930477310602,COMUNE DI FRANCAVILLA DI SICILIA,MESSINA,SICILIA,ISOLE
798742930519398002,COMUNE DI FARA OLIVANA CON SOLA,BERGAMO,LOMBARDIA,NORD-OVEST
798842930464854601,COMUNE DI BOVISIO-MASCIAGO,MONZA E DELLA BRIANZA,LOMBARDIA,NORD-OVEST
798842930529034001,COMUNE DI ROCCANTICA,RIETI,LAZIO,CENTRO
798842930532926501,COMUNE DI GAGGI,MESSINA,SICILIA,ISOLE
799042930536547301,COMUNE DI SANTA SOFIA,FORLI'-CESENA,EMILIA-ROMAGNA,NORD-EST
799142930461449601,COMUNE DI CENATE SOTTO,BERGAMO,LOMBARDIA,NORD-OVEST
799142930464148602,COMUNE DI BOLLATE,MILANO,LOMBARDIA,NORD-OVEST
799142930508440501,COMUNE DI BERGOLO,CUNEO,PIEMONTE,NORD-OVEST
799242929055602502,COMUNE DI CITTA' SANT'ANGELO,PESCARA,ABRUZZO,SUD
799342930542861401,COMUNE DI SCORRANO,LECCE,PUGLIA,SUD
799442930478913201,COMUNE DI SANT'AMBROGIO DI TORINO,TORINO,PIEMONTE,NORD-OVEST
799542930545858902,COMUNE DI PORANO,TERNI,UMBRIA,CENTRO
799642930466424101,COMUNE DI VILLETTA BARREA,L'AQUILA,ABRUZZO,SUD
799742930462511801,COMUNE DI VIU',TORINO,PIEMONTE,NORD-OVEST
799942929166177302,COMUNE DI LAGLIO,COMO,LOMBARDIA,NORD-OVEST
801242930456743501,COMUNE DI TRUCCAZZANO,MILANO,LOMBARDIA,NORD-OVEST
801242930508147801,COMUNE DI CAPPELLA MAGGIORE,TREVISO,VENETO,NORD-EST
801242930532614201,COMUNE DI CORTALE,CATANZARO,CALABRIA,SUD
801342930471544502,COMUNE DI MOROZZO,CUNEO,PIEMONTE,NORD-OVEST
801342930517927201,COMUNE DI CALVI,BENEVENTO,CAMPANIA,SUD
801342930543387302,COMUNE DI GIUSSANO,MONZA E DELLA BRIANZA,LOMBARDIA,NORD-OVEST
801342930545082102,COMUNE DI POGGIARDO,LECCE,PUGLIA,SUD
801442930454081002,COMUNE DI MIGGIANO,LECCE,PUGLIA,SUD
801442930454206002,COMUNE DI ORIGGIO,VARESE,LOMBARDIA,NORD-OVEST
801442930461586702,COMUNE DI SAN GIOVANNI BIANCO,BERGAMO,LOMBARDIA,NORD-OVEST
801542930516330302,COMUNE DI GODRANO,PALERMO,SICILIA,ISOLE
801742930476306102,COMUNE DI CAZZAGO BRABBIA,VARESE,LOMBARDIA,NORD-OVEST
801942930454879602,COMUNE DI SCAGNELLO,CUNEO,PIEMONTE,NORD-OVEST
801942930517639202,COMUNE DI CASTEL DEL PIANO,GROSSETO,TOSCANA,CENTRO
801942930532113802,COMUNE DI ACQUANEGRA SUL CHIESE,MANTOVA,LOMBARDIA,NORD-OVEST
801942930533183301,COMUNE DI ORCIANO PISANO,PISA,TOSCANA,CENTRO
802142929118570801,COMUNE DI CONDOFURI,REGGIO DI CALABRIA,CALABRIA,SUD
802142930472974701,COMUNE DI GARGALLO,NOVARA,PIEMONTE,NORD-OVEST
802342930544949602,COMUNE DI CROPALATI,COSENZA,CALABRIA,SUD
803342930510992002,COMUNE DI BRUNICO,BOLZANO/BOZEN,TRENTINO-ALTO ADIGE/SÜDTIROL,NORD-EST
803342930534987401,COMUNE DI BARDONECCHIA,TORINO,PIEMONTE,NORD-OVEST
803442930521940801,COMUNE DI MONTECALVO IRPINO,AVELLINO,CAMPANIA,SUD
803542930532680301,COMUNE DI NUGHEDU SANTA VITTORIA,ORISTANO,SARDEGNA,ISOLE
803742930445520301,COMUNE DI MONTEROTONDO,ROMA,LAZIO,CENTRO
803742930526737802,COMUNE DI PAVIA DI UDINE,UDINE,FRIULI-VENEZIA GIULIA,NORD-EST
803742930547269501,COMUNE DI MILITELLO IN VAL DI CATANIA,CATANIA,SICILIA,ISOLE
803842930451807801,COMUNE DI OMEGNA,VERBANO-CUSIO-OSSOLA,PIEMONTE,NORD-OVEST
804042930519203602,COMUNE DI VILLARICCA,NAPOLI,CAMPANIA,SUD
804042930530337202,COMUNE DI CANTALUPO LIGURE,ALESSANDRIA,PIEMONTE,NORD-OVEST
804042930536220601,COMUNE DI VILLA CASTELLI,BRINDISI,PUGLIA,SUD
804242930474631801,COMUNE DI PORTOPALO DI CAPO PASSERO,SIRACUSA,SICILIA,ISOLE
804242930529420801,COMUNE DI GUALDO,MACERATA,MARCHE,CENTRO
804342928210622202,COMUNE DI ACQUAFONDATA,FROSINONE,LAZIO,CENTRO
804342930476485601,COMUNE DI SAN PIETRO CLARENZA,CATANIA,SICILIA,ISOLE
804642930473426902,COMUNE DI MOIANO,BENEVENTO,CAMPANIA,SUD
804642930476514001,COMUNE DI PIETRASANTA,LUCCA,TOSCANA,CENTRO
804642930480351502,COMUNE DI PINEROLO,TORINO,PIEMONTE,NORD-OVEST
804842930456788302,COMUNE DI FONTANELLA,BERGAMO,LOMBARDIA,NORD-OVEST
804842930466678301,COMUNE DI SAN CASSIANO,LECCE,PUGLIA,SUD
805042930477888801,COMUNE DI MAGLIANO IN TOSCANA,GROSSETO,TOSCANA,CENTRO
805042930508791002,COMUNE DI CARASCO,GENOVA,LIGURIA,NORD-OVEST
805142930461169201,COMUNE DI CHIUSA SCLAFANI,PALERMO,SICILIA,ISOLE
805142930475602602,COMUNE DI SAN PIETRO AVELLANA,ISERNIA,MOLISE,SUD
805142930526343601,COMUNE DI MUGNANO DEL CARDINALE,AVELLINO,CAMPANIA,SUD
805242930480563402,COMUNE DI TEULADA,SUD SARDEGNA,SARDEGNA,ISOLE
805242930516737201,COMUNE DI CURSI,LECCE,PUGLIA,SUD
805342928242527202,COMUNE DI CARFIZZI,CROTONE,CALABRIA,SUD
805342930474260902,COMUNE DI FRANCAVILLA MARITTIMA,COSENZA,CALABRIA,SUD
805542930550087701,COMUNE DI TOCENO,VERBANO-CUSIO-OSSOLA,PIEMONTE,NORD-OVEST
805642927975205602,COMUNE DI BREME,PAVIA,LOMBARDIA,NORD-OVEST
805642930462133301,COMUNE DI REA,PAVIA,LOMBARDIA,NORD-OVEST
805642930478159602,COMUNE DI TORRE D'ARESE,PAVIA,LOMBARDIA,NORD-OVEST
805642930542344202,COMUNE DI MONTEODORISIO,CHIETI,ABRUZZO,SUD
805742930458053401,COMUNE DI MASULLAS,ORISTANO,SARDEGNA,ISOLE
805842930164781701,COMUNE DI FIAVE',TRENTO,TRENTINO-ALTO ADIGE/SÜDTIROL,NORD-EST
805842930477843401,COMUNE DI TREVENZUOLO,VERONA,VENETO,NORD-EST
805842930509185101,COMUNE DI BERNAREGGIO,MONZA E DELLA BRIANZA,LOMBARDIA,NORD-OVEST
805942930516763002,COMUNE DI CANDELO,BIELLA,PIEMONTE,NORD-OVEST
806042930470171401,COMUNE DI VERTEMATE CON MINOPRIO,COMO,LOMBARDIA,NORD-OVEST
806042930547047701,COMUNE DI EPISCOPIA,POTENZA,BASILICATA,SUD
806142930528568802,COMUNE DI MONTICELLI D'ONGINA,PIACENZA,EMILIA-ROMAGNA,NORD-EST
806242928025344402,COMUNE DI ATTIMIS,UDINE,FRIULI-VENEZIA GIULIA,NORD-EST
806442930184475602,COMUNE DI BORGOFRANCO D'IVREA,TORINO,PIEMONTE,NORD-OVEST
806442930453834601,COMUNE DI PEDAVENA,BELLUNO,VENETO,NORD-EST
806742930461542102,COMUNE DI CERVINARA,AVELLINO,CAMPANIA,SUD
806842928042203701,COMUNE DI CASTAGNETO PO,TORINO,PIEMONTE,NORD-OVEST
806842930548733102,COMUNE DI TEZZE SUL BRENTA,VICENZA,VENETO,NORD-EST
806942930541666101,COMUNE DI CORDIGNANO,TREVISO,VENETO,NORD-EST
807142930541357101,COMUNE DI MOLAZZANA,LUCCA,TOSCANA,CENTRO
807242930524016601,COMUNE DI COSTA VESCOVATO,ALESSANDRIA,PIEMONTE,NORD-OVEST
807442930532775301,COMUNE DI SCANO DI MONTIFERRO,ORISTANO,SARDEGNA,ISOLE
807642930479770802,COMUNE DI PORTO SAN GIORGIO,FERMO,MARCHE,CENTRO
807642930526525601,COMUNE DI MERCATO SAN SEVERINO,SALERNO,CAMPANIA,SUD
807642930529617301,COMUNE DI VARESE LIGURE,LA SPEZIA,LIGURIA,NORD-OVEST
807742930472778202,COMUNE DI LOREGGIA,PADOVA,VENETO,NORD-EST
807842928887149302,COMUNE DI FOLLONICA,GROSSETO,TOSCANA,CENTRO
807842929456879002,COMUNE DI CASTELBIANCO,SAVONA,LIGURIA,NORD-OVEST
807842929494157501,COMUNE DI BELVEGLIO,ASTI,PIEMONTE,NORD-OVEST
807842929839905601,COMUNE DI CHIARAVALLE,ANCONA,MARCHE,CENTRO
807842930507639202,COMUNE DI BAVENO,VERBANO-CUSIO-OSSOLA,PIEMONTE,NORD-OVEST
807942930476863901,COMUNE DI PRADLEVES,CUNEO,PIEMONTE,NORD-OVEST
808042928311037201,COMUNE DI BENEVENTO,BENEVENTO,CAMPANIA,SUD
808242930453213402,COMUNE DI QUAGLIUZZO,TORINO,PIEMONTE,NORD-OVEST
808242930518812602,COMUNE DI INDUNO OLONA,VARESE,LOMBARDIA,NORD-OVEST
808342930525211902,COMUNE DI RABBI,TRENTO,TRENTINO-ALTO ADIGE/SÜDTIROL,NORD-EST
808342930526709602,COMUNE DI PAROLDO,CUNEO,PIEMONTE,NORD-OVEST
808342930542401702,COMUNE DI NIELLA BELBO,CUNEO,PIEMONTE,NORD-OVEST
808542928633733802,COMUNE DI MONTEPULCIANO,SIENA,TOSCANA,CENTRO
808542928726620402,COMUNE DI CAMOGLI,GENOVA,LIGURIA,NORD-OVEST
808542930524760302,COMUNE DI RICCIONE,RIMINI,EMILIA-ROMAGNA,NORD-EST
809142930544794502,COMUNE DI CELLE LIGURE,SAVONA,LIGURIA,NORD-OVEST
809242929843198402,COMUNE DI CHIES D'ALPAGO,BELLUNO,VENETO,NORD-EST
809242930518498701,COMUNE DI CODOGNE',TREVISO,VENETO,NORD-EST
809542930479730101,COMUNE DI CASALDUNI,BENEVENTO,CAMPANIA,SUD
809742930533538002,COMUNE DI BRUGNERA,PORDENONE,FRIULI-VENEZIA GIULIA,NORD-EST
809942929321324301,COMUNE DI FARNESE,VITERBO,LAZIO,CENTRO
809942930526801502,COMUNE DI VEJANO,VITERBO,LAZIO,CENTRO
811142930462068801,COMUNE DI SAN GIOVANNI IN FIORE,COSENZA,CALABRIA,SUD
811142930472130002,COMUNE DI TIGNALE,BRESCIA,LOMBARDIA,NORD-OVEST
811142930519659602,COMUNE DI MASSAROSA,LUCCA,TOSCANA,CENTRO
811242930531975002,COMUNE DI MEZZANA RABATTONE,PAVIA,LOMBARDIA,NORD-OVEST
811442930463711802,COMUNE DI BRUGINE,PADOVA,VENETO,NORD-EST
811542930534954201,COMUNE DI ARCOLA,LA SPEZIA,LIGURIA,NORD-OVEST
811642930476767801,COMUNE DI PATTADA,SASSARI,SARDEGNA,ISOLE
811942928166711001,COMUNE DI ALEZIO,LECCE,PUGLIA,SUD
812142930460560902,COMUNE DI CHIALAMBERTO,TORINO,PIEMONTE,NORD-OVEST
812442930464460202,COMUNE DI BELFORTE MONFERRATO,ALESSANDRIA,PIEMONTE,NORD-OVEST
812442930527667102,COMUNE DI NARDODIPACE,VIBO VALENTIA,CALABRIA,SUD
812642930516099601,COMUNE DI BULTEI,SASSARI,SARDEGNA,ISOLE
812942930462104402,COMUNE DI CONTESSA ENTELLINA,PALERMO,SICILIA,ISOLE
812942930543424902,COMUNE DI MONOPOLI,BARI,PUGLIA,SUD
813042930517057001,COMUNE DI BALME,TORINO,PIEMONTE,NORD-OVEST
813142930516301902,COMUNE DI GEMONA DEL FRIULI,UDINE,FRIULI-VENEZIA GIULIA,NORD-EST
813342930538496902,COMUNE DI SECINARO,L'AQUILA,ABRUZZO,SUD
813442930534812601,COMUNE DI BELLAGIO,COMO,LOMBARDIA,NORD-OVEST
813742930449674101,COMUNE DI RIBERA,AGRIGENTO,SICILIA,ISOLE
813842930464787802,COMUNE DI BUSTO GAROLFO,MILANO,LOMBARDIA,NORD-OVEST
813842930525574102,COMUNE DI VILLA DI SERIO,BERGAMO,LOMBARDIA,NORD-OVEST
814042930528019102,COMUNE DI PESSINETTO,TORINO,PIEMONTE,NORD-OVEST
814242928664083701,COMUNE DI CAPPELLA DE' PICENARDI,CREMONA,LOMBARDIA,NORD-OVEST
814342930462456201,COMUNE DI NAGO-TORBOLE,TRENTO,TRENTINO-ALTO ADIGE/SÜDTIROL,NORD-EST
814342930476834602,COMUNE DI MELICUCCA',REGGIO DI CALABRIA,CALABRIA,SUD
814442930453336502,COMUNE DI VOLPEDO,ALESSANDRIA,PIEMONTE,NORD-OVEST
814742930509403102,COMUNE DI CANTALICE,RIETI,LAZIO,CENTRO
814842930510356101,COMUNE DI ALA,TRENTO,TRENTINO-ALTO ADIGE/SÜDTIROL,NORD-EST
814842930515938701,COMUNE DI BATTUDA,PAVIA,LOMBARDIA,NORD-OVEST
815042930508138902,COMUNE DI CORNEDO ALL'ISARCO,BOLZANO/BOZEN,TRENTINO-ALTO ADIGE/SÜDTIROL,NORD-EST
815042930547570001,COMUNE DI SASSELLO,SAVONA,LIGURIA,NORD-OVEST
815142930464010802,COMUNE DI CALDONAZZO,TRENTO,TRENTINO-ALTO ADIGE/SÜDTIROL,NORD-EST
815142930534968402,COMUNE DI STAZZONA,COMO,LOMBARDIA,NORD-OVEST
815442930516584202,COMUNE DI BUTTAPIETRA,VERONA,VENETO,NORD-EST
815442930549748702,COMUNE DI VALMOZZOLA,PARMA,EMILIA-ROMAGNA,NORD-EST
815542930478218101,COMUNE DI SARZANA,LA SPEZIA,LIGURIA,NORD-OVEST
815742927979933901,COMUNE DI BERLINGO,BRESCIA,LOMBARDIA,NORD-OVEST
815742930455532001,COMUNE DI MASAINAS,SUD SARDEGNA,SARDEGNA,ISOLE
815742930542317802,COMUNE DI MONTEPAONE,CATANZARO,CALABRIA,SUD
815842930464087702,COMUNE DI CASALE CORTE CERRO,VERBANO-CUSIO-OSSOLA,PIEMONTE,NORD-OVEST
815942930474266901,COMUNE DI ROCCA DI NETO,CROTONE,CALABRIA,SUD
816142930464457301,COMUNE DI AMANDOLA,FERMO,MARCHE,CENTRO
816242928108698401,COMUNE DI CALTRANO,VICENZA,VENETO,NORD-EST
816442930400204201,COMUNE DI GAIOLA,CUNEO,PIEMONTE,NORD-OVEST
816542930516310401,COMUNE DI ISILI,SUD SARDEGNA,SARDEGNA,ISOLE
816642930479262802,COMUNE DI RAPONE,POTENZA,BASILICATA,SUD
816742930454170502,COMUNE DI ONO SAN PIETRO,BRESCIA,LOMBARDIA,NORD-OVEST
816742930474717402,COMUNE DI OLGIATE COMASCO,COMO,LOMBARDIA,NORD-OVEST
817142928663921402,COMUNE DI MONTEBELLO SUL SANGRO,CHIETI,ABRUZZO,SUD
817242928932412501,COMUNE DI BUTTRIO,UDINE,FRIULI-VENEZIA GIULIA,NORD-EST
817242930342472002,COMUNE DI CAPO DI PONTE,BRESCIA,LOMBARDIA,NORD-OVEST
817342929417378502,COMUNE DI CORNOVECCHIO,LODI,LOMBARDIA,NORD-OVEST
817342930517381702,COMUNE DI LETTOPALENA,CHIETI,ABRUZZO,SUD
817342930530317902,COMUNE DI CARPENETO,ALESSANDRIA,PIEMONTE,NORD-OVEST
817442930531891001,COMUNE DI BOLZANO,BOLZANO/BOZEN,TRENTINO-ALTO ADIGE/SÜDTIROL,NORD-EST
817542930478283502,COMUNE DI VEROLAVECCHIA,BRESCIA,LOMBARDIA,NORD-OVEST
817642930474595001,COMUNE DI PERLO,CUNEO,PIEMONTE,NORD-OVEST
817742928196979602,COMUNE DI ALTO,CUNEO,PIEMONTE,NORD-OVEST
817742930446571202,COMUNE DI SCERNI,CHIETI,ABRUZZO,SUD
817742930534934501,COMUNE DI ARCONATE,MILANO,LOMBARDIA,NORD-OVEST
817942929493986702,COMUNE DI GALLIAVOLA,PAVIA,LOMBARDIA,NORD-OVEST
817942929800191402,COMUNE DI MANZIANA,ROMA,LAZIO,CENTRO
818142930522942502,COMUNE DI CAPOLIVERI,LIVORNO,TOSCANA,CENTRO
818242930534831802,COMUNE DI CAIANELLO,CASERTA,CAMPANIA,SUD
818342930518628202,COMUNE DI CASTEL BOGLIONE,ASTI,PIEMONTE,NORD-OVEST
818342930529817502,COMUNE DI SANTADI,SUD SARDEGNA,SARDEGNA,ISOLE
818342930532790801,COMUNE DI UGGIANO LA CHIESA,LECCE,PUGLIA,SUD
818642930446433501,COMUNE DI ROGNO,BERGAMO,LOMBARDIA,NORD-OVEST
819142930541095801,COMUNE DI VILLORBA,TREVISO,VENETO,NORD-EST
819242930453621202,COMUNE DI MONTE SAN VITO,ANCONA,MARCHE,CENTRO
819242930531787001,COMUNE DI PARABITA,LECCE,PUGLIA,SUD
819342930534641502,COMUNE DI CARPINETO DELLA NORA,PESCARA,ABRUZZO,SUD
819442928030479102,COMUNE DI CASTAGNARO,VERONA,VENETO,NORD-EST
819442930462741302,COMUNE DI VIGONZA,PADOVA,VENETO,NORD-EST
819542930454647602,COMUNE DI TAVULLIA,PESARO E URBINO,MARCHE,CENTRO
819642930524373201,COMUNE DI MONTELUPO FIORENTINO,FIRENZE,TOSCANA,CENTRO
819642930550470702,COMUNE DI ZAGAROLO,ROMA,LAZIO,CENTRO
819742930475517901,COMUNE DI REFRONTOLO,TREVISO,VENETO,NORD-EST
819742930476177601,COMUNE DI MONTELEONE D'ORVIETO,TERNI,UMBRIA,CENTRO
821242930455582301,COMUNE DI SACILE,PORDENONE,FRIULI-VENEZIA GIULIA,NORD-EST
821542930460498902,COMUNE DI CROVIANA,TRENTO,TRENTINO-ALTO ADIGE/SÜDTIROL,NORD-EST
821642930480059302,COMUNE DI VESCOVANA,PADOVA,VENETO,NORD-EST
821942930530217601,COMUNE DI CISTERNINO,BRINDISI,PUGLIA,SUD
821942930537341902,COMUNE DI TAINO,VARESE,LOMBARDIA,NORD-OVEST
822042930543471402,COMUNE DI OLGINATE,LECCO,LOMBARDIA,NORD-OVEST
822342930455951801,COMUNE DI OSTRA,ANCONA,MARCHE,CENTRO
822442928789829102,COMUNE DI ISEO,BRESCIA,LOMBARDIA,NORD-OVEST
822442930464350402,COMUNE DI DERNICE,ALESSANDRIA,PIEMONTE,NORD-OVEST
822442930533126101,COMUNE DI PIEVE LIGURE,GENOVA,LIGURIA,NORD-OVEST
822542930518122602,COMUNE DI CARUGO,COMO,LOMBARDIA,NORD-OVEST
822542930550422301,COMUNE DI TORREMAGGIORE,FOGGIA,PUGLIA,SUD
822742930537489702,COMUNE DI SAN MARTINO IN STRADA,LODI,LOMBARDIA,NORD-OVEST
822942930517948001,COMUNE DI GERENZAGO,PAVIA,LOMBARDIA,NORD-OVEST
822942930544325501,COMUNE DI SESTRIERE,TORINO,PIEMONTE,NORD-OVEST
823142929022556501,COMUNE DI BOSSOLASCO,CUNEO,PIEMONTE,NORD-OVEST
823342930446736401,COMUNE DI SOLETO,LECCE,PUGLIA,SUD
823342930466729101,COMUNE DI VERNATE,MILANO,LOMBARDIA,NORD-OVEST
823442930461957001,COMUNE DI BELMONTE DEL SANNIO,ISERNIA,MOLISE,SUD
823542928281571202,COMUNE DI AYMAVILLES,VALLE D'AOSTA/VALLÉE D'AOSTE,VALLE D'AOSTA/VALLÉE D'AOSTE,NORD-OVEST
823542930448997102,COMUNE DI PUEGNAGO DEL GARDA,BRESCIA,LOMBARDIA,NORD-OVEST
823642930519878201,COMUNE DI CASTELLINA IN CHIANTI,SIENA,TOSCANA,CENTRO
823742930522802202,COMUNE DI MELISSA,CROTONE,CALABRIA,SUD
823842930452734401,COMUNE DI GORLA MAGGIORE,VARESE,LOMBARDIA,NORD-OVEST
824242930518683202,COMUNE DI CASTELGRANDE,POTENZA,BASILICATA,SUD
824442930516415402,COMUNE DI CASALBELTRAME,NOVARA,PIEMONTE,NORD-OVEST
824442930527155301,COMUNE DI MALBORGHETTO VALBRUNA,UDINE,FRIULI-VENEZIA GIULIA,NORD-EST
824542929380254101,COMUNE DI DAMBEL,TRENTO,TRENTINO-ALTO ADIGE/SÜDTIROL,NORD-EST
824542930464352301,COMUNE DI TOSCOLANO-MADERNO,BRESCIA,LOMBARDIA,NORD-OVEST
824542930550604002,COMUNE DI TONARA,NUORO,SARDEGNA,ISOLE
824942930461485102,COMUNE DI CUORGNE',TORINO,PIEMONTE,NORD-OVEST
824942930534355601,COMUNE DI TRINO,VERCELLI,PIEMONTE,NORD-OVEST
825042930527969201,COMUNE DI FEROLETO DELLA CHIESA,REGGIO DI CALABRIA,CALABRIA,SUD
825342930517966301,COMUNE DI CLAVESANA,CUNEO,PIEMONTE,NORD-OVEST
825342930528662702,COMUNE DI SORDEVOLO,BIELLA,PIEMONTE,NORD-OVEST
825442930458105101,COMUNE DI PITIGLIANO,GROSSETO,TOSCANA,CENTRO
825442930516566802,COMUNE DI FALERIA,VITERBO,LAZIO,CENTRO
825442930525679301,COMUNE DI VILLA DEL BOSCO,BIELLA,PIEMONTE,NORD-OVEST
825542930537831702,COMUNE DI BORGHI,FORLI'-CESENA,EMILIA-ROMAGNA,NORD-EST
825642930475638602,COMUNE DI CIVITAVECCHIA,ROMA,LAZIO,CENTRO
825742930478649902,COMUNE DI SANT'ANGELO LOMELLINA,PAVIA,LOMBARDIA,NORD-OVEST
825942929761688202,COMUNE DI FERRANDINA,MATERA,BASILICATA,SUD
825942930463971702,COMUNE DI ALBANO SANT'ALESSANDRO,BERGAMO,LOMBARDIA,NORD-OVEST
826142928119230302,COMUNE DI CASTELNUOVO DI FARFA,RIETI,LAZIO,CENTRO
826242930510359201,COMUNE DI ACIREALE,CATANIA,SICILIA,ISOLE
826342929021034101,COMUNE DI CITTANOVA,REGGIO DI CALABRIA,CALABRIA,SUD
826342930475486701,COMUNE DI SAN PIETRO DI CADORE,BELLUNO,VENETO,NORD-EST
826442930515901101,COMUNE DI BASTIGLIA,MODENA,EMILIA-ROMAGNA,NORD-EST
826542930464180701,COMUNE DI CAMPO CALABRO,REGGIO DI CALABRIA,CALABRIA,SUD
826542930469923401,COMUNE DI SOVRAMONTE,BELLUNO,VENETO,NORD-EST
826542930479871801,COMUNE DI PORTO RECANATI,MACERATA,MARCHE,CENTRO
827042930522281002,COMUNE DI CASALVIERI,FROSINONE,LAZIO,CENTRO
827142929604523301,COMUNE DI MISSANELLO,POTENZA,BASILICATA,SUD
827142930530486801,COMUNE DI CARAFFA DI CATANZARO,CATANZARO,CALABRIA,SUD
827242928197098401,COMUNE DI BRUSSON,VALLE D'AOSTA/VALLÉE D'AOSTE,VALLE D'AOSTA/VALLÉE D'AOSTE,NORD-OVEST
827442930457227302,COMUNE DI TERRICCIOLA,PISA,TOSCANA,CENTRO
827642930544739202,COMUNE DI LOANO,SAVONA,LIGURIA,NORD-OVEST
827842930517436002,COMUNE DI GARBAGNA NOVARESE,NOVARA,PIEMONTE,NORD-OVEST
828042930452839902,COMUNE DI VALLE AGRICOLA,CASERTA,CAMPANIA,SUD
828242930549987701,COMUNE DI SAN GIORGIO A CREMANO,NAPOLI,CAMPANIA,SUD
828442930466467401,COMUNE DI VILLAMAGNA,CHIETI,ABRUZZO,SUD
828442930476132101,COMUNE DI PAGANICO SABINO,RIETI,LAZIO,CENTRO
828542930452138102,COMUNE DI SAVONA,SAVONA,LIGURIA,NORD-OVEST
828542930528993801,COMUNE DI ORZIVECCHI,BRESCIA,LOMBARDIA,NORD-OVEST
828642930475053801,COMUNE DI SPINETOLI,ASCOLI PICENO,MARCHE,CENTRO
828642930480325302,COMUNE DI SAN SALVATORE TELESINO,BENEVENTO,CAMPANIA,SUD
828842930531300102,COMUNE DI VILLASALTO,SUD SARDEGNA,SARDEGNA,ISOLE
829042930475597601,COMUNE DI PIAZZOLO,BERGAMO,LOMBARDIA,NORD-OVEST
829342930536253801,COMUNE DI VILLA BISCOSSI,PAVIA,LOMBARDIA,NORD-OVEST
829342930545907002,COMUNE DI NANTO,VICENZA,VENETO,NORD-EST
829442930452869901,COMUNE DI TREVICO,AVELLINO,CAMPANIA,SUD
829442930508923701,COMUNE DI BRUGHERIO,MONZA E DELLA BRIANZA,LOMBARDIA,NORD-OVEST
829442930534169102,COMUNE DI BELLA,POTENZA,BASILICATA,SUD
829742930529086402,COMUNE DI SAINT-OYEN,VALLE D'AOSTA/VALLÉE D'AOSTE,VALLE D'AOSTA/VALLÉE D'AOSTE,NORD-OVEST
829742930530184901,COMUNE DI CAPRIOLO,BRESCIA,LOMBARDIA,NORD-OVEST
829842928213735102,COMUNE DI ALBONESE,PAVIA,LOMBARDIA,NORD-OVEST
831142930289817501,COMUNE DI MIRABELLA ECLANO,AVELLINO,CAMPANIA,SUD
831242930453786301,COMUNE DI SAN PAOLO,BRESCIA,LOMBARDIA,NORD-OVEST
831242930531796201,COMUNE DI SAN PIETRO IN CARIANO,VERONA,VENETO,NORD-EST
831542930518419202,COMUNE DI CREMONA,CREMONA,LOMBARDIA,NORD-OVEST
832042930511109702,COMUNE DI BERCETO,PARMA,EMILIA-ROMAGNA,NORD-EST
832242930474068801,COMUNE DI MADDALONI,CASERTA,CAMPANIA,SUD
832342930523521702,COMUNE DI LOCRI,REGGIO DI CALABRIA,CALABRIA,SUD
832442929613539201,COMUNE DI MONTEMILONE,POTENZA,BASILICATA,SUD
832642930475823402,COMUNE DI GRIZZANA MORANDI,BOLOGNA,EMILIA-ROMAGNA,NORD-EST
832642930520792801,COMUNE DI LOTZORAI,NUORO,SARDEGNA,ISOLE
832742930459978602,COMUNE DI RIETI,RIETI,LAZIO,CENTRO
833042929126817802,COMUNE DI CIRIMIDO,COMO,LOMBARDIA,NORD-OVEST
833042930525249402,COMUNE DI ORSARA BORMIDA,ALESSANDRIA,PIEMONTE,NORD-OVEST
833142930542841402,COMUNE DI ROCCA SAN GIOVANNI,CHIETI,ABRUZZO,SUD
833342930544656502,COMUNE DI LAPEDONA,FERMO,MARCHE,CENTRO
833442930527530001,COMUNE DI MARIANOPOLI,CALTANISSETTA,SICILIA,ISOLE
833542930446907502,COMUNE DI RONSECCO,VERCELLI,PIEMONTE,NORD-OVEST
833642930474043501,COMUNE DI VISONE,ALESSANDRIA,PIEMONTE,NORD-OVEST
833642930479236101,COMUNE DI SERRAVALLE SCRIVIA,ALESSANDRIA,PIEMONTE,NORD-OVEST
833742930509863801,COMUNE DI APECCHIO,PESARO E URBINO,MARCHE,CENTRO
833742930539239902,COMUNE DI REVINE LAGO,TREVISO,VENETO,NORD-EST
833742930547538101,COMUNE DI SARRE,VALLE D'AOSTA/VALLÉE D'AOSTE,VALLE D'AOSTA/VALLÉE D'AOSTE,NORD-OVEST
833842930476862502,COMUNE DI LODRINO,BRESCIA,LOMBARDIA,NORD-OVEST
833942930463710902,COMUNE DI MONTEROSSO CALABRO,VIBO VALENTIA,CALABRIA,SUD
834042930458153801,COMUNE DI MONASTERO DI VASCO,CUNEO,PIEMONTE,NORD-OVEST
834242929800241602,COMUNE DI LIONI,AVELLINO,CAMPANIA,SUD
834442927928420801,COMUNE DI CAMERATA CORNELLO,BERGAMO,LOMBARDIA,NORD-OVEST
834442930515364402,COMUNE DI CUVEGLIO,VARESE,LOMBARDIA,NORD-OVEST
834442930517835102,COMUNE DI LECCE NEI MARSI,L'AQUILA,ABRUZZO,SUD
834442930525675402,COMUNE DI SENISE,POTENZA,BASILICATA,SUD
834442930531819002,COMUNE DI BORGO VERCELLI,VERCELLI,PIEMONTE,NORD-OVEST
834742930532099001,COMUNE DI RAVARINO,MODENA,EMILIA-ROMAGNA,NORD-EST
834842930542858001,COMUNE DI FORNO CANAVESE,TORINO,PIEMONTE,NORD-OVEST
834942930526462301,COMUNE DI MAZZARRA' SANT'ANDREA,MESSINA,SICILIA,ISOLE
835042930480274002,COMUNE DI SPIGNO SATURNIA,LATINA,LAZIO,CENTRO
835242930450010401,COMUNE DI PISTOIA,PISTOIA,TOSCANA,CENTRO
835242930522282001,COMUNE DI CASTELPETROSO,ISERNIA,MOLISE,SUD
835342930450913802,COMUNE DI TARSIA,COSENZA,CALABRIA,SUD
835342930524987902,COMUNE DI ROISAN,VALLE D'AOSTA/VALLÉE D'AOSTE,VALLE D'AOSTA/VALLÉE D'AOSTE,NORD-OVEST
835342930541093701,COMUNE DI MOGGIO UDINESE,UDINE,FRIULI-VENEZIA GIULIA,NORD-EST
835542930480626901,COMUNE DI VAJONT,PORDENONE,FRIULI-VENEZIA GIULIA,NORD-EST
836042929800256801,COMUNE DI LINAROLO,PAVIA,LOMBARDIA,NORD-OVEST
836042930522772702,COMUNE DI MARUDO,LODI,LOMBARDIA,NORD-OVEST
836042930528204101,COMUNE DI SANGANO,TORINO,PIEMONTE,NORD-OVEST
836142930474183802,COMUNE DI SINI,ORISTANO,SARDEGNA,ISOLE
836342930524210302,COMUNE DI FIORANO CANAVESE,TORINO,PIEMONTE,NORD-OVEST
836642930454674902,COMUNE DI SIRONE,LECCO,LOMBARDIA,NORD-OVEST
836642930477249101,COMUNE DI MONTECATINI VAL DI CECINA,PISA,TOSCANA,CENTRO
836642930530434802,COMUNE DI BORGO SAN LORENZO,FIRENZE,TOSCANA,CENTRO
836642930545490301,COMUNE DI CAZZANO SANT'ANDREA,BERGAMO,LOMBARDIA,NORD-OVEST
836842928015410501,COMUNE DI BISIGNANO,COSENZA,CALABRIA,SUD
836842930525650601,COMUNE DI TERRANUOVA BRACCIOLINI,AREZZO,TOSCANA,CENTRO
837042930479968701,COMUNE DI POGGIO PICENZE,L'AQUILA,ABRUZZO,SUD
837242930518141601,COMUNE DI PONTESTURA,ALESSANDRIA,PIEMONTE,NORD-OVEST
837442930528264801,COMUNE DI GELA,CALTANISSETTA,SICILIA,ISOLE
837442930529264402,COMUNE DI GIOIA DEL COLLE,BARI,PUGLIA,SUD
837542930542795001,COMUNE DI SCILLA,REGGIO DI CALABRIA,CALABRIA,SUD
837742928967046502,COMUNE DI ARBUS,SUD SARDEGNA,SARDEGNA,ISOLE
837742930470022902,COMUNE DI VERRUA SAVOIA,TORINO,PIEMONTE,NORD-OVEST
837942928676524701,COMUNE DI CASAPE,ROMA,LAZIO,CENTRO
837942930464892901,COMUNE DI BOSIA,CUNEO,PIEMONTE,NORD-OVEST
837942930529605302,COMUNE DI CASAZZA,BERGAMO,LOMBARDIA,NORD-OVEST
838042928665736602,COMUNE DI CASTEGGIO,PAVIA,LOMBARDIA,NORD-OVEST
838142930465161002,COMUNE DI CASTIGLION FIORENTINO,AREZZO,TOSCANA,CENTRO
838142930515602502,COMUNE DI CASTELNUOVO BOCCA D'ADDA,LODI,LOMBARDIA,NORD-OVEST
838242930470782301,COMUNE DI VAL DI NIZZA,PAVIA,LOMBARDIA,NORD-OVEST
838542930519555902,COMUNE DI CERCHIARA DI CALABRIA,COSENZA,CALABRIA,SUD
838642930475790101,COMUNE DI GRIGNO,TRENTO,TRENTINO-ALTO ADIGE/SÜDTIROL,NORD-EST
838642930477805401,COMUNE DI SAN GIOVANNI LIPIONI,CHIETI,ABRUZZO,SUD
838942930465195502,COMUNE DI BOLOGNETTA,PALERMO,SICILIA,ISOLE
839142930463661901,COMUNE DI MOLVENO,TRENTO,TRENTINO-ALTO ADIGE/SÜDTIROL,NORD-EST
839242928607176801,COMUNE DI BASTIA UMBRA,PERUGIA,UMBRIA,CENTRO
839442930521478501,COMUNE DI CASTEGNERO,VICENZA,VENETO,NORD-EST
839542930008406001,COMUNE DI CASTROREALE,MESSINA,SICILIA,ISOLE
839542930289421302,COMUNE DI MONTECASSIANO,MACERATA,MARCHE,CENTRO
839542930463726301,COMUNE DI PRATIGLIONE,TORINO,PIEMONTE,NORD-OVEST
839542930526547302,COMUNE DI PERCA,BOLZANO/BOZEN,TRENTINO-ALTO ADIGE/SÜDTIROL,NORD-EST
839642930467637102,COMUNE DI VISTARINO,PAVIA,LOMBARDIA,NORD-OVEST
839842930462171301,COMUNE DI PERGOLA,PESARO E URBINO,MARCHE,CENTRO
841342928096721201,COMUNE DI BURGOS,SASSARI,SARDEGNA,ISOLE
841442930507801702,COMUNE DI BASIANO,MILANO,LOMBARDIA,NORD-OVEST
841442930526434201,COMUNE DI PETTORANELLO DEL MOLISE,ISERNIA,MOLISE,SUD
841542930529205201,COMUNE DI PREMOLO,BERGAMO,LOMBARDIA,NORD-OVEST
841642930459290601,COMUNE DI VIONE,BRESCIA,LOMBARDIA,NORD-OVEST
841642930524385902,COMUNE DI SAN VITO DEI NORMANNI,BRINDISI,PUGLIA,SUD
841942929428305502,COMUNE DI CORTAZZONE,ASTI,PIEMONTE,NORD-OVEST
841942930480076802,COMUNE DI PIEVE PORTO MORONE,PAVIA,LOMBARDIA,NORD-OVEST
842042928932295402,COMUNE DI CABIATE,COMO,LOMBARDIA,NORD-OVEST
842142930477007101,COMUNE DI OSTIANO,CREMONA,LOMBARDIA,NORD-OVEST
842142930521528501,COMUNE DI ISCA SULLO IONIO,CATANZARO,CALABRIA,SUD
842142930548550901,COMUNE DI MONTECHIARUGOLO,PARMA,EMILIA-ROMAGNA,NORD-EST
842242930533564601,COMUNE DI CANICATTINI BAGNI,SIRACUSA,SICILIA,ISOLE
842342930459389101,COMUNE DI VEZZANO SUL CROSTOLO,REGGIO NELL'EMILIA,EMILIA-ROMAGNA,NORD-EST
842442930479262601,COMUNE DI TOLMEZZO,UDINE,FRIULI-VENEZIA GIULIA,NORD-EST
842542930543771002,COMUNE DI MONTAQUILA,ISERNIA,MOLISE,SUD
842642929946490901,COMUNE DI CUGNOLI,PESCARA,ABRUZZO,SUD
842642930459093802,COMUNE DI STIGNANO,REGGIO DI CALABRIA,CALABRIA,SUD
842742930518445901,COMUNE DI ISOLA RIZZA,VERONA,VENETO,NORD-EST
842742930545257801,COMUNE DI CELLINO SAN MARCO,BRINDISI,PUGLIA,SUD
842842930548514102,COMUNE DI SAN LORENZO IN CAMPO,PESARO E URBINO,MARCHE,CENTRO
842942930546835001,COMUNE DI TREVISO BRESCIANO,BRESCIA,LOMBARDIA,NORD-OVEST
843042930523606401,COMUNE DI GEROCARNE,VIBO VALENTIA,CALABRIA,SUD
843142930469340002,COMUNE DI SELVAZZANO DENTRO,PADOVA,VENETO,NORD-EST
843242930459766502,COMUNE DI CAPRIGLIA IRPINA,AVELLINO,CAMPANIA,SUD
843242930476303802,COMUNE DI CAZZANO DI TRAMIGNA,VERONA,VENETO,NORD-EST
843342930541339502,COMUNE DI ORTA NOVA,FOGGIA,PUGLIA,SUD
843642930529697002,COMUNE DI BLERA,VITERBO,LAZIO,CENTRO
843842930515847702,COMUNE DI GIANICO,BRESCIA,LOMBARDIA,NORD-OVEST
843942930509736802,COMUNE DI ABBADIA CERRETO,LODI,LOMBARDIA,NORD-OVEST
844142930547098901,COMUNE DI SPORMINORE,TRENTO,TRENTINO-ALTO ADIGE/SÜDTIROL,NORD-EST
844542930527015502,COMUNE DI TORRIONI,AVELLINO,CAMPANIA,SUD
844842930546514402,COMUNE DI TEMPIO PAUSANIA,SASSARI,SARDEGNA,ISOLE
844942928645857101,COMUNE DI CASTELNUOVO BERARDENGA,SIENA,TOSCANA,CENTRO
845142930520139101,COMUNE DI MAROSTICA,VICENZA,VENETO,NORD-EST
845142930544417302,COMUNE DI PICO,FROSINONE,LAZIO,CENTRO
845342930460613302,COMUNE DI CESSANITI,VIBO VALENTIA,CALABRIA,SUD
845442929613374502,COMUNE DI PETRURO IRPINO,AVELLINO,CAMPANIA,SUD
845542930480631502,COMUNE DI PIANA DI MONTE VERNA,CASERTA,CAMPANIA,SUD
845542930518553602,COMUNE DI CERVETERI,ROMA,LAZIO,CENTRO
845542930524548902,COMUNE DI ROCCAMANDOLFI,ISERNIA,MOLISE,SUD
845542930534184502,COMUNE DI BEE,VERBANO-CUSIO-OSSOLA,PIEMONTE,NORD-OVEST
845642930546189602,COMUNE DI PELAGO,FIRENZE,TOSCANA,CENTRO
845842930543021502,COMUNE DI MORANO SUL PO,ALESSANDRIA,PIEMONTE,NORD-OVEST
845942930457810901,COMUNE DI SORGA',VERONA,VENETO,NORD-EST
845942930464815502,COMUNE DI SAN BASSANO,CREMONA,LOMBARDIA,NORD-OVEST
845942930476179902,COMUNE DI SAN BERNARDINO VERBANO,VERBANO-CUSIO-OSSOLA,PIEMONTE,NORD-OVEST
846042930508914502,COMUNE DI CASTAGNITO,CUNEO,PIEMONTE,NORD-OVEST
846042930519367002,COMUNE DI ISOLA SANT'ANTONIO,ALESSANDRIA,PIEMONTE,NORD-OVEST
846142930457038902,COMUNE DI SAN PAOLO DI JESI,ANCONA,MARCHE,CENTRO
846142930469593202,COMUNE DI URBANIA,PESARO E URBINO,MARCHE,CENTRO
846242930519827402,COMUNE DI LONATE CEPPINO,VARESE,LOMBARDIA,NORD-OVEST
846342930455537002,COMUNE DI MALTIGNANO,ASCOLI PICENO,MARCHE,CENTRO
846442930470857401,COMUNE DI SAN MARCO IN LAMIS,FOGGIA,PUGLIA,SUD
846442930475489401,COMUNE DI GANDOSSO,BERGAMO,LOMBARDIA,NORD-OVEST
846942930475716502,COMUNE DI TUILI,SUD SARDEGNA,SARDEGNA,ISOLE
847042930473780002,COMUNE DI MOTTA DI LIVENZA,TREVISO,VENETO,NORD-EST
847142930522181302,COMUNE DI BORGOLAVEZZARO,NOVARA,PIEMONTE,NORD-OVEST
847142930526473901,COMUNE DI PERRERO,TORINO,PIEMONTE,NORD-OVEST
847242930461347501,COMUNE DI AVIGLIANO UMBRO,TERNI,UMBRIA,CENTRO
847342928979715101,COMUNE DI CERVARA DI ROMA,ROMA,LAZIO,CENTRO
847342930454310101,COMUNE DI PAOLA,COSENZA,CALABRIA,SUD
847342930461386002,COMUNE DI CHIUSANO D'ASTI,ASTI,PIEMONTE,NORD-OVEST
847642930531798302,COMUNE DI CALCINATO,BRESCIA,LOMBARDIA,NORD-OVEST
847642930532420301,COMUNE DI MUZZANO,BIELLA,PIEMONTE,NORD-OVEST
847642930549235901,COMUNE DI SERRA SANT'ABBONDIO,PESARO E URBINO,MARCHE,CENTRO
847742930520009601,COMUNE DI FIVIZZANO,MASSA-CARRARA,TOSCANA,CENTRO
847842930548089302,COMUNE DI SANT'AGATA DI ESARO,COSENZA,CALABRIA,SUD
847942930474001102,COMUNE DI FORMIGINE,MODENA,EMILIA-ROMAGNA,NORD-EST
847942930550687401,COMUNE DI SAN GIUSTO CANAVESE,TORINO,PIEMONTE,NORD-OVEST
848142930518599101,COMUNE DI CERNUSCO SUL NAVIGLIO,MILANO,LOMBARDIA,NORD-OVEST
848142930546877402,COMUNE DI ROZZANO,MILANO,LOMBARDIA,NORD-OVEST
848542929272107001,COMUNE DI FABRIZIA,VIBO VALENTIA,CALABRIA,SUD
848642930474098702,COMUNE DI MELIZZANO,BENEVENTO,CAMPANIA,SUD
848642930515458801,COMUNE DI SIZIANO,PAVIA,LOMBARDIA,NORD-OVEST
848742930474465301,COMUNE DI RECALE,CASERTA,CAMPANIA,SUD
848742930527002601,COMUNE DI ZUGLIANO,VICENZA,VENETO,NORD-EST
848842929417283102,COMUNE DI MORIMONDO,MILANO,LOMBARDIA,NORD-OVEST
848842930453571002,COMUNE DI OSSAGO LODIGIANO,LODI,LOMBARDIA,NORD-OVEST
848842930523664101,COMUNE DI CASTELSARACENO,POTENZA,BASILICATA,SUD
849142930453075102,COMUNE DI QUASSOLO,TORINO,PIEMONTE,NORD-OVEST
849342930509788702,COMUNE DI ANTICOLI CORRADO,ROMA,LAZIO,CENTRO
849342930543236502,COMUNE DI MORCIANO DI LEUCA,LECCE,PUGLIA,SUD
849442930515789602,COMUNE DI BATTIFOLLO,CUNEO,PIEMONTE,NORD-OVEST
849442930516675901,COMUNE DI FALCONARA ALBANESE,COSENZA,CALABRIA,SUD
849442930530919102,COMUNE DI PIETRANICO,PESCARA,ABRUZZO,SUD
849542930508064101,COMUNE DI CAMERINO,MACERATA,MARCHE,CENTRO
849542930508937701,COMUNE DI ATTIGLIANO,TERNI,UMBRIA,CENTRO
849642928281688101,COMUNE DI BENTIVOGLIO,BOLOGNA,EMILIA-ROMAGNA,NORD-EST
849642930510091802,COMUNE DI CASTELLANZA,VARESE,LOMBARDIA,NORD-OVEST
849742928232592202,COMUNE DI CASALSERUGO,PADOVA,VENETO,NORD-EST
849742930465173101,COMUNE DI CIGOLE,BRESCIA,LOMBARDIA,NORD-OVEST
849942930541466401,COMUNE DI PENNADOMO,CHIETI,ABRUZZO,SUD
851142930456979301,COMUNE DI ROBILANTE,CUNEO,PIEMONTE,NORD-OVEST
851142930516500302,COMUNE DI DIANO SAN PIETRO,IMPERIA,LIGURIA,NORD-OVEST
851242930464994401,COMUNE DI ROCCARAINOLA,NAPOLI,CAMPANIA,SUD
851342930532811802,COMUNE DI CORSICO,MILANO,LOMBARDIA,NORD-OVEST
851342930533843601,COMUNE DI POMARANCE,PISA,TOSCANA,CENTRO
851442928197867501,COMUNE DI ABBADIA SAN SALVATORE,SIENA,TOSCANA,CENTRO
851442930517556402,COMUNE DI CIVITANOVA DEL SANNIO,ISERNIA,MOLISE,SUD
851442930541819701,COMUNE DI POZZUOLO DEL FRIULI,UDINE,FRIULI-VENEZIA GIULIA,NORD-EST
851542930473554901,COMUNE DI PRAIA A MARE,COSENZA,CALABRIA,SUD
851542930479652201,COMUNE DI SERRA SAN QUIRICO,ANCONA,MARCHE,CENTRO
851642929800393702,COMUNE DI NUVOLENTO,BRESCIA,LOMBARDIA,NORD-OVEST
851842930548226801,COMUNE DI PLATANIA,CATANZARO,CALABRIA,SUD
851942928168167902,COMUNE DI ARSITA,TERAMO,ABRUZZO,SUD
851942930524132701,COMUNE DI VALVERDE,CATANIA,SICILIA,ISOLE
852042930451607302,COMUNE DI TRAVERSETOLO,PARMA,EMILIA-ROMAGNA,NORD-EST
852042930472169702,COMUNE DI MOGGIO,LECCO,LOMBARDIA,NORD-OVEST
852042930473437401,COMUNE DI MARANO TICINO,NOVARA,PIEMONTE,NORD-OVEST
852042930475570301,COMUNE DI REINO,BENEVENTO,CAMPANIA,SUD
852242930460969701,COMUNE DI SCICLI,RAGUSA,SICILIA,ISOLE
852342929373045201,COMUNE DI MIRTO,MESSINA,SICILIA,ISOLE
852542930473401302,COMUNE DI MOIO DE' CALVI,BERGAMO,LOMBARDIA,NORD-OVEST
852542930524117702,COMUNE DI SESTO FIORENTINO,FIRENZE,TOSCANA,CENTRO
852642930524078902,COMUNE DI MONZUNO,BOLOGNA,EMILIA-ROMAGNA,NORD-EST
852742930511203801,COMUNE DI AISONE,CUNEO,PIEMONTE,NORD-OVEST
852842930459571501,COMUNE DI ATESSA,CHIETI,ABRUZZO,SUD
852842930525394302,COMUNE DI OLTRONA DI SAN MAMETTE,COMO,LOMBARDIA,NORD-OVEST
852942930473536101,COMUNE DI RUINAS,ORISTANO,SARDEGNA,ISOLE
852942930478392801,COMUNE DI UGENTO,LECCE,PUGLIA,SUD
852942930509739101,COMUNE DI CREVACUORE,BIELLA,PIEMONTE,NORD-OVEST
852942930530305401,COMUNE DI VILLA FARALDI,IMPERIA,LIGURIA,NORD-OVEST
853042930509911702,COMUNE DI ACQUAVIVA PLATANI,CALTANISSETTA,SICILIA,ISOLE
853342930477740601,COMUNE DI ROVETTA,BERGAMO,LOMBARDIA,NORD-OVEST
853342930477883601,COMUNE DI POSTIGLIONE,SALERNO,CAMPANIA,SUD
853442930200179101,COMUNE DI MASCIAGO PRIMO,VARESE,LOMBARDIA,NORD-OVEST
853442930517536102,COMUNE DI LAGONEGRO,POTENZA,BASILICATA,SUD
853442930544397802,COMUNE DI SALCITO,CAMPOBASSO,MOLISE,SUD
853442930546952402,COMUNE DI TRESNURAGHES,ORISTANO,SARDEGNA,ISOLE
853542930075840502,COMUNE DI FILIANO,POTENZA,BASILICATA,SUD
853642930526406301,COMUNE DI MORESCO,FERMO,MARCHE,CENTRO
853842928633866502,COMUNE DI BOGNANCO,VERBANO-CUSIO-OSSOLA,PIEMONTE,NORD-OVEST
853842930523791502,COMUNE DI SCARMAGNO,TORINO,PIEMONTE,NORD-OVEST
854042930477061502,COMUNE DI MARGHERITA DI SAVOIA,BARLETTA-ANDRIA-TRANI,PUGLIA,SUD
854042930520187702,COMUNE DI CHIARAVALLE CENTRALE,CATANZARO,CALABRIA,SUD
854242930547722102,COMUNE DI SANTU LUSSURGIU,ORISTANO,SARDEGNA,ISOLE
854442930534463402,COMUNE DI CALTAGIRONE,CATANIA,SICILIA,ISOLE
854642928000561902,COMUNE DI APRICA,SONDRIO,LOMBARDIA,NORD-OVEST
854742930470528401,COMUNE DI PIANDIMELETO,PESARO E URBINO,MARCHE,CENTRO
854742930534326101,COMUNE DI BELFIORE,VERONA,VENETO,NORD-EST
854742930541679401,COMUNE DI GARBAGNATE MONASTERO,LECCO,LOMBARDIA,NORD-OVEST
854742930547269101,COMUNE DI SANTORSO,VICENZA,VENETO,NORD-EST
855042930479722302,COMUNE DI PORTOMAGGIORE,FERRARA,EMILIA-ROMAGNA,NORD-EST
855142930531636301,COMUNE DI BIENNO,BRESCIA,LOMBARDIA,NORD-OVEST
855442930454874201,COMUNE DI TORRE DE' NEGRI,PAVIA,LOMBARDIA,NORD-OVEST
855742929922100201,COMUNE DI IONADI,VIBO VALENTIA,CALABRIA,SUD
855842930526750501,COMUNE DI POVEGLIANO,TREVISO,VENETO,NORD-EST
856242927949032701,COMUNE DI BALDICHIERI D'ASTI,ASTI,PIEMONTE,NORD-OVEST
856442930545553601,COMUNE DI SAN PIETRO DI MORUBIO,VERONA,VENETO,NORD-EST
856542930530007901,COMUNE DI CAVAGLIA',BIELLA,PIEMONTE,NORD-OVEST
856642930519891202,COMUNE DI LIMONE PIEMONTE,CUNEO,PIEMONTE,NORD-OVEST
856742930458761302,COMUNE DI GINESTRA DEGLI SCHIAVONI,BENEVENTO,CAMPANIA,SUD
856742930465409602,COMUNE DI SAN GIORGIO SU LEGNANO,MILANO,LOMBARDIA,NORD-OVEST
857242930476276902,COMUNE DI RIVALTA DI TORINO,TORINO,PIEMONTE,NORD-OVEST
857242930508670402,COMUNE DI AULETTA,SALERNO,CAMPANIA,SUD
857242930524371102,COMUNE DI TERNENGO,BIELLA,PIEMONTE,NORD-OVEST
857442930518866601,COMUNE DI CASTELGUGLIELMO,ROVIGO,VENETO,NORD-EST
857542930465260501,COMUNE DI DOUES,VALLE D'AOSTA/VALLÉE D'AOSTE,VALLE D'AOSTA/VALLÉE D'AOSTE,NORD-OVEST
857742930525646702,COMUNE DI PLOAGHE,SASSARI,SARDEGNA,ISOLE
857742930530769201,COMUNE DI SOLAGNA,VICENZA,VENETO,NORD-EST
857842930460536701,COMUNE DI SOIANO DEL LAGO,BRESCIA,LOMBARDIA,NORD-OVEST
858042929155550101,COMUNE DI LEVANTO,LA SPEZIA,LIGURIA,NORD-OVEST
858042930462066802,COMUNE DI CORREZZOLA,PADOVA,VENETO,NORD-EST
858342930463483402,COMUNE DI SANT'ANNA D'ALFAEDO,VERONA,VENETO,NORD-EST
858342930472058502,COMUNE DI VOLANO,TRENTO,TRENTINO-ALTO ADIGE/SÜDTIROL,NORD-EST
858542930464169701,COMUNE DI CAMPIGLIA CERVO,BIELLA,PIEMONTE,NORD-OVEST
858542930468014502,COMUNE DI SESTOLA,MODENA,EMILIA-ROMAGNA,NORD-EST
858642929649204902,COMUNE DI LIZZANO,TARANTO,PUGLIA,SUD
858742929303831001,COMUNE DI CARBONERA,TREVISO,VENETO,NORD-EST
858742929493932302,COMUNE DI PIGRA,COMO,LOMBARDIA,NORD-OVEST
858742930449379501,COMUNE DI SAN PIETRO VERNOTICO,BRINDISI,PUGLIA,SUD
858842930455930602,COMUNE DI RIVARONE,ALESSANDRIA,PIEMONTE,NORD-OVEST
858842930477463802,COMUNE DI MACRA,CUNEO,PIEMONTE,NORD-OVEST
858842930522413401,COMUNE DI PASSIRANO,BRESCIA,LOMBARDIA,NORD-OVEST
859042930546815401,COMUNE DI RONCELLO,MONZA E DELLA BRIANZA,LOMBARDIA,NORD-OVEST
859142930456578101,COMUNE DI MORI,TRENTO,TRENTINO-ALTO ADIGE/SÜDTIROL,NORD-EST
859142930459286302,COMUNE DI VERCEIA,SONDRIO,LOMBARDIA,NORD-OVEST
859342930455322901,COMUNE DI VITTORIA,RAGUSA,SICILIA,ISOLE
859442930540607101,COMUNE DI MELETI,LODI,LOMBARDIA,NORD-OVEST
859642930457644301,COMUNE DI NE,GENOVA,LIGURIA,NORD-OVEST
861342930509458601,COMUNE DI CHIOMONTE,TORINO,PIEMONTE,NORD-OVEST
861342930510892602,COMUNE DI AGOSTA,ROMA,LAZIO,CENTRO
861642930478205701,COMUNE DI PADRU,SASSARI,SARDEGNA,ISOLE
861942928636897801,COMUNE DI FOSCIANDORA,LUCCA,TOSCANA,CENTRO
862242930534647301,COMUNE DI BUSTO ARSIZIO,VARESE,LOMBARDIA,NORD-OVEST
862242930535062302,COMUNE DI SAN GIORGIO PIACENTINO,PIACENZA,EMILIA-ROMAGNA,NORD-EST
862342930473319301,COMUNE DI FRANCAVILLA AL MARE,CHIETI,ABRUZZO,SUD
862542930542401601,COMUNE DI MONTE SANT'ANGELO,FOGGIA,PUGLIA,SUD
862642930449976702,COMUNE DI MOTTA SAN GIOVANNI,REGGIO DI CALABRIA,CALABRIA,SUD
862742930526496102,COMUNE DI PAOLISI,BENEVENTO,CAMPANIA,SUD
863042930476428201,COMUNE DI CAVRIGLIA,AREZZO,TOSCANA,CENTRO
863242930524324202,COMUNE DI SERMIDE E FELONICA,MANTOVA,LOMBARDIA,NORD-OVEST
863242930531653402,COMUNE DI SAN GIOVANNI A PIRO,SALERNO,CAMPANIA,SUD
863742930468804801,COMUNE DI TRENTINARA,SALERNO,CAMPANIA,SUD
864042930479321901,COMUNE DI VALBREMBO,BERGAMO,LOMBARDIA,NORD-OVEST
864242930548351701,COMUNE DI VILLANOVA SOLARO,CUNEO,PIEMONTE,NORD-OVEST
864342930509826301,COMUNE DI ACI CASTELLO,CATANIA,SICILIA,ISOLE
864342930530677902,COMUNE DI BASSANO ROMANO,VITERBO,LAZIO,CENTRO
864542930477405101,COMUNE DI GRAFFIGNANA,LODI,LOMBARDIA,NORD-OVEST
864842930448018302,COMUNE DI SERGNANO,CREMONA,LOMBARDIA,NORD-OVEST
864942930448335102,COMUNE DI TARCENTO,UDINE,FRIULI-VENEZIA GIULIA,NORD-EST
865242930471612302,COMUNE DI MEDUNA DI LIVENZA,TREVISO,VENETO,NORD-EST
865342930446606702,COMUNE DI FERNO,VARESE,LOMBARDIA,NORD-OVEST
865342930530172102,COMUNE DI VILLAROSA,ENNA,SICILIA,ISOLE
865542930459456602,COMUNE DI COMABBIO,VARESE,LOMBARDIA,NORD-OVEST
865742930528998502,COMUNE DI RIOLA SARDO,ORISTANO,SARDEGNA,ISOLE
865942930463814801,COMUNE DI CAMPOMARINO,CAMPOBASSO,MOLISE,SUD
865942930470030902,COMUNE DI VILLAFRANCA IN LUNIGIANA,MASSA-CARRARA,TOSCANA,CENTRO
866042927917644201,COMUNE DI ARNESANO,LECCE,PUGLIA,SUD
866042928912051802,COMUNE DI GERRE DE' CAPRIOLI,CREMONA,LOMBARDIA,NORD-OVEST
866042930464056401,COMUNE DI POMARETTO,TORINO,PIEMONTE,NORD-OVEST
866042930532465602,COMUNE DI DIANO CASTELLO,IMPERIA,LIGURIA,NORD-OVEST
866242930525769601,COMUNE DI GORLA MINORE,VARESE,LOMBARDIA,NORD-OVEST
866442929761753701,COMUNE DI JOPPOLO GIANCAXIO,AGRIGENTO,SICILIA,ISOLE
866442930517624802,COMUNE DI CERDA,PALERMO,SICILIA,ISOLE
866442930545178801,COMUNE DI LAURO,AVELLINO,CAMPANIA,SUD
866542930528633702,COMUNE DI SORESINA,CREMONA,LOMBARDIA,NORD-OVEST
866642930533055601,COMUNE DI CORNO GIOVINE,LODI,LOMBARDIA,NORD-OVEST
867142930454378502,COMUNE DI TETI,NUORO,SARDEGNA,ISOLE
867142930510401702,COMUNE DI BASELGA DI PINE',TRENTO,TRENTINO-ALTO ADIGE/SÜDTIROL,NORD-EST
867142930546069701,COMUNE DI MEZZANO,TRENTO,TRENTINO-ALTO ADIGE/SÜDTIROL,NORD-EST
867342928255449102,COMUNE DI BRENO,BRESCIA,LOMBARDIA,NORD-OVEST
867342930518913702,COMUNE DI MONASTEROLO DI SAVIGLIANO,CUNEO,PIEMONTE,NORD-OVEST
867342930524194302,COMUNE DI OZZANO MONFERRATO,ALESSANDRIA,PIEMONTE,NORD-OVEST
867342930538873202,COMUNE DI SERRENTI,SUD SARDEGNA,SARDEGNA,ISOLE
867542930474478802,COMUNE DI TREDOZIO,FORLI'-CESENA,EMILIA-ROMAGNA,NORD-EST
867642930516478102,COMUNE DI FOLLO,LA SPEZIA,LIGURIA,NORD-OVEST
867642930541363401,COMUNE DI NOGAROLE ROCCA,VERONA,VENETO,NORD-EST
867842930461437102,COMUNE DI CANTOIRA,TORINO,PIEMONTE,NORD-OVEST
867942930533916401,COMUNE DI CAPRESE MICHELANGELO,AREZZO,TOSCANA,CENTRO
868042930470817501,COMUNE DI POCENIA,UDINE,FRIULI-VENEZIA GIULIA,NORD-EST
868242930531074002,COMUNE DI ATELLA,POTENZA,BASILICATA,SUD
868342930477434601,COMUNE DI GRAGNANO TREBBIENSE,PIACENZA,EMILIA-ROMAGNA,NORD-EST
868442930461389001,COMUNE DI SAN MAURO DI SALINE,VERONA,VENETO,NORD-EST
868542930547589402,COMUNE DI SASSO DI CASTALDA,POTENZA,BASILICATA,SUD
868642930515771301,COMUNE DI CASTANO PRIMO,MILANO,LOMBARDIA,NORD-OVEST
868842930528247102,COMUNE DI RODELLO,CUNEO,PIEMONTE,NORD-OVEST
868942930452894801,COMUNE DI SENNA COMASCO,COMO,LOMBARDIA,NORD-OVEST
868942930460670501,COMUNE DI CHERASCO,CUNEO,PIEMONTE,NORD-OVEST
869542930478570501,COMUNE DI BERTINORO,FORLI'-CESENA,EMILIA-ROMAGNA,NORD-EST
869542930509071702,COMUNE DI BERNEZZO,CUNEO,PIEMONTE,NORD-OVEST
869542930530863101,COMUNE DI CROVA,VERCELLI,PIEMONTE,NORD-OVEST
869542930542513401,COMUNE DI MONTEFORTE IRPINO,AVELLINO,CAMPANIA,SUD
869642930468064501,COMUNE DI VIBONATI,SALERNO,CAMPANIA,SUD
869642930541881202,COMUNE DI FOGLIZZO,TORINO,PIEMONTE,NORD-OVEST
869642930544401701,COMUNE DI BLEVIO,COMO,LOMBARDIA,NORD-OVEST
869742930542034002,COMUNE DI ORSOMARSO,COSENZA,CALABRIA,SUD
869842930517944101,COMUNE DI CLES,TRENTO,TRENTINO-ALTO ADIGE/SÜDTIROL,NORD-EST
869942930464423201,COMUNE DI PONTELONGO,PADOVA,VENETO,NORD-EST
869942930529109802,COMUNE DI SAINT-MARCEL,VALLE D'AOSTA/VALLÉE D'AOSTE,VALLE D'AOSTA/VALLÉE D'AOSTE,NORD-OVEST
869942930543346502,COMUNE DI GIULIANO TEATINO,CHIETI,ABRUZZO,SUD
871142930450013702,COMUNE DI PIETRABRUNA,IMPERIA,LIGURIA,NORD-OVEST
871142930480719401,COMUNE DI TONCO,ASTI,PIEMONTE,NORD-OVEST
871242930523367401,COMUNE DI GAVERINA TERME,BERGAMO,LOMBARDIA,NORD-OVEST
871342930521539001,COMUNE DI LONGOBUCCO,COSENZA,CALABRIA,SUD
871342930525209801,COMUNE DI SALERNO,SALERNO,CAMPANIA,SUD
871342930534708502,COMUNE DI CIGOGNOLA,PAVIA,LOMBARDIA,NORD-OVEST
871442930450821301,COMUNE DI TORRE SAN PATRIZIO,FERMO,MARCHE,CENTRO
871542929309376301,COMUNE DI ASOLO,TREVISO,VENETO,NORD-EST
871542930475100402,COMUNE DI BACENO,VERBANO-CUSIO-OSSOLA,PIEMONTE,NORD-OVEST
871842930471544702,COMUNE DI REZZOAGLIO,GENOVA,LIGURIA,NORD-OVEST
871842930473777201,COMUNE DI MONTEPARANO,TARANTO,PUGLIA,SUD
871842930477164102,COMUNE DI LUSIGLIE',TORINO,PIEMONTE,NORD-OVEST
871842930546587302,COMUNE DI SALBERTRAND,TORINO,PIEMONTE,NORD-OVEST
871942930522152902,COMUNE DI SUARDI,PAVIA,LOMBARDIA,NORD-OVEST
872042930531248002,COMUNE DI CAPACI,PALERMO,SICILIA,ISOLE
872142928191352102,COMUNE DI ALTAVILLA VICENTINA,VICENZA,VENETO,NORD-EST
872142930517248702,COMUNE DI CHIGNOLO D'ISOLA,BERGAMO,LOMBARDIA,NORD-OVEST
872142930525374001,COMUNE DI ORROLI,SUD SARDEGNA,SARDEGNA,ISOLE
872242930535099602,COMUNE DI SAN GIORGIO DI LOMELLINA,PAVIA,LOMBARDIA,NORD-OVEST
872542930526772802,COMUNE DI NEROLA,ROMA,LAZIO,CENTRO
872642930471804901,COMUNE DI SAN MARCO EVANGELISTA,CASERTA,CAMPANIA,SUD
872842930463802702,COMUNE DI PRATO SESIA,NOVARA,PIEMONTE,NORD-OVEST
872942930518030701,COMUNE DI MASSELLO,TORINO,PIEMONTE,NORD-OVEST
873042930475504502,COMUNE DI PIEDIMONTE SAN GERMANO,FROSINONE,LAZIO,CENTRO
873142929400229701,COMUNE DI MIRADOLO TERME,PAVIA,LOMBARDIA,NORD-OVEST
873142930528481601,COMUNE DI MONTESARCHIO,BENEVENTO,CAMPANIA,SUD
873442930525416502,COMUNE DI VALLARSA,TRENTO,TRENTINO-ALTO ADIGE/SÜDTIROL,NORD-EST
873442930531294301,COMUNE DI CHIUSA DI PESIO,CUNEO,PIEMONTE,NORD-OVEST
873542930530923201,COMUNE DI CESSAPALOMBO,MACERATA,MARCHE,CENTRO
873842930463851302,COMUNE DI POLLENA TROCCHIA,NAPOLI,CAMPANIA,SUD
873942930478273401,COMUNE DI TORREBRUNA,CHIETI,ABRUZZO,SUD
873942930524006502,COMUNE DI SALA COMACINA,COMO,LOMBARDIA,NORD-OVEST
873942930524909502,COMUNE DI ROE' VOLCIANO,BRESCIA,LOMBARDIA,NORD-OVEST
873942930528998602,COMUNE DI PONTI,ALESSANDRIA,PIEMONTE,NORD-OVEST
874042930452220201,COMUNE DI SULBIATE,MONZA E DELLA BRIANZA,LOMBARDIA,NORD-OVEST
874042930472430802,COMUNE DI NOGAROLE VICENTINO,VICENZA,VENETO,NORD-EST
874042930508878001,COMUNE DI CAROVIGNO,BRINDISI,PUGLIA,SUD
874142930549247501,COMUNE DI SANTA SEVERINA,CROTONE,CALABRIA,SUD
874242930457617401,COMUNE DI RIPALTA ARPINA,CREMONA,LOMBARDIA,NORD-OVEST
874242930461871701,COMUNE DI CALCINATE,BERGAMO,LOMBARDIA,NORD-OVEST
874242930524490802,COMUNE DI GREVE IN CHIANTI,FIRENZE,TOSCANA,CENTRO
874542930051179802,COMUNE DI BARANELLO,CAMPOBASSO,MOLISE,SUD
874642930467125901,COMUNE DI STARANZANO,GORIZIA,FRIULI-VENEZIA GIULIA,NORD-EST
874642930524115201,COMUNE DI SAN GIACOMO DEGLI SCHIAVONI,CAMPOBASSO,MOLISE,SUD
874842928176254401,COMUNE DI ACCEGLIO,CUNEO,PIEMONTE,NORD-OVEST
874842930456115302,COMUNE DI NASO,MESSINA,SICILIA,ISOLE
874842930531525802,COMUNE DI BAGNOLO CREMASCO,CREMONA,LOMBARDIA,NORD-OVEST
875142928823088002,COMUNE DI FORNI DI SOTTO,UDINE,FRIULI-VENEZIA GIULIA,NORD-EST
875142930518232402,COMUNE DI FIRMO,COSENZA,CALABRIA,SUD
875242929166244901,COMUNE DI GOTTOLENGO,BRESCIA,LOMBARDIA,NORD-OVEST
875242930265176101,COMUNE DI MURISENGO,ALESSANDRIA,PIEMONTE,NORD-OVEST
875442930534879301,COMUNE DI CALLABIANA,BIELLA,PIEMONTE,NORD-OVEST
875542930476089902,COMUNE DI POGGIO BUSTONE,RIETI,LAZIO,CENTRO
875642930535245501,COMUNE DI SORAGNA,PARMA,EMILIA-ROMAGNA,NORD-EST
875942930532537202,COMUNE DI ALTARE,SAVONA,LIGURIA,NORD-OVEST
876042930516405702,COMUNE DI EMARESE,VALLE D'AOSTA/VALLÉE D'AOSTE,VALLE D'AOSTA/VALLÉE D'AOSTE,NORD-OVEST
876142930516358702,COMUNE DI GONI,SUD SARDEGNA,SARDEGNA,ISOLE
876142930520974101,COMUNE DI LOZZO ATESTINO,PADOVA,VENETO,NORD-EST
876142930526299101,COMUNE DI PERTUSIO,TORINO,PIEMONTE,NORD-OVEST
876242930517852801,COMUNE DI CASTEL MADAMA,ROMA,LAZIO,CENTRO
876242930524959801,COMUNE DI PISONIANO,ROMA,LAZIO,CENTRO
876342929194683901,COMUNE DI IGLESIAS,SUD SARDEGNA,SARDEGNA,ISOLE
876342930533438402,COMUNE DI BUONALBERGO,BENEVENTO,CAMPANIA,SUD
876642928623805201,COMUNE DI ENEGO,VICENZA,VENETO,NORD-EST
876642930527818202,COMUNE DI PONTE NOSSA,BERGAMO,LOMBARDIA,NORD-OVEST
876642930532431701,COMUNE DI VICO DEL GARGANO,FOGGIA,PUGLIA,SUD
876942930455630201,COMUNE DI POSINA,VICENZA,VENETO,NORD-EST
876942930476500202,COMUNE DI SANTA LUCIA DI SERINO,AVELLINO,CAMPANIA,SUD
877042930520595202,COMUNE DI FLORINAS,SASSARI,SARDEGNA,ISOLE
877242930452789102,COMUNE DI SANTA MARIA DELLA VERSA,PAVIA,LOMBARDIA,NORD-OVEST
877342930533611101,COMUNE DI AREZZO,AREZZO,TOSCANA,CENTRO
877442930517084701,COMUNE DI BORGHETTO DI BORBERA,ALESSANDRIA,PIEMONTE,NORD-OVEST
877442930517549801,COMUNE DI LEVATE,BERGAMO,LOMBARDIA,NORD-OVEST
877442930541810301,COMUNE DI PRAVISDOMINI,PORDENONE,FRIULI-VENEZIA GIULIA,NORD-EST
877642930474762901,COMUNE DI GIUSTENICE,SAVONA,LIGURIA,NORD-OVEST
877642930509111001,COMUNE DI BARZAGO,LECCO,LOMBARDIA,NORD-OVEST
877642930536051902,COMUNE DI VECCHIANO,PISA,TOSCANA,CENTRO
877842930530796501,COMUNE DI BASSANO BRESCIANO,BRESCIA,LOMBARDIA,NORD-OVEST
877942930509116701,COMUNE DI CAVARENO,TRENTO,TRENTINO-ALTO ADIGE/SÜDTIROL,NORD-EST
878042930550394601,COMUNE DI SAN ROMANO IN GARFAGNANA,LUCCA,TOSCANA,CENTRO
878142930522432301,COMUNE DI CASAMASSIMA,BARI,PUGLIA,SUD
878242930289535201,COMUNE DI PRIERO,CUNEO,PIEMONTE,NORD-OVEST
878342930534037002,COMUNE DI PONTELATONE,CASERTA,CAMPANIA,SUD
878442930457568501,COMUNE DI RIONERO SANNITICO,ISERNIA,MOLISE,SUD
878442930464591201,COMUNE DI BELGIRATE,VERBANO-CUSIO-OSSOLA,PIEMONTE,NORD-OVEST
878542930093539401,COMUNE DI AQUILA DI ARROSCIA,IMPERIA,LIGURIA,NORD-OVEST
878642930453062702,COMUNE DI TADASUNI,ORISTANO,SARDEGNA,ISOLE
878642930472689301,COMUNE DI OZEGNA,TORINO,PIEMONTE,NORD-OVEST
878642930541630601,COMUNE DI GAMBARANA,PAVIA,LOMBARDIA,NORD-OVEST
878742929309357202,COMUNE DI ASSAGO,MILANO,LOMBARDIA,NORD-OVEST
878742930447545202,COMUNE DI SEGONZANO,TRENTO,TRENTINO-ALTO ADIGE/SÜDTIROL,NORD-EST
878742930461545401,COMUNE DI CANTERANO,ROMA,LAZIO,CENTRO
878842930547963502,COMUNE DI VEZZA D'ALBA,CUNEO,PIEMONTE,NORD-OVEST
878942930477741302,COMUNE DI LAINO,COMO,LOMBARDIA,NORD-OVEST
879142929012644202,COMUNE DI CANCELLARA,POTENZA,BASILICATA,SUD
879142929861272302,COMUNE DI MARTINSICURO,TERAMO,ABRUZZO,SUD
879142930545722802,COMUNE DI PATRICA,FROSINONE,LAZIO,CENTRO
879242930473936201,COMUNE DI SANT'OLCESE,GENOVA,LIGURIA,NORD-OVEST
879242930525474302,COMUNE DI TAIPANA,UDINE,FRIULI-VENEZIA GIULIA,NORD-EST
879342930550665702,COMUNE DI UTA,CAGLIARI,SARDEGNA,ISOLE
879542930447227302,COMUNE DI SALA CONSILINA,SALERNO,CAMPANIA,SUD
879542930471811501,COMUNE DI VILLA SAN GIOVANNI,REGGIO DI CALABRIA,CALABRIA,SUD
879542930542044901,COMUNE DI FRANCAVILLA FONTANA,BRINDISI,PUGLIA,SUD
879742930524472601,COMUNE DI VIGNATE,MILANO,LOMBARDIA,NORD-OVEST
879742930530521802,COMUNE DI SAN DONATO MILANESE,MILANO,LOMBARDIA,NORD-OVEST
879842930460504202,COMUNE DI CASTELMASSA,ROVIGO,VENETO,NORD-EST
879942930446940201,COMUNE DI COSTABISSARA,VICENZA,VENETO,NORD-EST
879942930459835002,COMUNE DI CICALA,CATANZARO,CALABRIA,SUD
881242930450290802,COMUNE DI ROIO DEL SANGRO,CHIETI,ABRUZZO,SUD
881342930524302201,COMUNE DI SEGARIU,SUD SARDEGNA,SARDEGNA,ISOLE
881342930534866401,COMUNE DI CORTEMAGGIORE,PIACENZA,EMILIA-ROMAGNA,NORD-EST
881442930538844801,COMUNE DI VALDIDENTRO,SONDRIO,LOMBARDIA,NORD-OVEST
881542930448893901,COMUNE DI FROSINONE,FROSINONE,LAZIO,CENTRO
881542930537459101,COMUNE DI SAPRI,SALERNO,CAMPANIA,SUD
881642930453490402,COMUNE DI TERENZO,PARMA,EMILIA-ROMAGNA,NORD-EST
881842930548693302,COMUNE DI STRONGOLI,CROTONE,CALABRIA,SUD
881942930458473002,COMUNE DI SAINT-DENIS,VALLE D'AOSTA/VALLÉE D'AOSTE,VALLE D'AOSTA/VALLÉE D'AOSTE,NORD-OVEST
882042930451587001,COMUNE DI VERGIATE,VARESE,LOMBARDIA,NORD-OVEST
882042930460138902,COMUNE DI BADIA,BOLZANO/BOZEN,TRENTINO-ALTO ADIGE/SÜDTIROL,NORD-EST
882042930518036902,COMUNE DI DRENA,TRENTO,TRENTINO-ALTO ADIGE/SÜDTIROL,NORD-EST
882242927979733302,COMUNE DI ARIELLI,CHIETI,ABRUZZO,SUD
882342930532789302,COMUNE DI GAGLIANO CASTELFERRATO,ENNA,SICILIA,ISOLE
882442930534443801,COMUNE DI SANTA GIUSTINA IN COLLE,PADOVA,VENETO,NORD-EST
882742928832350602,COMUNE DI CAVIZZANA,TRENTO,TRENTINO-ALTO ADIGE/SÜDTIROL,NORD-EST
882742930474333401,COMUNE DI VALLECROSIA,IMPERIA,LIGURIA,NORD-OVEST
882742930476653301,COMUNE DI MAGLIE,LECCE,PUGLIA,SUD
882742930480113002,COMUNE DI SAN GIULIANO DI PUGLIA,CAMPOBASSO,MOLISE,SUD
882842930517036602,COMUNE DI CAPOVALLE,BRESCIA,LOMBARDIA,NORD-OVEST
882842930530281801,COMUNE DI VILLAR FOCCHIARDO,TORINO,PIEMONTE,NORD-OVEST
882942930528952802,COMUNE DI MILANO,MILANO,LOMBARDIA,NORD-OVEST
883042927979653202,COMUNE DI ARIANO NEL POLESINE,ROVIGO,VENETO,NORD-EST
883042930464210701,COMUNE DI CAMPITELLO DI FASSA,TRENTO,TRENTINO-ALTO ADIGE/SÜDTIROL,NORD-EST
883042930533976102,COMUNE DI TUSCANIA,VITERBO,LAZIO,CENTRO
883142928108880501,COMUNE DI CAVATORE,ALESSANDRIA,PIEMONTE,NORD-OVEST
883142930540240101,COMUNE DI TIGLIETO,GENOVA,LIGURIA,NORD-OVEST
883342928845045702,COMUNE DI CASTEL SANT'ELIA,VITERBO,LAZIO,CENTRO
883342930516084201,COMUNE DI COGORNO,GENOVA,LIGURIA,NORD-OVEST
883342930522943101,COMUNE DI MELICUCCO,REGGIO DI CALABRIA,CALABRIA,SUD
883542930509244801,COMUNE DI CALVIGNASCO,MILANO,LOMBARDIA,NORD-OVEST
883842928634028901,COMUNE DI CASSIGLIO,BERGAMO,LOMBARDIA,NORD-OVEST
883842930530746501,COMUNE DI ROSCIANO,PESCARA,ABRUZZO,SUD
883942930520327901,COMUNE DI CASTELSEPRIO,VARESE,LOMBARDIA,NORD-OVEST
884242930530802101,COMUNE DI BOTTICINO,BRESCIA,LOMBARDIA,NORD-OVEST
884442928697249802,COMUNE DI CANDA,ROVIGO,VENETO,NORD-EST
884542930508371602,COMUNE DI APRIGLIANO,COSENZA,CALABRIA,SUD
884642930472927902,COMUNE DI GUARDIA LOMBARDI,AVELLINO,CAMPANIA,SUD
884642930550779101,COMUNE DI TOLLEGNO,BIELLA,PIEMONTE,NORD-OVEST
884742930528071801,COMUNE DI OLIVADI,CATANZARO,CALABRIA,SUD
884842930528175701,COMUNE DI UCRIA,MESSINA,SICILIA,ISOLE
884942928726710702,COMUNE DI GUANZATE,COMO,LOMBARDIA,NORD-OVEST
885042930464006301,COMUNE DI POLLUTRI,CHIETI,ABRUZZO,SUD
885142930477436202,COMUNE DI SAN FIOR,TREVISO,VENETO,NORD-EST
885242930520068101,COMUNE DI LINGUAGLOSSA,CATANIA,SICILIA,ISOLE
885442929543839302,COMUNE DI ASSEMINI,CAGLIARI,SARDEGNA,ISOLE
885642930511258901,COMUNE DI AVELLINO,AVELLINO,CAMPANIA,SUD
885742929613518902,COMUNE DI FONTANILE,ASTI,PIEMONTE,NORD-OVEST
885942928726169702,COMUNE DI CASNIGO,BERGAMO,LOMBARDIA,NORD-OVEST
885942930450228701,COMUNE DI MOTTA SANT'ANASTASIA,CATANIA,SICILIA,ISOLE
885942930460737202,COMUNE DI SUSEGANA,TREVISO,VENETO,NORD-EST
886142930477536701,COMUNE DI SAN BENEDETTO PO,MANTOVA,LOMBARDIA,NORD-OVEST
886242930534854202,COMUNE DI ARDAULI,ORISTANO,SARDEGNA,ISOLE
886242930541392601,COMUNE DI PALO DEL COLLE,BARI,PUGLIA,SUD
886342930547993002,COMUNE DI VETTO,REGGIO NELL'EMILIA,EMILIA-ROMAGNA,NORD-EST
886442930461291402,COMUNE DI CENADI,CATANZARO,CALABRIA,SUD
886442930479641201,COMUNE DI SUBBIANO,AREZZO,TOSCANA,CENTRO
886442930526393201,COMUNE DI PEDEROBBA,TREVISO,VENETO,NORD-EST
886542930453863001,COMUNE DI PENTONE,CATANZARO,CALABRIA,SUD
886742930453000701,COMUNE DI SPONGANO,LECCE,PUGLIA,SUD
886742930479942201,COMUNE DI PRUNETTO,CUNEO,PIEMONTE,NORD-OVEST
886742930509750502,COMUNE DI ALFONSINE,RAVENNA,EMILIA-ROMAGNA,NORD-EST
886742930516418501,COMUNE DI TONEZZA DEL CIMONE,VICENZA,VENETO,NORD-EST
886942930525439601,COMUNE DI VERNANTE,CUNEO,PIEMONTE,NORD-OVEST
887042930519802501,COMUNE DI MURA,BRESCIA,LOMBARDIA,NORD-OVEST
887142927963846701,COMUNE DI MANDELA,ROMA,LAZIO,CENTRO
887342930475309002,COMUNE DI SESTRI LEVANTE,GENOVA,LIGURIA,NORD-OVEST
887542930532755102,COMUNE DI CAVAZZO CARNICO,UDINE,FRIULI-VENEZIA GIULIA,NORD-EST
887642930460145701,COMUNE DI CERESARA,MANTOVA,LOMBARDIA,NORD-OVEST
887842930519240601,COMUNE DI MISSAGLIA,LECCO,LOMBARDIA,NORD-OVEST
887842930521675302,COMUNE DI FIASTRA,MACERATA,MARCHE,CENTRO
887842930524419802,COMUNE DI MOMPANTERO,TORINO,PIEMONTE,NORD-OVEST
887942930461968101,COMUNE DI BONARCADO,ORISTANO,SARDEGNA,ISOLE
888042930480079302,COMUNE DI PIEVE FOSCIANA,LUCCA,TOSCANA,CENTRO
888142930464421702,COMUNE DI BELFORTE ALL'ISAURO,PESARO E URBINO,MARCHE,CENTRO
888442930544244301,COMUNE DI SAN MARCELLINO,CASERTA,CAMPANIA,SUD
888542928602970201,COMUNE DI MODICA,RAGUSA,SICILIA,ISOLE
888542929372994801,COMUNE DI PASTURO,LECCO,LOMBARDIA,NORD-OVEST
888742930460589802,COMUNE DI CASALNOCETO,ALESSANDRIA,PIEMONTE,NORD-OVEST
888742930515417702,COMUNE DI BRESSANVIDO,VICENZA,VENETO,NORD-EST
888842930523174002,COMUNE DI GAIBA,ROVIGO,VENETO,NORD-EST
888842930525252101,COMUNE DI SAN MICHELE ALL'ADIGE,TRENTO,TRENTINO-ALTO ADIGE/SÜDTIROL,NORD-EST
888842930534199202,COMUNE DI BELGIOIOSO,PAVIA,LOMBARDIA,NORD-OVEST
888942930456231601,COMUNE DI MONTEU DA PO,TORINO,PIEMONTE,NORD-OVEST
889142930540539802,COMUNE DI PATERNO,POTENZA,BASILICATA,SUD
889342930468765601,COMUNE DI SANT'ANDREA APOSTOLO DELLO IONIO,CATANZARO,CALABRIA,SUD
889342930477304901,COMUNE DI LUSTRA,SALERNO,CAMPANIA,SUD
889742930527794902,COMUNE DI MIGNANEGO,GENOVA,LIGURIA,NORD-OVEST
889742930538694302,COMUNE DI SANTA MARIA MAGGIORE,VERBANO-CUSIO-OSSOLA,PIEMONTE,NORD-OVEST
891142929197828702,COMUNE DI CASTELLO DI CISTERNA,NAPOLI,CAMPANIA,SUD
891142930524308901,COMUNE DI STORO,TRENTO,TRENTINO-ALTO ADIGE/SÜDTIROL,NORD-EST
891142930524983002,COMUNE DI POLCENIGO,PORDENONE,FRIULI-VENEZIA GIULIA,NORD-EST
891142930526397302,COMUNE DI LEONESSA,RIETI,LAZIO,CENTRO
891142930533040802,COMUNE DI ORATINO,CAMPOBASSO,MOLISE,SUD
891242930480126701,COMUNE DI ULTIMO,BOLZANO/BOZEN,TRENTINO-ALTO ADIGE/SÜDTIROL,NORD-EST
891342930518678402,COMUNE DI DUMENZA,VARESE,LOMBARDIA,NORD-OVEST
891442930474265002,COMUNE DI MORBEGNO,SONDRIO,LOMBARDIA,NORD-OVEST
891442930519394501,COMUNE DI MONTEMURLO,PRATO,TOSCANA,CENTRO
891642928099619102,COMUNE DI CESIO,IMPERIA,LIGURIA,NORD-OVEST
891642930545936502,COMUNE DI OSTIGLIA,MANTOVA,LOMBARDIA,NORD-OVEST
891742930542655002,COMUNE DI SCLAFANI BAGNI,PALERMO,SICILIA,ISOLE
891842930529493501,COMUNE DI SIAMANNA,ORISTANO,SARDEGNA,ISOLE
891842930536029501,COMUNE DI VILLETTE,VERBANO-CUSIO-OSSOLA,PIEMONTE,NORD-OVEST
891942928074491401,COMUNE DI CASSANO MAGNAGO,VARESE,LOMBARDIA,NORD-OVEST
891942930534585101,COMUNE DI ARZAGO D'ADDA,BERGAMO,LOMBARDIA,NORD-OVEST
892342930479133402,COMUNE DI SAN VALENTINO TORIO,SALERNO,CAMPANIA,SUD
892442930459069701,COMUNE DI SGONICO,TRIESTE,FRIULI-VENEZIA GIULIA,NORD-EST
892442930528126802,COMUNE DI MONTEROSSO AL MARE,LA SPEZIA,LIGURIA,NORD-OVEST
892442930545085002,COMUNE DI MONTELEONE DI SPOLETO,PERUGIA,UMBRIA,CENTRO
892742930547903302,COMUNE DI VIZZINI,CATANIA,SICILIA,ISOLE
893142927975166402,COMUNE DI BRENNA,COMO,LOMBARDIA,NORD-OVEST
893142930455255102,COMUNE DI VITTORITO,L'AQUILA,ABRUZZO,SUD
893342930528780001,COMUNE DI RUVO DI PUGLIA,BARI,PUGLIA,SUD
893442930545531201,COMUNE DI OCCIMIANO,ALESSANDRIA,PIEMONTE,NORD-OVEST
893642928077920702,COMUNE DI CAVALLINO,LECCE,PUGLIA,SUD
893642929424116302,COMUNE DI FARINDOLA,PESCARA,ABRUZZO,SUD
893742930463306101,COMUNE DI PIEVE DI SOLIGO,TREVISO,VENETO,NORD-EST
893842930527186101,COMUNE DI MALEO,LODI,LOMBARDIA,NORD-OVEST
894042930477690402,COMUNE DI CASELLE TORINESE,TORINO,PIEMONTE,NORD-OVEST
894342930184380301,COMUNE DI MONTECARLO,LUCCA,TOSCANA,CENTRO
894442930463609702,COMUNE DI ADRARA SAN MARTINO,BERGAMO,LOMBARDIA,NORD-OVEST
894742930518898001,COMUNE DI ESCALAPLANO,SUD SARDEGNA,SARDEGNA,ISOLE
894742930521856602,COMUNE DI MASCHITO,POTENZA,BASILICATA,SUD
894942928210492902,COMUNE DI CASTELNOVO DEL FRIULI,PORDENONE,FRIULI-VENEZIA GIULIA,NORD-EST
895042930546773801,COMUNE DI SAN FIORANO,LODI,LOMBARDIA,NORD-OVEST
895342927982896301,COMUNE DI ARONA,NOVARA,PIEMONTE,NORD-OVEST
895542930447808001,COMUNE DI SPINEA,VENEZIA,VENETO,NORD-EST
895742930457228602,COMUNE DI OFENA,L'AQUILA,ABRUZZO,SUD
895742930530491102,COMUNE DI BINASCO,MILANO,LOMBARDIA,NORD-OVEST
896042930535044301,COMUNE DI BIANDRATE,NOVARA,PIEMONTE,NORD-OVEST
896142930453359302,COMUNE DI ROCCAGORGA,LATINA,LAZIO,CENTRO
896242930449464402,COMUNE DI PRAGELATO,TORINO,PIEMONTE,NORD-OVEST
896242930528754401,COMUNE DI MONTEMARCIANO,ANCONA,MARCHE,CENTRO
896242930539614902,COMUNE DI VALDISOTTO,SONDRIO,LOMBARDIA,NORD-OVEST
896342930538899601,COMUNE DI SAN SEVERINO MARCHE,MACERATA,MARCHE,CENTRO
896342930546451101,COMUNE DI ISSIME,VALLE D'AOSTA/VALLÉE D'AOSTE,VALLE D'AOSTA/VALLÉE D'AOSTE,NORD-OVEST
896442930459265001,COMUNE DI STREMBO,TRENTO,TRENTINO-ALTO ADIGE/SÜDTIROL,NORD-EST
896542928119391301,COMUNE DI CERZETO,COSENZA,CALABRIA,SUD
896642930521106401,COMUNE DI LUCIGNANO,AREZZO,TOSCANA,CENTRO
896742927944985902,COMUNE DI BORGO SAN DALMAZZO,CUNEO,PIEMONTE,NORD-OVEST
896842930460665702,COMUNE DI CASTIGLIONE IN TEVERINA,VITERBO,LAZIO,CENTRO
896842930522097502,COMUNE DI FAVALE DI MALVARO,GENOVA,LIGURIA,NORD-OVEST
896842930529787402,COMUNE DI SANZENO,TRENTO,TRENTINO-ALTO ADIGE/SÜDTIROL,NORD-EST
897042930455342701,COMUNE DI SOSTEGNO,BIELLA,PIEMONTE,NORD-OVEST
897042930460206502,COMUNE DI CARLOPOLI,CATANZARO,CALABRIA,SUD
897242930545432902,COMUNE DI PONTECURONE,ALESSANDRIA,PIEMONTE,NORD-OVEST
897242930547626402,COMUNE DI SAURIS,UDINE,FRIULI-VENEZIA GIULIA,NORD-EST
897642930523595201,COMUNE DI MONTEROTONDO MARITTIMO,GROSSETO,TOSCANA,CENTRO
897842930459772701,COMUNE DI BUSANO,TORINO,PIEMONTE,NORD-OVEST
897942929946658301,COMUNE DI BASTIA MONDOVI',CUNEO,PIEMONTE,NORD-OVEST
897942930478722601,COMUNE DI TREMESTIERI ETNEO,CATANIA,SICILIA,ISOLE
898142930472063702,COMUNE DI VILLANOVA SULL'ARDA,PIACENZA,EMILIA-ROMAGNA,NORD-EST
898242929118597101,COMUNE DI BARLASSINA,MONZA E DELLA BRIANZA,LOMBARDIA,NORD-OVEST
898542930460696001,COMUNE DI CHAMPDEPRAZ,VALLE D'AOSTA/VALLÉE D'AOSTE,VALLE D'AOSTA/VALLÉE D'AOSTE,NORD-OVEST
898642928878430201,COMUNE DI FOLLINA,TREVISO,VENETO,NORD-EST
898642929269102702,COMUNE DI MILLESIMO,SAVONA,LIGURIA,NORD-OVEST
898642930457963402,COMUNE DI PALAGANO,MODENA,EMILIA-ROMAGNA,NORD-EST
898642930464550601,COMUNE DI ARCISATE,VARESE,LOMBARDIA,NORD-OVEST
898642930515610702,COMUNE DI CHIANNI,PISA,TOSCANA,CENTRO
898642930525899401,COMUNE DI SONNINO,LATINA,LAZIO,CENTRO
898642930526253401,COMUNE DI VILLABATE,PALERMO,SICILIA,ISOLE
898742930527914001,COMUNE DI FUMANE,VERONA,VENETO,NORD-EST
898942930534781701,COMUNE DI CARPINETI,REGGIO NELL'EMILIA,EMILIA-ROMAGNA,NORD-EST
899142930458916502,COMUNE DI RODERO,COMO,LOMBARDIA,NORD-OVEST
899142930520949702,COMUNE DI CUGLIERI,ORISTANO,SARDEGNA,ISOLE
899442930477602002,COMUNE DI ROVOLON,PADOVA,VENETO,NORD-EST
899542930479072802,COMUNE DI TIONE DEGLI ABRUZZI,L'AQUILA,ABRUZZO,SUD
899542930518010302,COMUNE DI DASA',VIBO VALENTIA,CALABRIA,SUD
899542930529210902,COMUNE DI QUART,VALLE D'AOSTA/VALLÉE D'AOSTE,VALLE D'AOSTA/VALLÉE D'AOSTE,NORD-OVEST
899642929259359502,COMUNE DI GOZZANO,NOVARA,PIEMONTE,NORD-OVEST
899642930538859901,COMUNE DI URBE,SAVONA,LIGURIA,NORD-OVEST
899742929012951802,COMUNE DI CIVITA CASTELLANA,VITERBO,LAZIO,CENTRO
899742930519645701,COMUNE DI ANGUILLARA SABAZIA,ROMA,LAZIO,CENTRO
901242928823042002,COMUNE DI LAINATE,MILANO,LOMBARDIA,NORD-OVEST
901242930509448502,COMUNE DI CALASCIBETTA,ENNA,SICILIA,ISOLE
901342930543043201,COMUNE DI SINIO,CUNEO,PIEMONTE,NORD-OVEST
901442928087989501,COMUNE DI CHIOGGIA,VENEZIA,VENETO,NORD-EST
901542930540856402,COMUNE DI VICENZA,VICENZA,VENETO,NORD-EST
901742930453905802,COMUNE DI MERETO DI TOMBA,UDINE,FRIULI-VENEZIA GIULIA,NORD-EST
901842930462787701,COMUNE DI GANDINO,BERGAMO,LOMBARDIA,NORD-OVEST
901942928175981702,COMUNE DI ARTA TERME,UDINE,FRIULI-VENEZIA GIULIA,NORD-EST
902042930476478901,COMUNE DI AZZIO,VARESE,LOMBARDIA,NORD-OVEST
902442930542582601,COMUNE DI SANT'ILARIO D'ENZA,REGGIO NELL'EMILIA,EMILIA-ROMAGNA,NORD-EST
902542930463173102,COMUNE DI PREGNANA MILANESE,MILANO,LOMBARDIA,NORD-OVEST
902642930517698402,COMUNE DI GUSSOLA,CREMONA,LOMBARDIA,NORD-OVEST
902742928109525001,COMUNE DI CHITIGNANO,AREZZO,TOSCANA,CENTRO
902742930453899501,COMUNE DI MAZZARINO,CALTANISSETTA,SICILIA,ISOLE
902742930519255402,COMUNE DI PETRELLA TIFERNINA,CAMPOBASSO,MOLISE,SUD
902842930524465902,COMUNE DI TORRICELLA DEL PIZZO,CREMONA,LOMBARDIA,NORD-OVEST
903142930518312801,COMUNE DI CREMA,CREMONA,LOMBARDIA,NORD-OVEST
903142930518862702,COMUNE DI BREZZO DI BEDERO,VARESE,LOMBARDIA,NORD-OVEST
903342930466703601,COMUNE DI VOLTURARA APPULA,FOGGIA,PUGLIA,SUD
903442930527707601,COMUNE DI ROANA,VICENZA,VENETO,NORD-EST
903542930447094901,COMUNE DI PONTIDA,BERGAMO,LOMBARDIA,NORD-OVEST
903742929488676902,COMUNE DI CASTELLETTO MOLINA,ASTI,PIEMONTE,NORD-OVEST
903842930509351502,COMUNE DI CANONICA D'ADDA,BERGAMO,LOMBARDIA,NORD-OVEST
903942930475834401,COMUNE DI PONZANO MONFERRATO,ALESSANDRIA,PIEMONTE,NORD-OVEST
904042929922159801,COMUNE DI FENEGRO',COMO,LOMBARDIA,NORD-OVEST
904042930465200202,COMUNE DI CASTIGLIONE TINELLA,CUNEO,PIEMONTE,NORD-OVEST
904042930548901001,COMUNE DI SESTO,BOLZANO/BOZEN,TRENTINO-ALTO ADIGE/SÜDTIROL,NORD-EST
904142929735970401,COMUNE DI PLAUS,BOLZANO/BOZEN,TRENTINO-ALTO ADIGE/SÜDTIROL,NORD-EST
904142930515785701,COMUNE DI BOFFALORA D'ADDA,LODI,LOMBARDIA,NORD-OVEST
904342930466563902,COMUNE DI VOLVERA,TORINO,PIEMONTE,NORD-OVEST
904642930462924201,COMUNE DI ROCCASPINALVETI,CHIETI,ABRUZZO,SUD
904642930524324701,COMUNE DI MONTELLO,BERGAMO,LOMBARDIA,NORD-OVEST
904642930526554502,COMUNE DI MAZZO DI VALTELLINA,SONDRIO,LOMBARDIA,NORD-OVEST
904742930459111701,COMUNE DI TELTI,SASSARI,SARDEGNA,ISOLE
904742930527109901,COMUNE DI SEMPRONIANO,GROSSETO,TOSCANA,CENTRO
905042930460852201,COMUNE DI PIETRAMELARA,CASERTA,CAMPANIA,SUD
905142930446820001,COMUNE DI COSSOGNO,VERBANO-CUSIO-OSSOLA,PIEMONTE,NORD-OVEST
905242930463572302,COMUNE DI SAN CANDIDO,BOLZANO/BOZEN,TRENTINO-ALTO ADIGE/SÜDTIROL,NORD-EST
905342930475284702,COMUNE DI PIERANICA,CREMONA,LOMBARDIA,NORD-OVEST
905342930518946001,COMUNE DI GATTINARA,VERCELLI,PIEMONTE,NORD-OVEST
905542930510527201,COMUNE DI CASALVECCHIO SICULO,MESSINA,SICILIA,ISOLE
906042928191142702,COMUNE DI ACQUASPARTA,TERNI,UMBRIA,CENTRO
906142930464080001,COMUNE DI ALBAIRATE,MILANO,LOMBARDIA,NORD-OVEST
906142930467844802,COMUNE DI PIGNATARO INTERAMNA,FROSINONE,LAZIO,CENTRO
906142930530048102,COMUNE DI CIANCIANA,AGRIGENTO,SICILIA,ISOLE
906142930545816502,COMUNE DI LUCOLI,L'AQUILA,ABRUZZO,SUD
906242930524307702,COMUNE DI RAFFADALI,AGRIGENTO,SICILIA,ISOLE
906342930525706801,COMUNE DI GRIANTE,COMO,LOMBARDIA,NORD-OVEST
906442930220683002,COMUNE DI ARGELATO,BOLOGNA,EMILIA-ROMAGNA,NORD-EST
906442930517855702,COMUNE DI CLIVIO,VARESE,LOMBARDIA,NORD-OVEST
906542930532165101,COMUNE DI ROLETTO,TORINO,PIEMONTE,NORD-OVEST
906642930533847202,COMUNE DI CASALE LITTA,VARESE,LOMBARDIA,NORD-OVEST
906642930543050002,COMUNE DI MORBELLO,ALESSANDRIA,PIEMONTE,NORD-OVEST
906742930466029301,COMUNE DI VISANO,BRESCIA,LOMBARDIA,NORD-OVEST
906742930543871702,COMUNE DI MONTE ISOLA,BRESCIA,LOMBARDIA,NORD-OVEST
906842930453354501,COMUNE DI CORDENONS,PORDENONE,FRIULI-VENEZIA GIULIA,NORD-EST
906942930459183502,COMUNE DI VARENNA,LECCO,LOMBARDIA,NORD-OVEST
907042930546299502,COMUNE DI OSPEDALETTO EUGANEO,PADOVA,VENETO,NORD-EST
907142930530076001,COMUNE DI CINAGLIO,ASTI,PIEMONTE,NORD-OVEST
907442930509708802,COMUNE DI ANTRODOCO,RIETI,LAZIO,CENTRO
907542930479797202,COMUNE DI SAN DONATO DI LECCE,LECCE,PUGLIA,SUD
907542930542775001,COMUNE DI MADONNA DEL SASSO,VERBANO-CUSIO-OSSOLA,PIEMONTE,NORD-OVEST
907842929230221302,COMUNE DI FOBELLO,VERCELLI,PIEMONTE,NORD-OVEST
907942930456347202,COMUNE DI PIANOPOLI,CATANZARO,CALABRIA,SUD
908142930480102102,COMUNE DI SAINT-CHRISTOPHE,VALLE D'AOSTA/VALLÉE D'AOSTE,VALLE D'AOSTA/VALLÉE D'AOSTE,NORD-OVEST
908142930527591102,COMUNE DI RIVAROSSA,TORINO,PIEMONTE,NORD-OVEST
908342930476180501,COMUNE DI POGGIO A CAIANO,PRATO,TOSCANA,CENTRO
908342930535016301,COMUNE DI BOLOGNANO,PESCARA,ABRUZZO,SUD
908442930453832802,COMUNE DI PENNA SAN GIOVANNI,MACERATA,MARCHE,CENTRO
908642930541948102,COMUNE DI PAVONE DEL MELLA,BRESCIA,LOMBARDIA,NORD-OVEST
908742930473883801,COMUNE DI MORTERONE,LECCO,LOMBARDIA,NORD-OVEST
908942930479161202,COMUNE DI VAIRANO PATENORA,CASERTA,CAMPANIA,SUD
909342930456023901,COMUNE DI SAN GIOVANNI IN PERSICETO,BOLOGNA,EMILIA-ROMAGNA,NORD-EST
909342930459358202,COMUNE DI CETARA,SALERNO,CAMPANIA,SUD
909742930342632902,COMUNE DI BELLOSGUARDO,SALERNO,CAMPANIA,SUD
909942930476421402,COMUNE DI CASTELSILANO,CROTONE,CALABRIA,SUD
911142930462634802,COMUNE DI ALTAVILLA MONFERRATO,ALESSANDRIA,PIEMONTE,NORD-OVEST
911242929047773602,COMUNE DI CAMAIORE,LUCCA,TOSCANA,CENTRO
911242930462622402,COMUNE DI ALMESE,TORINO,PIEMONTE,NORD-OVEST
911342930462867102,COMUNE DI CORNA IMAGNA,BERGAMO,LOMBARDIA,NORD-OVEST
911342930475753101,COMUNE DI SAN COSTANTINO ALBANESE,POTENZA,BASILICATA,SUD
911342930517880701,COMUNE DI NOVI DI MODENA,MODENA,EMILIA-ROMAGNA,NORD-EST
911442930448484202,COMUNE DI TERRACINA,LATINA,LAZIO,CENTRO
911442930460199502,COMUNE DI BOTTIDDA,SASSARI,SARDEGNA,ISOLE
911442930475919801,COMUNE DI LOAZZOLO,ASTI,PIEMONTE,NORD-OVEST
911542930517724801,COMUNE DI GESTURI,SUD SARDEGNA,SARDEGNA,ISOLE
911642930475045702,COMUNE DI MASIO,ALESSANDRIA,PIEMONTE,NORD-OVEST
911742928832515201,COMUNE DI GADONI,NUORO,SARDEGNA,ISOLE
911742930457471501,COMUNE DI PIANEZZE,VICENZA,VENETO,NORD-EST
911842930461864202,COMUNE DI CASTELVETRANO,TRAPANI,SICILIA,ISOLE
911942930472953102,COMUNE DI GUARDISTALLO,PISA,TOSCANA,CENTRO
911942930516869201,COMUNE DI DORMELLETTO,NOVARA,PIEMONTE,NORD-OVEST
912142928726384801,COMUNE DI AQUINO,FROSINONE,LAZIO,CENTRO
912242930548239401,COMUNE DI SANT'ANTIMO,NAPOLI,CAMPANIA,SUD
912342930525341802,COMUNE DI TREBASELEGHE,PADOVA,VENETO,NORD-EST
912442929400197302,COMUNE DI CERRETO D'ESI,ANCONA,MARCHE,CENTRO
912542929861386501,COMUNE DI GRECCIO,RIETI,LAZIO,CENTRO
912542930515904602,COMUNE DI CASNATE CON BERNATE,COMO,LOMBARDIA,NORD-OVEST
912742930455090201,COMUNE DI SAN LORENZO MAGGIORE,BENEVENTO,CAMPANIA,SUD
912742930532192501,COMUNE DI CUCCIAGO,COMO,LOMBARDIA,NORD-OVEST
913042930509519302,COMUNE DI CASALCIPRANO,CAMPOBASSO,MOLISE,SUD
913142929197853301,COMUNE DI CASTEL DEL RIO,BOLOGNA,EMILIA-ROMAGNA,NORD-EST
913142930480500101,COMUNE DI PINO TORINESE,TORINO,PIEMONTE,NORD-OVEST
913442930530963902,COMUNE DI TORREANO,UDINE,FRIULI-VENEZIA GIULIA,NORD-EST
913642930448600901,COMUNE DI TERNATE,VARESE,LOMBARDIA,NORD-OVEST
913842930478057302,COMUNE DI VALDASTICO,VICENZA,VENETO,NORD-EST
914142930517074001,COMUNE DI RAVASCLETTO,UDINE,FRIULI-VENEZIA GIULIA,NORD-EST
914242930473594801,COMUNE DI MORSASCO,ALESSANDRIA,PIEMONTE,NORD-OVEST
914542930547475602,COMUNE DI TORPE',NUORO,SARDEGNA,ISOLE
914642930227350201,COMUNE DI MUSSO,COMO,LOMBARDIA,NORD-OVEST
914642930476804802,COMUNE DI FILETTINO,FROSINONE,LAZIO,CENTRO
914742930547647501,COMUNE DI TORRALBA,SASSARI,SARDEGNA,ISOLE
914842930520222101,COMUNE DI LANDRIANO,PAVIA,LOMBARDIA,NORD-OVEST
915042930475554401,COMUNE DI PULSANO,TARANTO,PUGLIA,SUD
915142930544348802,COMUNE DI COMELICO SUPERIORE,BELLUNO,VENETO,NORD-EST
915242928305203602,COMUNE DI AVELLA,AVELLINO,CAMPANIA,SUD
915242930480492201,COMUNE DI TRIUGGIO,MONZA E DELLA BRIANZA,LOMBARDIA,NORD-OVEST
915242930508811001,COMUNE DI BISTAGNO,ALESSANDRIA,PIEMONTE,NORD-OVEST
915242930509816702,COMUNE DI ALPIGNANO,TORINO,PIEMONTE,NORD-OVEST
915442929269199002,COMUNE DI GHEDI,BRESCIA,LOMBARDIA,NORD-OVEST
915542930465206901,COMUNE DI CASTELBOTTACCIO,CAMPOBASSO,MOLISE,SUD
915542930529604401,COMUNE DI S. CRISTINA VAL GARDENA,BOLZANO/BOZEN,TRENTINO-ALTO ADIGE/SÜDTIROL,NORD-EST
915642927968928601,COMUNE DI BROGLIANO,VICENZA,VENETO,NORD-EST
915942930477582201,COMUNE DI SAN FRANCESCO AL CAMPO,TORINO,PIEMONTE,NORD-OVEST
916042928932341102,COMUNE DI GROSSO,TORINO,PIEMONTE,NORD-OVEST
916142930544186502,COMUNE DI SETTEFRATI,FROSINONE,LAZIO,CENTRO
916442930465386302,COMUNE DI PIANENGO,CREMONA,LOMBARDIA,NORD-OVEST
916442930477521901,COMUNE DI SALENTO,SALERNO,CAMPANIA,SUD
916442930519516402,COMUNE DI MONTENERODOMO,CHIETI,ABRUZZO,SUD
916442930531058302,COMUNE DI BOVOLONE,VERONA,VENETO,NORD-EST
916542930458707102,COMUNE DI GIOI,SALERNO,CAMPANIA,SUD
916942930453882902,COMUNE DI PALMIANO,ASCOLI PICENO,MARCHE,CENTRO
916942930466486402,COMUNE DI VARANO BORGHI,VARESE,LOMBARDIA,NORD-OVEST
917142930472598802,COMUNE DI VALMADRERA,LECCO,LOMBARDIA,NORD-OVEST
917142930530393302,COMUNE DI BAGHERIA,PALERMO,SICILIA,ISOLE
917342928932595901,COMUNE DI VALSOLDA,COMO,LOMBARDIA,NORD-OVEST
917342930463979101,COMUNE DI PIEVE DI TECO,IMPERIA,LIGURIA,NORD-OVEST
917642930465328001,COMUNE DI BIANCO,REGGIO DI CALABRIA,CALABRIA,SUD
917842930548096601,COMUNE DI VENASCA,CUNEO,PIEMONTE,NORD-OVEST
918142929012861401,COMUNE DI BALMUCCIA,VERCELLI,PIEMONTE,NORD-OVEST
918142930253656501,COMUNE DI MUSEI,SUD SARDEGNA,SARDEGNA,ISOLE
918242930474581902,COMUNE DI GIUSSAGO,PAVIA,LOMBARDIA,NORD-OVEST
918342927979693102,COMUNE DI ARLUNO,MILANO,LOMBARDIA,NORD-OVEST
918342930454501102,COMUNE DI LANCIANO,CHIETI,ABRUZZO,SUD
918342930520974002,COMUNE DI COCCONATO,ASTI,PIEMONTE,NORD-OVEST
918442930455977001,COMUNE DI PERTENGO,VERCELLI,PIEMONTE,NORD-OVEST
918542929467168701,COMUNE DI CICOGNOLO,CREMONA,LOMBARDIA,NORD-OVEST
918542930475106301,COMUNE DI LAZZATE,MONZA E DELLA BRIANZA,LOMBARDIA,NORD-OVEST
918542930542991502,COMUNE DI SIENA,SIENA,TOSCANA,CENTRO
918642929197993601,COMUNE DI CASTELLO DI GODEGO,TREVISO,VENETO,NORD-EST
918642930549125002,COMUNE DI SAN ZENONE AL LAMBRO,MILANO,LOMBARDIA,NORD-OVEST
918642930550643602,COMUNE DI SCURCOLA MARSICANA,L'AQUILA,ABRUZZO,SUD
918742930460371302,COMUNE DI RONCO CANAVESE,TORINO,PIEMONTE,NORD-OVEST
918742930508026202,COMUNE DI BRONDELLO,CUNEO,PIEMONTE,NORD-OVEST
918742930531152201,COMUNE DI APPIANO GENTILE,COMO,LOMBARDIA,NORD-OVEST
918942930478364602,COMUNE DI SANTO STEFANO ROERO,CUNEO,PIEMONTE,NORD-OVEST
919042930469010301,COMUNE DI VERBANIA,VERBANO-CUSIO-OSSOLA,PIEMONTE,NORD-OVEST
919242930520752401,COMUNE DI CASTELLEONE,CREMONA,LOMBARDIA,NORD-OVEST
919242930531509301,COMUNE DI UBIALE CLANEZZO,BERGAMO,LOMBARDIA,NORD-OVEST
919442930472211202,COMUNE DI GAMBETTOLA,FORLI'-CESENA,EMILIA-ROMAGNA,NORD-EST
919442930509887001,COMUNE DI ALFANO,SALERNO,CAMPANIA,SUD
919642928043962401,COMUNE DI MODENA,MODENA,EMILIA-ROMAGNA,NORD-EST
921142929091778602,COMUNE DI GRASSOBBIO,BERGAMO,LOMBARDIA,NORD-OVEST
921142929389126502,COMUNE DI BARBIANELLO,PAVIA,LOMBARDIA,NORD-OVEST
921242930458500401,COMUNE DI SAN VITO AL TORRE,UDINE,FRIULI-VENEZIA GIULIA,NORD-EST
921242930530092101,COMUNE DI BONEFRO,CAMPOBASSO,MOLISE,SUD
921642928078039601,COMUNE DI ABBATEGGIO,PESCARA,ABRUZZO,SUD
921642930446965202,COMUNE DI SAN GIACOMO FILIPPO,SONDRIO,LOMBARDIA,NORD-OVEST
921642930450707002,COMUNE DI TORREVECCHIA TEATINA,CHIETI,ABRUZZO,SUD
921642930518061601,COMUNE DI CASTELNUOVO SCRIVIA,ALESSANDRIA,PIEMONTE,NORD-OVEST
921642930540510502,COMUNE DI PRIOLO GARGALLO,SIRACUSA,SICILIA,ISOLE
921742930454453502,COMUNE DI LURAGO D'ERBA,COMO,LOMBARDIA,NORD-OVEST
921742930463066401,COMUNE DI GAGGIANO,MILANO,LOMBARDIA,NORD-OVEST
921742930540525702,COMUNE DI VILLASANTA,MONZA E DELLA BRIANZA,LOMBARDIA,NORD-OVEST
921842930461837502,COMUNE DI BAIA E LATINA,CASERTA,CAMPANIA,SUD
921842930472659001,COMUNE DI POZZOLENGO,BRESCIA,LOMBARDIA,NORD-OVEST
921942930550317201,COMUNE DI SELARGIUS,CAGLIARI,SARDEGNA,ISOLE
922142929348263902,COMUNE DI DRO,TRENTO,TRENTINO-ALTO ADIGE/SÜDTIROL,NORD-EST
922142930517340901,COMUNE DI CAMPOSANO,NAPOLI,CAMPANIA,SUD
922142930526841101,COMUNE DI DOLCEACQUA,IMPERIA,LIGURIA,NORD-OVEST
922342930469190301,COMUNE DI PONSO,PADOVA,VENETO,NORD-EST
922442930460481302,COMUNE DI BOTTANUCO,BERGAMO,LOMBARDIA,NORD-OVEST
922642930534558601,COMUNE DI ANDEZENO,TORINO,PIEMONTE,NORD-OVEST
922842930454476201,COMUNE DI PIAZZA BREMBANA,BERGAMO,LOMBARDIA,NORD-OVEST
923342930520845202,COMUNE DI MONTECCHIA DI CROSARA,VERONA,VENETO,NORD-EST
923542930532841602,COMUNE DI GUGLIONESI,CAMPOBASSO,MOLISE,SUD
923642929013263801,COMUNE DI CASTEL CAMPAGNANO,CASERTA,CAMPANIA,SUD
923642929649319001,COMUNE DI LURAS,SASSARI,SARDEGNA,ISOLE
923642930464565102,COMUNE DI SAMONE,TRENTO,TRENTINO-ALTO ADIGE/SÜDTIROL,NORD-EST
923742930532311502,COMUNE DI VEDELAGO,TREVISO,VENETO,NORD-EST
923742930549712601,COMUNE DI POGGIOREALE,TRAPANI,SICILIA,ISOLE
924042930457907601,COMUNE DI ROASCHIA,CUNEO,PIEMONTE,NORD-OVEST
924042930534125702,COMUNE DI AMOROSI,BENEVENTO,CAMPANIA,SUD
924042930545163801,COMUNE DI TREVIGNANO ROMANO,ROMA,LAZIO,CENTRO
924142930176829802,COMUNE DI MAGRE' SULLA STRADA DEL VINO,BOLZANO/BOZEN,TRENTINO-ALTO ADIGE/SÜDTIROL,NORD-EST
924442930537866702,COMUNE DI SANT'ANDREA DEL GARIGLIANO,FROSINONE,LAZIO,CENTRO
924742930448499801,COMUNE DI TERNI,TERNI,UMBRIA,CENTRO
924842930521817802,COMUNE DI MONTECALVO IN FOGLIA,PESARO E URBINO,MARCHE,CENTRO
925142930462707702,COMUNE DI SCANNO,L'AQUILA,ABRUZZO,SUD
925142930521019702,COMUNE DI AVEZZANO,L'AQUILA,ABRUZZO,SUD
925142930525855502,COMUNE DI RIESE PIO X,TREVISO,VENETO,NORD-EST
925242930472946001,COMUNE DI GARGNANO,BRESCIA,LOMBARDIA,NORD-OVEST
925342930480199601,COMUNE DI SERRAVALLE A PO,MANTOVA,LOMBARDIA,NORD-OVEST
925442930508489802,COMUNE DI BISACCIA,AVELLINO,CAMPANIA,SUD
925542930447262202,COMUNE DI MONZAMBANO,MANTOVA,LOMBARDIA,NORD-OVEST
925542930462223801,COMUNE DI CESATE,MILANO,LOMBARDIA,NORD-OVEST
925542930542927902,COMUNE DI VALLECORSA,FROSINONE,LAZIO,CENTRO
925642930507931001,COMUNE DI ARNAD,VALLE D'AOSTA/VALLÉE D'AOSTE,VALLE D'AOSTA/VALLÉE D'AOSTE,NORD-OVEST
925642930529789801,COMUNE DI CASEI GEROLA,PAVIA,LOMBARDIA,NORD-OVEST
925742930478150301,COMUNE DI VALDAGNO,VICENZA,VENETO,NORD-EST
926142928130770801,COMUNE DI ANTONIMINA,REGGIO DI CALABRIA,CALABRIA,SUD
926142929531151402,COMUNE DI MONSUMMANO TERME,PISTOIA,TOSCANA,CENTRO
926142930519148602,COMUNE DI MISTERBIANCO,CATANIA,SICILIA,ISOLE
926142930521247202,COMUNE DI CATENANUOVA,ENNA,SICILIA,ISOLE
926242930469504601,COMUNE DI SELLIA,CATANZARO,CALABRIA,SUD
926242930478959302,COMUNE DI SANTOMENNA,SALERNO,CAMPANIA,SUD
926342930528966201,COMUNE DI PALANZANO,PARMA,EMILIA-ROMAGNA,NORD-EST
926542930526227901,COMUNE DI PIOVENE ROCCHETTE,VICENZA,VENETO,NORD-EST
926642929118794501,COMUNE DI ISASCA,CUNEO,PIEMONTE,NORD-OVEST
926642930455989802,COMUNE DI MONTESCANO,PAVIA,LOMBARDIA,NORD-OVEST
926842928979692001,COMUNE DI CENTO,FERRARA,EMILIA-ROMAGNA,NORD-EST
926842930544877601,COMUNE DI PIEDIMULERA,VERBANO-CUSIO-OSSOLA,PIEMONTE,NORD-OVEST
926942930478740102,COMUNE DI VERCANA,COMO,LOMBARDIA,NORD-OVEST
927042930528664701,COMUNE DI NEMBRO,BERGAMO,LOMBARDIA,NORD-OVEST
927142930480317501,COMUNE DI TOIRANO,SAVONA,LIGURIA,NORD-OVEST
927142930546284601,COMUNE DI ENTRATICO,BERGAMO,LOMBARDIA,NORD-OVEST
927242930159107402,COMUNE DI MASCALUCIA,CATANIA,SICILIA,ISOLE
927342928726214702,COMUNE DI COGOLLO DEL CENGIO,VICENZA,VENETO,NORD-EST
927342930526498301,COMUNE DI MERCOGLIANO,AVELLINO,CAMPANIA,SUD
927342930534838401,COMUNE DI BESNATE,VARESE,LOMBARDIA,NORD-OVEST
927442930542870102,COMUNE DI ROCCAFLUVIONE,ASCOLI PICENO,MARCHE,CENTRO
927542930445557601,COMUNE DI GERMIGNAGA,VARESE,LOMBARDIA,NORD-OVEST
927642930476937502,COMUNE DI LANUSEI,NUORO,SARDEGNA,ISOLE
927742930528484302,COMUNE DI PIANO DI SORRENTO,NAPOLI,CAMPANIA,SUD
927742930541695301,COMUNE DI GARLASCO,PAVIA,LOMBARDIA,NORD-OVEST
927842930453178501,COMUNE DI SPIRANO,BERGAMO,LOMBARDIA,NORD-OVEST
927842930459752401,COMUNE DI DUINO-AURISINA,TRIESTE,FRIULI-VENEZIA GIULIA,NORD-EST
927942930457708901,COMUNE DI MONTEMARANO,AVELLINO,CAMPANIA,SUD
928142930460844002,COMUNE DI CAMPOREALE,PALERMO,SICILIA,ISOLE
928242928932525602,COMUNE DI CONCORDIA SAGITTARIA,VENEZIA,VENETO,NORD-EST
928242930479349501,COMUNE DI STROPPIANA,VERCELLI,PIEMONTE,NORD-OVEST
928642928932432602,COMUNE DI CASTEL DI SANGRO,L'AQUILA,ABRUZZO,SUD
928742929613586801,COMUNE DI PETRELLA SALTO,RIETI,LAZIO,CENTRO
928742930455807701,COMUNE DI SALVITELLE,SALERNO,CAMPANIA,SUD
928842930532139901,ROMA CAPITALE,ROMA,LAZIO,CENTRO
928942930531496402,COMUNE DI CANTU',COMO,LOMBARDIA,NORD-OVEST
929042929321017602,COMUNE DI CASTELNUOVO DI GARFAGNANA,LUCCA,TOSCANA,CENTRO
929042930543566302,COMUNE DI MOTTA BALUFFI,CREMONA,LOMBARDIA,NORD-OVEST
929242930464682202,COMUNE DI ANCARANO,TERAMO,ABRUZZO,SUD
929242930542184601,COMUNE DI MOIMACCO,UDINE,FRIULI-VENEZIA GIULIA,NORD-EST
929342930454829702,COMUNE DI VILLANOVA TULO,SUD SARDEGNA,SARDEGNA,ISOLE
929342930526001302,COMUNE DI SAVOCA,MESSINA,SICILIA,ISOLE
929542930516026601,COMUNE DI CASTELFRANCI,AVELLINO,CAMPANIA,SUD
929542930534858701,COMUNE DI CARISIO,VERCELLI,PIEMONTE,NORD-OVEST
929642929389152602,COMUNE DI DEGO,SAVONA,LIGURIA,NORD-OVEST
929642930525318801,COMUNE DI PALLAGORIO,CROTONE,CALABRIA,SUD
929642930528741302,COMUNE DI ROCCAROMANA,CASERTA,CAMPANIA,SUD
929742930465057902,COMUNE DI CARINOLA,CASERTA,CAMPANIA,SUD
929842930458129101,COMUNE DI PALAIA,PISA,TOSCANA,CENTRO
931242930476050402,COMUNE DI PALAZZO PIGNANO,CREMONA,LOMBARDIA,NORD-OVEST
931442930515638602,COMUNE DI CITTA' DELLA PIEVE,PERUGIA,UMBRIA,CENTRO
931742930463661702,COMUNE DI CANISTRO,L'AQUILA,ABRUZZO,SUD
931842930528286902,COMUNE DI PREPOTTO,UDINE,FRIULI-VENEZIA GIULIA,NORD-EST
931942928791257601,COMUNE DI CASTELBELFORTE,MANTOVA,LOMBARDIA,NORD-OVEST
932042927963688202,COMUNE DI BIANCHI,COSENZA,CALABRIA,SUD
932042930457131901,COMUNE DI SOVERIA SIMERI,CATANZARO,CALABRIA,SUD
932042930480780201,COMUNE DI USTICA,PALERMO,SICILIA,ISOLE
932342930459475501,COMUNE DI CASCIA,PERUGIA,UMBRIA,CENTRO
932442928716053102,COMUNE DI BELVEDERE OSTRENSE,ANCONA,MARCHE,CENTRO
932542928932360901,COMUNE DI CURON VENOSTA,BOLZANO/BOZEN,TRENTINO-ALTO ADIGE/SÜDTIROL,NORD-EST
932542930527348602,COMUNE DI MALVAGNA,MESSINA,SICILIA,ISOLE
932642930454303502,COMUNE DI TALEGGIO,BERGAMO,LOMBARDIA,NORD-OVEST
932742930455556601,COMUNE DI CIAMPINO,ROMA,LAZIO,CENTRO
932742930519252302,COMUNE DI MEDEA,GORIZIA,FRIULI-VENEZIA GIULIA,NORD-EST
932942930550179502,COMUNE DI ROCCAVERANO,ASTI,PIEMONTE,NORD-OVEST
933042928956248401,COMUNE DI CABELLA LIGURE,ALESSANDRIA,PIEMONTE,NORD-OVEST
933042930457014801,COMUNE DI OVADA,ALESSANDRIA,PIEMONTE,NORD-OVEST
933142930540993801,COMUNE DI VILLANOVA DI CAMPOSAMPIERO,PADOVA,VENETO,NORD-EST
933242930449161502,COMUNE DI SORMANO,COMO,LOMBARDIA,NORD-OVEST
933242930537963601,COMUNE DI GALEATA,FORLI'-CESENA,EMILIA-ROMAGNA,NORD-EST
933342930525591301,COMUNE DI VALPERGA,TORINO,PIEMONTE,NORD-OVEST
933342930527377502,COMUNE DI SAN PIETRO IN CERRO,PIACENZA,EMILIA-ROMAGNA,NORD-EST
933442930530951801,COMUNE DI CASTELLETTO MERLI,ALESSANDRIA,PIEMONTE,NORD-OVEST
933542929696803401,COMUNE DI FAGNANO ALTO,L'AQUILA,ABRUZZO,SUD
933642930454959501,COMUNE DI VIALE,ASTI,PIEMONTE,NORD-OVEST
933742930472953802,COMUNE DI PRECENICCO,UDINE,FRIULI-VENEZIA GIULIA,NORD-EST
933742930528937901,COMUNE DI PALAGIANELLO,TARANTO,PUGLIA,SUD
933742930538047201,COMUNE DI SANT'ANDREA FRIUS,SUD SARDEGNA,SARDEGNA,ISOLE
933842930474197002,COMUNE DI SPINETE,CAMPOBASSO,MOLISE,SUD
933842930518159301,COMUNE DI DRAGONI,CASERTA,CAMPANIA,SUD
933842930524928301,COMUNE DI PISCIOTTA,SALERNO,CAMPANIA,SUD
933942929839568101,COMUNE DI TAURASI,AVELLINO,CAMPANIA,SUD
933942930509091501,COMUNE DI BARONE CANAVESE,TORINO,PIEMONTE,NORD-OVEST
934142930518525302,COMUNE DI ERBUSCO,BRESCIA,LOMBARDIA,NORD-OVEST
934142930530981902,COMUNE DI SARMEDE,TREVISO,VENETO,NORD-EST
934342930531028502,COMUNE DI BOZZOLO,MANTOVA,LOMBARDIA,NORD-OVEST
934542929155433302,COMUNE DI LIVORNO FERRARIS,VERCELLI,PIEMONTE,NORD-OVEST
934542930517681201,COMUNE DI GOVONE,CUNEO,PIEMONTE,NORD-OVEST
934642930477461301,COMUNE DI REANA DEL ROJALE,UDINE,FRIULI-VENEZIA GIULIA,NORD-EST
935142930463786502,COMUNE DI CASALETTO LODIGIANO,LODI,LOMBARDIA,NORD-OVEST
935142930541222702,COMUNE DI NOICATTARO,BARI,PUGLIA,SUD
935242930460078602,COMUNE DI CARPENEDOLO,BRESCIA,LOMBARDIA,NORD-OVEST
935342927959101101,COMUNE DI BONASSOLA,LA SPEZIA,LIGURIA,NORD-OVEST
935442928592643802,COMUNE DI BORETTO,REGGIO NELL'EMILIA,EMILIA-ROMAGNA,NORD-EST
935642930452402301,COMUNE DI SOMANO,CUNEO,PIEMONTE,NORD-OVEST
935642930515567401,COMUNE DI CANDIDA,AVELLINO,CAMPANIA,SUD
935742930520382601,COMUNE DI CHIESANUOVA,TORINO,PIEMONTE,NORD-OVEST
935742930541781601,COMUNE DI GUARDIA SANFRAMONDI,BENEVENTO,CAMPANIA,SUD
935842928811545302,COMUNE DI MAIDA,CATANZARO,CALABRIA,SUD
935842930460463801,COMUNE DI SANDRIGO,VICENZA,VENETO,NORD-EST
935842930534066701,COMUNE DI BOLOGNA,BOLOGNA,EMILIA-ROMAGNA,NORD-EST
935942929514180801,COMUNE DI MASSA LUBRENSE,NAPOLI,CAMPANIA,SUD
936042930546719001,COMUNE DI MARANO PRINCIPATO,COSENZA,CALABRIA,SUD
936142930476343402,COMUNE DI PATERNOPOLI,AVELLINO,CAMPANIA,SUD
936342930527599201,COMUNE DI MONTAIONE,FIRENZE,TOSCANA,CENTRO
936442930525946601,COMUNE DI VILLA D'OGNA,BERGAMO,LOMBARDIA,NORD-OVEST
936542930457068901,COMUNE DI SAN MARTINO DI VENEZZE,ROVIGO,VENETO,NORD-EST
936642930544230002,COMUNE DI GROMO,BERGAMO,LOMBARDIA,NORD-OVEST
936842930526253202,COMUNE DI PONTOGLIO,BRESCIA,LOMBARDIA,NORD-OVEST
936942930523966801,COMUNE DI SCENA,BOLZANO/BOZEN,TRENTINO-ALTO ADIGE/SÜDTIROL,NORD-EST
937042930527302401,COMUNE DI VITTORIO VENETO,TREVISO,VENETO,NORD-EST
937142930544141601,COMUNE DI LEINI,TORINO,PIEMONTE,NORD-OVEST
937342929197877702,COMUNE DI CASTELLUCCIO DEI SAURI,FOGGIA,PUGLIA,SUD
937342930480526801,COMUNE DI PIODE,VERCELLI,PIEMONTE,NORD-OVEST
937442928855459801,COMUNE DI DURAZZANO,BENEVENTO,CAMPANIA,SUD
937442930453112102,COMUNE DI GOSALDO,BELLUNO,VENETO,NORD-EST
937442930475637001,COMUNE DI ROBBIO,PAVIA,LOMBARDIA,NORD-OVEST
937442930516024602,COMUNE DI LIBERI,CASERTA,CAMPANIA,SUD
937442930542739702,COMUNE DI FORMIGLIANA,VERCELLI,PIEMONTE,NORD-OVEST
937542930526897101,COMUNE DI OLIVETTA SAN MICHELE,IMPERIA,LIGURIA,NORD-OVEST
937542930526985101,COMUNE DI MONTELEPRE,PALERMO,SICILIA,ISOLE
937642930454191101,COMUNE DI LEQUIO BERRIA,CUNEO,PIEMONTE,NORD-OVEST
937642930473170801,COMUNE DI LORENZAGO DI CADORE,BELLUNO,VENETO,NORD-EST
937742928592898001,COMUNE DI CASTIGLIONE DEI PEPOLI,BOLOGNA,EMILIA-ROMAGNA,NORD-EST
937842930459924202,COMUNE DI VILLAROMAGNANO,ALESSANDRIA,PIEMONTE,NORD-OVEST
937842930461638902,COMUNE DI PARELLA,TORINO,PIEMONTE,NORD-OVEST
938142930515723001,COMUNE DI FOMBIO,LODI,LOMBARDIA,NORD-OVEST
938142930526940802,COMUNE DI TAGLIACOZZO,L'AQUILA,ABRUZZO,SUD
938242928197772002,COMUNE DI CASTELLANA SICULA,PALERMO,SICILIA,ISOLE
938342929816265001,COMUNE DI MARRADI,FIRENZE,TOSCANA,CENTRO
938442930454105402,COMUNE DI PEVERAGNO,CUNEO,PIEMONTE,NORD-OVEST
938542930462120901,COMUNE DI MEZZANA BIGLI,PAVIA,LOMBARDIA,NORD-OVEST
938742930518999702,COMUNE DI FERRERE,ASTI,PIEMONTE,NORD-OVEST
938842930474976401,COMUNE DI PALAZZOLO DELLO STELLA,UDINE,FRIULI-VENEZIA GIULIA,NORD-EST
938842930543152902,COMUNE DI MONTORIO AL VOMANO,TERAMO,ABRUZZO,SUD
939042930548332801,COMUNE DI SAN SIRO,COMO,LOMBARDIA,NORD-OVEST
939242930446771801,COMUNE DI MAGISANO,CATANZARO,CALABRIA,SUD
939242930479992301,COMUNE DI SAN CLEMENTE,RIMINI,EMILIA-ROMAGNA,NORD-EST
939242930509041702,COMUNE DI BERTIOLO,UDINE,FRIULI-VENEZIA GIULIA,NORD-EST
939242930548211701,COMUNE DI USMATE VELATE,MONZA E DELLA BRIANZA,LOMBARDIA,NORD-OVEST
939242930548652701,COMUNE DI SAN LEUCIO DEL SANNIO,BENEVENTO,CAMPANIA,SUD
939342929765966202,COMUNE DI FOIANO DELLA CHIANA,AREZZO,TOSCANA,CENTRO
939342930473934202,COMUNE DI MAENZA,LATINA,LAZIO,CENTRO
939342930523241902,COMUNE DI GAVOI,NUORO,SARDEGNA,ISOLE
939442930452957201,COMUNE DI SCANDRIGLIA,RIETI,LAZIO,CENTRO
939442930528608801,COMUNE DI PIANFEI,CUNEO,PIEMONTE,NORD-OVEST
939542930451272102,COMUNE DI MONTECCHIO EMILIA,REGGIO NELL'EMILIA,EMILIA-ROMAGNA,NORD-EST
939642930451471602,COMUNE DI SUNI,ORISTANO,SARDEGNA,ISOLE
939842929704106701,COMUNE DI CIMITILE,NAPOLI,CAMPANIA,SUD
939842930507810401,COMUNE DI BEDIZZOLE,BRESCIA,LOMBARDIA,NORD-OVEST
939842930517522401,COMUNE DI CASTELLEONE DI SUASA,ANCONA,MARCHE,CENTRO
939942930476165701,COMUNE DI LAURIANO,TORINO,PIEMONTE,NORD-OVEST
939942930542289402,COMUNE DI PACIANO,PERUGIA,UMBRIA,CENTRO
941142930534431501,COMUNE DI AMASENO,FROSINONE,LAZIO,CENTRO
941142930545872602,COMUNE DI PORDENONE,PORDENONE,FRIULI-VENEZIA GIULIA,NORD-EST
941142930548990301,COMUNE DI SAN COSMO ALBANESE,COSENZA,CALABRIA,SUD
941242930474424202,COMUNE DI MONTORSO VICENTINO,VICENZA,VENETO,NORD-EST
941342930461458301,COMUNE DI CLAINO CON OSTENO,COMO,LOMBARDIA,NORD-OVEST
941442930479692801,COMUNE DI SANTA TERESA GALLURA,SASSARI,SARDEGNA,ISOLE
941542928255482301,COMUNE DI COLOGNE,BRESCIA,LOMBARDIA,NORD-OVEST
941542930462060502,COMUNE DI MONTEFORTE CILENTO,SALERNO,CAMPANIA,SUD
941542930470118401,COMUNE DI ZOLLINO,LECCE,PUGLIA,SUD
941542930529255201,COMUNE DI ROSA',VICENZA,VENETO,NORD-EST
941942927910731901,COMUNE DI ARNASCO,SAVONA,LIGURIA,NORD-OVEST
941942930461589102,COMUNE DI SANDIGLIANO,BIELLA,PIEMONTE,NORD-OVEST
942042930032274901,COMUNE DI AVIATICO,BERGAMO,LOMBARDIA,NORD-OVEST
942142930447592902,COMUNE DI PIURO,SONDRIO,LOMBARDIA,NORD-OVEST
942342930518833601,COMUNE DI CICONIO,TORINO,PIEMONTE,NORD-OVEST
942442930453329401,COMUNE DI BOARA PISANI,PADOVA,VENETO,NORD-EST
942442930457807202,COMUNE DI PREDORE,BERGAMO,LOMBARDIA,NORD-OVEST
942442930460632602,COMUNE DI CASALMORANO,CREMONA,LOMBARDIA,NORD-OVEST
942642929012902302,COMUNE DI RAVEO,UDINE,FRIULI-VENEZIA GIULIA,NORD-EST
942742930466822802,COMUNE DI SOLARO,MILANO,LOMBARDIA,NORD-OVEST
942742930519720902,COMUNE DI GONZAGA,MANTOVA,LOMBARDIA,NORD-OVEST
942842930477915801,COMUNE DI QUINDICI,AVELLINO,CAMPANIA,SUD
942942930547137602,COMUNE DI SANTO STEFANO DI ROGLIANO,COSENZA,CALABRIA,SUD
943142930509444401,COMUNE DI CASTELNOVO NE' MONTI,REGGIO NELL'EMILIA,EMILIA-ROMAGNA,NORD-EST
943342930509329501,COMUNE DI BURGIO,AGRIGENTO,SICILIA,ISOLE
943342930544199401,COMUNE DI CERRO MAGGIORE,MILANO,LOMBARDIA,NORD-OVEST
943542930464139501,COMUNE DI AGNA,PADOVA,VENETO,NORD-EST
943642930479213902,COMUNE DI TIRES,BOLZANO/BOZEN,TRENTINO-ALTO ADIGE/SÜDTIROL,NORD-EST
943742928087871102,COMUNE DI CHIONS,PORDENONE,FRIULI-VENEZIA GIULIA,NORD-EST
943842930529052702,COMUNE DI SAN VITO DI LEGUZZANO,VICENZA,VENETO,NORD-EST
944142930542121701,COMUNE DI MARANO EQUO,ROMA,LAZIO,CENTRO
944242930342578102,COMUNE DI CAPOLONA,AREZZO,TOSCANA,CENTRO
944242930445392502,COMUNE DI GERGEI,SUD SARDEGNA,SARDEGNA,ISOLE
944242930472298301,COMUNE DI OGGIONA CON SANTO STEFANO,VARESE,LOMBARDIA,NORD-OVEST
944242930474047102,COMUNE DI TRIBIANO,MILANO,LOMBARDIA,NORD-OVEST
944442930542017101,COMUNE DI GARZENO,COMO,LOMBARDIA,NORD-OVEST
944542930529336601,COMUNE DI RIVA LIGURE,IMPERIA,LIGURIA,NORD-OVEST
944642929346227102,COMUNE DI COLLEDIMACINE,CHIETI,ABRUZZO,SUD
944742930546665502,COMUNE DI GAZZUOLO,MANTOVA,LOMBARDIA,NORD-OVEST
944842930465235601,COMUNE DI CANNETO SULL'OGLIO,MANTOVA,LOMBARDIA,NORD-OVEST
944942930520025202,COMUNE DI CASTREZZATO,BRESCIA,LOMBARDIA,NORD-OVEST
944942930538226902,COMUNE DI PONTASSIEVE,FIRENZE,TOSCANA,CENTRO
945242930518057601,COMUNE DI FERRERA DI VARESE,VARESE,LOMBARDIA,NORD-OVEST
945342928042164101,COMUNE DI BARNI,COMO,LOMBARDIA,NORD-OVEST
945442930461182102,COMUNE DI TERMOLI,CAMPOBASSO,MOLISE,SUD
945442930518184901,COMUNE DI DOVERA,CREMONA,LOMBARDIA,NORD-OVEST
945542930463901201,COMUNE DI ALIFE,CASERTA,CAMPANIA,SUD
945542930546254701,COMUNE DI MALFA,MESSINA,SICILIA,ISOLE
945642930159053002,COMUNE DI DORZANO,BIELLA,PIEMONTE,NORD-OVEST
945642930478660402,COMUNE DI USSANA,SUD SARDEGNA,SARDEGNA,ISOLE
945842930451087302,COMUNE DI TORLINO VIMERCATI,CREMONA,LOMBARDIA,NORD-OVEST
945842930476731902,COMUNE DI CASTRONNO,VARESE,LOMBARDIA,NORD-OVEST
945942930521806602,COMUNE DI MONTECAROTTO,ANCONA,MARCHE,CENTRO
945942930526366102,COMUNE DI MERCALLO,VARESE,LOMBARDIA,NORD-OVEST
946042930519863902,COMUNE DI MENDATICA,IMPERIA,LIGURIA,NORD-OVEST
946142930477236001,COMUNE DI MAREBBE,BOLZANO/BOZEN,TRENTINO-ALTO ADIGE/SÜDTIROL,NORD-EST
946242930509212701,COMUNE DI CASTEL MORRONE,CASERTA,CAMPANIA,SUD
946242930531513302,COMUNE DI BAGNOLO DEL SALENTO,LECCE,PUGLIA,SUD
946542930465158901,COMUNE DI CALIZZANO,SAVONA,LIGURIA,NORD-OVEST
946842930473857801,COMUNE DI NIELLA TANARO,CUNEO,PIEMONTE,NORD-OVEST
946842930476230701,COMUNE DI POGGIODOMO,PERUGIA,UMBRIA,CENTRO
946942930530661002,COMUNE DI BASSANO IN TEVERINA,VITERBO,LAZIO,CENTRO
946942930537237702,COMUNE DI VICALVI,FROSINONE,LAZIO,CENTRO
947242930475971002,COMUNE DI PADULI,BENEVENTO,CAMPANIA,SUD
947842930527354601,COMUNE DI VICOPISANO,PISA,TOSCANA,CENTRO
947942930473102701,COMUNE DI POZZUOLO MARTESANA,MILANO,LOMBARDIA,NORD-OVEST
948042930467962102,COMUNE DI RUVIANO,CASERTA,CAMPANIA,SUD
948042930532359001,COMUNE DI ALLEGHE,BELLUNO,VENETO,NORD-EST
948042930532892601,COMUNE DI CASSINETTA DI LUGAGNANO,MILANO,LOMBARDIA,NORD-OVEST
948142930480739001,COMUNE DI SCURELLE,TRENTO,TRENTINO-ALTO ADIGE/SÜDTIROL,NORD-EST
948242930452569402,COMUNE DI GORGONZOLA,MILANO,LOMBARDIA,NORD-OVEST
948442928758016001,COMUNE DI GROTTE DI CASTRO,VITERBO,LAZIO,CENTRO
948442930476324001,COMUNE DI SANT'ANGELO DI BROLO,MESSINA,SICILIA,ISOLE
948442930547843002,COMUNE DI VALLEDORIA,SASSARI,SARDEGNA,ISOLE
948542930465223801,COMUNE DI CORTENOVA,LECCO,LOMBARDIA,NORD-OVEST
948642930510240601,COMUNE DI ALTOFONTE,PALERMO,SICILIA,ISOLE
948842930479969002,COMUNE DI VALMOREA,COMO,LOMBARDIA,NORD-OVEST
948942928932458401,COMUNE DI GROSOTTO,SONDRIO,LOMBARDIA,NORD-OVEST
948942930516425501,COMUNE DI CAVOUR,TORINO,PIEMONTE,NORD-OVEST
949042929022389002,COMUNE DI CARRO,LA SPEZIA,LIGURIA,NORD-OVEST
949042930521017201,COMUNE DI LUCCA SICULA,AGRIGENTO,SICILIA,ISOLE
949142930529305901,COMUNE DI ROVEREDO DI GUA',VERONA,VENETO,NORD-EST
949242930460437801,COMUNE DI COLLE DI VAL D'ELSA,SIENA,TOSCANA,CENTRO
949242930517862002,COMUNE DI FABRO,TERNI,UMBRIA,CENTRO
949342930517533902,COMUNE DI POGGIO SANNITA,ISERNIA,MOLISE,SUD
949442930530844502,COMUNE DI CASARZA LIGURE,GENOVA,LIGURIA,NORD-OVEST
949642930473528401,COMUNE DI MILIS,ORISTANO,SARDEGNA,ISOLE
949642930475075602,COMUNE DI FORTUNAGO,PAVIA,LOMBARDIA,NORD-OVEST
949742930475932202,COMUNE DI CERRETTO LANGHE,CUNEO,PIEMONTE,NORD-OVEST
951142930454404802,COMUNE DI DOBERDO' DEL LAGO,GORIZIA,FRIULI-VENEZIA GIULIA,NORD-EST
951242930522972602,COMUNE DI ARGUELLO,CUNEO,PIEMONTE,NORD-OVEST
951342930534067702,COMUNE DI ALZANO LOMBARDO,BERGAMO,LOMBARDIA,NORD-OVEST
951642928153700201,COMUNE DI AIDONE,ENNA,SICILIA,ISOLE
951642930545898901,COMUNE DI PAULILATINO,ORISTANO,SARDEGNA,ISOLE
951742930547731801,COMUNE DI SANTA CROCE SULL'ARNO,PISA,TOSCANA,CENTRO
951742930548683601,COMUNE DI SAN LEONARDO,UDINE,FRIULI-VENEZIA GIULIA,NORD-EST
951842928005351602,COMUNE DI CASALMAGGIORE,CREMONA,LOMBARDIA,NORD-OVEST
951842930480654401,COMUNE DI SAN GIUSTINO,PERUGIA,UMBRIA,CENTRO
951942930531831401,COMUNE DI MESENZANA,VARESE,LOMBARDIA,NORD-OVEST
952042930529873001,COMUNE DI CIPRESSA,IMPERIA,LIGURIA,NORD-OVEST
952042930534458201,COMUNE DI AMARO,UDINE,FRIULI-VENEZIA GIULIA,NORD-EST
952342928832402902,COMUNE DI BOCA,NOVARA,PIEMONTE,NORD-OVEST
952442930522661301,COMUNE DI MONTECASTELLO,ALESSANDRIA,PIEMONTE,NORD-OVEST
952642930466446201,COMUNE DI VINCHIATURO,CAMPOBASSO,MOLISE,SUD
952742930519006401,COMUNE DI MELARA,ROVIGO,VENETO,NORD-EST
953042930474364501,COMUNE DI POLINO,TERNI,UMBRIA,CENTRO
953042930529477401,COMUNE DI SAN MICHELE DI GANZARIA,CATANIA,SICILIA,ISOLE
953142930462837201,COMUNE DI VERANO,BOLZANO/BOZEN,TRENTINO-ALTO ADIGE/SÜDTIROL,NORD-EST
953242930538614501,COMUNE DI SCURZOLENGO,ASTI,PIEMONTE,NORD-OVEST
953342930524863801,COMUNE DI RICALDONE,ALESSANDRIA,PIEMONTE,NORD-OVEST
953442930451189902,COMUNE DI PALMANOVA,UDINE,FRIULI-VENEZIA GIULIA,NORD-EST
953442930515440001,COMUNE DI GUIDONIA MONTECELIO,ROMA,LAZIO,CENTRO
953542930454383101,COMUNE DI PERCILE,ROMA,LAZIO,CENTRO
953542930455845302,COMUNE DI MONTECILFONE,CAMPOBASSO,MOLISE,SUD
953642930540523101,COMUNE DI TRAREGO VIGGIONA,VERBANO-CUSIO-OSSOLA,PIEMONTE,NORD-OVEST
953942930458602702,COMUNE DI SAN PROCOPIO,REGGIO DI CALABRIA,CALABRIA,SUD
954042930521132401,COMUNE DI CUMIANA,TORINO,PIEMONTE,NORD-OVEST
954142930453395402,COMUNE DI SATRIANO DI LUCANIA,POTENZA,BASILICATA,SUD
954242929843369301,COMUNE DI CASTRO DEI VOLSCI,FROSINONE,LAZIO,CENTRO
954242930528200102,COMUNE DI SAMASSI,SUD SARDEGNA,SARDEGNA,ISOLE
954342930467802401,COMUNE DI VITA,TRAPANI,SICILIA,ISOLE
954442930547976801,COMUNE DI CASTROCARO TERME E TERRA DEL SOLE,FORLI'-CESENA,EMILIA-ROMAGNA,NORD-EST
954542930452237002,COMUNE DI TERRANOVA DA SIBARI,COSENZA,CALABRIA,SUD
954542930480346202,COMUNE DI SAN RUFO,SALERNO,CAMPANIA,SUD
954542930546452101,COMUNE DI OSIO SOTTO,BERGAMO,LOMBARDIA,NORD-OVEST
955342928159200301,COMUNE DI ALGHERO,SASSARI,SARDEGNA,ISOLE
955342930473324302,COMUNE DI SAN FERDINANDO DI PUGLIA,BARLETTA-ANDRIA-TRANI,PUGLIA,SUD
955542930480227901,COMUNE DI TOCCO DA CASAURIA,PESCARA,ABRUZZO,SUD
955642930531170101,COMUNE DI CASALOLDO,MANTOVA,LOMBARDIA,NORD-OVEST
955742930539644702,COMUNE DI VALENZANO,BARI,PUGLIA,SUD
956042929141354202,COMUNE DI BARIANO,BERGAMO,LOMBARDIA,NORD-OVEST
956142929309425801,COMUNE DI COMUNANZA,ASCOLI PICENO,MARCHE,CENTRO
956342930479677001,COMUNE DI SAN ZENONE AL PO,PAVIA,LOMBARDIA,NORD-OVEST
956542930473319301,COMUNE DI GARLATE,LECCO,LOMBARDIA,NORD-OVEST
956542930525395202,COMUNE DI ONETA,BERGAMO,LOMBARDIA,NORD-OVEST
956542930541439401,COMUNE DI MOMBASIGLIO,CUNEO,PIEMONTE,NORD-OVEST
956842930450876002,COMUNE DI SAN MICHELE SALENTINO,BRINDISI,PUGLIA,SUD
956842930527651202,COMUNE DI MONTESPERTOLI,FIRENZE,TOSCANA,CENTRO
956842930532920901,COMUNE DI CORROPOLI,TERAMO,ABRUZZO,SUD
956942928043638902,COMUNE DI BIENTINA,PISA,TOSCANA,CENTRO
956942930479612601,COMUNE DI PONTEDASSIO,IMPERIA,LIGURIA,NORD-OVEST
956942930526853301,COMUNE DI LUOGOSANO,AVELLINO,CAMPANIA,SUD
957142930548126201,COMUNE DI ZOPPOLA,PORDENONE,FRIULI-VENEZIA GIULIA,NORD-EST
957442930455747502,COMUNE DI MONTALBANO JONICO,MATERA,BASILICATA,SUD
957642928954607202,COMUNE DI COLERE,BERGAMO,LOMBARDIA,NORD-OVEST
957842930530259601,COMUNE DI BARGA,LUCCA,TOSCANA,CENTRO
957942930479052102,COMUNE DI SAN LORENZELLO,BENEVENTO,CAMPANIA,SUD
958242930542525701,COMUNE DI OSPITALETTO,BRESCIA,LOMBARDIA,NORD-OVEST
958442930462254801,COMUNE DI CESARA,VERBANO-CUSIO-OSSOLA,PIEMONTE,NORD-OVEST
958542928258080802,COMUNE DI BREDA DI PIAVE,TREVISO,VENETO,NORD-EST
958742930518895201,COMUNE DI CASTELBUONO,PALERMO,SICILIA,ISOLE
958942930527515102,COMUNE DI NONANTOLA,MODENA,EMILIA-ROMAGNA,NORD-EST
959042930526136701,COMUNE DI QUARNA SOPRA,VERBANO-CUSIO-OSSOLA,PIEMONTE,NORD-OVEST
959442930546133502,COMUNE DI CORIGLIANO D'OTRANTO,LECCE,PUGLIA,SUD
959742930537123502,COMUNE DI ROMBIOLO,VIBO VALENTIA,CALABRIA,SUD
959942930543369201,COMUNE DI ORTA SAN GIULIO,NOVARA,PIEMONTE,NORD-OVEST
961142930351069302,COMUNE DI CAPRIATA D'ORBA,ALESSANDRIA,PIEMONTE,NORD-OVEST
961142930461546202,COMUNE DI CARAVINO,TORINO,PIEMONTE,NORD-OVEST
961142930517747501,COMUNE DI INTRAGNA,VERBANO-CUSIO-OSSOLA,PIEMONTE,NORD-OVEST
961242930455161301,COMUNE DI OLLOMONT,VALLE D'AOSTA/VALLÉE D'AOSTE,VALLE D'AOSTA/VALLÉE D'AOSTE,NORD-OVEST
961242930464261901,COMUNE DI BAGNARA DI ROMAGNA,RAVENNA,EMILIA-ROMAGNA,NORD-EST
961442930467759901,COMUNE DI ZECCONE,PAVIA,LOMBARDIA,NORD-OVEST
961442930518773602,COMUNE DI FRATTA POLESINE,ROVIGO,VENETO,NORD-EST
961442930532689401,COMUNE DI GANDELLINO,BERGAMO,LOMBARDIA,NORD-OVEST
961542929346340301,COMUNE DI CAIRANO,AVELLINO,CAMPANIA,SUD
961942929839471701,COMUNE DI GROTTAGLIE,TARANTO,PUGLIA,SUD
961942930515553502,COMUNE DI MONTEREALE,L'AQUILA,ABRUZZO,SUD
962142930530993302,COMUNE DI CAMPORA,SALERNO,CAMPANIA,SUD
962342930452810602,COMUNE DI SANTA MARIA CAPUA VETERE,CASERTA,CAMPANIA,SUD
962342930468882301,COMUNE DI PONCARALE,BRESCIA,LOMBARDIA,NORD-OVEST
962342930508053501,COMUNE DI CALVANICO,SALERNO,CAMPANIA,SUD
962442928210611301,COMUNE DI CASSANO IRPINO,AVELLINO,CAMPANIA,SUD
962542930463322701,COMUNE DI OPPIDO MAMERTINA,REGGIO DI CALABRIA,CALABRIA,SUD
962642930469208602,COMUNE DI SAN STINO DI LIVENZA,VENEZIA,VENETO,NORD-EST
962742929456836401,COMUNE DI NOVATE MILANESE,MILANO,LOMBARDIA,NORD-OVEST
962842930531880501,COMUNE DI BUSSETO,PARMA,EMILIA-ROMAGNA,NORD-EST
962942927979853501,COMUNE DI BERGEGGI,SAVONA,LIGURIA,NORD-OVEST
962942930460668301,COMUNE DI CUASSO AL MONTE,VARESE,LOMBARDIA,NORD-OVEST
963042930532763301,COMUNE DI CANALE D'AGORDO,BELLUNO,VENETO,NORD-EST
963342928043761402,COMUNE DI BERNALDA,MATERA,BASILICATA,SUD
963342930518326502,COMUNE DI MISANO DI GERA D'ADDA,BERGAMO,LOMBARDIA,NORD-OVEST
963442928683947202,COMUNE DI CAPRANICA PRENESTINA,ROMA,LAZIO,CENTRO
963442930510408502,COMUNE DI BARZANO',LECCO,LOMBARDIA,NORD-OVEST
963442930516942101,COMUNE DI COSTIGLIOLE D'ASTI,ASTI,PIEMONTE,NORD-OVEST
963642929658219501,COMUNE DI FOSSOMBRONE,PESARO E URBINO,MARCHE,CENTRO
963642930509821701,COMUNE DI ANZIO,ROMA,LAZIO,CENTRO
963742930449124201,COMUNE DI ROCCA MASSIMA,LATINA,LAZIO,CENTRO
963842930450989202,COMUNE DI SAPONARA,MESSINA,SICILIA,ISOLE
963842930527426602,COMUNE DI MARIGLIANO,NAPOLI,CAMPANIA,SUD
963842930531766301,COMUNE DI CARAVONICA,IMPERIA,LIGURIA,NORD-OVEST
963842930546998002,COMUNE DI SANTA VITTORIA D'ALBA,CUNEO,PIEMONTE,NORD-OVEST
963942930460038501,COMUNE DI BAGNOLI IRPINO,AVELLINO,CAMPANIA,SUD
964042930464943902,COMUNE DI CARPINETO SINELLO,CHIETI,ABRUZZO,SUD
964142930516904502,COMUNE DI CASACANDITELLA,CHIETI,ABRUZZO,SUD
964142930517458502,COMUNE DI LOMAZZO,COMO,LOMBARDIA,NORD-OVEST
964242930529017801,COMUNE DI MONTALTO PAVESE,PAVIA,LOMBARDIA,NORD-OVEST
964342930516445401,COMUNE DI IRMA,BRESCIA,LOMBARDIA,NORD-OVEST
964442930451204401,COMUNE DI SANT'ANGELO LODIGIANO,LODI,LOMBARDIA,NORD-OVEST
964442930468841802,COMUNE DI SANTA CATERINA ALBANESE,COSENZA,CALABRIA,SUD
964442930516029901,COMUNE DI CASOLA IN LUNIGIANA,MASSA-CARRARA,TOSCANA,CENTRO
964542930534829601,COMUNE DI CALICE AL CORNOVIGLIO,LA SPEZIA,LIGURIA,NORD-OVEST
964642930447303601,COMUNE DI SCHIAVI DI ABRUZZO,CHIETI,ABRUZZO,SUD
964642930508199002,COMUNE DI BELLARIA-IGEA MARINA,RIMINI,EMILIA-ROMAGNA,NORD-EST
964742928265489001,COMUNE DI AGORDO,BELLUNO,VENETO,NORD-EST
965042930523449702,COMUNE DI MONTEROSSO GRANA,CUNEO,PIEMONTE,NORD-OVEST
965042930527584901,COMUNE DI OTTOBIANO,PAVIA,LOMBARDIA,NORD-OVEST
965242930478938802,COMUNE DI SANT'ANASTASIA,NAPOLI,CAMPANIA,SUD
965242930545341502,COMUNE DI AZZANO D'ASTI,ASTI,PIEMONTE,NORD-OVEST
965442929269076802,COMUNE DI BORGO VALSUGANA,TRENTO,TRENTINO-ALTO ADIGE/SÜDTIROL,NORD-EST
965442930466459402,COMUNE DI ZENSON DI PIAVE,TREVISO,VENETO,NORD-EST
965542930518402902,COMUNE DI DAVOLI,CATANZARO,CALABRIA,SUD
965542930519327801,COMUNE DI PANETTIERI,COSENZA,CALABRIA,SUD
965642930507931901,COMUNE DI AROLA,VERBANO-CUSIO-OSSOLA,PIEMONTE,NORD-OVEST
965642930550576402,COMUNE DI VIGLIANO BIELLESE,BIELLA,PIEMONTE,NORD-OVEST
965842930462978301,COMUNE DI PIATTO,BIELLA,PIEMONTE,NORD-OVEST
965942930456290901,COMUNE DI PESCO SANNITA,BENEVENTO,CAMPANIA,SUD
965942930479991401,COMUNE DI PIETRARUBBIA,PESARO E URBINO,MARCHE,CENTRO
966042930523863102,COMUNE DI CHIAVARI,GENOVA,LIGURIA,NORD-OVEST
966242930458293601,COMUNE DI LARDIRAGO,PAVIA,LOMBARDIA,NORD-OVEST
966242930507778301,COMUNE DI BITONTO,BARI,PUGLIA,SUD
966242930537487801,COMUNE DI RANZANICO,BERGAMO,LOMBARDIA,NORD-OVEST
966542930452374102,COMUNE DI PONTREMOLI,MASSA-CARRARA,TOSCANA,CENTRO
966642930509129402,COMUNE DI CASSANO D'ADDA,MILANO,LOMBARDIA,NORD-OVEST
966842930546828601,COMUNE DI MACOMER,NUORO,SARDEGNA,ISOLE
967142930464488001,COMUNE DI DELLO,BRESCIA,LOMBARDIA,NORD-OVEST
967142930547103301,COMUNE DI SAN GIOVANNI LUPATOTO,VERONA,VENETO,NORD-EST
967242930460534302,COMUNE DI CROTTA D'ADDA,CREMONA,LOMBARDIA,NORD-OVEST
967242930472745001,COMUNE DI OSASIO,TORINO,PIEMONTE,NORD-OVEST
967342930528042701,COMUNE DI MANCIANO,GROSSETO,TOSCANA,CENTRO
967442930520025701,COMUNE DI MAPELLO,BERGAMO,LOMBARDIA,NORD-OVEST
967842930463013002,COMUNE DI CORNATE D'ADDA,MONZA E DELLA BRIANZA,LOMBARDIA,NORD-OVEST
967842930542203001,COMUNE DI POLLENZA,MACERATA,MARCHE,CENTRO
968142930475744302,COMUNE DI FILOGASO,VIBO VALENTIA,CALABRIA,SUD
968142930477114302,COMUNE DI ISSO,BERGAMO,LOMBARDIA,NORD-OVEST
968242930522030001,COMUNE DI MASER,TREVISO,VENETO,NORD-EST
968342930475811501,COMUNE DI CIVITELLA MESSER RAIMONDO,CHIETI,ABRUZZO,SUD
968442930465095302,COMUNE DI BEVERINO,LA SPEZIA,LIGURIA,NORD-OVEST
968542930461923801,COMUNE DI CALDERARA DI RENO,BOLOGNA,EMILIA-ROMAGNA,NORD-EST
968542930529489202,COMUNE DI STREGNA,UDINE,FRIULI-VENEZIA GIULIA,NORD-EST
968542930532377101,COMUNE DI ALLISTE,LECCE,PUGLIA,SUD
968642930464498502,COMUNE DI TRICERRO,VERCELLI,PIEMONTE,NORD-OVEST
968742929476694201,COMUNE DI CERVASCA,CUNEO,PIEMONTE,NORD-OVEST
969142928602042001,COMUNE DI CASTIGLIONE MESSER MARINO,CHIETI,ABRUZZO,SUD
969242930522298301,COMUNE DI MOTTEGGIANA,MANTOVA,LOMBARDIA,NORD-OVEST
969342930519945302,COMUNE DI NUVOLERA,BRESCIA,LOMBARDIA,NORD-OVEST
969342930533498502,COMUNE DI BARBARANO ROMANO,VITERBO,LAZIO,CENTRO
969442928865184902,COMUNE DI CASALBORDINO,CHIETI,ABRUZZO,SUD
969542928213898601,COMUNE DI AGNANA CALABRA,REGGIO DI CALABRIA,CALABRIA,SUD
969742930530626001,COMUNE DI BIVONGI,REGGIO DI CALABRIA,CALABRIA,SUD
969842930524830001,COMUNE DI SANT'EUFEMIA A MAIELLA,PESCARA,ABRUZZO,SUD
969942930469259302,COMUNE DI VALDIERI,CUNEO,PIEMONTE,NORD-OVEST
971242930533584501,COMUNE DI ADRARA SAN ROCCO,BERGAMO,LOMBARDIA,NORD-OVEST
971542930543396901,COMUNE DI PERLOZ,VALLE D'AOSTA/VALLÉE D'AOSTE,VALLE D'AOSTA/VALLÉE D'AOSTE,NORD-OVEST
971642930528796401,COMUNE DI SORGONO,NUORO,SARDEGNA,ISOLE
971842928119434301,COMUNE DI CREMOSANO,CREMONA,LOMBARDIA,NORD-OVEST
971942930462817402,COMUNE DI PIANTEDO,SONDRIO,LOMBARDIA,NORD-OVEST
972142930534486401,COMUNE DI COLLE SANTA LUCIA,BELLUNO,VENETO,NORD-EST
972242930466527502,COMUNE DI ZACCANOPOLI,VIBO VALENTIA,CALABRIA,SUD
972342930456637902,COMUNE DI SICULIANA,AGRIGENTO,SICILIA,ISOLE
972442930463760402,COMUNE DI ALIMENA,PALERMO,SICILIA,ISOLE
972542928779048802,COMUNE DI NURAGUS,SUD SARDEGNA,SARDEGNA,ISOLE
972642928168076602,COMUNE DI ALFIANO NATTA,ALESSANDRIA,PIEMONTE,NORD-OVEST
972842930545512801,COMUNE DI CAZZAGO SAN MARTINO,BRESCIA,LOMBARDIA,NORD-OVEST
973142930549041502,COMUNE DI VALGREGHENTINO,LECCO,LOMBARDIA,NORD-OVEST
973242930455705001,COMUNE DI ORMEA,CUNEO,PIEMONTE,NORD-OVEST
973242930523546102,COMUNE DI LUCINASCO,IMPERIA,LIGURIA,NORD-OVEST
973342930468039502,COMUNE DI VADO LIGURE,SAVONA,LIGURIA,NORD-OVEST
973442930476837301,COMUNE DI LUGAGNANO VAL D'ARDA,PIACENZA,EMILIA-ROMAGNA,NORD-EST
973542930517808201,COMUNE DI CASTELDIDONE,CREMONA,LOMBARDIA,NORD-OVEST
973642930459367202,COMUNE DI CASCINA,PISA,TOSCANA,CENTRO
973742930459430801,COMUNE DI URZULEI,NUORO,SARDEGNA,ISOLE
973742930459958501,COMUNE DI CANOSSA,REGGIO NELL'EMILIA,EMILIA-ROMAGNA,NORD-EST
973842930533953702,COMUNE DI PODENZANA,MASSA-CARRARA,TOSCANA,CENTRO
974142930460705201,COMUNE DI CHIANCHE,AVELLINO,CAMPANIA,SUD
974342930474992301,COMUNE DI PALAZZOLO VERCELLESE,VERCELLI,PIEMONTE,NORD-OVEST
974342930526845102,COMUNE DI SIURGUS DONIGALA,SUD SARDEGNA,SARDEGNA,ISOLE
974342930550376201,COMUNE DI SAN SALVATORE MONFERRATO,ALESSANDRIA,PIEMONTE,NORD-OVEST
974542928135600801,COMUNE DI ACERENZA,POTENZA,BASILICATA,SUD
974642930459633401,COMUNE DI STORNARELLA,FOGGIA,PUGLIA,SUD
974742930478575402,COMUNE DI ZOVENCEDO,VICENZA,VENETO,NORD-EST
974742930529994401,COMUNE DI CORANA,PAVIA,LOMBARDIA,NORD-OVEST
974742930550060201,COMUNE DI SAGRON MIS,TRENTO,TRENTINO-ALTO ADIGE/SÜDTIROL,NORD-EST
974942930457040201,COMUNE DI SAN MARTINO AL TAGLIAMENTO,PORDENONE,FRIULI-VENEZIA GIULIA,NORD-EST
974942930543725101,COMUNE DI LA VALLE,BOLZANO/BOZEN,TRENTINO-ALTO ADIGE/SÜDTIROL,NORD-EST
975042930510541501,COMUNE DI BASALUZZO,ALESSANDRIA,PIEMONTE,NORD-OVEST
975242930453297801,COMUNE DI FRASSINO,CUNEO,PIEMONTE,NORD-OVEST
975242930461071801,COMUNE DI BONITO,AVELLINO,CAMPANIA,SUD
975842928932504301,COMUNE DI CONA,VENEZIA,VENETO,NORD-EST
975842929372830602,COMUNE DI BARBERINO DI MUGELLO,FIRENZE,TOSCANA,CENTRO
975842930459401601,COMUNE DI TARANTASCA,CUNEO,PIEMONTE,NORD-OVEST
975942930550236302,COMUNE DI SAN ROBERTO,REGGIO DI CALABRIA,CALABRIA,SUD
976042930510456402,COMUNE DI ALBETTONE,VICENZA,VENETO,NORD-EST
976142930517873802,COMUNE DI LULA,NUORO,SARDEGNA,ISOLE
976342930474245901,COMUNE DI LEGNAGO,VERONA,VENETO,NORD-EST
976542930455330202,COMUNE DI ZOGNO,BERGAMO,LOMBARDIA,NORD-OVEST
976642928236013301,COMUNE DI ALBESE CON CASSANO,COMO,LOMBARDIA,NORD-OVEST
976642930525848502,COMUNE DI SPINOSO,POTENZA,BASILICATA,SUD
976742930515539501,COMUNE DI CANDIOLO,TORINO,PIEMONTE,NORD-OVEST
976842930528358801,COMUNE DI LODINE,NUORO,SARDEGNA,ISOLE
976942929166149801,COMUNE DI BRIGNANO GERA D'ADDA,BERGAMO,LOMBARDIA,NORD-OVEST
976942929649420101,COMUNE DI FARA NOVARESE,NOVARA,PIEMONTE,NORD-OVEST
976942930517612501,COMUNE DI BRINDISI MONTAGNA,POTENZA,BASILICATA,SUD
976942930544036701,COMUNE DI BACOLI,NAPOLI,CAMPANIA,SUD
977042929761804101,COMUNE DI PAMPARATO,CUNEO,PIEMONTE,NORD-OVEST
977042929766082001,COMUNE DI MENAGGIO,COMO,LOMBARDIA,NORD-OVEST
977042930453187802,COMUNE DI CASTELLETTO D'ERRO,ALESSANDRIA,PIEMONTE,NORD-OVEST
977042930455229602,COMUNE DI SOVERE,BERGAMO,LOMBARDIA,NORD-OVEST
977042930520193801,COMUNE DI CASTRIGNANO DE' GRECI,LECCE,PUGLIA,SUD
977242930456572102,COMUNE DI SAN NICOLA DELL'ALTO,CROTONE,CALABRIA,SUD
977442930530523401,COMUNE DI BADIA CALAVENA,VERONA,VENETO,NORD-EST
977542929575506301,COMUNE DI PICERNO,POTENZA,BASILICATA,SUD
977542930452687101,COMUNE DI GORGO AL MONTICANO,TREVISO,VENETO,NORD-EST
977542930475079801,COMUNE DI FRISANCO,PORDENONE,FRIULI-VENEZIA GIULIA,NORD-EST
977742930517508802,COMUNE DI LAGUNDO,BOLZANO/BOZEN,TRENTINO-ALTO ADIGE/SÜDTIROL,NORD-EST
977842930530993101,COMUNE DI CASATENOVO,LECCO,LOMBARDIA,NORD-OVEST
978042930473153201,COMUNE DI LORETO,ANCONA,MARCHE,CENTRO
978042930477375602,COMUNE DI MARANZANA,ASTI,PIEMONTE,NORD-OVEST
978042930534141902,COMUNE DI ARCINAZZO ROMANO,ROMA,LAZIO,CENTRO
978242930518591502,COMUNE DI GALATRO,REGGIO DI CALABRIA,CALABRIA,SUD
978342930537191602,COMUNE DI SAN MARTINO DI LUPARI,PADOVA,VENETO,NORD-EST
978442930517492601,COMUNE DI CIRO',CROTONE,CALABRIA,SUD
978542930508391901,COMUNE DI ARIENZO,CASERTA,CAMPANIA,SUD
978842930400230701,COMUNE DI GAVARDO,BRESCIA,LOMBARDIA,NORD-OVEST
978842930528686002,COMUNE DI TERZO D'AQUILEIA,UDINE,FRIULI-VENEZIA GIULIA,NORD-EST
978942930532049202,COMUNE DI MOTTA CAMASTRA,MESSINA,SICILIA,ISOLE
979142930452654002,COMUNE DI PLESIO,COMO,LOMBARDIA,NORD-OVEST
979242930527183501,COMUNE DI MALAGNINO,CREMONA,LOMBARDIA,NORD-OVEST
979442930462990301,COMUNE DI JESOLO,VENEZIA,VENETO,NORD-EST
979442930509263301,COMUNE DI CARDANO AL CAMPO,VARESE,LOMBARDIA,NORD-OVEST
979442930524665801,COMUNE DI SEPINO,CAMPOBASSO,MOLISE,SUD
979442930525011102,COMUNE DI POIRINO,TORINO,PIEMONTE,NORD-OVEST
979542928748781302,COMUNE DI CALLIANO,TRENTO,TRENTINO-ALTO ADIGE/SÜDTIROL,NORD-EST
979542930454523202,COMUNE DI OVINDOLI,L'AQUILA,ABRUZZO,SUD
979642930533659501,COMUNE DI CAMPOMORONE,GENOVA,LIGURIA,NORD-OVEST
979642930535500002,COMUNE DI VILLANOVA DEL GHEBBO,ROVIGO,VENETO,NORD-EST
979742930142546301,COMUNE DI CONEGLIANO,TREVISO,VENETO,NORD-EST
979742930523962802,COMUNE DI RONZONE,TRENTO,TRENTINO-ALTO ADIGE/SÜDTIROL,NORD-EST
979842930522363902,COMUNE DI MUSCOLINE,BRESCIA,LOMBARDIA,NORD-OVEST
979942930544406401,COMUNE DI GANGI,PALERMO,SICILIA,ISOLE
981142928030358901,COMUNE DI CARAGLIO,CUNEO,PIEMONTE,NORD-OVEST
981242930533902402,COMUNE DI BOLGARE,BERGAMO,LOMBARDIA,NORD-OVEST
981342928887221701,COMUNE DI CRAVANZANA,CUNEO,PIEMONTE,NORD-OVEST
981542930534375901,COMUNE DI PONT-SAINT-MARTIN,VALLE D'AOSTA/VALLÉE D'AOSTE,VALLE D'AOSTA/VALLÉE D'AOSTE,NORD-OVEST
981742930459941402,COMUNE DI RIFREDDO,CUNEO,PIEMONTE,NORD-OVEST
981742930548355901,COMUNE DI STELLA,SAVONA,LIGURIA,NORD-OVEST
981942930469934001,COMUNE DI SINOPOLI,REGGIO DI CALABRIA,CALABRIA,SUD
981942930529053301,COMUNE DI MALO,VICENZA,VENETO,NORD-EST
982142930455207302,COMUNE DI ZIBIDO SAN GIACOMO,MILANO,LOMBARDIA,NORD-OVEST
982142930544994001,COMUNE DI RONCOFREDDO,FORLI'-CESENA,EMILIA-ROMAGNA,NORD-EST
982242930289696801,COMUNE DI FOSSALTO,CAMPOBASSO,MOLISE,SUD
982242930460539502,COMUNE DI BERCHIDDA,SASSARI,SARDEGNA,ISOLE
982542930479890101,COMUNE DI SAN CIPIRELLO,PALERMO,SICILIA,ISOLE
982642930544558602,COMUNE DI GRIMACCO,UDINE,FRIULI-VENEZIA GIULIA,NORD-EST
983042930460799001,COMUNE DI CASARSA DELLA DELIZIA,PORDENONE,FRIULI-VENEZIA GIULIA,NORD-EST
983042930466731102,COMUNE DI VASIA,IMPERIA,LIGURIA,NORD-OVEST
983242930451643002,COMUNE DI OLTRESSENDA ALTA,BERGAMO,LOMBARDIA,NORD-OVEST
983342929259477301,COMUNE DI COASSOLO TORINESE,TORINO,PIEMONTE,NORD-OVEST
983342930459033601,COMUNE DI SAN MICHELE DI SERINO,AVELLINO,CAMPANIA,SUD
983542930453502302,COMUNE DI VILLABASSA,BOLZANO/BOZEN,TRENTINO-ALTO ADIGE/SÜDTIROL,NORD-EST
983642928131153402,COMUNE DI CASAL CERMELLI,ALESSANDRIA,PIEMONTE,NORD-OVEST
983842930526950101,COMUNE DI TAVOLETO,PESARO E URBINO,MARCHE,CENTRO
984142929194564701,COMUNE DI BRIATICO,VIBO VALENTIA,CALABRIA,SUD
984142930475337102,COMUNE DI SAN PIER D'ISONZO,GORIZIA,FRIULI-VENEZIA GIULIA,NORD-EST
984142930540765001,COMUNE DI VARALLO,VERCELLI,PIEMONTE,NORD-OVEST
984342930458719601,COMUNE DI ROCCA D'EVANDRO,CASERTA,CAMPANIA,SUD
984442930473622301,COMUNE DI MORROVALLE,MACERATA,MARCHE,CENTRO
984442930508716301,COMUNE DI CAMPOFORMIDO,UDINE,FRIULI-VENEZIA GIULIA,NORD-EST
984742930461979802,COMUNE DI MEZZANE DI SOTTO,VERONA,VENETO,NORD-EST
984742930524745701,COMUNE DI TRAMBILENO,TRENTO,TRENTINO-ALTO ADIGE/SÜDTIROL,NORD-EST
984842930464541401,COMUNE DI CAVAGNOLO,TORINO,PIEMONTE,NORD-OVEST
984842930522944902,COMUNE DI BUDDUSO',SASSARI,SARDEGNA,ISOLE
984942930471672501,COMUNE DI MORNESE,ALESSANDRIA,PIEMONTE,NORD-OVEST
985042930200071502,COMUNE DI BORGO SAN GIOVANNI,LODI,LOMBARDIA,NORD-OVEST
985142928043557302,COMUNE DI BARUMINI,SUD SARDEGNA,SARDEGNA,ISOLE
985142930453584501,COMUNE DI VILLA BARTOLOMEA,VERONA,VENETO,NORD-EST
985242928800758901,COMUNE DI NUORO,NUORO,SARDEGNA,ISOLE
985242930524502401,COMUNE DI TARANTO,TARANTO,PUGLIA,SUD
985342930474563601,COMUNE DI ORINO,VARESE,LOMBARDIA,NORD-OVEST
985442927963764302,COMUNE DI CALVENE,VICENZA,VENETO,NORD-EST
985442930524342302,COMUNE DI VIADANICA,BERGAMO,LOMBARDIA,NORD-OVEST
985542930469752901,COMUNE DI URGNANO,BERGAMO,LOMBARDIA,NORD-OVEST
985642930461590101,COMUNE DI BAGNOLO SAN VITO,MANTOVA,LOMBARDIA,NORD-OVEST
985642930550518002,COMUNE DI SAGAMA,ORISTANO,SARDEGNA,ISOLE
985742930534538501,COMUNE DI ANAGNI,FROSINONE,LAZIO,CENTRO
986042930008347601,COMUNE DI PASTENA,FROSINONE,LAZIO,CENTRO
986042930528538801,COMUNE DI SPERLINGA,ENNA,SICILIA,ISOLE
986142929613470602,COMUNE DI PETRIZZI,CATANZARO,CALABRIA,SUD
986142930459552302,COMUNE DI SANTA DOMENICA TALAO,COSENZA,CALABRIA,SUD
986442929331698002,COMUNE DI CREMELLA,LECCO,LOMBARDIA,NORD-OVEST
986642930473804201,COMUNE DI ROSETO DEGLI ABRUZZI,TERAMO,ABRUZZO,SUD
986642930473913701,COMUNE DI MOSO IN PASSIRIA,BOLZANO/BOZEN,TRENTINO-ALTO ADIGE/SÜDTIROL,NORD-EST
986742930540662901,COMUNE DI ZERBOLO',PAVIA,LOMBARDIA,NORD-OVEST
986942930538931002,COMUNE DI SINNAI,CAGLIARI,SARDEGNA,ISOLE
987142928113131802,COMUNE DI CASALBUONO,SALERNO,CAMPANIA,SUD
987242930522519402,COMUNE DI PRIGNANO SULLA SECCHIA,MODENA,EMILIA-ROMAGNA,NORD-EST
987342930447013802,COMUNE DI ZEME,PAVIA,LOMBARDIA,NORD-OVEST
987342930543887301,COMUNE DI FRONTONE,PESARO E URBINO,MARCHE,CENTRO
987342930546530302,COMUNE DI RUFFRE' - MENDOLA,TRENTO,TRENTINO-ALTO ADIGE/SÜDTIROL,NORD-EST
987442930540724001,COMUNE DI VOCCA,VERCELLI,PIEMONTE,NORD-OVEST
987542930462842201,COMUNE DI CONCERVIANO,RIETI,LAZIO,CENTRO
987642930463086101,COMUNE DI CORRIDONIA,MACERATA,MARCHE,CENTRO
987842930520131102,COMUNE DI GROTTAMINARDA,AVELLINO,CAMPANIA,SUD
987842930521523001,COMUNE DI BARATILI SAN PIETRO,ORISTANO,SARDEGNA,ISOLE
987942930516014102,COMUNE DI GUAMAGGIORE,SUD SARDEGNA,SARDEGNA,ISOLE
988342930518856902,COMUNE DI LUNI,LA SPEZIA,LIGURIA,NORD-OVEST
988442930454093302,COMUNE DI OLMEDO,SASSARI,SARDEGNA,ISOLE
988442930541634602,COMUNE DI OSIGLIA,SAVONA,LIGURIA,NORD-OVEST
988542930526469502,COMUNE DI MONTENERO SABINO,RIETI,LAZIO,CENTRO
988542930534748501,COMUNE DI VENEGONO INFERIORE,VARESE,LOMBARDIA,NORD-OVEST
988842930463926802,COMUNE DI SAN SECONDO PARMENSE,PARMA,EMILIA-ROMAGNA,NORD-EST
988842930464065702,COMUNE DI VALPRATO SOANA,TORINO,PIEMONTE,NORD-OVEST
988842930532545401,COMUNE DI ALBA,CUNEO,PIEMONTE,NORD-OVEST
988942930454690401,COMUNE DI PAVIA,PAVIA,LOMBARDIA,NORD-OVEST
989242930473765001,COMUNE DI PALU',VERONA,VENETO,NORD-EST
989542930524500402,COMUNE DI SAN MARTINO SICCOMARIO,PAVIA,LOMBARDIA,NORD-OVEST
989542930533468702,COMUNE DI CANISCHIO,TORINO,PIEMONTE,NORD-OVEST
989842930461754501,COMUNE DI SAN PIETRO IN CASALE,BOLOGNA,EMILIA-ROMAGNA,NORD-EST
989842930464132602,COMUNE DI BAGNATICA,BERGAMO,LOMBARDIA,NORD-OVEST
989942930456260802,COMUNE DI FUMONE,FROSINONE,LAZIO,CENTRO
991242930479098802,COMUNE DI SILANDRO,BOLZANO/BOZEN,TRENTINO-ALTO ADIGE/SÜDTIROL,NORD-EST
991342930540098101,COMUNE DI CASTIGLIONE DEL GENOVESI,SALERNO,CAMPANIA,SUD
991542930463664001,COMUNE DI MOLLIA,VERCELLI,PIEMONTE,NORD-OVEST
991542930518643601,COMUNE DI CORNUDA,TREVISO,VENETO,NORD-EST
991742930463945202,COMUNE DI AGLIANO TERME,ASTI,PIEMONTE,NORD-OVEST
991842928825498401,COMUNE DI GONARS,UDINE,FRIULI-VENEZIA GIULIA,NORD-EST
991842930537303401,COMUNE DI RENATE,MONZA E DELLA BRIANZA,LOMBARDIA,NORD-OVEST
991942930511125502,COMUNE DI BORGORATTO ALESSANDRINO,ALESSANDRIA,PIEMONTE,NORD-OVEST
992342930480155301,COMUNE DI SENORBI',SUD SARDEGNA,SARDEGNA,ISOLE
992542930480099201,COMUNE DI VALNEGRA,BERGAMO,LOMBARDIA,NORD-OVEST
992542930525733701,COMUNE DI GREZZAGO,MILANO,LOMBARDIA,NORD-OVEST
992642930459466402,COMUNE DI BIDONI',ORISTANO,SARDEGNA,ISOLE
992642930477821202,COMUNE DI GAMALERO,ALESSANDRIA,PIEMONTE,NORD-OVEST
993042930464585401,COMUNE DI ANDRIANO,BOLZANO/BOZEN,TRENTINO-ALTO ADIGE/SÜDTIROL,NORD-EST
993042930510029501,COMUNE DI ARSOLI,ROMA,LAZIO,CENTRO
993042930544697301,COMUNE DI MONTANARO,TORINO,PIEMONTE,NORD-OVEST
993142930475756501,COMUNE DI SAN PIETRO VAL LEMINA,TORINO,PIEMONTE,NORD-OVEST
993142930522642001,COMUNE DI PILA,VERCELLI,PIEMONTE,NORD-OVEST
993142930528831101,COMUNE DI TERZORIO,IMPERIA,LIGURIA,NORD-OVEST
993242930533153901,COMUNE DI SAN GIORGIO DI NOGARO,UDINE,FRIULI-VENEZIA GIULIA,NORD-EST
993242930550348701,COMUNE DI SEGRATE,MILANO,LOMBARDIA,NORD-OVEST
993342927924660101,COMUNE DI CARPINO,FOGGIA,PUGLIA,SUD
993442930474715502,COMUNE DI MARLIANA,PISTOIA,TOSCANA,CENTRO
993542929118579602,COMUNE DI CASTELL'AZZARA,GROSSETO,TOSCANA,CENTRO
993542930477441201,COMUNE DI SAN MARTINO ALFIERI,ASTI,PIEMONTE,NORD-OVEST
993642930516157402,COMUNE DI GIOVINAZZO,BARI,PUGLIA,SUD
993842929550806601,COMUNE DI LEFFE,BERGAMO,LOMBARDIA,NORD-OVEST
993842930464478901,COMUNE DI ALZATE BRIANZA,COMO,LOMBARDIA,NORD-OVEST
994042930473777501,COMUNE DI PALOSCO,BERGAMO,LOMBARDIA,NORD-OVEST
994142930447787902,COMUNE DI MONTELONGO,CAMPOBASSO,MOLISE,SUD
994142930465080302,COMUNE DI CORTIGLIONE,ASTI,PIEMONTE,NORD-OVEST
994142930528868802,COMUNE DI MONTICELLO BRIANZA,LECCO,LOMBARDIA,NORD-OVEST
994342929861219802,COMUNE DI CASTELLERO,ASTI,PIEMONTE,NORD-OVEST
994442929341356902,COMUNE DI CARCOFORO,VERCELLI,PIEMONTE,NORD-OVEST
994442930527397301,COMUNE DI PORTOVENERE,LA SPEZIA,LIGURIA,NORD-OVEST
994742930545699501,COMUNE DI SANTA LUCE,PISA,TOSCANA,CENTRO
994842930524179102,COMUNE DI FINALE EMILIA,MODENA,EMILIA-ROMAGNA,NORD-EST
994942930459951601,COMUNE DI CAPRILE,BIELLA,PIEMONTE,NORD-OVEST
994942930515618002,COMUNE DI CASSARO,SIRACUSA,SICILIA,ISOLE
995042930164891701,COMUNE DI MASERA,VERBANO-CUSIO-OSSOLA,PIEMONTE,NORD-OVEST
995242930475545801,COMUNE DI REMANZACCO,UDINE,FRIULI-VENEZIA GIULIA,NORD-EST
995242930476650102,COMUNE DI OSSONA,MILANO,LOMBARDIA,NORD-OVEST
995342930544702302,COMUNE DI GENOLA,CUNEO,PIEMONTE,NORD-OVEST
995442930480700601,COMUNE DI VIGNALE MONFERRATO,ALESSANDRIA,PIEMONTE,NORD-OVEST
995642930452472602,COMUNE DI MONTICHIARI,BRESCIA,LOMBARDIA,NORD-OVEST
995642930542493302,COMUNE DI LIMATOLA,BENEVENTO,CAMPANIA,SUD
995842930518515201,COMUNE DI ARCHI,CHIETI,ABRUZZO,SUD
995842930539241201,COMUNE DI SAN SPERATE,SUD SARDEGNA,SARDEGNA,ISOLE
995942930477593501,COMUNE DI ASSOLO,ORISTANO,SARDEGNA,ISOLE
995942930529939201,COMUNE DI TORTONA,ALESSANDRIA,PIEMONTE,NORD-OVEST
996042930476708302,COMUNE DI CASTRONUOVO DI SANT'ANDREA,POTENZA,BASILICATA,SUD
996142930517008302,COMUNE DI CARBONARA SCRIVIA,ALESSANDRIA,PIEMONTE,NORD-OVEST
996142930534753101,COMUNE DI MARSCIANO,PERUGIA,UMBRIA,CENTRO
996242930516143801,COMUNE DI GUALTIERI,REGGIO NELL'EMILIA,EMILIA-ROMAGNA,NORD-EST
996642930531987401,COMUNE DI CACCURI,CROTONE,CALABRIA,SUD
996742930528624701,COMUNE DI MONTEVECCHIA,LECCO,LOMBARDIA,NORD-OVEST
996842930454202601,COMUNE DI MIANE,TREVISO,VENETO,NORD-EST
996842930527901802,COMUNE DI OLIENA,NUORO,SARDEGNA,ISOLE
996942930456686002,COMUNE DI TAGLIO DI PO,ROVIGO,VENETO,NORD-EST
997042930525912602,COMUNE DI FRASSINETTO,TORINO,PIEMONTE,NORD-OVEST
997042930535548801,COMUNE DI VIVARO,PORDENONE,FRIULI-VENEZIA GIULIA,NORD-EST
997042930547202501,COMUNE DI QUATTRO CASTELLA,REGGIO NELL'EMILIA,EMILIA-ROMAGNA,NORD-EST
997142930448340801,COMUNE DI VARAPODIO,REGGIO DI CALABRIA,CALABRIA,SUD
997142930533991201,COMUNE DI CASALE DI SCODOSIA,PADOVA,VENETO,NORD-EST
997442930528682401,COMUNE DI NEIRONE,GENOVA,LIGURIA,NORD-OVEST
997442930541550202,COMUNE DI GARESSIO,CUNEO,PIEMONTE,NORD-OVEST
997542927924780301,COMUNE DI BRUSNENGO,BIELLA,PIEMONTE,NORD-OVEST
997542930465068602,COMUNE DI CIMADOLMO,TREVISO,VENETO,NORD-EST
997542930480726001,COMUNE DI TOLFA,ROMA,LAZIO,CENTRO
997642930458651301,COMUNE DI SAINT-NICOLAS,VALLE D'AOSTA/VALLÉE D'AOSTE,VALLE D'AOSTA/VALLÉE D'AOSTE,NORD-OVEST
998242930519613301,COMUNE DI MONTENARS,UDINE,FRIULI-VENEZIA GIULIA,NORD-EST
998242930520997601,COMUNE DI IRGOLI,NUORO,SARDEGNA,ISOLE
998342930480337001,COMUNE DI TODI,PERUGIA,UMBRIA,CENTRO
998342930516629202,COMUNE DI CASTELLO CABIAGLIO,VARESE,LOMBARDIA,NORD-OVEST
998542930468052601,COMUNE DI VICARI,PALERMO,SICILIA,ISOLE
998542930473876202,COMUNE DI SIMALA,ORISTANO,SARDEGNA,ISOLE
998642930289367002,COMUNE DI FONTANETTO PO,VERCELLI,PIEMONTE,NORD-OVEST
998642930455141602,COMUNE DI SALUZZO,CUNEO,PIEMONTE,NORD-OVEST
998642930528189201,COMUNE DI PIANA CRIXIA,SAVONA,LIGURIA,NORD-OVEST
998642930550792801,COMUNE DI USSEAUX,TORINO,PIEMONTE,NORD-OVEST
998742930477922401,COMUNE DI GALTELLI',NUORO,SARDEGNA,ISOLE
998942930519365201,COMUNE DI PEDIVIGLIANO,COSENZA,CALABRIA,SUD
998942930542691102,COMUNE DI SCOPPITO,L'AQUILA,ABRUZZO,SUD
999142930447758201,COMUNE DI TORGIANO,PERUGIA,UMBRIA,CENTRO
999142930478783801,COMUNE DI PLATACI,COSENZA,CALABRIA,SUD
999242930508250202,COMUNE DI ARIANO IRPINO,AVELLINO,CAMPANIA,SUD
999342930468853301,COMUNE DI PONNA,COMO,LOMBARDIA,NORD-OVEST
999442928311744002,COMUNE DI BERBENNO DI VALTELLINA,SONDRIO,LOMBARDIA,NORD-OVEST
999442930549845202,COMUNE DI SEDRIANO,MILANO,LOMBARDIA,NORD-OVEST
999542930479245001,COMUNE DI SANT'URBANO,PADOVA,VENETO,NORD-EST
999742930289423701,COMUNE DI ROBASSOMERO,TORINO,PIEMONTE,NORD-OVEST
999842928912241201,COMUNE DI FALCONARA MARITTIMA,ANCONA,MARCHE,CENTRO
999842930521939101,COMUNE DI DOSOLO,MANTOVA,LOMBARDIA,NORD-OVEST
999842930529623202,COMUNE DI CESSOLE,ASTI,PIEMONTE,NORD-OVEST
999942930461543701,COMUNE DI BIENO,TRENTO,TRENTINO-ALTO ADIGE/SÜDTIROL,NORD-EST
999942930462720301,COMUNE DI CASTELLALTO,TERAMO,ABRUZZO,SUD
999942930526263601,COMUNE DI LESIGNANO DE' BAGNI,PARMA,EMILIA-ROMAGNA,NORD-EST
