BDAP,2009,2010,2011,2012,2013,2014,2015,2016,2017,2018,2019,2020,2021,2022,2023
111142930451558302,1882,1892,1887,1871,1888,1904,1921,1817.7142857142856,1853.0,1846.0,1824.0,1846.0,1795.0,1777.0,1783.0
111142930456078402,1798,1808,1795,1806,1791,1810,1812,1766.0,1760.0,1738.0,1694.0,1709.0,1692.0,1660.0,1639.0
111142930549694901,9080,9131,9246,9360,9466,9520,9483,9452.0,9477.0,9486.0,9423.0,9407.0,9380.0,9392.0,9352.0
111242928159168602,1680,1657,1664,1666,1681,1679,1692,1683.0,1678.0,1677.0,1678.0,1653.0,1631.0,1629.0,1616.0
111342928035516202,35291,35700,36007,36226,36151,36176,36007,35382.0,34990.0,34874.0,34657.0,34857.0,34715.0,34658.0,34618.0
111442929417157902,1068,1089,1093,1098,1104,1086,1094,1079.0,1075.0,1069.0,1033.0,991.0,1012.0,985.0,1031.0
111642930521380602,1186,1183,1176,1155,1154,1143,1139,1106.0,1098.0,1077.7142857142858,1092.0,1066.0,1069.0,1062.0,1051.0
111742930520228201,15483,15457,15394,15397,15391,15484,15431,15377.0,15276.0,15253.0,15118.0,14884.0,14947.0,14830.0,14788.0
111742930546032201,357,351,348,339,329,324,323,297.0,296.0,292.0,284.0,281.0,278.0,276.0,262.0
111842930472913601,11970,12006,12015,11992,11942,11956,11948,11873.0,11897.0,11818.0,11811.0,11851.0,11807.0,11780.0,11841.0
111942930075789802,1547,1517,1484,1468,1429,1381,1353,1254.0,1206.0,1173.0,1151.0,1078.0,1078.0,1043.0,1035.0
111942930475464201,8419,8424,8531,8572,8551,8549,8569,8370.0,8467.0,8557.0,8545.0,8725.0,8670.0,8695.0,8689.0
112242929589459502,396,395,403,410,397,398,376,371.0,367.0,374.0,371.0,385.0,375.0,377.0,370.0
112442930475351402,49400,49634,49642,49645,49481,49407,49103,48776.0,48502.0,48158.0,47813.0,47380.0,47301.0,46900.0,46858.0
112442930547500901,127,143,143,136,126,122,114,104.0,98.0,102.0,94.0,97.0,98.0,95.0,98.0
112542930549591602,617,609,602,587,581,562,551,531.0,527.0,520.0,515.0,507.0,512.0,507.0,494.0
112642930518447902,1857,1917,1946,1998,2035,2023,2069,2075.0,2048.0,2077.0,2044.0,2123.0,2122.0,2145.0,2123.0
112642930527384301,1094,1090,1110,1101,1082,1087,1079,1094.0,1086.0,1073.0,1057.0,1015.0,1010.0,995.0,998.0
112942930456488402,1758,1758,1755,1745,1742,1713,1693,1685.0,1677.0,1661.0,1638.0,1608.0,1584.0,1541.0,1537.0
112942930511152602,52614,52449,52612,52893,52710,52743,52621,52374.0,52064.0,51801.0,51344.0,50640.0,50194.0,49612.0,49526.0
112942930520095401,303,316,307,315,311,307,305,317.42857142857144,301.0,303.0,318.0,322.0,332.0,322.0,324.0
112942930526084102,3077,3035,3043,3038,3044,3046,3032,2994.0,3054.0,3005.4285714285716,3062.0,2987.0,2987.0,2965.0,2989.0
112942930546542602,1004,1016,1007,980,969,960,943,933.0,909.0,899.0,883.0,865.0,832.0,832.0,842.0
113042930446652901,3674,3718,3721,3663,3692,3700,3668,3603.0,3552.0,3469.0,3441.0,3373.0,3386.0,3381.0,3413.0
113042930459198201,3286,3302,3325,3357,3357,3338,3316,3239.0,3226.0,3198.0,3164.0,3165.0,3113.0,3097.0,3095.0
113242929494046101,2378,2367,2360,2330,2314,2298,2276,2027.0,2158.0,2138.0,2101.0,1974.0,1973.0,1915.0,1930.0
113242929989809401,381,387,371,360,356,366,365,349.0,336.0,323.0,311.0,297.0,290.0,284.0,275.0
113242930525412901,1105,1088,1056,1058,1050,1038,1031,1022.0,983.0,943.0,943.0,891.0,840.0,825.0,807.0
113342930540408502,4797,4820,4855,4837,4933,5002,5041,5031.0,4974.0,5001.0,4948.0,4945.0,4926.0,4870.0,4877.0
113442928800667002,7289,7414,7465,7564,7574,7643,7685,7773.0,7825.0,7919.0,7927.0,7970.0,7994.0,8074.0,8170.0
113642930452986502,6144,6211,6234,6256,6215,6170,6116,6129.0,6076.0,6127.0,6128.0,6137.0,6110.0,6003.0,6029.0
113742928592687902,4271,4321,4369,4384,4405,4497,4478,4302.0,4285.0,4288.0,4336.0,4311.0,4288.0,4336.0,4353.0
113842930528713802,619,584,582,569,558,557,540,512.0,484.7142857142857,498.0,498.0,483.0,477.0,471.0,454.0
113942930453012402,1280,1288,1241,1214,1179,1177,1169,1147.0,1129.0,1111.0,1100.0,1069.0,1073.0,1054.0,1064.0
113942930543093902,13517,13544,13659,13724,13754,13757,13605,13457.0,13448.0,13417.0,13348.0,13268.0,13201.0,13133.0,13196.0
114042930544217902,462,461,452,452,444,450,447,437.0,413.0,412.0,406.0,407.0,414.0,411.0,413.0
114242930474451702,1715,1740,1735,1744,1761,1749,1787,1755.0,1720.0,1725.0,1695.0,1752.0,1667.0,1642.0,1637.0
114342930531636602,581,566,576,562,568,563,568,559.0,538.0,542.0,528.0,512.0,516.0,508.0,505.0
114442930473232502,182,183,187,174,163,160,150,130.0,119.0,116.0,110.0,107.0,107.0,108.0,106.0
114542930460128001,2198,2190,2211,2211,2196,2135,2118,2026.0,2001.0,1970.0,1930.0,1905.0,1847.0,1817.0,1790.0
114642930550556102,11413,11415,11569,11802,11864,11912,11850,11735.0,11702.0,11599.0,11548.0,11464.0,11487.0,11485.0,11501.0
114742930453726801,185,185,176,177,178,184,188,174.0,170.0,169.0,161.0,161.0,154.0,149.0,152.0
114742930536446301,2890,2811,2765,2723,2680,2698,2664,2606.0,2580.0,2547.0,2527.0,2489.0,2448.0,2436.0,2408.0
114842930517178501,6956,6960,6961,6955,6919,6899,6849,6799.0,6733.0,6716.0,6595.0,6503.0,6447.0,6443.0,6411.0
115042930473371901,260,253,251,246,247,238,235,232.0,232.0,224.0,222.0,224.0,228.0,226.0,217.0
115142930468670302,2365,2334,2325,2289,2316,2277,2274,2225.0,2203.0,2200.0,2165.0,2095.0,2089.0,2065.0,2065.0
115142930475433101,1198,1202,1203,1194,1215,1200,1185,1168.0,1177.0,1171.0,1151.0,1140.0,1131.0,1114.0,1102.0
115242928210658501,679,678,681,676,677,680,668,692.0,696.0,709.0,730.0,725.0,730.0,712.0,694.0
115242930059291902,918,910,896,896,891,886,880,845.0,885.0,872.0,842.0,824.0,813.0,803.0,800.0
115242930541272802,2804,2797,2804,2777,2780,2788,2778,2764.0,2763.0,2789.0,2789.0,2807.0,2773.0,2767.0,2737.0
115242930543567601,17548,17493,17482,17520,17662,17654,17671,17639.0,17577.0,17510.0,17404.0,17258.0,17242.0,17220.0,17185.0
115642930548436401,19442,19579,19619,19661,19693,19656,19716,19743.0,19631.0,19573.0,19522.0,19247.0,19169.0,19065.0,18972.0
115742928293162401,1950,1965,1951,1963,1932,1894,1896,1858.0,1836.0,1837.0,1817.0,1787.0,1789.0,1760.0,1774.0
115742930529898402,1314,1312,1277,1290,1275,1250,1233,1175.0,1172.0,1170.0,1172.0,1172.0,1165.0,1139.0,1136.0
116142930549453302,694,673,681,674,685,701,689,682.0,682.0,686.0,677.0,673.0,674.0,676.0,648.0
116242928577698301,49561,49734,49629,49560,49578,49802,49865,49582.0,49550.0,49752.0,49539.0,48747.0,48574.0,48340.0,48161.0
116242930137942201,1244,1254,1241,1237,1245,1234,1222,1198.0,1171.0,1165.0,1161.0,1151.0,1155.0,1151.0,1177.0
116242930508328601,2662,2694,2732,2730,2707,2694,2676,2643.0,2628.0,2641.0,2621.0,2613.0,2616.0,2607.0,2602.0
116342930537140702,14620,14661,14542,14608,14539,14500,14496,14406.0,14213.0,14254.0,14257.0,14172.0,14150.0,14170.0,14193.0
116442929000220902,3615,3665,3659,3648,3707,3675,3606,3645.0,3586.0,3604.0,3576.0,3532.0,3500.0,3504.0,3459.0
116442930516457902,402,391,380,370,361,367,366,346.0,330.2857142857143,332.0,322.0,313.0,306.0,338.0,355.0
116542930525090302,2806,2799,2821,2905,2993,3004,3018,3009.0,2988.8571428571427,3018.0,3030.0,3062.0,2967.0,2927.0,2909.0
116542930529336002,707,678,675,651,636,623,609,583.0,565.0,557.0,548.0,548.0,542.0,543.0,537.0
116642930529136802,4330,4356,4436,4391,4376,4301,4241,4183.0,4129.0,4041.0,4056.0,4010.0,4018.0,3992.0,3978.0
116642930539090401,22588,22541,22511,22335,22146,21917,21853,21450.0,21105.0,21003.0,20854.0,20414.0,20366.0,20209.0,20189.0
116742928739525602,5508,5637,5702,5711,5788,5809,5784,5705.0,5653.0,5511.0,5442.0,5458.0,5484.0,5501.0,5678.0
116742930532472902,4882,4906,4918,4941,4902,4843,4840,4830.0,4843.0,4818.0,4812.0,4792.0,4791.0,4839.0,4846.0
116742930546334201,2328,2310,2314,2272,2296,2265,2248,2252.0,2226.0,2198.0,2189.0,2165.0,2152.0,2164.0,2149.0
116842930454465301,11071,11074,11075,11115,11115,10977,10981,10748.0,10680.0,10630.0,10593.0,10492.0,10473.0,10471.0,10499.0
117042930453153601,7598,7595,7643,7625,7622,7629,7588,7696.0,7691.0,7632.0,7695.0,7702.0,7686.0,7744.0,7733.0
117042930548083602,344,344,335,334,338,348,340,332.0,325.0,317.0,310.0,309.0,315.0,313.0,317.2857142857143
117142930529346502,1069,1070,1040,1051,1056,1054,1035,1028.0,1011.0,976.0,978.0,978.0,987.0,976.0,972.0
117242930542099701,14108,14278,14414,14453,14514,14415,14326,14174.0,14074.0,13950.0,13972.0,14187.0,14243.0,14338.0,14423.0
117442930538907902,8824,8829,8878,8838,8904,8900,8912,8834.0,8826.0,8807.857142857143,8797.0,8806.0,8857.0,8785.0,8750.0
117642930521238202,5421,5410,5418,5335,5304,5247,5156,5001.0,4879.0,4799.0,4752.0,4649.0,4601.0,4590.0,4563.0
117742930508207301,350,332,344,343,335,312,305,284.0,272.0,270.0,265.0,264.0,266.0,258.0,249.0
117742930530612302,1236,1230,1206,1172,1140,1101,1095,1073.0,1063.0,1051.0,1044.0,1010.0,986.0,993.0,991.0
117842930473510401,15020,15206,15428,15460,15638,15705,15819,16041.0,16082.0,16101.0,16074.666666666666,16074.666666666666,16074.666666666666,16074.666666666666,16074.666666666666
118242930535103802,4940,4962,4966,4927,4903,4877,4837,4756.0,4725.0,4661.0,4604.0,4497.0,4509.0,4440.0,4437.0
118742929012963801,936,909,884,879,860,840,837,804.0,786.0,764.0,736.0,740.0,731.0,719.0,718.0
118742929424205701,420,419,432,434,429,424,443,454.0,444.0,453.0,457.0,471.0,482.0,502.0,512.0
118742930461810902,322,339,338,314,325,320,319,338.0,329.0,331.0,335.0,321.0,372.0,382.0,364.0
118742930524063701,1090,1076,1095,1121,1136,1134,1154,1115.0,1113.0,1153.0,1152.0,1116.0,1113.0,1124.0,1120.0
118742930527891202,793,810,806,829,825,815,810,850.0,832.0,843.0,851.0,852.0,853.0,856.0,837.0
118742930530890402,1131,1116,1109,1105,1084,1060,1046,1007.0,983.0,962.0,949.0,945.0,924.0,890.0,874.0
118742930533556102,262,254,255,250,244,234,234,210.66666666666663,220.0,210.66666666666663,210.0,208.0,211.0,207.0,208.0
118742930534065002,5365,5306,5275,5262,5187,5139,5128,5040.0,5035.0,4947.0,4901.0,4921.0,4830.0,4729.0,4644.0
118842930455593301,136,124,124,117,115,119,122,120.0,118.0,120.0,119.0,121.0,120.0,123.0,121.0
119042929528989701,43,41,42,42,34,35,37,34.0,28.0,33.0,32.0,41.0,41.0,47.0,49.0
119142930531415701,3255,3235,3235,3205,3219,3183,3133,3089.0,3090.0,3109.0,3104.0,3091.0,3053.0,3072.0,3128.0
119242930463926601,1800,1800,1827,1794,1793,1795,1775,1707.0,1696.0,1690.0,1710.0,1763.0,1771.0,1768.0,1789.0
119442930526684402,2864,2889,2886,2892,2922,2955,3030,3178.0,3185.0,3223.0,3241.0,3329.0,3281.0,3354.0,3400.0
119542930473450501,793,810,837,825,834,823,797,808.0,785.0,764.0,768.0,774.0,761.0,769.0,762.0
119642930460902801,4494,4506,4436,4419,4421,4373,4334,4254.0,4238.0,4185.0,4107.0,4004.0,3990.0,3954.0,3886.0
119642930474784802,1103,1107,1099,1087,1112,1134,1133,1121.0,1162.0,1171.0,1180.0,1186.0,1187.0,1186.0,1203.0
119642930543451002,5891,5852,5946,5960,5846,5744,5654,5472.0,5410.0,5382.0,5367.0,5327.0,5353.0,5374.0,5391.0
119742930531276501,668,661,666,642,611,604,592,588.0,562.0,539.0,525.0,528.0,523.0,507.0,485.0
119942930518238201,975,976,976,980,1003,994,995,1053.0,1033.0,1060.0,1052.0,1057.0,1050.0,1058.0,1036.0
119942930529966301,1340,1358,1350,1370,1369,1354,1346,1346.0,1356.0,1383.0,1388.0,1431.0,1440.0,1464.0,1466.0
121242929321210202,1256,1239,1222,1216,1227,1218,1213,1187.0,1195.0,1148.0,1109.0,1086.0,1091.0,1064.0,1021.0
121242930508820902,11296,11227,11191,11163,11039,10906,10797,10584.0,10472.0,10402.0,10304.0,10179.0,10064.0,9996.0,9941.0
121242930520578002,8942,9160,9300,9487,9630,9745,9749,9696.0,9699.0,9635.0,9607.0,9473.0,9496.0,9451.0,9401.0
121342930459339902,1478,1473,1496,1494,1467,1492,1460,1540.0,1531.0,1506.0,1511.0,1532.0,1524.0,1497.0,1525.0
121342930532867601,244,242,238,241,236,241,247,235.0,237.0,222.0,224.0,219.0,224.0,223.0,225.0
121642928932197502,8385,8401,8384,8358,8334,8292,8227,8192.0,8131.0,8077.0,7989.0,7827.0,7747.0,7993.833333333333,7993.833333333333
121642930531710102,244218,243983,243847,242659,241590,240172,238193,234138.0,231306.0,229280.0,227424.0,222329.0,221246.0,218786.0,217895.0
121742928857169102,1238,1227,1223,1212,1186,1196,1182,1133.0,1132.0,1088.0,1049.0,1003.0,1022.0,1027.0,1017.0
121942930532691902,9492,9618,9477,9492,9423,9296,9264,9156.0,9045.0,8985.0,8879.0,8756.0,8761.0,8747.0,8792.0
122042930453747502,3553,3575,3647,3698,3675,3660,3677,3617.0,3587.0,3575.0,3583.0,3583.0,3560.0,3547.0,3537.0
122142930476059801,532,544,548,535,534,503,477,475.0,475.0,471.0,449.0,444.0,437.0,428.0,432.0
122142930524050702,37395,37294,37545,37692,37749,37782,37600,37316.0,36964.0,36968.0,36928.0,37201.0,37090.0,36896.0,36764.0
122242930516823202,3701,3881,4091,4337,4548,4675,4784,4892.0,4872.0,4851.0,4850.0,4929.0,5031.0,5095.0,5119.0
122242930542103301,2720,2718,2731,2743,2713,2676,2673,2622.0,2642.0,2643.0,2610.0,2579.0,2592.0,2579.0,2607.0
122342929604572701,21041,21064,21143,21043,21139,21093,20856,20665.0,20488.0,20406.0,20272.0,19931.0,19689.0,19461.0,19367.0
122342930478315301,326,319,304,302,304,297,292,266.0,265.0,256.0,256.0,251.0,248.0,239.0,233.0
122342930518922302,1576,1577,1544,1556,1507,1488,1487,1439.0,1444.0,1428.0,1393.0,1385.0,1365.0,1345.0,1351.0
122342930519827402,18183,18140,18249,18335,18436,18488,18461,18536.0,18578.0,18335.0,18345.0,18566.0,18503.0,18318.0,18422.0
122642930459111602,966,957,923,941,975,987,997,1024.0,1022.0,1006.0,985.0,988.0,990.0,1006.0,993.0
122642930550255802,4958,4914,4835,4811,4773,4767,4738,4650.0,4619.0,4610.0,4554.0,4499.0,4437.0,4353.0,4343.0
122742930457734301,878,889,877,878,876,879,886,874.0,844.0,828.0,819.0,823.0,801.0,793.0,802.0
122742930471847401,1385,1386,1368,1373,1399,1392,1371,1393.0,1375.0,1363.0,1371.0,1363.0,1347.0,1324.0,1335.0
122842930473415802,571,565,591,591,581,589,591,612.0,615.0,605.0,611.0,607.0,625.0,624.0,623.0
122842930534949401,1850,1847,1862,1832,1904,1914,1924,1872.0,1839.0,1853.0,1864.0,1821.0,1829.0,1809.0,1828.0
122842930544924201,2366,2383,2350,2326,2287,2254,2236,2238.0,2217.0,2226.0,2208.0,2199.0,2229.0,2208.0,2171.0
122942929194588301,898,903,896,889,884,869,856,845.0,842.0,826.0,803.0,805.0,771.0,739.0,729.0
123042930475944402,259,231,223,229,225,221,234,228.0,228.0,219.0,220.0,223.0,222.0,217.0,211.0
123142930463041001,6695,6781,6837,6995,7121,7163,7257,7319.0,7316.0,7330.0,7352.0,7389.0,7400.0,7392.0,7487.0
123142930474506401,115787,117555,118335,118628,121441,122284,123150,124985.0,126020.0,126952.0,127037.0,127560.0,127861.0,127564.0,127486.0
123242929642362602,811,804,803,784,794,795,762,756.0,771.0,761.0,751.0,739.0,736.0,742.0,741.0
123442930527137401,2611,2597,2575,2572,2534,2530,2484,2503.0,2540.0,2499.0,2456.0,2336.0,2289.0,2274.0,2290.0
123442930543516602,6091,6202,6229,6259,6352,6372,6320,6419.0,6419.0,6457.0,6392.0,6406.0,6346.0,6277.0,6294.0
123542930548721902,551,539,534,546,549,523,522,519.0,515.0,501.0,479.0,476.0,460.0,441.0,432.0
123642930526093702,2694,2689,2702,2712,2722,2730,2723,2680.0,2648.0,2593.0,2556.0,2522.0,2529.0,2522.0,2509.0
123642930543678502,2691,2712,2740,2681,2668,2699,2743,2684.0,2668.0,2626.0,2592.0,2553.0,2559.0,2565.0,2551.0
123742930477029802,852,861,834,818,809,807,786,827.0,834.0,794.4285714285714,840.0,777.0,770.0,762.0,751.0
123742930480013402,3831,3916,3929,3932,3926,3928,3942,3789.0,3715.0,3713.0,3702.0,3707.0,3733.0,3744.0,3773.0
123842930472867801,993,963,947,957,960,961,952,924.0,917.0,897.0,873.0,857.0,863.0,854.0,844.0
123942930458498402,5258,5304,5399,5430,5424,5485,5564,5729.0,5736.0,5783.0,5764.0,5799.0,5758.0,5728.0,5708.0
124242930458525101,767,763,766,765,780,774,782,761.0,747.0,737.0,732.0,733.0,739.0,737.0,756.0
124242930509420702,4164,4229,4175,4141,4118,4103,4036,3962.0,3956.0,3916.0,3918.0,3925.0,3919.0,3923.0,3941.0
124342930525826602,2401,2406,2437,2428,2427,2391,2370,2312.0,2278.0,2224.0,2215.0,2198.0,2195.0,2223.0,2243.0
124342930527986701,1383,1402,1406,1443,1457,1486,1499,1462.0,1456.0,1462.0,1475.0,1492.0,1491.0,1479.0,1503.0
124542930520334001,2568,2570,2545,2521,2518,2490,2462,2387.0,2362.0,2321.0,2279.0,2217.0,2171.0,2175.0,2224.0
124742930477121702,3530,3506,3518,3516,3412,3328,3318,3304.0,3207.0,3175.0,3116.0,3205.0,3168.0,3147.0,3174.0
124942927917484702,664,656,695,678,649,632,625,598.0,587.0,589.0,570.0,563.0,532.0,596.0,634.0
125042930526270701,1781,1766,1730,1715,1714,1680,1668,1616.0,1589.0,1564.0,1546.0,1494.0,1491.0,1474.0,1462.0
125042930531186701,1471,1457,1418,1371,1356,1346,1346,1291.0,1276.0,1258.0,1245.0,1191.0,1172.0,1151.0,1131.0
125142930542024401,1182,1161,1137,1106,1101,1093,1080,1039.0,1025.0,1016.0,1006.0,979.0,983.0,959.0,938.0
125242930523820602,788,763,754,761,737,727,703,663.0,642.0,656.0,636.0,606.0,591.0,586.0,588.0
125342930454820802,604,598,603,610,602,600,597,583.0,575.0,585.0,580.0,576.0,577.0,572.0,572.0
125442929568624202,6046,6097,6100,6100,6178,6231,6225,6132.0,6115.0,6112.0,6086.0,6101.0,6052.0,6023.0,6007.0
125442929765978601,1517,1520,1526,1522,1522,1511,1510,1463.0,1431.0,1431.0,1422.0,1403.0,1410.0,1398.0,1370.0
125442930529058102,119641,119848,120791,120764,121680,122186,122393,123432.0,124432.0,124459.0,124840.0,122522.0,121984.0,121799.0,123121.0
125442930531011902,997,990,982,973,989,996,999,934.0,924.0,906.0,904.0,874.0,866.0,879.0,894.0
125742930453762001,5864,5865,5929,5923,5887,5866,5859,5827.0,5788.0,5724.0,5639.0,5529.0,5513.0,5466.0,5445.0
125742930530905702,6751,6727,6697,6655,6630,6553,6551,6400.0,6354.0,6259.0,6174.0,5992.0,5940.0,5911.0,5905.0
126142928602946801,1619,1652,1667,1686,1679,1661,1661,1650.0,1642.0,1668.0,1668.0,1626.0,1631.0,1652.0,1657.0
126142930532118001,1658,1654,1684,1688,1722,1731,1725,1709.0,1701.0,1705.0,1685.0,1682.0,1679.0,1696.0,1705.0
126442930456035301,1355,1352,1381,1395,1477,1459,1427,1407.0,1354.0,1360.0,1356.0,1312.0,1302.0,1307.0,1352.0
126442930459684102,10139,10230,10363,10307,10265,10220,10221,10166.0,10114.0,10150.0,10066.0,10069.0,10011.0,9957.0,10020.0
126542930458708001,191,197,193,197,196,200,185,171.0,169.0,161.0,161.0,153.0,151.0,151.0,148.0
126542930517020901,512,537,534,524,520,515,507,491.0,483.0,478.0,478.0,476.0,477.0,473.0,464.0
126542930526631202,11063,11174,11336,11407,11490,11485,11462,11415.0,11355.0,11451.0,11490.0,11534.0,11481.0,11660.0,11911.0
126742930534060501,7677,7803,7855,7793,7810,7826,7818,7693.0,7730.0,7558.0,7508.0,7444.0,7451.0,7433.0,7471.0
126842930458679802,584,586,579,574,569,566,560,547.0,542.0,538.0,524.0,504.0,497.0,480.0,475.0
127042930509937601,2048,2022,2014,1973,1937,1911,1878,1827.0,1809.0,1761.0,1722.0,1679.0,1648.0,1622.0,1593.0
127242930465170502,905,899,889,845,846,840,833,811.0,794.0,788.0,758.0,747.0,730.0,715.0,717.0
127342930544319402,1085,1063,1038,1031,1021,993,966,928.0,921.0,916.0,872.0,849.0,855.0,833.0,830.0
127442930521046502,1701,1709,1714,1696,1677,1669,1632,1588.0,1572.0,1585.0,1568.0,1532.0,1511.0,1486.0,1481.0
127442930526713101,1794,1795,1776,1788,1776,1765,1777,1773.0,1744.0,1743.0,1753.0,1710.0,1758.0,1765.0,1809.0
127542929927508201,954,943,924,921,908,905,907,894.0,890.0,891.0,889.0,890.0,888.0,864.0,851.0
127742930538769502,1305,1337,1333,1313,1311,1314,1357,1360.0,1373.0,1380.0,1388.0,1417.0,1414.0,1401.0,1427.0
127842930478658501,548,581,584,575,604,617,574,578.0,574.0,572.0,566.0,574.0,586.0,587.0,588.0
127942930476460801,302,295,289,288,276,268,266,258.0,262.0,253.0,255.0,251.0,259.0,258.0,244.0
128042930530738002,2467,2461,2509,2528,2532,2488,2462,2376.1428571428573,2369.0,2362.0,2338.0,2377.0,2367.0,2399.0,2421.0
128042930530834301,2946,2924,2893,2849,2827,2831,2811,2746.0,2731.0,2699.0,2675.0,2670.0,2613.0,2627.0,2621.0
128242930475470402,1645,1688,1707,1743,1759,1749,1778,1793.0,1795.0,1777.0,1809.0,1769.0,1779.0,1804.0,1795.0
128242930533241301,164,173,157,163,160,166,157,155.0,158.0,161.0,153.0,159.0,154.0,150.0,157.0
128342930480027202,7324,7469,7552,7611,7664,7748,7775,7796.0,7799.0,7821.0,7878.0,7971.0,7923.0,7959.0,8009.0
128442930525819801,24528,24610,24855,25010,25125,25237,25322,25594.0,25712.0,25753.0,25856.0,25672.0,25767.0,25686.0,25877.0
128442930543538501,617,618,595,598,595,609,602,591.0,574.0,576.0,560.0,558.0,553.0,562.0,557.0
128542930509668001,899,895,893,901,889,877,882,875.0,878.0,867.0,865.0,875.0,858.0,858.0,845.0
128642930463054502,16056,16160,16295,16239,16515,16510,16524,16307.0,16181.0,16169.0,16148.0,16153.0,16075.0,15942.0,15985.0
128642930516861302,102,88,85,86,89,90,84,85.0,86.0,86.0,86.0,88.0,88.0,86.0,82.0
129242930521771901,284,290,285,281,275,274,270,248.0,232.0,237.0,225.0,218.0,206.0,210.0,212.0
129342929605912602,8814,8979,8991,8957,8991,8940,8913,8917.0,8935.0,8904.0,8878.0,8871.0,8908.0,8856.0,8916.0
129342930475939201,2189,2199,2214,2242,2201,2173,2167,2144.0,2116.0,2112.0,2128.0,2122.0,2167.0,2149.0,2150.0
129442930457306502,728,718,718,714,700,684,674,659.0,643.0,623.0,595.0,583.0,567.0,562.0,604.5714285714286
129542928219724801,858,846,838,836,822,798,782,756.0,745.0,724.0,704.0,702.0,685.0,657.0,630.0
129542930532555102,6835,6814,6809,6864,6806,6829,6764,6699.0,6653.0,6659.0,6661.0,6587.0,6573.0,6499.0,6479.0
129542930538128702,1441,1449,1431,1406,1425,1392,1375,1330.0,1353.0,1337.0,1349.0,1310.0,1315.0,1293.0,1301.0
129642930544823502,116,110,103,94,93,99,103,100.0,96.0,89.0,87.0,82.0,84.0,88.0,89.0
129742930546105901,7353,7349,7354,7404,7472,7519,7462,7449.0,7480.0,7490.0,7467.0,7589.0,7485.0,7553.0,7668.0
129742930549689001,5887,5935,6022,6118,6091,6107,6172,6204.0,6225.0,6220.0,6195.0,6152.0,6145.0,6140.0,6167.0
129942930463915001,6925,7143,7275,7480,7642,7751,8065,8240.0,8323.0,8342.0,8305.0,8307.0,8500.0,8668.0,8818.0
129942930517119002,91,94,94,91,93,87,87,83.0,83.0,81.0,77.0,80.0,76.0,78.0,80.0
131242930547233301,4453,4446,4433,4414,4411,4416,4436,4357.0,4360.0,4369.0,4394.0,4290.0,4301.0,4288.0,4283.0
131342930449411402,1898,1913,1884,1837,1814,1788,1763,1712.0,1688.0,1634.0,1588.0,1527.0,1531.0,1503.0,1450.0
131742930464510202,6979,7023,7049,7055,7002,6994,6957,6887.0,6801.0,6704.0,6636.0,6573.0,6498.0,6447.0,6406.0
131942930456273702,8352,8396,8378,8332,8335,8291,8242,8159.0,8154.0,8146.0,8149.0,8082.0,8075.0,8067.0,8144.0
132042930544478501,566,559,538,536,532,527,530,509.0,492.0,476.0,462.0,449.0,442.0,436.0,426.0
132142930516846102,3235,3177,3241,3287,3295,3281,3262,3242.0,3195.0,3162.0,3115.0,3079.0,3109.0,3119.0,3103.0
132142930543892602,6219,6202,6232,6227,6236,6222,6153,5946.0,5955.0,5976.0,5965.0,5906.0,5863.0,5891.0,5969.0
132242930544450901,8478,8590,8736,8700,8825,8836,8866,8813.0,8846.0,8895.0,8840.0,8830.0,8789.0,8788.0,8836.0
132242930546422601,724,699,675,676,663,666,648,622.0,622.0,608.0,614.0,592.0,594.0,579.0,564.0
132342930477421702,1979,2020,2021,2030,2072,2082,2082,2074.0,2051.0,2080.0,2118.0,2104.0,2096.0,2077.0,2135.0
132342930525346801,8143,8213,8244,8188,8226,8218,8260,8135.0,8051.0,8058.0,8021.0,7975.0,7951.0,7901.0,7880.0
132442930316683302,626,616,614,614,602,598,605,586.0,570.2857142857143,579.0,574.0,571.0,574.0,558.0,550.0
132642930457432501,2411,2394,2359,2387,2389,2336,2350,2341.0,2349.0,2327.0,2316.0,2299.0,2319.0,2308.0,2346.0
132642930528427002,533,511,481,472,476,473,475,446.8571428571428,450.0,446.0,454.0,450.0,451.0,447.0,430.0
133042930530349202,438,431,404,398,408,405,390,356.0,368.0,357.0,360.0,385.0,394.0,395.0,406.0
133042930549781002,32029,32184,32296,32305,32096,31821,31473,30916.0,30762.0,30488.0,30273.0,30138.0,30072.0,30083.0,30043.0
133242930477853802,2645,2674,2689,2694,2690,2708,2700,2629.0,2656.0,2663.0,2650.0,2682.0,2589.0,2563.0,2537.0
133342930526510901,736,738,734,735,737,723,698,693.0,708.0,691.0,652.0,651.0,649.0,649.0,662.0
133442929373095001,1345,1369,1357,1365,1348,1335,1336,1316.0,1311.0,1311.0,1303.0,1276.0,1283.0,1275.0,1261.0
133742930510374501,5077,5187,5266,5300,5352,5330,5325,5285.0,5258.0,5225.0,5222.0,5203.0,5195.0,5155.0,5135.0
133842928067730402,138,137,131,128,132,126,129,112.0,108.14285714285714,109.0,106.0,110.0,106.0,106.0,108.0
133942930515980301,2726,2717,2740,2734,2698,2693,2662,2725.0,2714.0,2655.0,2631.0,2574.0,2540.0,2487.0,2504.0
133942930517455202,317,324,320,333,330,336,332,313.0,308.0,307.0,299.0,298.0,305.0,313.0,310.0
133942930519424601,299,278,276,275,275,273,274,265.0,264.0,260.0,254.0,258.0,244.0,233.0,223.0
134042929268266502,211,197,211,208,217,220,219,223.0,208.0,207.0,198.0,202.0,204.0,211.0,211.0
134142930456974502,1476,1468,1422,1373,1358,1358,1309,1279.0,1247.0,1230.0,1201.0,1178.0,1150.0,1119.0,1119.0
134342930526904002,1150,1127,1153,1124,1115,1101,1099,1051.0,1022.0,1023.0,982.0,988.0,983.0,977.0,961.0
134342930541890202,412,406,405,394,376,371,343,325.0,315.0,301.0,292.0,280.0,274.0,261.0,255.0
134442928030278202,517,509,502,516,505,510,497,493.0,491.0,497.0,483.0,485.0,480.0,485.0,479.0
134442930530421902,454,449,463,455,467,465,469,465.0,455.0,417.0,406.0,402.0,400.0,416.0,429.0
134542928005472101,3327,3313,3266,3221,3205,3150,3140,3028.0,2968.0,2908.0,2832.0,2758.0,2716.0,2656.0,2596.0
134542930452103202,6167,6209,6244,6272,6233,6153,6198,6197.0,6149.0,6126.0,6099.0,6014.0,5974.0,5985.0,6006.0
134542930479743002,6722,6772,6866,6900,7009,7027,7032,6991.0,7051.0,7015.0,7013.0,7012.0,7023.0,7037.0,7130.0
134542930515885601,500,482,476,490,487,469,456,456.0,449.0,428.0,446.0,464.0,453.0,458.0,463.0
134642930516950001,4286,4346,4342,4380,4409,4400,4443,4492.0,4539.0,4521.0,4522.0,4503.0,4504.0,4494.0,4496.0
134642930545090501,1165,1157,1144,1123,1115,1090,1082,1061.0,1050.0,1036.0,1010.0,1014.0,985.0,975.0,971.0
134942930519119102,456,467,462,481,478,485,489,488.0,492.0,510.0,502.0,504.0,514.0,535.0,509.0
134942930538026601,3995,4001,4019,4012,4052,4028,4020,3951.0,3921.0,3892.0,3857.0,3749.0,3701.0,3673.0,3680.0
135042930544385201,1802,1791,1759,1738,1733,1709,1681,1649.0,1641.0,1615.0,1604.0,1616.0,1586.0,1571.0,1567.0
135142930528286501,940,953,961,968,963,968,972,977.0,992.0,1044.0,1043.0,1081.0,1055.0,1061.0,1060.0
135242929303665102,13860,14074,14136,14255,14469,14653,14770,14882.0,15011.0,15071.0,15087.0,15081.0,15040.0,14971.0,15057.0
135442930470672302,2084,2083,2080,2094,2076,2042,2032,1957.0,1921.0,1881.0,1848.0,1830.0,1812.0,1778.0,1817.0
135442930477857901,1370,1376,1371,1375,1378,1374,1379,1338.0,1298.0,1308.0,1300.0,1272.0,1282.0,1265.0,1280.0
135442930507917802,2222,2301,2358,2441,2514,2554,2544,2569.0,2552.0,2558.0,2550.0,2525.0,2506.0,2486.0,2493.0
135442930542827201,407,408,406,387,381,386,386,409.0,401.0,390.0,373.0,373.0,373.0,371.0,371.0
135542928235893302,2484,2460,2442,2454,2471,2438,2440,2398.0,2360.0,2363.0,2360.0,2345.0,2349.0,2337.0,2319.0
135642930479563102,2779,2772,2800,2762,2769,2759,2785,2794.0,2803.0,2780.0,2744.0,2713.0,2685.0,2655.0,2641.0
135742930519956701,229,228,227,214,212,214,211,193.0,189.0,190.0,190.0,189.0,191.0,193.0,191.0
135842928236098401,11049,10980,10998,10959,10926,10894,10796,10736.0,10737.0,10660.0,10595.0,10373.0,10331.0,10248.0,10174.0
135842930536357601,763,749,740,726,723,722,714,687.0,684.0,673.0,660.0,642.0,634.0,627.0,596.0
136042930476722802,6276,6343,6360,6282,6260,6237,6232,6095.0,6128.0,6102.0,6089.0,5957.0,5879.0,5823.0,5828.0
136142930455392102,4381,4346,4322,4312,4271,4385,4366,4548.0,4887.0,4993.0,4645.0,4626.0,4488.0,4269.0,4309.0
136142930458954702,10315,10258,10229,10213,10120,10053,10016,9897.0,9782.0,9628.0,9563.0,9464.0,9496.0,9407.0,9374.0
136242930459147501,17275,17582,17865,18122,18163,18242,18279,18288.0,18166.0,18197.0,18248.0,18368.0,18294.0,18226.0,18362.0
136242930477909801,1719,1697,1678,1678,1680,1669,1674,1643.0,1637.0,1594.0,1566.0,1524.0,1497.0,1461.0,1468.0
136442929721382302,2019,1985,1967,1937,1925,1925,1899,1876.0,1873.0,1874.0,1865.0,1857.0,1886.0,1895.0,1906.0
136542928086560001,633,617,611,596,590,588,574,556.0,541.0,536.0,533.0,522.0,509.0,511.0,504.0
136542930528454802,2234,2214,2177,2160,2148,2120,2107,2055.0,1982.0,1974.0,1968.0,1922.0,1886.0,1927.0,2003.0
136642929104783902,2170,2222,2297,2305,2368,2351,2404,2421.0,2421.0,2436.0,2483.0,2464.0,2482.0,2459.0,2444.0
136642930473633302,1624,1658,1681,1646,1641,1680,1681,1637.0,1646.0,1656.0,1641.0,1651.0,1635.0,1602.0,1594.0
136642930516789801,4764,4696,4634,4607,4592,4543,4523,4432.0,4412.0,4405.0,4457.0,4412.0,4371.0,4338.0,4293.0
136642930523848802,14178,14391,14586,14706,14823,14867,14874,14859.0,14827.0,14808.0,14778.0,14612.0,14602.0,14620.0,14660.0
136642930529001601,399,392,396,380,371,362,361,345.0,352.0,344.0,335.0,331.0,328.0,334.0,321.0
136642930529692001,45910,46198,46506,46645,46907,46864,46714,46649.0,46525.0,46372.0,46362.0,45425.0,45176.0,45206.0,45635.0
136742930447072601,11654,11946,12214,12408,12616,12676,12770,12628.0,12696.0,12729.0,12837.0,12820.0,12869.0,12896.0,13051.0
136742930524580802,10409,10371,10345,10336,10268,10168,10118,9958.0,9857.0,9771.0,9624.0,9429.0,9386.0,9281.0,9130.0
136742930529409401,2225,2225,2207,2115,2089,2056,2016,1906.0,1807.0,1796.0,1742.0,1738.0,1705.0,1680.0,1712.0
136842930473053701,2279,2264,2254,2265,2215,2179,2156,2131.0,2138.0,2092.0,2045.0,2016.0,2041.0,2036.0,2026.0
136842930509823702,90716,91333,92221,92389,92642,92924,93060,93110.0,93378.0,93191.0,92876.0,91089.0,90825.0,91059.0,91936.0
137142930450130801,9412,9416,9427,9419,9416,9356,9227,9128.0,9025.0,8928.0,8858.0,8738.0,8721.0,8664.0,8626.0
137142930542063202,394,397,368,359,382,391,394,372.0,348.0,358.0,361.0,375.0,372.0,355.0,354.0
137142930548214702,14015,14209,14374,14586,14683,14847,14899,14969.0,15014.0,15025.0,15207.0,15542.0,15492.0,15579.0,15676.0
137242930534526902,7218,7243,7252,7234,7227,7218,7170,7028.0,6930.0,6932.0,6922.0,6843.0,6802.0,6826.0,6899.0
137442928091164701,1339,1333,1304,1312,1301,1277,1281,1263.0,1257.0,1240.0,1233.0,1213.0,1237.0,1239.0,1243.0
137442930473557502,17107,17225,17223,17286,17434,17507,17487,17475.0,17441.0,17802.0,17978.0,17979.0,18042.0,18103.0,18233.0
137442930517981002,8190,8253,8431,8552,8723,8719,8666,8637.0,8632.0,8583.0,8507.0,8458.0,8414.0,8395.0,8432.0
137642930535030001,2396,2403,2392,2375,2351,2343,2340,2262.0,2221.0,2168.0,2147.0,2082.0,2052.0,2030.0,1994.0
137742930541310502,1674,1653,1644,1626,1632,1624,1629,1599.0,1598.0,1590.0,1577.0,1538.0,1536.0,1520.0,1484.0
137842930529236702,188,177,175,170,180,191,193,179.0,185.0,181.0,179.0,181.0,178.0,172.0,170.0
138042930472490102,7864,7990,8059,8142,8187,8178,8128,7604.142857142857,7864.0,7747.0,7612.0,7543.0,7530.0,7466.0,7467.0
138042930532021202,1598,1598,1618,1629,1597,1603,1611,1559.0,1567.0,1585.0,1589.0,1581.0,1585.0,1592.0,1635.0
138242930467934502,7780,7816,7798,7787,7757,7803,7814,7802.0,7892.0,7936.0,8021.0,7985.0,8086.0,8133.0,8238.0
138242930516299601,1374,1367,1358,1357,1336,1322,1301,1267.0,1250.0,1193.428571428571,1209.0,1172.0,1178.0,1149.0,1129.0
138542930473712401,6271,6353,6412,6407,6381,6358,6293,6237.0,6262.0,6219.0,6197.0,6056.0,6011.0,5980.0,5956.0
138542930510041202,3065,3120,3199,3251,3274,3342,3359,3383.0,3411.0,3459.0,3497.0,3538.0,3507.0,3538.0,3564.0
138642930447265701,639,639,627,634,644,622,590,588.0,574.0,592.0,585.0,561.0,571.0,562.0,540.0
138642930528352101,15324,15346,15428,15454,15461,15446,15400,15088.0,14988.0,14903.0,14840.0,14630.0,14569.0,14507.0,14441.0
138742930466694401,6141,6120,6072,6038,6054,6036,5990,6005.0,6009.0,6059.0,6074.0,6038.0,6066.0,6144.0,6166.0
138842930447969802,22304,22441,22379,22453,22543,22515,22561,22425.0,22392.0,22373.0,22308.0,22233.0,22015.0,22040.0,22068.0
138842930510699801,2157,2180,2141,2106,2080,2077,2104,2053.0,2061.0,2051.0,2031.0,2007.0,2006.0,1978.0,1997.0
139042930518753001,1841,1848,1864,1876,1857,1836,1815,1794.0,1806.0,1813.0,1787.0,1761.0,1782.0,1757.0,1762.0
139242929091334801,294,296,282,286,294,294,280,275.0,275.0,281.0,274.0,273.0,265.0,261.0,257.0
139242930528119601,744,718,707,692,685,673,658,645.0,643.0,630.0,628.0,614.0,595.0,583.0,559.0
139342930529079402,1224,1217,1199,1215,1195,1209,1188,1148.0,1152.0,1115.0,1115.0,1081.0,1053.0,1040.0,1026.0
139342930536041402,106,98,94,93,86,86,81,80.0,78.0,73.0,69.0,70.0,70.0,71.0,72.0
139642930470719502,10208,10177,10121,10144,10005,9862,9812,9683.0,9709.0,9661.0,9676.0,9442.0,9464.0,9399.0,9358.0
139842927994817202,4961,4929,4878,4852,4796,4750,4673,4547.0,4459.0,4364.0,4304.0,4203.0,4190.0,4128.0,4059.0
139842930508561902,6555,6752,6943,7021,7080,7165,7342,7399.0,7379.0,7520.0,7553.0,7511.0,7605.0,7666.0,7744.0
139942930542738402,3161,3238,3306,3350,3393,3416,3439,3415.0,3418.0,3420.0,3402.0,3393.0,3386.0,3383.0,3409.0
141142929230384801,6540,6662,6778,6918,6973,6954,6970,6929.0,6943.0,6947.0,7010.0,6997.0,6952.0,6978.0,6974.0
141342930533725002,16605,16765,17020,17107,17252,17346,17463,17641.0,17718.0,17846.0,18100.0,18112.0,17950.0,17934.0,17960.0
141542927945008302,392,384,389,365,371,371,362,364.0,370.0,366.0,351.0,338.0,337.0,330.0,347.0
141942930527918802,749,743,728,722,713,695,681,674.0,639.0,635.0,616.0,614.0,610.0,608.0,597.0
142042928242898502,171,172,167,162,162,166,162,160.0,162.0,165.0,161.0,167.0,159.0,158.0,153.0
142242930521644402,2308,2287,2250,2263,2260,2235,2211,2176.0,2175.0,2168.0,2121.0,2091.0,2045.0,2012.0,2014.0
142242930527228701,1605,1644,1643,1660,1641,1643,1641,1640.0,1634.0,1618.0,1599.0,1554.0,1572.0,1588.0,1623.0
142342930479210702,1442,1441,1407,1441,1414,1399,1393,1341.0,1332.0,1332.0,1342.0,1304.0,1307.0,1315.0,1316.0
142342930543992402,15131,15194,15289,15365,15362,15277,15240,15183.0,15067.0,15022.0,14943.0,14944.0,14906.0,14771.0,14753.0
142542930456763202,573,567,566,568,559,555,565,557.0,540.0,541.0,539.0,531.0,518.0,520.0,512.0
142542930510792801,848,838,836,840,839,826,807,788.0,802.0,782.0,790.0,772.0,773.0,760.0,765.0
142542930528712602,6439,6354,6309,6345,6351,6280,6231,6183.0,6154.0,6180.0,6161.0,6171.0,6086.0,6051.0,6068.0
142642930466984202,1505,1517,1536,1583,1588,1580,1564,1550.0,1524.0,1526.0,1495.0,1436.0,1429.0,1413.0,1434.0
142742930454799701,591,588,580,576,543,515,511,484.0,478.0,472.0,460.0,483.0,454.0,461.0,470.0
142742930545407002,20864,20940,21151,21526,21615,21772,21862,21823.0,21689.0,21658.0,21880.0,21955.0,22011.0,22216.0,22405.0
142842930526424402,921,899,909,885,870,857,840,811.0,796.0,802.0,785.0,796.0,811.0,818.0,812.0
142942930519535801,11389,11682,11835,11893,11863,11794,11714,11744.0,11683.0,11650.0,11686.0,11889.0,11840.0,11732.0,11746.0
142942930526801701,3260,3258,3303,3334,3413,3404,3348,3348.0,3331.0,3340.0,3344.0,3393.0,3355.0,3363.0,3413.0
142942930544449401,7622,7590,7497,7469,7423,7344,7252,7153.0,7095.0,6951.0,6850.0,6830.0,6743.0,6664.0,6629.0
143042930462302501,4713,4743,4799,4878,4946,4900,4936,4914.0,4836.0,4781.0,4810.0,4747.0,4682.0,4645.0,4649.0
143342930519396801,2686,2701,2698,2686,2687,2672,2654,2445.0,2445.0,2575.0,2531.0,2448.0,2404.0,2365.0,2347.0
143442930473411701,2351,2387,2389,2356,2364,2341,2352,2333.0,2331.0,2338.0,2306.0,2291.0,2273.0,2256.0,2253.0
143542930508193002,158,154,146,136,129,124,120,107.0,101.0,106.0,102.0,97.0,95.0,100.0,96.0
143942930476759202,1249,1223,1207,1193,1186,1169,1159,1131.0,1146.0,1141.0,1150.0,1201.0,1139.0,1136.0,1130.0
143942930547024101,3000,3003,3000,2986,2976,2966,2940,2967.0,2912.0,2885.0,2864.0,2817.0,2790.0,2774.0,2791.0
144042930518784002,346,343,339,331,332,328,304,312.0,307.0,305.0,302.0,298.0,296.0,289.0,293.0
144142930516627302,5031,5003,4997,4937,4941,4846,4785,4635.0,4518.0,4447.0,4364.0,4234.0,4199.0,4164.0,4123.0
144242928758061801,27941,28168,28398,28342,28329,28127,28088,27906.0,27887.0,27871.0,27892.0,27982.0,27898.0,27882.0,28064.0
144342930516888102,2029,2094,2113,2107,2100,2143,2146,2178.0,2199.0,2203.0,2205.0,2212.0,2231.0,2244.0,2253.0
144342930536405301,1227,1207,1194,1185,1162,1147,1139,1112.0,1086.0,1075.0,1045.0,983.0,1011.0,958.0,1038.571428571429
144342930546083402,5344,5271,5244,5232,5235,5200,5078,5032.0,4961.0,4967.0,4945.0,4878.0,4893.0,4881.0,4951.0
144442930475711802,1173,1144,1149,1192,1180,1154,1138,1098.0,1101.0,1124.0,1119.0,1117.0,1161.0,1212.0,1270.0
144542930477317802,4867,4892,4853,4802,4801,4807,4778,4745.0,4731.0,4683.0,4684.0,4601.0,4531.0,4497.0,4469.0
144642930465883002,1037,1082,1129,1159,1165,1190,1201,1198.0,1207.0,1215.0,1213.0,1194.0,1205.0,1203.0,1208.0
144642930473806401,364,345,335,326,316,306,293,281.0,274.0,269.0,264.0,269.0,267.0,261.0,266.0
144642930532617302,14457,14697,14890,14881,15011,15183,15232,15422.0,15511.0,15482.0,15570.0,15644.0,15623.0,15680.0,15684.0
144742930542766901,5552,5534,5507,5413,5330,5264,5253,5127.0,5058.0,5078.0,5054.0,4906.0,4894.0,4843.0,4853.0
144842930530614201,1125,1150,1080,1035,1040,1051,1037,995.0,999.0,952.0,934.0,926.0,953.0,947.0,958.0
144942930519506501,150,149,151,151,157,158,151,132.0,128.0,122.0,111.0,108.0,104.0,105.0,102.0
145042930473345201,1717,1788,1809,1801,1798,1793,1806,1782.0,1812.0,1795.0,1783.0,1766.0,1773.0,1779.0,1772.0
145042930516473101,669,656,658,639,638,641,637,636.0,632.0,618.0,624.0,630.0,617.0,625.0,620.0
145142930461490302,1024,1017,1003,1005,1005,979,943,926.0,899.0,894.0,874.0,894.0,905.0,895.0,912.0
145242930530017602,5941,5989,6036,6029,6059,6100,6027,6094.0,6099.0,6102.0,6085.0,6080.0,6057.0,6027.0,5990.0
145342929703889902,1664,1686,1668,1646,1602,1583,1607,1559.0,1543.0,1484.0,1449.0,1418.0,1419.0,1379.0,1356.0
145542930449651701,24985,25244,25326,25478,25579,25750,26027,26164.0,26317.0,26536.0,26566.0,26924.0,26795.0,26684.0,26899.0
145542930461706001,2082,2088,2047,2052,2011,2013,1992,1935.6666666666667,1935.6666666666667,1940.0,1912.0,1932.0,1934.0,1940.0,1956.0
145542930537934402,4064,4045,4006,3949,3931,3909,3895,3791.0,3781.0,3784.0,3778.0,3733.0,3740.0,3713.0,3669.0
145642930539008501,574,567,572,555,555,544,565,559.0,556.0,540.0,547.0,545.0,558.0,562.0,559.0
145842930447522202,2246,2242,2234,2249,2217,2188,2170,2108.0,2080.0,2034.0,2016.0,1973.0,1970.0,1952.0,1953.0
145842930541202802,778,770,781,785,785,779,783,805.0,826.0,835.0,818.0,800.0,825.0,811.0,828.0
145942929820831802,40202,40730,41773,42699,44468,44924,45275,45336.0,45425.0,45638.0,46034.0,46147.0,46191.0,46394.0,46741.0
146142930450300301,1780,1732,1711,1664,1613,1615,1591,1359.857142857143,1482.0,1456.0,1442.0,1312.0,1293.0,1276.0,1258.0
146142930463763601,20519,20459,20388,20198,20091,19978,19847,18923.428571428572,19285.0,19209.0,19015.0,18950.0,18781.0,18643.0,18581.0
146242930520059602,468,467,463,471,493,471,467,470.0,449.0,438.0,444.0,455.0,458.0,476.0,501.0
146542930451341801,2336,2355,2375,2377,2439,2479,2480,2480.0,2486.0,2490.0,2461.0,2418.0,2456.0,2441.0,2449.0
146642930536166401,4952,4965,4989,5019,5027,4961,4994,4925.0,4910.0,4887.0,4889.0,4847.0,4946.0,4965.0,4980.0
146642930542554401,36431,36684,36873,36942,37207,37436,37593,37612.0,37589.0,37727.0,37549.0,37341.0,37278.0,37136.0,36937.0
146742930476644701,1247,1252,1284,1289,1302,1300,1289,1211.0,1203.0,1164.0,1247.0,1209.0,1195.0,1174.0,1187.0
146742930509457302,2872,2896,2866,2851,2839,2902,2897,2894.0,2885.0,2864.0,2819.0,2803.0,2802.0,2775.0,2808.0
146842930530364101,2953,2944,2933,2965,3001,3029,3075,3075.0,3074.0,3100.0,3105.0,3079.0,3048.0,3027.0,3014.0
146842930542607102,2295,2281,2300,2312,2282,2287,2260,2240.0,2229.0,2203.0,2190.0,2126.0,2146.0,2131.0,2107.0
146942928726482201,507,499,490,475,455,437,428,451.0,446.0,455.0,466.0,514.0,530.0,551.0,544.0
147042929295093101,92112,93093,94340,94954,94995,94791,94897,94522.0,94351.0,93484.0,93865.0,95037.0,94783.0,94517.0,94434.0
147042930517911201,8847,8762,8861,8862,8922,8955,9006,8833.0,8872.0,8956.0,8977.0,8914.0,8929.0,8952.0,9102.0
147342930463839802,9788,9709,9595,9503,9401,9399,9345,9214.0,9143.0,9161.0,9165.0,9167.0,9120.0,9089.0,9131.0
147442930452303701,34633,34944,35059,34979,34839,34798,34751,34019.857142857145,34375.0,34362.0,34267.0,33881.0,33935.0,33697.0,33622.0
147442930533789501,4013,4067,4190,4340,4446,4466,4517,4533.0,4495.0,4472.0,4479.0,4496.0,4492.0,4511.0,4555.0
147542930462402502,8992,8927,8912,8825,8695,8630,8604,8566.0,8457.0,8367.0,8320.0,8196.0,8148.0,8035.0,7918.0
147642929372880402,24039,24183,24315,24118,24039,23973,23901,23577.0,23619.0,23923.0,24122.0,24103.0,24135.0,24085.0,24415.0
147642930528895902,7191,7172,7166,7153,7055,6969,6906,6761.0,6704.0,6698.0,6642.0,6452.0,6409.0,6366.0,6334.0
147842930535076502,3169,3193,3321,3342,3420,3459,3504,3550.0,3490.0,3492.0,3500.0,3467.0,3500.0,3525.0,3559.0
148042930511023901,5431,5371,5304,5232,5202,5174,5161,5150.0,5054.0,4953.0,4966.0,4796.0,4703.0,4665.0,4651.0
148142930539768402,4513,4494,4474,4534,4521,4535,4466,4447.0,4427.0,4482.0,4502.0,4473.0,4393.0,4373.0,4420.0
148242929249038602,5897,5871,5820,5823,5792,5718,5715,5650.0,5600.0,5643.0,5577.0,5524.0,5518.0,5469.0,5403.0
148342930537454201,78105,77926,77893,78413,79492,80231,80879,81601.0,81717.0,81667.0,81706.0,80203.0,79442.0,78884.0,78565.0
148542930479380901,1372,1362,1356,1322,1288,1269,1226,1156.0,1129.0,1119.0,1103.0,1065.0,1039.0,1018.0,1003.0
148642930479971702,183,180,186,185,184,183,182,186.0,185.0,179.0,162.0,159.0,155.0,156.0,153.0
148942930528636601,578,569,551,542,520,517,513,507.0,531.0,490.0,483.0,465.0,456.0,443.0,432.0
149042930519576702,2260,2298,2297,2298,2300,2317,2344,2312.0,2327.0,2298.0,2306.0,2297.0,2285.0,2281.0,2278.0
149242930469838702,1712,1716,1719,1706,1718,1740,1722,1726.0,1679.0,1689.571428571429,1711.0,1666.0,1688.0,1690.0,1667.0
149242930523100401,3643,3606,3585,3552,3534,3528,3503,3479.0,3435.0,3390.0,3362.0,3295.0,3271.0,3245.0,3231.0
149242930528314001,13777,13917,14173,14364,14521,14721,14800,15139.0,15431.0,15579.0,15744.0,15970.0,16021.0,16233.0,16402.0
149242930538102502,1997,2024,2008,1994,1988,1993,1993,2043.0,2049.0,2040.0,2027.0,1974.0,2000.0,1997.0,1994.0
149342930456788201,3595,3609,3600,3652,3641,3661,3654,3820.0,3753.0,3733.0,3685.0,3514.0,3494.0,3457.0,3488.0
149542928726666202,15972,16054,16096,16141,16309,16406,16378,16651.0,16902.0,16967.0,16952.0,16423.0,16562.0,16668.0,16759.0
149642928653501701,718,696,694,682,687,688,679,683.0,668.0,671.0,672.0,678.0,662.0,657.0,651.0
149642930464155901,180,181,172,174,167,175,182,169.0,162.0,166.0,170.0,171.0,171.0,174.0,175.0
149842930518260702,9129,9281,9508,9685,9880,10025,10140,10177.0,10192.0,10172.0,10214.0,10288.0,10268.0,10228.0,10336.0
149842930550702801,2245,2242,2262,2228,2219,2180,2185,2176.0,2168.0,2180.0,2166.0,2155.0,2168.0,2166.0,2122.0
151342930508974301,378,388,384,381,376,365,367,354.0,353.0,350.0,353.0,348.0,338.0,368.0,357.0
151542930475519001,296,296,301,298,293,286,271,261.0,257.0,239.0,242.0,241.0,221.0,230.0,230.0
151742927963730101,4769,4750,4745,4733,4734,4678,4629,4594.0,4590.0,4565.0,4503.0,4466.0,4459.0,4404.0,4443.0
151842930448135701,246,225,217,212,211,204,193,189.0,178.0,175.0,172.0,174.0,182.0,179.0,179.0
151842930463750102,386,380,380,369,360,359,357,362.0,359.0,359.0,350.0,353.0,358.0,357.0,349.0
151942930544978002,1450,1472,1487,1477,1466,1465,1461,1355.428571428571,1407.0,1397.0,1385.0,1331.0,1345.0,1312.0,1311.0
152042930464035102,1383,1397,1386,1385,1378,1364,1364,1354.0,1367.0,1334.0,1339.0,1333.0,1330.0,1313.0,1310.0
152042930477182301,1396,1405,1430,1436,1449,1441,1426,1394.0,1380.0,1361.0,1340.0,1336.0,1332.0,1321.0,1313.0
152042930531609501,2564,2550,2552,2523,2496,2484,2427,2354.0,2298.0,2304.0,2297.0,2161.0,2185.0,2148.0,2140.0
152142930534314602,1481,1488,1497,1505,1478,1461,1456,1459.0,1469.0,1456.0,1461.0,1443.0,1469.0,1483.0,1478.0
152242930543096402,10999,11142,11175,11313,11279,11229,11257,11146.0,11171.0,11153.0,11130.0,11060.0,11109.0,11184.0,11265.0
152342928770281901,41463,41911,42319,42520,42472,42375,42326,42070.0,42064.0,42023.0,41969.0,41941.0,41960.0,42060.0,42375.0
152342930450686901,541,544,543,520,519,511,504,487.0,474.0,468.0,468.0,462.0,458.0,467.0,455.0
152542930476846501,3132,3061,3034,3018,2992,2975,2941,2867.0,2852.0,2810.0,2734.0,2646.0,2645.0,2618.0,2593.0
153142930542972702,227,219,214,208,212,204,197,182.0,174.0,164.0,153.0,150.0,134.0,129.0,134.0
153342930458996002,969,972,975,987,987,949,941,923.0,923.0,907.0,903.0,892.0,884.0,871.0,865.0
153342930475440202,2709,2681,2668,2658,2666,2648,2621,2534.0,2491.0,2482.0,2456.0,2418.0,2405.0,2340.0,2320.0
153442930467893301,1380,1389,1389,1380,1394,1384,1389,1408.0,1403.0,1421.428571428571,1409.0,1384.0,1397.0,1452.0,1497.0
153642930449164501,3165,3201,3208,3196,3155,3163,3193,3231.0,3196.0,3188.0,3193.0,3141.0,3198.0,3228.0,3226.0
153642930516703902,18535,18644,18727,18781,18852,18821,18731,18468.0,18307.0,18339.0,18306.0,18517.0,18468.0,18419.0,18444.0
153842930524916302,7906,8082,8214,8336,8414,8565,8668,8621.0,8628.0,8587.0,8628.0,8656.0,8677.0,8749.0,8735.0
153942930516129101,6344,6352,6350,6319,6287,6259,6229,6025.0,5921.0,5847.0,5789.0,5759.0,5691.0,5609.0,5628.0
154142928025264602,743,738,720,714,715,754,753,719.0,715.0,690.0,679.0,682.0,660.0,638.0,614.0
154142930537343902,17452,17610,17781,17932,18210,18409,18459,18532.0,18583.0,18675.0,18727.0,18797.0,18834.0,18835.0,18978.0
154342930515951901,10600,10662,10575,10536,10503,10367,10291,10269.0,10202.0,10191.0,10154.0,10160.0,10130.0,10160.0,10203.0
154342930521332601,31494,31632,31669,31724,31702,31606,31612,31279.0,31040.0,30785.0,30667.0,30503.0,30474.0,30392.0,30506.0
154342930532730101,3413,3376,3380,3373,3400,3354,3331,3317.0,3280.0,3267.0,3247.0,3142.0,3083.0,3107.0,3104.0
154342930544862901,145,136,133,126,125,125,127,121.0,113.0,113.0,108.0,110.0,104.0,101.0,101.0
154442930342690301,9364,9489,9736,9803,9840,9893,9965,10124.0,10119.0,10169.0,10159.0,10033.0,10065.0,10007.0,10030.0
154542930547669701,1741,1734,1710,1661,1629,1617,1580,1543.0,1520.0,1507.0,1457.0,1405.0,1414.0,1396.0,1386.0
154642930450207102,952,939,934,934,934,938,920,913.0,899.0,875.0,863.0,849.0,823.0,808.0,801.0
154642930453645502,12486,12655,13020,13367,13580,13885,14047,14248.0,14479.0,14501.0,14595.0,14714.0,14507.4,14507.4,14507.4
154742928946604302,1300,1294,1329,1317,1323,1342,1304,1284.0,1267.0,1297.0,1312.0,1296.0,1274.0,1260.0,1290.0
154842930457094601,1740,1722,1742,1725,1725,1712,1709,1661.0,1648.0,1619.0,1598.0,1556.0,1558.0,1530.0,1522.0
154942930521003602,8537,8523,8475,8444,8403,8388,8323,7531.571428571428,7930.0,7783.0,7670.0,7473.0,7384.0,7269.0,7212.0
155042930546029701,1058,1047,1033,1030,1009,1010,1001,969.0,921.0,907.0,883.0,884.0,878.0,854.0,833.0
155142930532843201,2324,2321,2329,2318,2301,2316,2286,2181.0,2148.0,2126.0,2139.0,2083.0,2073.0,2039.0,2064.0
155342930473738501,2967,2978,2969,2963,2947,2884,2837,2760.0,2683.0,2684.0,2667.0,2549.0,2540.0,2473.0,2447.0
155442928135508801,2872,2858,2866,2900,2861,2834,2797,2749.0,2705.0,2667.0,2607.0,2533.0,2500.0,2541.0,2516.0
155442930458741801,764,777,771,778,794,773,757,756.0,760.0,760.0,745.0,723.0,719.0,723.0,721.0
155442930546716402,4732,4726,4705,4693,4674,4678,4686,4601.0,4555.0,4533.0,4468.0,4386.0,4382.0,4375.0,4326.0
155542930467099901,1896,1894,1877,1853,1830,1809,1790,1769.0,1756.0,1750.0,1738.0,1698.0,1682.0,1645.0,1623.0
155642930519275401,27097,27686,28017,28317,28459,28559,28711,28647.0,28640.0,28536.0,28658.0,28589.0,28894.0,28760.0,28948.0
155642930546746501,9565,9702,9759,9734,9756,9616,9589,9570.0,9523.0,9517.0,9510.0,9380.0,9351.0,9285.0,9284.0
155942930517438602,4339,4357,4434,4543,4587,4644,4644,4646.0,4622.0,4629.0,4593.0,4564.0,4616.0,4623.0,4615.0
155942930525766602,5838,5880,5884,5917,5940,5944,5968,5992.0,6001.0,6017.0,6023.0,5971.0,5989.0,5948.0,5958.0
156042930537289702,1207,1188,1179,1180,1171,1171,1150,1088.0,1073.0,1079.0,1073.0,1047.0,1029.0,992.0,994.0
156342930522775202,4288,4235,4214,4238,4225,4227,4168,4121.0,4166.0,4176.0,4154.0,4150.0,4147.0,4137.0,4204.0
156642929575390702,4832,4941,5024,5228,5315,5335,5378,5464.0,5491.0,5485.0,5578.0,5588.0,5664.0,5682.0,5705.0
156742930529460202,2276,2266,2247,2205,2194,2168,2159,2108.0,2101.0,2078.0,2073.0,1987.0,1982.0,1985.0,1946.0
156842930516325302,1942,1938,1892,1874,1848,1827,1820,1790.0,1764.0,1737.0,1717.0,1694.0,1692.0,1674.0,1694.0
156942930521143101,47426,47672,47971,48215,48231,48276,48244,47944.0,47842.0,47779.0,47550.0,47316.0,47117.0,47033.0,46994.0
157042928932618502,2116,2106,2120,2127,2123,2105,2095,2082.0,2057.0,2040.0,2008.0,1965.0,1976.0,1969.0,1955.0
157042930474743902,5644,5618,5611,5584,5582,5570,5573,5550.0,5540.0,5535.0,5508.0,5420.0,5397.0,5359.0,5320.0
157242930550208302,906,912,925,924,919,893,895,891.0,876.0,874.0,858.0,858.0,861.0,840.0,831.0
157342930469553702,721,703,716,735,692,669,636,610.0,571.0,551.0,545.0,531.0,514.0,500.0,546.0
157442930527548402,6746,6837,6953,7030,7196,7223,7233,7353.0,7347.0,7386.0,7401.0,7231.0,7403.0,7380.0,7410.0
157642930523961501,2090,2094,2094,2080,2101,2069,2064,2141.0,2100.0,2042.0,2014.0,1982.0,1990.0,1955.0,1957.0
157742930545228701,5350,5350,5315,5315,5262,5212,5183,5063.0,4996.0,4906.0,4819.0,4716.0,4699.0,4660.0,4583.0
157842930467986402,1843,1807,1783,1805,1793,1770,1771,1741.0,1749.0,1749.0,1743.0,1728.0,1720.0,1726.0,1719.0
157842930474296502,770,761,760,775,783,776,762,770.0,754.0,739.0,713.0,693.0,695.0,702.0,718.0
157842930529640802,3914,3859,3895,3894,3911,3884,3822,3783.0,3759.0,3686.0,3679.0,3613.0,3617.0,3614.0,3587.0
157942930475444302,13555,13656,13751,13780,13852,13912,13847,13678.0,13753.0,13731.0,13834.0,13813.0,13981.0,14097.0,14219.0
158042930463092601,21067,21113,21059,21126,21197,20975,20777,20515.0,20393.0,20214.0,20071.0,19755.0,19598.0,19423.0,19332.0
158042930478706402,2401,2427,2434,2412,2430,2445,2436,2406.0,2351.0,2324.0,2278.0,2242.0,2244.0,2224.0,2254.0
158142929189241902,903,893,901,901,902,875,873,848.0,832.0,810.0,805.0,790.0,781.0,753.0,766.0
158242927979933702,5381,5409,5387,5339,5337,5293,5264,5164.0,5124.0,5085.0,5022.0,4889.0,4875.0,4793.0,4743.0
158342930478366301,1158,1142,1127,1083,1084,1074,1063,1004.0,1004.0,949.0,922.0,906.0,881.0,856.0,837.0
158342930516054701,8141,8273,8395,8491,8513,8502,8465,8529.0,8473.0,8489.0,8498.0,8444.0,8459.0,8424.0,8507.0
158342930526117801,27527,27433,27404,27422,27240,26982,26747,26485.0,26297.0,26115.0,26056.0,26143.0,26087.0,25935.0,25869.0
158442930519045901,9764,9892,9834,9822,9872,9837,9876,9879.0,9911.0,9902.0,9932.0,9944.0,9996.0,10045.0,10036.0
158742930467019501,821,799,795,772,796,781,777,746.0,772.0,752.0,732.0,745.0,735.0,723.0,757.0
158742930533543501,1913,1911,1917,1928,1953,1935,1938,1918.0,1896.0,1871.0,1871.0,1883.0,1875.0,1835.0,1820.0
158742930541831501,2226,2245,2257,2262,2295,2284,2272,2256.0,2225.0,2205.0,2193.0,2192.0,2182.0,2146.0,2173.0
158842930544096501,990,964,941,937,904,879,854,819.0,826.0,809.0,795.0,775.0,777.0,766.0,762.0
158942930510998002,15927,15959,16053,15994,16044,16127,16289,16398.0,16371.0,16242.0,16084.0,15715.0,15889.0,15877.0,15863.0
158942930526499202,1462,1467,1454,1442,1450,1463,1463,1452.0,1446.0,1459.0,1534.0,1454.0,1452.0,1458.0,1453.0
159142928135435302,11799,11818,11885,11985,12085,12200,12239,12224.0,12283.0,12317.0,12370.0,12353.0,12313.0,12377.0,12363.0
159142930465136102,6190,6198,6190,6137,6245,6238,6186,6224.0,6198.0,6303.0,6307.0,6325.0,6329.0,6364.0,6422.0
159342930458732502,767,755,752,750,714,696,692,701.0,677.0,672.0,634.0,618.0,580.0,569.0,559.0
159342930525299201,1744,1750,1736,1704,1698,1675,1675,1648.0,1605.0,1606.0,1586.0,1550.0,1526.0,1518.0,1495.0
159442930509101502,2643,2699,2724,2687,2701,2657,2635,2596.0,2536.0,2473.0,2459.0,2411.0,2437.0,2428.0,2408.0
159542930515787101,755,741,739,754,740,736,719,703.0,705.0,739.0,726.0,721.0,710.0,723.0,717.0
159642929166032802,884,879,878,873,871,851,852,819.0,808.0,811.0,798.0,790.0,773.0,769.0,772.0
159642930549182602,1567,1568,1564,1569,1552,1535,1503,1502.0,1481.0,1460.0,1446.0,1450.0,1463.0,1447.0,1461.0
159842930524167302,3133,3167,3128,3336,3284,3255,3249,3170.0,3056.0,3075.0,3117.0,3007.0,3050.0,3034.0,3042.0
161142930541557502,10937,10973,10889,10905,10882,10910,11020,10940.0,10962.0,10865.0,10787.0,10695.0,10764.0,10725.0,10804.0
161542929309260302,513,520,516,514,502,500,495,461.0,450.0,449.0,449.0,440.0,438.0,433.0,432.0
161542930531648401,1986,1963,1930,1920,1921,1869,1879,1847.0,1827.0,1808.0,1786.0,1735.0,1722.0,1676.0,1672.0
161642930467750602,2973,2969,2962,2952,2891,2831,2736,2709.0,2678.0,2649.0,2657.0,2606.0,2642.0,2639.0,2666.0
161642930549932401,954,955,956,922,890,883,881,836.0,814.0,805.0,793.0,761.0,755.0,741.0,726.0
161742930524729901,1920,1990,1980,2001,1989,1946,1943,1989.0,1953.0,1927.0,1891.0,2019.0,1971.0,1980.0,1991.0
161942930445609901,2805,2767,2765,2792,2727,2710,2691,2623.0,2593.0,2549.0,2496.0,2426.0,2399.0,2353.0,2313.0
161942930458787802,27481,27329,27331,27217,27061,26996,26847,26738.0,26535.0,26437.0,26201.0,25944.0,25885.0,25660.0,25511.0
161942930533316402,15541,15641,15683,15755,15867,15958,15919,15688.0,15658.0,15619.0,15683.0,15648.0,15630.0,15636.0,15726.0
162042930527284502,4377,4371,4366,4324,4340,4295,4301,4200.0,4141.0,4135.0,4110.0,4145.0,4100.0,4096.0,4097.0
162242930545636301,11408,11440,11377,11292,11265,11176,11163,10980.0,10988.0,10961.0,10874.0,10722.0,10687.0,10592.0,10573.0
162342930453250801,2486,2467,2436,2422,2409,2406,2343,2250.0,2231.0,2192.0,2180.0,2102.0,2047.0,2025.0,2000.0
162342930454060301,1509,1476,1474,1441,1431,1405,1396,1360.0,1360.0,1334.0,1321.0,1298.0,1317.0,1326.0,1322.0
162442930530754802,3309,3329,3298,3245,3229,3221,3156,3062.0,3019.0,2972.0,2926.0,2798.0,2781.0,2762.0,2761.0
162442930531321102,1785,1752,1741,1735,1718,1691,1676,1618.0,1598.0,1571.0,1526.0,1478.0,1475.0,1425.0,1392.0
162542930549518202,759,757,741,718,724,716,700,693.0,693.0,690.0,686.0,669.0,658.0,650.0,627.0
162642928676339002,2008,1974,1970,1962,1916,1882,1844,1759.0,1717.0,1665.0,1619.0,1546.0,1509.0,1462.0,1611.0
162742930541386401,807,795,780,781,771,764,758,746.0,741.0,728.0,712.0,697.0,709.0,698.0,689.0
163342930450908301,11820,11954,12044,12070,12069,12032,11981,11880.0,11791.0,11864.0,11872.0,11714.0,11431.0,11393.0,11347.0
163342930473979502,426,416,415,407,411,394,386,373.0,357.0,366.0,370.0,366.0,372.0,375.0,365.0
163442930530935502,3095,3111,3153,3193,3182,3134,3120,3026.0,3086.0,3047.0,3038.0,2985.0,2980.0,2955.0,2933.0
163442930539694902,1140,1132,1110,1082,1040,1036,1015,983.0,957.0,958.0,916.0,910.0,890.0,879.0,857.0
163942930544633802,3285,3278,3269,3299,3268,3258,3233,3257.0,3272.0,3278.0,3309.0,3301.0,3305.0,3289.0,3287.0
164042930460051801,2875,2889,2917,2910,2970,3009,2999,2925.0,2914.0,2910.0,2938.0,2878.0,2859.0,2877.0,2887.0
164142930540465502,16216,16397,16538,16696,16861,16742,16816,16685.0,16650.5,16650.5,16645.0,16599.0,16646.0,16625.0,16703.0
164242930447341201,8271,8316,8284,8294,8336,8361,8350,8377.0,8416.0,8505.0,8490.0,8478.0,8462.0,8407.0,8426.0
164442929816278102,2289,2376,2349,2355,2446,2446,2430,2371.0,2372.0,2335.0,2300.0,2270.0,2251.0,2223.0,2232.0
164442930540918602,5655,5692,5751,5750,5780,5788,5748,5689.0,5621.0,5562.0,5520.0,5466.0,5494.0,5483.0,5497.0
164542930519765302,7629,7805,7989,8217,8333,8381,8382,8462.0,8557.0,8537.0,8534.0,8465.0,8419.0,8405.0,8359.0
164642930461808702,649,679,680,663,667,665,666,654.0,662.0,648.0,638.0,637.0,645.0,636.0,629.0
164642930463614001,556,544,531,511,504,514,503,503.0,488.0,508.0,507.0,479.0,472.0,460.0,456.0
164942930533952001,7468,7489,7413,7336,7253,7186,7151,7046.0,6991.0,6947.0,6833.0,6714.0,6630.0,6560.0,6556.0
165442928043802902,162,166,172,172,169,161,163,157.0,154.0,153.0,155.0,158.0,157.0,153.0,159.0
165442930517273502,13930,13974,13967,13903,14011,14026,14019,13854.0,13848.0,13808.0,13673.0,13452.0,13425.0,13328.0,13233.0
165542930460232502,1154,1184,1193,1201,1214,1215,1211,1212.0,1186.0,1175.0,1160.0,1143.0,1138.0,1137.0,1142.0
165542930549612201,7762,7747,7771,7776,7801,7801,7875,7719.0,7693.0,7652.0,7596.0,7574.0,7487.0,7480.0,7490.0
165742929341386202,1712,1734,1754,1748,1749,1746,1719,1719.0,1712.0,1728.0,1737.0,1730.0,1773.0,1766.0,1821.0
165742930508698002,886,883,881,869,860,845,835,816.0,808.0,795.0,777.0,768.0,772.0,744.0,749.0
165742930532248602,14358,14529,14640,14734,14884,14881,14846,15029.0,14915.0,14959.0,14889.0,14582.0,14538.0,14571.0,14698.0
165842930012164202,3102,3147,3203,3236,3220,3219,3181,3106.0,3094.0,3051.0,3048.0,3020.0,2989.0,2900.0,2914.0
165842930455941702,12048,12074,12117,12136,12235,12136,12183,12165.0,12115.0,11963.0,11732.0,11587.0,11551.0,11480.0,11389.0
165842930518748802,260,265,265,269,271,273,257,250.0,230.0,219.0,217.0,222.0,215.0,215.0,217.0
166042930524047202,356,347,342,348,355,349,350,346.0,343.0,340.0,335.0,328.0,317.0,303.0,298.0
166342930527989502,990,1007,1021,1024,1037,1047,1053,1023.0,1011.0,1013.1428571428572,1016.0,1023.0,1017.0,1003.0,999.0
166542930474173501,16711,16737,16758,16757,16539,16459,16306,15904.0,15834.0,15608.0,15506.0,15463.0,15423.0,15350.0,15223.0
166642930509729801,8111,8141,8048,8026,7989,7882,7882,7801.0,7769.0,7728.0,7745.0,7611.0,7636.0,7681.0,7641.0
166842930477693702,1490,1476,1461,1413,1400,1386,1369,1340.0,1303.0,1285.0,1273.0,1256.0,1249.0,1240.0,1234.0
166942930446842501,373,373,359,357,361,361,360,376.0,375.0,391.0,391.0,381.0,380.0,376.0,355.0
166942930516676602,8927,8899,8994,9000,8829,8752,8681,8425.0,8262.285714285714,8290.0,8228.0,8162.0,8172.0,8227.0,8332.0
167142929091270702,2417,2416,2394,2411,2368,2347,2328,2338.0,2312.0,2287.0,2313.0,2300.0,2317.0,2336.0,2321.0
167142929091319102,651,654,632,634,606,599,599,582.0,561.0,558.0,531.0,542.0,525.0,514.0,502.0
167242930473687902,6543,6537,6557,6471,6416,6312,6292,6079.0,6020.0,6053.0,6043.0,5911.0,5835.0,5859.0,6557.0
167242930550454301,1351,1356,1338,1350,1363,1323,1318,1282.142857142857,1298.0,1279.0,1264.0,1267.0,1294.0,1293.0,1280.0
167342930453887901,1063,1072,1095,1106,1104,1112,1118,1128.0,1117.0,1085.0,1077.0,1063.0,1056.0,1032.0,1043.0
167342930476156602,390,370,363,361,368,368,361,330.0,325.0,309.0,309.0,308.0,313.0,297.0,294.0
167342930531512902,2481,2416,2391,2378,2326,2309,2286,2233.0,2190.0,2153.0,2112.0,2021.0,2026.0,1999.0,1991.0
167442930473715802,368,367,372,365,362,361,344,324.0,301.0,289.0,284.0,296.0,277.0,277.0,276.0
167442930524318301,3102,3083,3082,3061,3047,3032,3021,3006.0,3019.0,2986.0,2991.0,2947.0,2961.0,2945.0,2937.0
167542929021132401,7303,7421,7387,7383,7417,7412,7445,7468.0,7462.0,7376.0,7379.0,7329.0,7353.0,7342.0,7371.0
167642929703741002,1045,1027,1018,1023,1037,1016,992,955.0,951.0,965.0,953.0,948.0,951.0,932.0,932.0
167642929946319602,8295,8441,8515,8540,8693,8751,8768,8685.0,8657.0,8657.0,8753.0,8716.0,8728.0,8749.0,8855.0
167642930464043701,3086,3062,3058,3037,3020,3019,2999,2984.0,2954.0,2924.0,2885.0,2827.0,2854.0,2853.0,2822.0
167842930517704901,826,788,779,746,763,748,731,732.0,738.0,714.0,725.0,705.0,737.0,742.0,739.0
167942930451477101,3003,3003,2990,2920,2865,2808,2779,2713.0,2673.0,2617.0,2570.0,2550.0,2521.0,2507.0,2493.0
167942930460089502,3093,3148,3184,3178,3245,3205,3196,3183.0,3181.0,3175.0,3153.0,3064.0,3064.0,3050.0,3062.0
167942930530333001,11815,11830,11849,11775,11688,11614,11600,11390.0,11297.0,11176.0,10985.0,10697.0,10631.0,10502.0,10401.0
168142930510642701,416,422,444,457,456,441,437,435.0,436.0,438.0,425.0,420.0,426.0,428.0,430.0
168242930517025502,10348,10437,10496,10581,10624,10684,10741,10823.0,10873.0,10831.0,10786.0,10920.0,10960.0,10946.0,10969.0
168342929385464201,143,133,132,124,130,128,122,112.42857142857144,114.0,121.0,122.0,112.0,108.0,108.0,102.0
168342930519986502,703,694,686,678,688,679,690,655.0,657.0,661.0,659.0,656.0,665.0,658.0,657.0
168442927948912302,2643,2619,2613,2626,2620,2638,2577,2534.0,2516.0,2526.0,2492.0,2453.0,2422.0,2394.0,2385.0
168542929456942701,10414,10350,10441,10450,10468,10538,10529,10530.0,10623.0,10624.0,10688.0,10704.0,10638.0,10613.0,10719.0
168542930515726001,3510,3494,3516,3537,3537,3530,3521,3461.0,3431.0,3410.0,3407.0,3367.0,3379.0,3421.0,3452.0
168542930533980102,1890,1867,1897,1907,1894,1872,1863,1840.0,1858.0,1850.0,1850.0,1819.0,1838.0,1821.0,1838.0
168642930529431702,2076,2067,2092,2110,2103,2078,2066,2020.0,2000.0,2008.0,1986.0,1961.0,1967.0,1981.0,2013.0
168842929687124301,999,966,973,1007,1007,986,980,990.0,981.0,976.0,959.0,965.0,964.0,954.0,980.0
168942930531666302,3719,3677,3668,3667,3666,3638,3627,3521.0,3440.0,3357.0,3283.0,3130.0,3122.0,3059.0,3022.0
168942930549296402,9711,9782,9878,9965,10012,10055,10014,10077.0,10133.0,10222.0,10222.0,10177.0,10161.0,10116.0,10150.0
169242930452916401,494,495,493,474,473,467,453,439.0,438.0,444.0,435.0,430.0,424.0,406.0,386.0
169442930525777302,26231,26227,26307,26429,26386,26225,26011,25902.0,25781.0,25792.0,25618.0,25133.0,25059.0,24884.0,24825.0
169542930460793202,592,585,594,594,595,615,608,606.0,596.0,604.0,603.0,616.0,620.0,629.0,619.0
169542930526167301,929,925,931,946,939,945,919,903.0,886.0,884.0,871.0,854.0,836.0,830.0,825.0
169542930531102902,932,928,933,924,883,898,877,851.0,854.0,848.0,828.0,822.0,795.0,756.0,750.0
169642930544551501,1455,1443,1449,1425,1402,1401,1388,1450.0,1452.0,1440.0,1339.0,1339.0,1291.0,1273.0,1263.0
169742930545230402,1260,1281,1323,1306,1281,1311,1328,1304.0,1295.0,1268.0,1253.0,1238.0,1246.0,1226.0,1238.0
169842930460896602,3184,3265,3305,3298,3305,3291,3339,3284.0,3308.0,3306.0,3300.0,3348.0,3317.0,3389.0,3432.0
169842930525450402,8471,8656,8838,8869,8999,9009,9133,9215.0,9270.0,9296.0,9287.0,9318.0,9327.0,9325.0,9372.0
169942928779211601,2427,2419,2386,2396,2414,2403,2373,2292.0,2265.0,2235.0,2215.0,2205.0,2188.0,2137.0,2104.0
171242930451390501,983,1005,999,995,995,984,974,934.0,922.0,931.0,916.0,914.0,919.0,930.0,942.0
171442930537661702,9871,9897,9968,10024,9938,9888,9842,9837.0,9993.0,10074.0,10006.0,9975.0,9943.0,9906.0,9889.0
171542930474857101,2078,2036,2079,2072,2074,2069,2065,2065.0,2057.0,2071.0,2099.0,2095.0,2098.0,2104.0,2130.0
171642930528089402,4852,4839,4859,4873,4881,4879,4864,4862.0,4832.0,4817.0,4823.0,4775.0,4767.0,4770.0,4795.0
171642930545331501,1791,1794,1799,1784,1764,1761,1735,1649.2857142857142,1709.0,1680.0,1661.0,1634.0,1649.0,1618.0,1594.0
171642930548872901,112,113,111,107,100,100,103,105.0,107.0,104.0,100.0,98.0,96.0,101.0,110.0
171742930469562402,15487,15565,15567,15519,15432,15210,15094,14685.0,14364.0,14188.0,13929.0,14007.0,13772.0,13734.0,13839.0
171742930547131501,8227,8237,8319,8400,8399,8431,8479,8291.0,8266.0,8156.0,8243.0,8130.0,8127.0,8063.0,7972.0
171842930464726602,10515,10581,10578,10499,10476,10385,10305,10238.0,10153.0,10103.0,10051.0,9810.0,9897.0,9795.0,9877.0
171842930474320601,758,769,802,780,777,791,782,759.0,771.0,786.0,795.0,788.0,780.0,784.0,780.0
171942930537327601,33717,34312,35178,35725,36407,36521,36498,36470.0,36301.0,36428.0,36437.0,36147.0,36202.0,36061.0,36657.0
172242930457255402,1080,1078,1075,1059,1080,1097,1100,1129.0,1130.0,1116.0,1091.0,1081.0,1074.0,1092.0,1062.0
172342930453413201,212,194,189,196,194,198,185,181.0,173.0,171.0,166.0,159.0,150.0,148.0,155.0
172342930526656302,5420,5446,5450,5390,5346,5354,5333,5121.0,5289.0,5121.0,5179.0,5065.0,5067.0,5070.0,5056.0
172442930461991502,704,688,683,679,693,676,678,659.0,668.0,660.0,645.0,637.0,652.0,648.0,654.0
172442930516550001,4442,4471,4513,4529,4554,4567,4576,4560.0,4531.0,4486.0,4450.0,4443.0,4411.0,4375.0,4383.0
172442930519165302,1923,1943,1962,1942,1942,1962,1989,1908.0,1927.0,1924.0,1909.0,1946.0,1939.0,1921.0,1941.0
172442930532392601,1708,1752,1812,1837,1824,1869,1908,1981.0,2029.0,2029.0,1989.0,2050.0,2075.0,2067.0,2083.0
172542930479622601,6785,6722,6692,6710,6703,6591,6580,6478.0,6432.0,6393.0,6362.0,6301.0,6273.0,6259.0,6249.0
172642930519336001,746,757,765,767,789,808,818,839.0,844.0,838.0,837.0,824.0,809.0,811.0,814.0
172742930527843301,318,313,308,300,292,296,290,276.0,274.0,252.0,257.0,244.0,233.0,239.0,234.0
172942930455034402,8621,8692,8742,8807,8846,8976,8948,8941.0,9071.0,9097.0,9099.0,9085.0,9045.0,9130.0,9208.0
172942930519421902,1499,1550,1579,1580,1632,1648,1656,1703.0,1648.0,1657.0,1637.0,1663.0,1684.0,1665.0,1706.0
173042930533913101,2638,2622,2615,2657,2722,2748,2701,2661.0,2658.0,2634.0,2621.0,2545.0,2562.0,2558.0,2603.0
173142928932478502,2213,2250,2286,2311,2368,2410,2431,2498.0,2505.0,2531.0,2542.0,2531.0,2518.0,2545.0,2559.0
173142930531959201,4047,4076,4053,4034,4033,4066,4111,4187.0,4213.0,4191.0,4160.0,4074.0,3990.0,3960.0,3938.0
173242930458027501,7989,7947,7974,7974,7910,7930,7922,7843.0,7857.0,7792.0,7732.0,7621.0,7615.0,7533.0,7580.0
173342930511232501,358,364,363,341,340,330,319,336.0,329.0,324.0,326.0,321.0,330.0,351.0,341.0
173342930526722801,935,913,893,889,862,843,857,846.0,842.0,821.5714285714286,824.0,809.0,805.0,807.0,818.0
173742930479305901,2672,2692,2690,2679,2669,2684,2700,2678.0,2646.0,2626.0,2642.0,2606.0,2625.0,2600.0,2614.0
173742930534262602,21657,22173,22629,22838,22940,23000,23038,23025.0,22946.0,23109.0,23274.0,23728.0,23804.0,23882.0,24017.0
173842930533276002,2868,2819,2826,2817,2764,2747,2733,2640.0,2606.0,2571.0,2540.0,2521.0,2526.0,2476.0,2456.0
174042930461713401,8087,8146,8123,8082,8121,8131,8084,8018.0,7983.0,8008.0,8011.0,7923.0,7914.0,7914.0,7923.0
174042930516249201,884,925,919,917,906,911,898,889.0,896.0,903.0,876.0,865.0,865.0,865.0,915.0
174042930548710301,2376,2359,2348,2312,2303,2270,2236,2214.0,2192.0,2207.0,2202.0,2157.0,2182.0,2177.0,2158.0
174242929514158301,153264,152821,152528,152079,151990,151956,151523,150960.0,150816.0,150652.0,149673.0,147467.0,146803.0,145348.0,145723.0
174242930538951702,1498,1464,1451,1430,1434,1394,1368,1337.0,1295.0,1270.0,1249.0,1227.0,1218.0,1201.0,1170.0
174442930054961402,20878,20964,21053,21088,21115,21027,20892,20522.0,20289.0,20136.0,20037.0,20247.0,20162.0,20048.0,20068.0
174542930452423502,6594,6686,6743,6825,6946,6978,6950,7011.0,7049.0,7045.0,7018.0,7053.0,7051.0,7077.0,7069.0
174642929385350302,6537,6633,6641,6740,6901,6955,7003,7084.0,7151.0,7185.0,7181.0,7170.0,7003.0,6919.0,6931.0
174742928236055201,3934,3942,3905,3867,3839,3748,3687,3599.0,3539.0,3497.0,3469.0,3379.0,3367.0,3305.0,3242.0
174842930469978501,2455,2415,2362,2328,2357,2391,2416,2395.0,2340.0,2279.0,2230.0,2134.0,2140.0,2148.0,2140.0
174842930478757801,4186,4227,4301,4348,4420,4435,4422,4364.0,4348.0,4314.0,4294.0,4254.0,4237.0,4213.0,4179.0
174942930455252701,2072,2112,2158,2199,2248,2237,2232,2208.0,2171.0,2154.0,2120.0,2131.0,2118.0,2147.0,2122.0
174942930529771102,7423,7395,7394,7413,7352,7312,7308,7225.0,7220.0,7094.0,7116.0,7134.0,7098.0,7121.0,7152.0
175042930541851802,7237,7225,7189,7215,7176,7225,7148,7022.0,6943.0,6895.0,6848.0,6757.0,6737.0,6733.0,6766.0
175042930546232402,4638,4748,4818,4909,4975,4977,4937,4948.0,4980.0,5056.0,5065.0,5065.0,5026.0,4964.0,5038.0
175142930455190102,61901,62237,63058,63685,64494,64809,65244,65596.0,66015.0,65985.0,65911.0,66113.0,65931.0,65949.0,66241.0
175142930480181001,1140,1157,1150,1139,1148,1167,1174,1168.0,1190.0,1179.0,1207.0,1178.0,1158.0,1160.0,1175.0
175142930529037101,27518,27632,27786,27776,27599,27373,27161,26561.0,26309.0,25973.0,25878.0,25964.0,26114.0,26148.0,26120.0
175342930454055602,203,199,197,190,186,179,174,169.0,160.0,160.0,161.0,164.0,164.0,164.0,163.0
175342930457543401,16973,17079,17088,17064,17235,17310,17398,17465.0,17436.0,17514.0,17528.0,17472.0,17586.0,17652.0,17735.0
175342930508312801,3542,3517,3481,3444,3440,3355,3354,3353.0,3367.0,3307.0,3241.0,3138.0,3155.0,3119.0,3103.0
175442930515676102,10893,10837,10825,10742,10668,10555,10510,10247.0,10162.0,10105.0,9982.0,9910.0,9885.0,9777.0,9720.0
175442930523935601,1501,1520,1478,1433,1431,1398,1410,1372.0,1342.0,1331.0,1345.0,1315.0,1280.0,1232.0,1245.0
175442930525537602,1125,1117,1127,1145,1143,1127,1132,1138.0,1149.0,1154.0,1163.0,1152.0,1145.0,1141.0,1142.0
175542930517516502,1213,1224,1230,1243,1237,1224,1214,1170.0,1151.0,1141.0,1116.0,1087.0,1105.0,1108.0,1134.0
175842930518895102,3834,3889,3854,3839,3800,3803,3741,3730.0,3724.0,3651.0,3668.0,3642.0,3641.0,3613.0,3621.0
175842930522254701,3496,3507,3497,3523,3594,3570,3587,3623.0,3621.0,3566.0,3525.0,3465.0,3515.0,3531.0,3565.0
176042930544553402,2259,2246,2253,2244,2195,2169,2183,2170.0,2137.0,2126.0,2111.0,2084.0,2089.0,2066.0,2047.0
176142930480559002,4753,4760,4731,4803,4831,4798,4832,4851.0,4839.0,4806.0,4820.0,4753.0,4805.0,4764.0,4786.0
176242930523833802,7091,7150,7206,7165,7102,7029,7048,6972.0,6964.0,6957.0,6878.0,6843.0,6810.0,6737.0,6721.0
176342929201182702,957,969,944,927,905,914,884,881.0,887.0,880.0,866.0,858.0,840.0,833.0,823.0
176442928242942002,58951,59269,59641,59660,58705,57952,57611,56636.0,56023.0,55428.0,55324.0,57223.0,57127.0,56978.0,57020.0
176442930548703702,3062,3042,3025,3022,3026,3051,3032,2979.0,2929.0,2874.0,2850.0,2826.0,2814.0,2773.0,2717.0
176542930469300802,1190,1183,1147,1139,1123,1115,1118,1075.0,1053.0,1028.0,1037.0,1003.0,1002.0,972.0,964.0
176642930543382501,16936,17260,17571,17602,17671,17821,17740,17791.0,17742.0,17871.0,17925.0,17858.0,17797.0,17842.0,17954.0
176742930477931002,111,109,104,103,100,100,100,97.0,101.0,95.0,98.0,96.0,96.0,92.0,88.0
176942930476904801,4509,4556,4612,4708,4756,4792,4831,4788.0,4825.0,4797.0,4781.0,4847.0,4820.0,4858.0,4886.0
176942930478602102,1023,989,999,971,975,963,945,928.0,912.0,899.0,878.0,870.0,852.0,868.0,851.0
177042930546702502,4672,4696,4686,4646,4673,4670,4652,4554.0,4596.0,4632.0,4649.0,4659.0,4721.0,4761.0,4752.0
177342930462158901,18653,18826,19075,19267,19418,19448,19539,19645.0,19705.0,19908.0,19969.0,20075.0,20138.0,20004.0,20166.0
177342930530273402,7150,7106,7151,7124,7135,7093,7102,7088.0,7096.0,7100.0,7080.0,6937.0,6827.0,6804.0,6786.0
177342930546684601,3754,3717,3651,3603,3548,3526,3469,3317.0,3221.0,3174.0,3097.0,3016.0,2975.0,2908.0,2851.0
177542930508507301,2486,2536,2588,2534,2555,2569,2574,2557.0,2621.0,2628.0,2588.0,2574.0,2602.0,2559.0,2599.0
177642930453702301,120588,121054,121351,121208,121317,121760,121600,121123.0,120075.0,120463.0,119862.0,118766.0,118992.0,118657.0,118634.0
177742930456060701,2032,2057,2068,2081,2059,2019,2010,1964.0,1948.0,1924.0,1867.0,1842.0,1824.0,1816.0,1830.0
177842930460193901,7467,7595,7614,7585,7570,7559,7614,7651.0,7663.0,7657.0,7604.0,7640.0,7649.0,7645.0,7694.0
178042930479266802,1234,1243,1256,1207,1192,1177,1141,1118.0,1093.0,1086.0,1058.0,1015.0,991.0,998.0,982.0
178142930462707102,5695,5676,5725,5727,5626,5583,5596,5653.0,5637.0,5651.0,5600.0,5512.0,5514.0,5479.0,5505.0
178142930528847201,23798,24174,24408,24644,24774,24974,25205,25312.0,25260.0,25408.0,25549.0,25726.0,25686.0,25814.0,26013.0
178142930543623401,1840,1927,1962,2023,2017,2008,1993,1991.0,1984.0,1979.0,1953.0,1931.0,1919.0,1918.0,1948.0
178542930476543901,76961,76984,77299,77551,76674,76505,76040,75330.0,74804.0,74757.0,73984.0,72813.0,73037.0,72805.0,72485.0
178642930459055902,2127,2169,2203,2296,2312,2326,2336,2322.0,2283.0,2242.0,2277.0,2211.0,2203.0,2177.0,2192.0
178642930460996501,614,597,598,599,595,589,570,545.0,534.0,524.0,515.0,511.0,501.0,488.0,471.0
178642930528419301,10405,10491,10483,10473,10444,10514,10581,10602.0,10558.0,10511.0,10521.0,10494.0,10448.0,10417.0,10394.0
178842928062695402,811,798,804,805,803,795,790,757.0,761.0,752.0,743.0,737.0,729.0,714.0,709.0
178942930474454801,2131,2088,2089,2031,2013,1993,1975,1900.0,1852.0,1827.0,1791.0,1730.0,1731.0,1683.0,1672.0
179142930463396901,2225,2223,2206,2192,2199,2202,2189,2133.0,2098.0,2087.0,2053.0,1989.0,1994.0,1956.0,1930.0
179342928213854001,2335,2280,2284,2272,2290,2266,2224,2215.0,2210.0,2210.0,2148.0,2148.0,2152.0,2133.0,2168.0
179342930546197102,385,379,382,388,399,399,411,403.0,389.0,383.0,400.0,390.0,396.0,408.0,397.0
179542930525133101,554,539,510,494,477,471,458,446.0,391.8571428571428,414.0,395.0,385.0,369.0,361.0,373.0
179842930449428701,2011,1948,1932,1905,1899,1873,1846,1744.0,1714.0,1675.0,1648.0,1605.0,1585.0,1554.0,1525.0
179842930510259202,4404,4460,4518,4503,4472,4455,4465,4436.0,4413.0,4396.0,4321.0,4240.0,4182.0,4151.0,4167.0
179842930538524902,20758,20826,20921,20895,20800,20861,20822,20729.0,20615.0,20489.0,20481.0,20322.0,20363.0,20254.0,20240.0
179942930549169901,3511,3629,3782,3941,4082,4125,4125,4366.0,4439.0,4399.0,4246.0,4259.0,4298.0,4270.0,4322.0
181142929703907301,25092,25489,25733,25819,25934,25951,26022,25990.0,25960.0,25919.0,25883.0,25801.0,25784.0,25779.0,25808.0
181142930523877701,1018,1011,989,1007,981,952,936,906.0,888.0,875.0,868.0,874.0,858.0,869.0,859.0
181142930527486402,2546,2492,2464,2459,2407,2328,2301,2242.0,2171.0,2144.0,2100.0,2001.0,2021.0,2038.0,2077.0
181242930509374402,4714,4734,4763,4725,4733,4675,4637,4537.0,4556.0,4547.0,4480.0,4517.0,4510.0,4505.0,4492.0
181342930521827301,11962,12628,13152,13660,14209,14508,14734,15297.0,15225.0,15347.0,15424.0,15722.0,16027.0,16237.0,16467.0
181442930476085601,4098,4214,4283,4330,4435,4554,4574,4660.0,4679.0,4689.0,4694.0,4649.0,4657.0,4674.0,4728.0
181442930543003101,56406,56748,57429,58484,59176,59510,59608,59336.0,59069.0,59091.0,59308.0,59855.0,59955.0,59941.0,60443.0
181642930464002802,126,120,121,117,106,103,101,104.0,105.0,97.0,93.0,96.0,96.0,88.0,82.0
181742930531711401,4950,4925,4901,4828,4825,4794,4753,4685.0,4616.0,4593.0,4507.0,4418.0,4420.0,4364.0,4394.0
182242930537956102,295,293,281,278,271,269,261,255.0,253.0,248.0,237.0,228.0,215.0,220.0,221.0
182342929012808301,8012,8091,8241,8348,8503,8559,8586,8578.0,8534.0,8540.0,8504.0,8482.0,8513.0,8557.0,8616.0
182342930541689202,5833,5848,5995,6054,6123,6198,6258,6255.0,6237.0,6138.0,6135.0,6134.0,6186.0,6222.0,6326.0
182442930456071301,5205,5223,5262,5271,5242,5257,5235,5187.0,5253.0,5308.0,5298.0,5174.0,5030.0,5072.0,5114.0
182942930469857701,6249,6360,6447,6491,6548,6599,6589,6621.0,6620.0,6699.0,6722.0,6722.0,6731.0,6745.0,6858.0
183042930475213801,1251,1262,1276,1276,1255,1233,1222,1178.0,1168.0,1156.0,1139.0,1081.0,1075.0,1057.0,1029.0
183042930517930602,29485,29311,29252,29182,28985,28774,28456,27869.0,27504.0,27158.0,26813.0,26672.0,26565.0,26250.0,25990.0
183042930530573402,6155,6161,6177,6184,6178,6124,6056,5952.0,5930.0,5947.0,5891.0,5962.0,5946.0,5982.0,6013.0
183142930518918701,2095,2113,2155,2146,2150,2173,2196,2251.0,2267.0,2263.0,2238.0,2242.0,2255.0,2229.0,2261.0
183542930509064901,2113,2119,2096,2110,2132,2146,2140,2197.0,2178.0,2220.0,2244.0,2291.0,2308.0,2328.0,2365.0
183642930531972901,657,674,675,666,656,652,663,632.0,629.0,626.0,614.0,600.0,586.0,574.0,556.0
183742930525710802,659,659,638,630,638,641,659,656.0,657.0,678.0,698.0,676.0,664.0,635.0,664.0
183742930527080001,49931,50189,50391,50602,50484,50578,50485,50168.0,49903.0,49627.0,49236.0,48612.0,48421.0,48045.0,47940.0
184142930507781401,776,742,712,693,668,637,613,584.0,579.0,558.0,534.0,524.0,514.0,487.0,475.0
184242930458791701,684,670,674,661,653,662,652,629.0,635.0,611.0,614.0,619.0,627.0,622.0,601.0
184442930455796202,506,491,475,456,445,433,427,416.0,408.0,396.0,374.0,357.0,350.0,347.0,338.0
184442930517219702,4666,4673,4672,4717,4615,4592,4598,4619.0,4604.0,4577.0,4489.0,4427.0,4437.0,4449.0,4455.0
184442930544068301,4940,4993,5024,5075,5127,5152,5186,5219.0,5327.571428571428,5314.0,5344.0,5309.0,5340.0,5355.0,5412.0
184542930473060602,8911,8988,9082,9119,9183,9238,9202,9292.0,9279.0,9262.0,9249.0,9272.0,9313.0,9242.0,9246.0
184542930521086801,314,321,320,321,326,320,312,309.0,292.0,287.0,293.0,285.0,293.0,292.0,302.0
184642930462171501,3966,4061,4063,4077,4093,4121,4131,4104.0,4050.0,4027.285714285714,4010.0,4021.0,4016.0,3989.0,4001.0
184642930524539701,7183,7469,7630,7736,7854,7931,8005,8002.0,8068.0,8025.0,8015.0,8014.0,8016.0,7993.0,8005.0
184742929839739802,5760,5781,5800,5783,5809,5797,5781,5932.0,5972.0,5890.0,5884.0,5687.0,5711.0,5656.0,5617.0
184842929021081301,49705,49306,49072,48905,48749,48931,48715,48710.0,48746.0,48675.0,48337.0,47535.0,47587.0,47075.0,47449.0
184842930463990202,8513,8512,8494,8498,8422,8360,8323,8220.0,8130.0,8012.0,7916.0,7756.0,7726.0,7671.0,7593.0
185242930475044302,137,129,124,121,124,119,114,120.0,124.0,123.0,116.0,122.0,120.0,112.0,111.0
185242930508862201,1968,1970,1996,2027,2027,2054,2025,2032.0,2000.0,1982.0,1966.0,1987.0,2010.0,2022.0,1916.0
185242930549979501,3910,3913,4000,4007,4043,4004,3910,3832.0,3873.0,3879.0,3862.0,3753.0,3817.0,3849.0,3938.0
185342930472893601,2961,2945,2903,2876,2847,2825,2816,2756.0,2704.0,2666.0,2618.0,2564.0,2661.6,2661.6,2661.6
185342930542156801,282,274,276,276,269,270,271,260.0,253.0,263.0,258.0,263.0,250.0,261.0,266.0
185442930539869301,21476,21580,21613,21483,21414,21409,21339,21140.0,21118.0,21121.0,21113.0,20865.0,20697.0,20679.0,20696.0
185642930527158702,397,388,387,375,357,360,352,341.0,323.0,307.0,305.0,303.0,304.0,304.0,296.0
185742930316791302,560,563,557,552,541,552,561,527.0,513.0,504.0,502.0,520.0,503.0,494.0,470.0
185742930531538401,7975,8147,8216,8325,8462,8598,8758,8850.0,8828.0,8866.0,8811.0,8624.0,8658.0,8677.0,8662.0
185942930529803701,694,706,681,674,653,634,625,630.0,608.0,586.0,561.0,583.0,586.0,574.0,574.0
186242930525209502,976,977,960,957,941,940,943,949.0,924.0,927.0,936.0,919.0,900.0,877.0,851.0
186342930457277601,325,322,320,312,299,300,299,278.0,279.0,286.0,295.0,291.0,283.0,284.0,273.0
186342930526904701,969,969,955,971,979,978,984,930.0,935.0,928.0,929.0,917.0,905.0,909.0,902.0
186442930519296301,1948,1909,1883,1894,1896,1866,1892,1814.0,1764.142857142857,1771.0,1763.0,1766.0,1774.0,1731.0,1730.0
186442930549950901,6449,6497,6505,6528,6515,6512,6465,6480.0,6453.0,6304.142857142857,6309.0,6295.0,6221.0,6189.0,6182.0
186542930507655802,3910,3930,3963,4059,4149,4088,4088,4052.0,4116.428571428572,4025.0,4090.0,4149.0,4150.0,4144.0,4205.0
186742930451038602,1160,1190,1174,1179,1161,1150,1142,1118.0,1132.0,1148.0,1136.0,1110.0,1102.0,1096.0,1091.0
186842930478135802,1244,1203,1216,1213,1211,1180,1178,1118.0,1105.6666666666667,1105.6666666666667,1134.0,1123.0,1106.0,1086.0,1067.0
187042930475738102,9919,10197,10445,10615,10796,10963,11057,11159.0,11197.0,11240.285714285714,11258.0,11255.0,11245.0,11230.0,11338.0
187242930521653902,5534,5540,5506,5460,5450,5418,5422,5290.0,5234.0,5238.0,5237.0,5238.0,5288.0,5250.0,5234.0
187442930519530002,1280,1267,1243,1242,1243,1221,1220,1205.0,1205.0,1199.0,1153.0,1169.0,1148.0,1139.0,1104.0
187642930455584402,3313,3326,3343,3341,3335,3338,3316,3213.0,3191.0,3158.0,3127.0,3068.0,3030.0,3003.0,2975.0
187642930527571602,5525,5568,5724,5834,5973,6017,6076,6002.0,6001.0,5990.0,5994.0,5905.0,5883.0,5912.0,5902.0
187742930446810702,1760,1783,1762,1738,1720,1695,1672,1666.0,1640.0,1637.0,1596.0,1592.0,1559.0,1521.0,1496.0
187742930459631002,433,421,412,404,414,414,397,374.0,384.0,381.0,389.0,386.0,381.0,372.0,385.0
187742930522129302,2963,2932,2898,2878,2849,2811,2784,2706.0,2674.0,2604.0,2566.0,2516.0,2516.0,2488.0,2492.0
187742930531273002,1011,1019,1014,1007,1006,1014,1006,979.0,959.0,931.0,908.0,872.0,861.0,865.0,854.0
187842930460474102,4138,4131,4187,4194,4196,4139,4094,4028.0,3987.0,3946.0,3914.0,3953.0,3979.0,3987.0,3986.0
187842930463290001,3053,3041,3031,2999,2972,2956,2908,2873.0,2856.0,2821.0,2799.0,2742.0,2723.0,2699.0,2660.0
187942930524637001,22865,22890,23064,23159,23296,23249,23233,22939.0,22998.0,22965.0,23034.0,23324.0,23350.0,23388.0,23493.0
187942930528980602,1515,1545,1551,1595,1616,1598,1603,1663.0,1675.0,1624.0,1660.0,1578.0,1517.0,1494.0,1472.0
188242929013166301,792,807,814,819,780,780,766,754.0,749.0,734.0,724.0,724.0,720.0,724.0,710.0
188242930464850202,1121,1114,1085,1065,1063,1058,1048,1032.0,1041.0,1007.0,1014.0,954.0,954.0,931.0,914.0
188242930522584702,4715,4757,4723,4706,4649,4639,4640,4580.0,4540.0,4593.0,4553.0,4570.0,4534.0,4574.0,4589.0
188342930526586002,24079,24084,24217,24267,24364,24247,24221,24110.0,24224.0,24081.0,24017.0,23917.0,23842.0,23736.0,23589.0
188442930457576502,314,287,293,293,289,284,271,266.0,259.0,250.0,237.0,243.0,232.0,216.0,208.0
188442930534496402,2029,2099,2150,2185,2218,2213,2253,2282.0,2307.0,2278.0,2316.0,2397.0,2448.0,2489.0,2503.0
188642929800356701,1111,1130,1148,1174,1176,1175,1186,1168.0,1173.0,1152.0,1141.0,1164.0,1141.0,1130.0,1093.0
188742928316187402,202,196,183,182,185,187,191,183.0,178.0,181.0,182.0,170.0,173.0,180.0,178.0
188742930515997302,87,100,95,94,100,103,100,103.85714285714286,98.0,98.0,98.0,108.0,109.0,108.0,108.0
189142930445491702,1946,1930,1936,1936,1926,1884,1962,1901.0,1846.0,1807.0,1783.0,1768.0,1720.0,1702.0,1697.0
189242928087944401,2401,2409,2378,2335,2301,2285,2211,2098.0,2049.0,2011.0,1958.0,1828.0,1856.0,1829.0,1804.0
189442930529519802,844,830,833,842,825,821,812,815.0,822.0,832.0,852.0,845.0,850.0,825.0,843.0
189442930532402802,519,519,523,521,520,517,520,501.0,490.0,497.0,492.0,488.0,474.0,479.0,467.0
189542930532566802,1147,1185,1185,1180,1205,1221,1213,1248.0,1262.0,1263.0,1286.0,1263.0,1303.0,1371.0,1373.0
189742927986105002,1270,1260,1279,1275,1274,1249,1205,1224.0,1197.0,1187.0,1164.0,1165.0,1174.0,1159.0,1154.0
189742930517890202,2496,2473,2487,2494,2517,2543,2521,2532.5714285714284,2536.0,2550.0,2556.0,2520.0,2520.0,2537.0,2509.0
189942930526846502,997,1004,1006,1021,1030,1055,1049,1035.0,1035.0,1044.0,1060.0,1043.0,1045.0,1031.0,1050.0
191142930477001502,539,530,544,545,541,549,544,534.0,532.0,519.0,521.0,509.0,506.0,486.0,484.0
191242928823204201,272,263,245,245,239,240,230,215.0,220.0,199.0,189.0,190.0,190.0,187.0,177.0
191342930457253501,968,985,992,1019,1052,1061,1062,998.8571428571428,1027.0,1023.0,1031.0,996.0,977.0,980.0,958.0
191342930516577602,2485,2527,2594,2620,2679,2636,2624,2599.0,2604.0,2609.0,2583.0,2587.0,2576.0,2589.0,2580.0
191342930525032501,1344,1301,1301,1275,1256,1232,1244,1231.0,1213.0,1196.0,1154.0,1111.0,1094.0,1069.0,1072.0
191342930539983202,1406,1399,1400,1382,1375,1362,1332,1280.0,1287.0,1271.0,1259.0,1259.0,1231.0,1229.0,1233.0
191342930541755801,1134,1122,1119,1121,1087,1062,1057,1027.0,1026.0,1001.0,967.0,970.0,956.0,950.0,942.0
191442930462855702,20217,20186,20284,20257,20008,19976,19995,20099.0,20072.0,20036.0,20038.0,20590.0,20576.0,20678.0,20672.0
191442930542916701,38732,38769,38810,38732,38425,38110,37844,36929.0,36421.0,35815.0,35496.0,34671.0,34619.0,34287.0,35462.57142857143
191942930462739701,347,340,336,328,329,327,326,310.0,299.0,291.0,292.0,289.0,281.0,277.0,273.0
191942930517330601,742,718,710,699,694,662,648,621.0,605.0,584.0,564.0,550.0,541.0,517.0,498.0
192042930472522002,15179,15167,15160,15018,14888,14882,14728,14462.0,14248.0,14074.0,13945.0,13767.0,13660.0,13563.0,13455.0
192442930528707601,9052,9241,9443,9504,9550,9539,9484,9240.0,9089.0,8959.0,8963.0,9185.0,9318.0,9381.0,9471.0
192542930545880701,720,737,737,731,729,727,754,755.0,745.0,748.0,738.0,726.0,714.0,699.0,715.0
192642930462426001,4242,4249,4210,4164,4130,4069,4011,4003.0,4005.0,3969.0,3879.0,3831.0,3778.0,3754.0,3745.0
192642930466614901,170,163,155,147,142,131,127,111.0,108.0,97.0,93.0,92.0,91.0,89.0,87.0
192642930517070502,500,507,483,473,498,496,481,473.0,461.0,443.0,423.0,415.0,413.0,401.0,395.0
193142928888081701,4435,4441,4451,4467,4507,4445,4404,4372.0,4354.0,4335.0,4286.0,4196.0,4122.0,4067.0,4057.0
193142930516186502,6944,6968,7027,7090,7102,7083,7069,7029.0,6923.0,6984.0,6935.0,6799.0,6865.0,6862.0,6816.0
193242929947863901,35522,36129,36812,37590,38160,38364,38690,38744.0,38774.0,38925.0,38840.0,39237.0,39507.0,39550.0,39709.0
193242930529969302,1323,1326,1317,1393,1332,1301,1293,1245.0,1217.0,1205.0,1191.0,1147.0,1149.0,1113.0,1126.0
193442930518696401,928,934,912,883,887,869,853,811.0,810.0,808.0,805.0,793.0,786.0,783.0,785.0
193842928176142301,2581,2550,2513,2470,2442,2422,2382,2260.0,2183.0,2119.0,1987.0,1941.0,1891.0,1843.0,1826.0
193842930534095702,3995,4001,3945,3931,3900,3880,3849,3596.4285714285716,3692.0,3685.0,3644.0,3588.0,3563.0,3506.0,3497.0
193942930458399401,3123,3211,3286,3333,3353,3354,3375,3323.0,3332.0,3343.0,3346.0,3314.0,3287.0,3294.0,3311.0
194042929309310102,2173,2159,2135,2105,2102,2090,2061,2059.0,2032.0,2026.0,2041.0,2019.0,2062.0,2076.0,2147.0
194242929166198701,10561,10770,10851,10896,10998,11183,11207,11356.0,11366.0,11445.0,11493.0,11507.0,11524.0,11468.0,11400.0
194242930531402601,562,547,527,524,533,525,530,522.0,514.0,491.0,464.0,443.0,440.0,435.0,426.0
194342930525935501,13071,13111,13153,13142,13006,13001,12925,12599.0,12426.0,12304.0,12251.0,11989.0,11950.0,11866.0,11933.0
194542930544892701,9200,9355,9570,9799,9982,10022,10074,10305.0,10271.0,10317.0,10318.0,10290.0,10264.0,10297.0,10321.0
194642930461157702,4147,4211,4203,4217,4158,4110,4071,4008.0,3971.0,3950.0,3885.0,3914.0,3887.0,3838.0,3796.0
194642930462519702,39542,39994,40305,40522,41176,41321,41474,41702.0,41822.0,41695.0,41748.0,41646.0,41668.0,41463.0,41609.0
194642930545150301,207340,208234,209216,208465,208389,208736,209959,208573.0,209425.0,209995.0,210077.0,209730.0,206651.0,206496.0,207301.0
194642930546396201,1437,1450,1413,1389,1383,1402,1390,1352.0,1334.0,1303.0,1301.0,1306.0,1300.0,1282.0,1287.0
194742930533156002,1259,1275,1311,1303,1271,1236,1188,1181.0,1175.0,1171.0,1153.0,1133.0,1123.0,1120.0,1141.0
194742930548711401,17998,18058,18262,18278,19051,19089,18956,18748.0,18524.0,18448.0,18569.0,19211.0,18964.0,18874.0,18982.0
194842930528510301,3646,3623,3692,3706,3678,3688,3684,3670.0,3708.0,3741.0,3741.0,3650.0,3660.0,3625.0,3600.0
194842930532490002,9567,9677,9706,9815,9914,9917,10028,10175.0,10206.0,10206.0,10262.0,10394.0,10398.0,10295.0,10381.0
195142930450872301,4675,4627,4627,4635,4681,4670,4662,4663.0,4726.0,4718.0,4745.0,4772.0,4733.0,4692.0,4721.285714285715
195142930540612502,1245,1253,1217,1206,1204,1207,1187,1186.0,1167.0,1169.0,1137.0,1153.0,1148.0,1116.0,1131.0
195342928779164901,4452,4566,4677,4774,4814,4852,4854,4882.0,4900.0,4885.0,4884.0,4881.0,4919.0,4889.0,4889.0
195442930454031802,820,805,799,801,792,780,775,770.0,747.0,737.0,717.0,731.0,731.0,722.0,705.0
195742929321180801,8368,8435,8440,8509,8560,8547,8644,8698.0,8787.0,8881.0,8909.0,8822.0,8973.0,8994.0,9015.0
195742929476628902,399,389,387,385,393,391,388,383.0,372.0,372.0,369.0,372.0,373.0,373.0,362.0
195742930478077902,592,572,557,567,571,536,536,494.0,492.0,467.0,461.0,489.0,475.0,471.0,472.0
195942930456866702,1530,1581,1624,1703,1727,1662,1640,1699.2857142857142,1685.0,1699.0,1715.0,1739.0,1699.0,1675.0,1683.0
195942930473561901,10645,10733,10730,10741,10659,10535,10568,10410.0,10383.0,10286.0,10172.0,10026.0,10048.0,10057.0,10026.0
195942930532109202,2499,2509,2507,2540,2561,2579,2622,2621.0,2610.0,2610.0,2622.0,2602.0,2565.0,2552.0,2554.0
196042930540599302,1101,1083,1033,1009,1038,1004,963,936.0,920.0,893.8571428571429,884.0,865.0,879.0,872.0,901.0
196242930528428102,3331,3305,3308,3317,3320,3329,3323,3290.0,3296.0,3300.0,3262.0,3253.0,3226.0,3204.0,3169.0
196242930528957301,3936,3948,3995,3994,3997,4025,4054,4015.0,4031.0,4052.0,4034.0,4016.0,3976.0,3958.0,3945.0
196442930527100201,9193,9255,9463,9549,9707,9703,9804,9707.0,9648.0,9725.714285714286,9647.0,9644.0,9711.0,9788.0,9935.0
196542930536473202,4491,4438,4392,4342,4235,4220,4165,4102.0,4105.0,4084.0,4102.0,4113.0,4138.0,4100.0,4124.0
196642930516978601,3022,3028,3016,3037,3022,3031,3043,3033.0,3040.0,3015.0,2992.0,2961.0,2961.0,2950.0,2917.0
196842930540591201,1688,1704,1696,1667,1642,1590,1578,1554.0,1531.0,1531.0,1538.0,1539.0,1504.0,1500.0,1494.0
196942929885937002,397,415,414,429,418,426,424,394.0,403.0,404.0,386.0,377.0,353.0,352.0,355.0
197142928135571602,355,356,355,345,336,324,323,308.0,298.0,290.0,286.0,288.0,291.0,296.0,298.0
197142930526756002,14063,14223,14530,14707,14962,15095,15231,15334.0,15455.0,15667.0,15781.0,15579.0,15842.0,16040.0,15671.142857142857
197142930529403302,4744,4820,4868,4921,5025,5052,5113,5284.571428571428,5131.0,5156.0,5191.0,5221.0,5333.0,5438.0,5522.0
197242930518932201,795,785,776,762,736,716,726,718.0,717.0,705.0,692.0,695.0,686.0,674.0,675.0
197342930455782501,1333,1354,1374,1396,1393,1376,1383,1365.0,1398.0,1436.0,1403.0,1343.0,1324.0,1302.0,1303.0
197342930462733702,5162,5231,5260,5285,5335,5338,5320,5353.0,5389.0,5447.0,5487.0,5612.0,5685.0,5717.0,5730.0
197542929575341802,6267,6299,6255,6260,6366,6339,6294,6301.0,6316.0,6337.0,6368.0,6413.0,6389.0,6377.0,6409.0
197642930528232101,6753,6776,6892,6861,6878,6832,6830,6739.0,6687.0,6725.0,6773.0,6758.0,6745.0,6776.0,6790.0
197742930548902501,4325,4331,4301,4274,4288,4246,4227,4157.0,4105.0,4017.0,3952.0,3863.0,3823.0,3797.0,3763.0
197942929165986602,14169,14149,14246,14227,14226,14164,14210,14152.0,14089.0,13962.0,13881.0,13748.0,13763.0,13487.0,13474.0
197942930508734101,3069,3016,3046,3046,3053,3016,2984,2940.0,2876.0,2832.0,2815.0,2816.0,2790.0,2777.0,2826.0
197942930541585801,27592,27601,27399,27126,27249,27601,27795,27609.0,27679.0,27978.0,28290.0,29233.0,29072.0,29479.0,30103.0
198142930550292001,1626,1654,1658,1618,1611,1597,1610,1584.0,1574.0,1571.0,1539.0,1501.0,1468.0,1491.0,1511.0
198542930542434002,1679,1664,1659,1651,1631,1619,1607,1561.0,1562.0,1555.0,1555.0,1525.0,1522.0,1526.0,1518.0
198742930458981302,4776,4730,4709,4671,4646,4610,4594,4494.0,4507.0,4527.0,4497.0,4445.0,4410.0,4515.0,4525.0
198942930550515102,8676,8736,8759,8737,8700,8668,8621,8546.0,8484.0,8404.0,8236.0,8208.0,8204.0,8055.0,8019.0
199042930461844201,2788,2747,2707,2674,2628,2621,2570,2498.0,2464.0,2361.285714285714,2421.0,2317.0,2296.0,2264.0,2269.0
199042930548544802,3654,3697,3752,3788,3778,3810,3862,3900.0,3882.0,3879.0,3883.0,3864.0,3845.0,3836.0,3896.0
199142930541839502,1207,1217,1251,1243,1230,1230,1209,1204.0,1234.0,1223.0,1247.0,1302.0,1348.0,1357.0,1379.0
199242930451638001,2889,2850,2846,2823,2795,2751,2768,2710.0,2666.0,2595.0,2554.0,2470.0,2442.0,2444.0,2454.0
199242930462005002,3279,3226,3258,3162,3177,3174,3193,3136.0,3113.0,3095.0,3075.0,3015.0,2994.0,2965.0,2974.0
199542930509304402,4846,4880,4936,4947,4890,4899,4844,4451.0,4606.0,4451.0,4524.0,4450.0,4402.0,4358.0,4366.0
199542930510230901,17302,17296,17213,17180,17137,17055,17036,16818.0,16753.0,16532.0,16395.0,16488.0,16343.0,16181.0,16100.0
199642930454548302,4090,4113,4103,4165,4259,4274,4291,4370.0,4405.0,4505.0,4542.0,4699.0,4749.0,4830.0,4888.0
199742930449773702,8022,8079,8082,8123,8122,8076,8051,7921.0,7984.0,7972.0,7921.0,7882.0,7803.0,7858.0,7902.0
199842929126793302,8880,9042,9156,9337,9521,9632,9697,9890.0,9944.0,10019.0,10029.0,10011.0,9993.0,9991.0,10027.0
199942930530867601,2789,2800,2808,2797,2838,2760,2876,2915.0,2824.0,2818.0,2878.0,2844.0,2861.0,2878.0,2878.0
201242930477969001,610,595,585,594,591,585,581,590.0,558.0,541.0,519.0,518.0,499.0,537.0,566.0
201442930467818102,2134,2124,2141,2148,2139,2155,2193,2193.0,2220.0,2196.0,2197.0,2182.0,2175.0,2195.0,2272.0
201542929584070601,3002,3013,3045,3030,3034,2988,2958,2858.0,2895.0,2882.0,2878.0,2850.0,2838.0,2854.0,2869.0
201542930518523202,71683,71241,70912,70752,70544,70464,70371,69837.0,69778.0,69664.71428571429,70019.0,69349.0,69210.0,69558.0,69902.0
201842927928402701,597,610,603,604,605,611,597,593.0,596.0,589.0,587.0,579.0,588.0,587.0,595.0
201942930541697001,1890,1881,1900,1892,1893,1878,1864,1842.0,1845.0,1863.0,1843.0,1834.0,1820.0,1817.0,1794.0
202142930527320702,4501,4500,4459,4459,4448,4422,4469,4426.0,4446.0,4486.0,4454.0,4480.0,4515.0,4460.0,4474.0
202442930546098002,1428,1398,1393,1370,1367,1378,1364,1333.0,1338.0,1314.0,1299.0,1281.0,1256.0,1260.0,1258.0
202542927928301302,7091,7125,7118,7113,7094,6999,6960,7047.0,7050.0,6945.0,7073.0,6859.0,6882.0,6875.0,6829.0
202542930519452201,447,449,443,429,433,423,421,405.0,400.0,399.0,395.0,375.0,374.0,379.0,379.0
202642928676362302,6664,6662,6746,6770,6763,6827,6775,6760.0,6818.0,6797.0,6794.0,6731.0,6806.0,6856.0,6885.0
202642930461705002,5581,5628,5728,5849,5932,5939,6007,6037.0,6093.0,6162.0,6172.0,6223.0,6210.0,6244.0,6275.0
202642930475655402,3532,3526,3491,3491,3446,3438,3427,3455.0,3410.0,3391.0,3373.0,3349.0,3304.0,3297.0,3324.0
202742928043675701,1635,1616,1608,1617,1601,1561,1560,1502.0,1522.0,1519.0,1515.0,1480.0,1501.0,1490.0,1498.0
202842928570580602,2227,2269,2268,2268,2258,2264,2268,2275.0,2266.0,2280.0,2288.0,2259.0,2326.0,2512.0,2888.0
203042930545739702,666,650,649,653,650,651,652,619.0,605.0,588.0,583.0,569.0,564.0,567.0,546.0
203442930479279901,2164,2191,2183,2169,2159,2155,2145,2101.0,2102.0,2095.0,2082.0,2023.0,2022.0,1984.0,1964.0
203542930446366902,11051,11015,10965,10837,10698,10634,10452,10135.0,10032.0,9958.0,9834.0,9988.0,9960.0,9908.0,9901.0
203542930476118802,1295,1276,1265,1248,1199,1207,1199,1186.0,1161.0,1139.0,1094.0,1076.0,1075.0,1071.0,1080.0
203642930519858202,2202,2243,2213,2203,2240,2232,2219,2214.0,2196.0,2182.0,2181.0,2134.0,2126.0,2111.0,2091.0
203742930456700602,5953,5942,5991,6022,6009,5959,6215,6156.0,6086.0,5970.0,5859.0,5658.0,5703.0,5541.0,5451.0
203842930508275702,913,910,906,883,865,875,880,883.0,877.0,854.0,817.0,830.0,827.0,839.0,820.0
203842930509485801,572,573,570,568,563,573,563,529.1428571428571,532.0,532.0,527.0,531.0,530.0,526.0,526.0
203842930547535202,3753,3722,3679,3658,3614,3578,3510,3452.0,3402.0,3341.0,3289.0,3198.0,3164.0,3113.0,3057.0
203942928119349601,82,87,84,82,81,81,80,78.0,80.0,80.0,78.0,79.0,79.0,78.0,76.0
204042928042145401,8172,8503,8826,8966,9180,9319,9393,9701.0,9891.0,9917.0,9984.0,10217.0,10242.0,10356.0,10461.0
204042930475363702,1218,1206,1227,1200,1194,1208,1224,1203.0,1167.0,1197.0,1201.0,1184.0,1160.0,1159.0,1166.0
204042930542899602,4422,4441,4469,4503,4530,4613,4642,4611.0,4590.0,4589.0,4575.0,4673.0,4748.0,4722.0,4720.0
204342930461193302,5237,5241,5237,5244,5206,5248,5244,5277.0,5250.0,5166.0,5121.0,5079.0,5167.0,5147.0,5187.0
204542930457014502,1701,1694,1674,1655,1638,1612,1596,1530.0,1508.0,1498.0,1476.0,1451.0,1440.0,1442.0,1416.0
204542930524947501,1793,1870,1850,1904,1860,1940,2027,2199.0,2144.0,2133.0,2037.0,1856.0,1813.0,1694.0,1789.0
204642930475134001,1310,1327,1329,1365,1365,1338,1314,1293.0,1285.0,1306.0,1303.0,1259.0,1253.0,1253.0,1254.0
204842930342747201,90,82,73,81,79,81,78,74.0,75.0,72.0,74.0,78.0,78.0,81.0,80.0
204842930388638301,56419,56280,56105,55831,55450,55228,54901,54613.0,54359.0,53979.0,53485.0,52721.0,52500.0,52054.0,51881.0
204842930534921901,925,912,925,943,938,943,927,929.0,926.0,911.0,910.0,905.0,905.0,895.0,896.0
205042930456457801,1147,1134,1107,1098,1063,1038,1012,946.0,921.0,889.0,868.0,851.0,820.0,806.0,801.0
205042930531009601,139,140,124,127,122,138,124,138.0,136.0,131.0,117.0,116.0,121.0,114.0,121.0
205142930518281701,789,789,767,773,802,823,804,817.0,789.0,786.0,762.0,774.0,775.0,786.0,791.0
205242930462843402,11371,11346,11353,11341,11311,11310,11260,11141.0,11092.0,10942.0,10816.0,10580.0,10493.0,10364.0,10276.0
205242930471668002,1198,1188,1180,1171,1157,1123,1090,1068.0,1057.0,1030.0,1021.0,998.0,1017.0,999.0,984.0
205242930533677402,192,184,179,182,181,175,173,168.0,165.0,160.0,157.0,154.0,155.0,158.0,157.0
205242930549818802,2485,2473,2452,2420,2414,2360,2355,2293.0,2265.0,2240.0,2221.0,2171.0,2179.0,2152.0,2119.0
205342930534423002,2154,2156,2164,2195,2226,2220,2188,2154.0,2156.0,2132.0,2120.0,2130.0,2097.0,2091.0,2063.0
205342930549076202,3203,3209,3168,3149,3127,3093,3067,3040.0,2980.0,2939.0,2932.0,2859.0,2817.0,2752.0,2736.0
205442930451140102,2422,2372,2339,2316,2267,2264,2306,2405.0,2341.0,2279.0,2201.0,2097.0,1993.0,1926.0,1854.0
205442930526065202,166,172,169,162,163,165,155,140.0,137.0,128.0,129.0,134.0,134.0,132.0,126.0
205642930474298101,2830,2799,2779,2777,2745,2729,2712,2654.0,2622.0,2614.0,2578.0,2515.0,2498.0,2474.0,2462.0
205842928288536202,366,365,359,354,339,338,330,320.0,321.0,309.0,310.0,297.0,297.0,299.0,304.0
205842928932735101,5741,5705,5649,5609,5607,5541,5498,5373.0,5318.0,5307.0,5222.0,5172.0,5129.0,5033.0,5016.0
205842930534884102,741,739,743,722,700,684,670,639.0,635.0,611.0,597.0,576.0,568.0,559.0,553.0
205942930459277902,2790,2775,2807,2798,2823,2823,2825,2818.0,2803.0,2834.0,2794.0,2728.0,2702.0,2669.0,2629.0
206142930464701102,1016,1008,1029,1038,1039,1054,1066,1094.0,1103.0,1104.0,1129.0,1268.0,1145.0,1147.0,1143.0
206242929321374401,703,699,664,648,635,624,615,620.0,632.0,637.0,633.0,610.0,579.0,565.0,551.0
206242929476530502,1491,1504,1483,1458,1448,1437,1429,1396.0,1426.0,1379.0,1370.0,1353.0,1390.0,1372.0,1320.0
206242930461224402,1481,1475,1507,1509,1505,1537,1561,1558.0,1597.0,1564.0,1540.0,1543.0,1541.0,1549.0,1575.0
206242930528713001,792,792,806,836,873,883,873,873.0,874.0,832.0,823.0,811.0,802.0,817.0,827.0
206242930529600601,4923,4839,4754,4663,4591,4541,4423,4197.0,4071.0,3956.0,3871.0,3768.0,3667.0,3584.0,3513.0
206442930526147401,4231,4248,4238,4234,4245,4261,4239,4204.0,4185.0,4182.0,4169.0,4175.0,4165.0,4140.0,4120.0
206542930541423001,2249,2298,2280,2284,2347,2372,2377,2302.0,2300.0,2260.0,2243.0,2186.0,2174.0,2190.0,2155.0
206742929927339802,1562,1554,1519,1507,1486,1451,1424,1323.0,1319.0,1328.0,1295.0,1286.0,1272.0,1255.0,1241.0
206842930463599601,4340,4346,4388,4420,4440,4401,4305,4312.0,4304.0,4238.0,4269.0,4302.0,4226.0,4165.0,4255.0
206842930517947502,4973,4933,4923,4882,4817,4800,4757,4729.0,4641.0,4623.0,4590.0,4465.0,4472.0,4465.0,4474.0
207142930449579901,1462,1457,1427,1420,1430,1449,1419,1385.0,1355.0,1329.0,1312.0,1260.0,1244.0,1238.0,1251.0
207142930510244802,1209,1176,1174,1161,1166,1168,1132,1130.0,1113.0,1093.0,1057.0,998.0,1001.0,988.0,972.0
207442930507714902,4526,4570,4607,4633,4684,4733,4779,4780.0,4762.0,4716.0,4691.0,4710.0,4706.0,4723.0,4677.0
207542929839789102,7226,7260,7303,7340,7372,7382,7361,7310.0,7268.0,7249.0,7293.0,7144.0,7235.0,7236.0,7257.0
207742930475609901,2844,2804,2772,2760,2765,2776,2751,2695.0,2667.0,2643.0,2612.0,2544.0,2517.0,2487.0,2450.0
207742930533085401,2130,2119,2117,2009,1968,1973,1963,1787.7142857142858,1862.0,1851.0,1803.0,1755.0,1740.0,1755.0,1748.0
208042930515529002,3013,3025,3006,2972,2970,2889,2867,2879.0,2886.0,2899.0,2840.0,2656.0,2652.0,2674.0,2695.0
208042930528313102,295,285,275,260,262,259,248,240.0,234.0,236.0,252.0,260.0,252.0,247.0,254.0
208042930542384402,439,438,441,447,450,448,442,441.0,443.0,443.0,445.0,445.0,442.0,446.0,433.0
208142930527700802,1178,1179,1173,1170,1164,1183,1175,1159.0,1141.0,1146.0,1130.0,1106.0,1091.0,1081.0,1086.0
208342930460922602,350,348,328,328,327,327,324,340.0,340.0,331.0,326.0,320.0,311.0,330.0,346.0
208442930509150801,1397,1412,1442,1468,1462,1454,1446,1401.0,1393.0,1393.0,1378.0,1357.0,1361.0,1359.0,1380.0
208442930533643502,379,371,353,353,350,336,346,340.0,343.0,342.0,347.0,352.0,342.0,338.0,335.0
208542930454276302,4710,4717,4735,4756,4734,4709,4708,4687.0,4741.0,4760.0,4707.0,4741.0,4719.0,4715.0,4705.0
208642930448971302,8815,9077,9536,9832,9999,10116,10299,10350.0,10393.0,10374.0,10393.0,10274.0,10271.0,10322.0,10419.0
208742930459881901,10513,10604,10594,10536,10564,10549,10411,10245.0,10064.0,10039.0,9912.0,9797.0,9679.0,9584.0,9575.0
208742930526452502,673,661,662,648,646,644,652,608.0,583.0,573.0,579.0,566.0,548.0,532.0,539.0
209142930342804001,254,245,240,235,228,236,229,223.0,222.0,210.0,207.0,202.0,206.0,202.0,202.0
209242930452690302,6318,6313,6390,6490,6567,6613,6567,6542.0,6535.0,6514.0,6547.0,6546.0,6573.0,6578.0,6564.0
209342930470808201,1531,1499,1494,1477,1467,1449,1448,1453.0,1442.0,1438.0,1441.0,1370.0,1345.0,1349.0,1361.0
209642930542527302,67391,68053,68289,68311,69032,69522,69647,70331.0,70480.0,70580.0,70588.0,69855.0,69551.0,69121.0,69357.0
209742930473717902,3670,3721,3769,3749,3671,3683,3645,3613.0,3634.0,3606.0,3577.0,3518.0,3543.0,3526.0,3528.0
209742930516270101,6039,6130,6195,6236,6220,6242,6184,6093.0,6077.0,6066.0,6095.0,6104.0,6146.0,6095.0,6164.0
209942930547042502,1065,1077,1072,1056,1045,1038,1027,1035.0,1028.0,1032.0,1034.0,997.0,992.0,983.0,983.0
211142930550015701,458,455,440,435,420,423,433,425.42857142857144,396.0,430.0,430.0,416.0,418.0,433.0,455.0
211242930465105802,800,795,797,788,789,778,763,724.0,698.0,694.0,678.0,661.0,649.0,630.0,609.0
211542929160935901,6227,6268,6270,6288,6300,6319,6320,6360.0,6331.0,6262.0,6261.0,6229.0,6158.0,6199.0,6218.0
211642928614409302,818,646,682,704,710,722,714,720.0,700.0,717.0,697.0,695.0,698.0,672.0,653.0
211642930452905601,12349,12603,12739,12987,13168,13174,13163,13073.0,12952.0,13101.0,13227.0,13307.0,13307.0,13326.0,13382.0
211642930463091102,3351,3333,3290,3280,3271,3276,3260,3203.0,3185.0,3168.0,3132.0,3121.0,3118.0,3142.0,3143.0
211642930542496201,14708,14577,14502,14398,14294,14170,14038,13755.0,13560.0,13359.0,13183.0,12947.0,12877.0,12686.0,12589.0
211742929160847802,733,746,744,720,708,700,692,699.0,676.0,679.0,673.0,665.0,666.0,669.0,659.0
211742930289750601,8596,8625,8668,8709,8783,8737,8744,8805.0,8797.0,8919.0,8968.0,8941.0,8854.0,8870.0,8953.0
211742930471091801,10562,10758,10947,11263,11379,11515,11508,11730.0,11891.0,12007.0,12041.0,12184.0,12192.0,12186.0,12286.0
212042928921270801,2478,2532,2598,2645,2675,2666,2669,2732.0,2770.0,2802.0,2833.0,2908.0,2952.0,3009.0,3060.0
212342930448223102,17163,17262,17253,17377,17527,17573,17649,17668.0,17813.0,17655.0,17655.0,17541.0,17449.0,17378.0,17380.0
212442930454093601,2150,2134,2156,2209,2218,2256,2216,2188.0,2172.0,2159.0,2143.0,2136.0,2156.0,2148.0,2149.0
212542930461335402,3688,3674,3705,3724,3727,3683,3620,3437.0,3414.0,3376.0,3376.0,3308.0,3293.0,3274.0,3308.0
212642930477761102,6996,6976,6897,6929,6996,6982,6959,6953.0,7001.0,7061.0,7113.0,7132.0,7153.0,7255.0,7333.0
212842928258040302,7560,7486,7456,7413,7363,7325,7246,7131.0,7080.0,7006.0,6943.0,6898.0,6799.0,6684.0,6619.0
213042930479540402,2882,2834,2785,2795,2744,2736,2678,2531.0,2497.0,2427.0,2374.0,2251.0,2205.0,2163.0,2123.0
213042930480513401,1408,1379,1356,1372,1376,1383,1383,1409.0,1405.0,1404.0,1413.0,1405.0,1406.0,1399.0,1426.0
213342930450456101,8129,8145,8178,8227,8244,8290,8323,8331.0,8376.0,8372.0,8375.0,8329.0,8393.0,8400.0,8372.0
213342930472590701,52298,53224,54126,55079,56129,56881,57556,58858.0,59163.0,59599.0,60154.0,59948.0,60711.0,61048.0,61495.0
213442930525710701,607,597,579,559,563,576,568,555.0,547.0,542.0,531.0,513.0,501.0,504.0,506.0
213542930520818802,1145,1107,1106,1110,1068,1037,1031,1001.0,1050.0,1045.0,1009.0,1008.0,943.0,989.0,1097.0
213642930525015001,871,854,839,823,798,765,771,732.0,733.0,706.0,668.0,647.0,635.0,606.0,597.0
213642930529319202,776,763,756,767,773,764,755,705.0,693.0,692.0,686.0,676.0,662.0,665.0,666.0
213742930448749601,1925,1974,2048,2092,2160,2206,2210,2220.0,2227.0,2214.0,2195.0,2192.0,2214.0,2219.0,2215.0
213942930527571901,4984,4975,5000,4944,4905,4888,4876,4817.0,4766.0,4679.0,4640.0,4635.0,4623.0,4640.0,4619.0
213942930549045802,9203,9161,9175,9142,9119,9092,8945,8816.0,8754.0,8753.0,8699.0,8515.0,8538.0,8466.0,8533.0
214042930461938401,4444,4585,4664,4705,4799,4811,4871,4997.0,5033.0,5018.0,5062.0,5150.0,5140.0,5122.0,5131.0
214042930533285602,5171,5153,5118,5107,5082,5056,5028,4964.0,4903.0,4909.0,4924.0,4842.0,4838.0,4770.0,4728.0
214242930476777102,16197,16106,16038,15884,15761,15657,15538,15230.0,15042.0,14859.0,14621.0,14132.0,13986.0,13779.0,13590.0
214342930528543402,1357,1354,1350,1391,1431,1487,1474,1435.0,1390.0,1373.0,1333.0,1339.0,1367.0,1348.0,1341.0
214542930463014801,1096,1065,1082,1091,1119,1153,1169,1180.0,1170.0,1149.0,1105.0,1067.0,1072.0,1051.0,1060.0
214642930541063701,1721,1724,1716,1754,1720,1719,1706,1709.0,1722.0,1715.0,1711.0,1701.0,1703.0,1709.0,1715.0
214742930464176902,819,810,795,784,782,773,755,721.0,705.0,681.0,686.0,690.0,685.0,682.0,630.0
214742930518803202,3538,3549,3512,3512,3499,3468,3427,3340.0,3286.0,3212.5714285714284,3221.0,3233.0,3184.0,3120.0,3104.0
214742930529008801,10415,10455,10429,10471,10445,10362,10388,10246.0,10284.0,10257.0,10236.0,10050.0,10122.0,10015.0,10058.0
214942929249151201,4603,4645,4647,4628,4572,4569,4523,4476.0,4426.0,4382.0,4340.0,4260.0,4247.0,4218.0,4202.0
214942930521792701,434,420,445,447,453,448,458,449.0,420.7142857142857,433.0,432.0,415.0,408.0,406.0,402.0
214942930539115801,6057,6054,6032,6009,5997,5979,5947,5957.0,5959.0,5988.0,5957.0,5836.0,5868.0,5860.0,5862.0
215242930508075102,664,678,683,723,732,711,714,694.0,704.0,712.0,736.0,751.0,774.0,765.0,791.0
215242930532660101,3297,3329,3346,3373,3433,3413,3379,3358.0,3389.0,3374.0,3389.0,3402.0,3399.0,3426.0,3460.0
215342930457772202,1657,1645,1664,1660,1625,1616,1608,1594.0,1672.0,1555.0,1593.0,1548.0,1507.0,1486.0,1485.0
215342930535908602,25364,25399,25477,25535,25709,25689,25683,25899.0,25995.0,25930.0,25959.0,25941.0,25783.0,25876.0,25997.0
215642930509549502,1605,1582,1533,1466,1430,1401,1357,1138.142857142857,1256.0,1221.0,1195.0,1117.0,1091.0,1047.0,1040.0
215742930515530701,6521,6476,6428,6372,6279,6240,6178,6042.0,5944.0,5834.0,5775.0,5725.0,5685.0,5607.0,5554.0
215842928087914902,771,772,772,772,766,745,726,699.0,690.0,667.0,668.0,651.0,644.0,620.0,592.0
215842930474952702,303,297,309,318,300,301,299,295.0,277.0,283.0,287.0,291.0,285.0,300.0,297.0
215942930472937802,2837,2805,2789,2780,2741,2716,2701,2659.0,2669.0,2641.0,2615.0,2531.0,2509.0,2480.0,2473.0
215942930534226501,1202,1234,1234,1269,1276,1297,1303,1294.0,1267.0,1221.0,1230.0,1211.0,1212.0,1243.0,1255.0
216042930517885901,2322,2349,2368,2340,2283,2270,2220,2211.0,2182.0,2135.0,2119.0,2084.0,2086.0,2048.0,2102.0
216042930525548201,8330,8678,9021,9377,9600,9718,9731,9763.0,9944.0,9959.0,9969.0,9977.0,10044.0,10037.0,9971.0
216042930549546702,2368,2445,2500,2493,2507,2545,2555,2571.0,2539.0,2508.0,2510.0,2513.0,2569.0,2592.0,2571.0
216142930529762501,340,339,328,330,329,334,313,316.0,318.0,293.0,289.0,292.0,277.0,274.0,264.0
216142930533879302,12388,12565,12702,12786,12902,12886,12809,12840.0,12855.0,12891.0,12914.0,13149.0,13160.0,13168.0,13092.0
216242930462445402,4891,4847,4820,4775,4783,4707,4676,4567.0,4509.0,4446.0,4442.0,4364.0,4368.0,4343.0,4379.0
216242930539128802,1332,1319,1314,1325,1306,1293,1283,1255.0,1249.0,1232.0,1241.0,1214.0,1187.0,1185.0,1173.0
216342930464379001,3050,3061,3005,2970,2959,2929,2913,2808.0,2805.0,2779.0,2710.0,2677.0,2648.0,2603.0,2585.0
216542930527751801,324,321,313,305,297,294,299,296.0,286.0,280.0,271.0,258.0,263.0,258.0,252.0
216742930473831902,7477,7599,7701,7758,7800,7842,7818,7769.0,7745.0,7803.0,7840.0,8055.0,8097.0,8158.0,8213.0
216742930527214301,4704,4730,4744,4725,4762,4776,4697,4603.0,4540.0,4549.0,4551.0,4483.0,4485.0,4571.0,4561.0
217142928739711201,699,725,745,724,729,718,716,722.0,708.0,702.0,685.0,683.0,671.0,688.0,704.0
217142930464930701,2939,2888,2869,2853,2829,2821,2788,2734.0,2711.0,2718.0,2692.0,2662.0,2648.0,2636.0,2584.0
217242930462792202,2838,2850,2852,2828,2819,2803,2794,2813.0,2783.0,2763.0,2770.0,2703.0,2696.0,2713.0,2761.0
217242930523998102,2621,2596,2584,2602,2615,2619,2620,2628.0,2633.0,2613.0,2648.0,2645.0,2603.0,2611.0,2598.0
217342930452353601,4079,4116,4175,4156,4131,4139,4111,4045.0,3982.0,4087.0,4108.0,4086.0,4069.0,4148.0,4200.0
217342930461880202,20668,20656,20720,20716,20554,20336,20183,19799.0,19607.0,19372.0,19241.0,18991.0,18880.0,18680.0,18616.0
217342930474375302,465,474,473,464,446,441,440,420.0,407.0,397.0,395.0,383.0,366.0,360.0,354.0
217442930510769402,14759,14809,14932,14998,15100,15104,15123,15159.0,15232.0,15287.0,15340.0,15364.0,15319.0,15246.0,15254.0
217642930478744201,3400,3436,3503,3523,3505,3503,3522,3494.0,3466.0,3401.0,3353.0,3367.0,3370.0,3378.0,3404.1428571428573
217742930478248501,617,614,625,628,636,630,599,617.0,601.0,598.0,588.0,584.0,566.0,580.0,586.0
217842930542664701,33594,33689,34129,34530,34977,35035,34985,34848.0,34542.0,34405.0,34319.0,34707.0,34809.0,34790.0,35069.0
218142930548310601,7664,7705,7759,7762,7856,7940,7994,7979.0,8033.0,8020.0,8128.0,8182.0,8118.0,8108.0,8162.0
218442927995017401,561,555,563,562,556,556,553,528.0,525.0,530.0,510.0,508.0,499.0,512.8571428571429,490.0
218542930447738002,16769,16915,16961,16980,17096,17077,17149,17049.0,17139.0,17098.0,17135.0,16988.0,16870.0,16850.0,16744.0
218642930516546502,29834,29923,30105,30063,30117,30080,30216,30470.0,30130.0,30410.0,30509.0,29978.0,30073.0,30016.0,30092.0
218742928694273101,2442,2421,2388,2337,2319,2288,2285,2238.0,2231.0,2191.0,2155.0,2072.0,2048.0,1999.0,1995.0
218842929013215201,3435,3467,3514,3523,3491,3557,3608,3698.0,3694.0,3714.0,3714.0,3688.0,3705.0,3673.0,3720.0
218942930515688402,33653,34944,35942,36704,37487,37801,37860,37928.0,38100.0,38036.0,38333.0,38405.0,39275.0,39773.0,40150.0
219142930460880402,969,959,930,920,903,895,872,862.0,867.0,860.0,845.0,837.0,851.0,858.0,865.0
219142930540645401,2668,2662,2659,2629,2603,2590,2602,2582.0,2561.0,2538.0,2551.0,2536.0,2498.0,2491.0,2499.0
219342930184422702,10326,10332,10321,10270,10221,10130,10046,9975.0,9863.0,9794.0,9757.0,9478.0,9496.0,9391.0,9378.0
219342930461496201,8439,8522,8605,8571,8619,8645,8600,8501.0,8430.0,8410.0,8391.0,8380.0,8341.0,8359.0,8328.0
219342930479864602,7424,7440,7358,7346,7315,7339,7361,7294.0,7351.0,7411.0,7444.0,7275.0,7239.0,7274.0,7339.0
219642930519637602,1707,1686,1671,1644,1620,1597,1591,1431.7142857142858,1512.0,1492.0,1462.0,1426.0,1399.0,1382.0,1349.0
219742930532576901,2123,2088,2076,2057,2014,1988,1955,1897.0,1847.0,1801.0,1763.0,1700.0,1688.0,1678.0,1666.0
219742930533665601,3584,3721,3839,3924,4067,4155,4233,4318.0,4404.0,4485.0,4574.0,4729.0,4775.0,4824.0,4790.0
219842930546832202,954,939,938,922,905,901,887,905.0,890.0,871.0,862.0,870.0,845.0,809.0,811.0
219942930478109202,1151,1146,1116,1096,1087,1007,1009,1020.0,979.0,953.0,961.0,933.0,928.0,939.0,925.0
219942930526327501,119,119,118,114,118,126,121,107.0,106.0,107.0,102.0,98.0,99.0,98.0,95.0
221142930546480202,1709,1681,1686,1677,1674,1674,1658,1647.0,1651.0,1644.0,1632.0,1610.0,1578.0,1590.0,1605.0
221242930525006201,839,822,793,771,779,768,745,711.0,708.0,688.0,679.0,668.0,655.0,651.0,630.0
221542930460197101,4647,4653,4771,4812,4849,4889,4887,4920.0,4911.0,4900.0,4881.0,4822.0,4780.0,4819.0,4845.0
221542930530640802,928,915,915,910,922,930,934,946.0,947.0,907.0,896.0,874.0,867.0,889.0,878.0
221542930541745402,517,534,533,514,507,485,453,454.0,440.0,437.0,423.0,417.0,412.0,395.0,393.0
221642930455184701,2107,2079,2101,2079,2056,2048,2045,2026.0,1976.0,1994.0,2005.0,1978.0,1960.0,1923.0,1929.0
221642930525763302,87084,86718,86730,86501,86149,85939,85422,84569.0,84225.0,83749.0,83044.0,81655.0,81289.0,80508.0,80093.0
221742930526945402,1747,1749,1738,1742,1712,1698,1698,1718.0,1710.0,1703.0,1704.0,1686.0,1699.0,1714.0,1715.0
221742930548772001,4457,4490,4448,4489,4500,4577,4582,4552.0,4515.0,4493.0,4492.0,4504.0,4600.0,4623.0,4633.0
221842930543068801,641,635,643,639,629,616,611,606.1428571428571,611.0,609.0,610.0,600.0,600.0,612.0,601.0
221842930548629802,7634,7700,7730,7703,7679,7661,7666,7568.0,7620.0,7702.0,7731.0,7608.0,7521.0,7544.0,7652.0
222242930544009002,695,677,700,715,695,678,688,691.0,685.0,700.0,686.0,689.0,681.0,682.0,677.0
222342930530148102,4205,4173,4154,4167,4152,4145,4106,4060.0,4042.0,4056.0,3998.0,3888.0,3898.0,3878.0,3859.0
222442930529814102,918,910,909,911,904,896,869,832.0,823.0,803.0,803.0,801.0,796.0,794.0,780.0
222542930509430901,14075,14167,14267,14408,14595,14656,14770,15210.0,15374.0,15575.0,15689.0,15870.0,15895.0,16145.0,16382.0
222542930542764902,9368,9289,9317,9325,9392,9376,9280,9204.0,9151.0,9275.0,9284.0,9289.0,9415.0,9563.0,9591.0
222642930457658001,737,726,713,713,699,684,677,694.0,693.0,658.0,643.0,629.0,622.0,607.0,607.0
222742930520958001,2440,2444,2457,2412,2390,2372,2366,2315.0,2282.0,2250.0,2202.0,2142.0,2131.0,2106.0,2089.0
222842930519131302,1347,1343,1344,1349,1360,1372,1372,1348.0,1336.0,1315.0,1314.0,1287.0,1287.0,1277.0,1266.0
222942930524801801,2398,2394,2349,2305,2272,2261,2222,2125.0,2100.0,2075.0,2060.0,2037.0,2008.0,1999.0,1995.0
223042930446533101,5827,5816,5774,5685,5723,5711,5650,5763.0,5783.0,5721.0,5632.0,5425.0,5399.0,5195.0,5196.0
223142930524586801,3569,3656,3707,3763,3765,3768,3758,3812.0,3820.0,3800.0,3808.0,3782.0,3765.0,3770.0,3789.0
223242929687182701,1412,1432,1433,1431,1425,1398,1404,1403.0,1371.0,1358.0,1348.0,1317.0,1311.0,1306.0,1333.0
223242930515474901,81351,82096,82601,83430,84441,85121,85567,86508.0,86121.0,85979.0,85543.0,84250.0,83361.0,83184.0,83799.0
223242930522271402,22338,22359,22332,22273,22181,22037,21812,21328.0,21132.0,21006.0,20949.0,21140.0,20995.0,20917.0,21088.0
223542930509711401,7943,8054,8352,8530,8720,8766,8732,8853.0,9013.0,9203.0,9263.0,9310.0,9444.0,9571.0,9643.0
223542930524943702,1422,1394,1389,1397,1391,1387,1377,1344.0,1340.0,1353.0,1353.0,1297.0,1304.0,1304.0,1298.0
223742929259310802,1304,1327,1337,1327,1313,1308,1289,1247.0,1251.0,1223.0,1218.0,1187.0,1194.0,1181.0,1231.0
223942930510424802,2833,2823,2823,2822,2803,2816,2773,2710.0,2683.0,2677.0,2679.0,2657.0,2590.0,2579.0,2554.0
224042928592854201,14889,15024,15221,15289,15436,15490,15561,15501.0,15519.0,15595.0,15735.0,15770.0,15763.0,15880.0,15973.0
224042930519163101,1566,1566,1552,1573,1593,1581,1564,1525.0,1519.0,1490.0,1468.0,1428.0,1443.0,1469.0,1423.0
224242930455491302,6957,6940,6963,6907,6920,6924,6900,6834.0,6851.0,6881.0,6818.0,6636.0,6599.0,6587.0,6592.0
224342928021699402,2376,2443,2531,2531,2551,2589,2577,2560.0,2525.0,2545.0,2524.0,2506.0,2519.0,2579.0,2561.0
224342930465361801,1598,1590,1582,1569,1536,1558,1548,1481.0,1451.0,1422.0,1429.0,1379.0,1373.0,1346.0,1311.0
224442930059407701,1660,1666,1638,1635,1624,1601,1565,1523.0,1517.0,1501.0,1466.0,1446.0,1430.0,1420.0,1446.0
224442930465045101,3407,3397,3408,3407,3388,3341,3316,3215.0,3217.0,3139.0,3119.0,3024.0,3013.0,3008.0,3046.0
224542930521392801,472,473,480,481,487,491,489,486.0,476.0,477.0,470.0,462.0,452.0,440.0,429.0
224542930535872302,712,716,697,684,677,693,667,657.0,639.0,610.0,611.0,597.0,599.0,585.0,575.0
224942930459667401,2776,2748,2739,2724,2719,2658,2636,2566.0,2545.0,2524.0,2474.0,2368.0,2372.0,2376.0,2338.0
225042929800207601,47321,47157,47293,47400,47892,47913,47957,48565.0,48784.0,48792.0,48835.0,48755.0,48441.0,48653.0,49218.0
225442930536192201,10789,10939,11248,11560,11720,11754,11826,12335.0,12335.0,12335.0,12218.0,11989.0,12331.0,12437.0,12700.0
225542930526813002,1864,1862,1832,1824,1812,1793,1796,1796.0,1801.0,1816.0,1820.0,1811.0,1834.0,1837.0,1862.0
225642928823251301,3136,3159,3199,3128,3161,3215,3183,3208.0,3232.0,3280.0,3234.0,3182.0,3192.0,3211.0,3279.0
225742930542785202,3049,3043,3037,3014,3016,3009,2995,2988.0,2958.0,2910.0,2890.0,2864.0,2856.0,2827.0,2840.0
225942930518197202,22814,22956,23046,22960,23076,23122,23241,23257.0,23421.0,23557.0,23611.0,23336.0,23241.0,23316.0,23618.0
226142930510564702,131,122,108,105,101,96,95,90.0,90.0,85.0,88.0,86.0,86.0,78.0,74.0
226242930530711402,10285,10393,10484,10718,10885,10980,11085,11194.0,11249.0,11158.0,11190.0,11174.0,11165.0,11124.0,11165.0
226442930530900801,458,457,461,455,454,457,445,434.0,427.0,428.0,417.0,408.0,402.0,396.0,393.0
226542930518849501,3730,3831,3905,4061,4096,4149,4156,4194.0,4180.0,4202.0,4206.0,4224.0,4231.0,4240.0,4248.0
226642930455066701,3950,3963,3950,3946,3890,3866,3813,3733.0,3659.0,3614.0,3583.0,3565.0,3498.0,3446.0,3397.0
226642930474481301,4879,4828,4781,4756,4703,4673,4612,4483.0,4427.0,4335.0,4280.0,4173.0,4129.0,4083.0,4027.0
226642930541254802,2389,2391,2392,2393,2357,2307,2272,2188.0,2179.0,2181.0,2147.0,2086.0,2041.0,1996.0,2009.0
226942930525434501,2146,2205,2227,2238,2230,2241,2257,2279.0,2264.0,2228.0,2228.0,2227.0,2237.0,2300.0,2313.0
227042927979772501,1237,1210,1206,1169,1143,1148,1154,1112.0,1116.0,1104.0,1092.0,1071.0,1068.0,1071.0,1062.0
227042929704188102,40247,40210,40420,40346,40318,40300,40113,40015.0,39933.0,39693.0,39579.0,39440.0,39217.0,39137.0,39399.0
227042930459882702,6552,6529,6487,6432,6399,6322,6251,6151.0,5988.0,5899.0,5801.0,5629.0,5593.0,5592.0,5616.0
227142930477466802,80820,80748,81284,81798,82561,83116,83648,84022.0,85136.0,85236.0,85456.0,84837.0,84452.0,84607.0,85282.0
227242929127079502,3985,3942,3920,3871,3871,3822,3793,3766.0,3756.0,3745.0,3700.0,3674.0,3677.0,3623.0,3611.0
227342929501640302,1532,1531,1557,1604,1651,1625,1596,1575.0,1572.0,1583.0,1596.0,1584.0,1599.0,1649.0,1694.0
227442930456397101,1717,1704,1714,1693,1698,1728,1724,1681.0,1679.0,1669.0,1653.0,1632.0,1624.0,1639.0,1633.0
227442930476092802,1432,1465,1444,1463,1500,1501,1486,1412.0,1385.0,1386.0,1380.0,1400.0,1433.0,1414.0,1438.0
227442930537540601,2176,2153,2120,2072,2093,2095,2077,2031.0,2003.0,1974.0,1946.0,1903.0,1880.0,1873.0,1834.0
227542930142494701,30577,30683,30894,30949,31061,31148,31179,31269.85714285714,31298.0,31473.0,31551.0,31129.0,31062.0,31095.0,31281.0
227742929321159702,16942,17113,17356,17697,17743,17894,17999,18299.0,18296.0,18371.0,18467.0,18631.0,18500.0,18462.0,18504.0
227742930541985201,2163,2165,2182,2146,2121,2094,2079,2097.0,2067.0,2063.0,2009.0,1906.0,1908.0,1884.0,1861.0
227842930515700502,2528,2539,2524,2503,2534,2502,2475,2399.0,2353.0,2336.0,2371.0,2361.0,2347.0,2314.0,2317.0
228042930508088301,25020,25357,25795,25921,26228,26306,26522,26686.0,26760.0,26898.0,27012.0,26987.0,26981.0,26945.0,27282.0
228042930509501002,856,861,875,909,911,921,927,914.0,908.0,883.0,902.0,911.0,903.0,897.0,915.0
228442930532044401,1808,1781,1741,1728,1685,1661,1641,1578.0,1529.0,1505.0,1479.0,1426.0,1403.0,1363.0,1344.0
228442930535190902,8331,8590,8809,9017,9056,9130,9191,9123.0,9062.0,9253.0,9293.0,9289.0,9320.0,9325.0,9384.0
228542930474401902,878,864,879,868,884,884,874,865.0,885.0,847.0,811.0,791.0,790.0,780.0,800.0
228742929800041902,1199,1209,1207,1202,1184,1197,1173,1135.0,1118.0,1102.0,1099.0,1097.0,1095.0,1085.0,1086.0
228742930458562502,8602,8623,8596,8600,8507,8512,8430,8313.0,8220.0,8092.0,8011.0,7992.0,8021.0,7954.0,7917.0
228842930530653801,913,893,885,871,855,850,839,811.0,801.0,788.0,780.0,768.0,763.0,744.0,724.0
228942930461646102,1386,1368,1395,1409,1406,1392,1379,1335.0,1325.0,1293.0,1251.0,1212.0,1211.0,1212.0,1216.0
229142930460413102,873,878,853,846,842,804,798,783.0,755.0,694.0,674.0,657.0,662.0,625.0,594.0
229242929765863102,5742,5815,5907,5928,6084,6162,6153,6109.0,6129.0,6118.0,6111.0,6133.0,6157.0,6169.0,6149.0
229242930464650702,4121,4144,4102,4079,4067,4057,4020,3995.0,3982.0,3910.0,3848.0,3772.0,3691.0,3650.0,3616.0
229342930448175602,18755,19076,19312,19447,19527,19604,19644,19567.0,19643.0,19741.85714285714,19713.0,19822.0,19781.0,19723.0,19944.0
229542930477542801,2818,2834,2814,2819,2847,2856,2874,2853.0,2873.0,2901.0,2886.0,2897.0,2914.0,2927.0,2940.0
229842928130723801,1605,1610,1571,1555,1534,1496,1459,1425.0,1389.0,1366.0,1351.0,1308.0,1292.0,1271.0,1287.0
229842930473204002,1922,1925,1911,1906,1883,1864,1870,1846.0,1845.0,1786.0,1764.0,1698.0,1689.0,1668.0,1667.0
229942929839807701,429,431,420,421,430,425,419,407.0,412.0,412.0,410.0,391.0,392.0,394.0,385.0
231142929604407702,5813,5885,5859,5770,5701,5726,5667,5571.0,5591.0,5525.0,5497.0,5421.0,5332.0,5281.0,5321.0
231242930518258301,5135,5144,5139,5153,5169,5163,5193,5220.0,5211.0,5203.0,5209.0,5286.0,5202.0,5177.0,5238.0
231442930468593002,10122,10077,10102,10143,10246,10175,10026,9919.0,9931.0,9924.0,9959.0,9910.0,9881.0,9879.0,9969.0
231442930518389502,276,271,256,262,254,249,249,249.0,255.0,244.0,243.0,234.0,226.0,220.0,227.0
231542930471698101,3844,3935,4024,4063,4113,4113,4084,4035.0,4089.0,4119.0,4109.0,4120.0,4096.0,4148.0,4215.0
231542930515932502,2965,2992,3012,2952,2976,2995,2941,2827.0,2876.0,2913.0,2893.0,2895.0,2866.0,2911.0,2926.0
231542930531937402,298,296,297,293,298,300,300,292.0,291.0,290.0,289.0,290.0,291.0,288.0,288.0
231742930475459301,653,652,633,626,619,609,599,565.0,555.0,535.1428571428571,528.0,537.0,537.0,518.0,506.0
231942930516452801,6081,6113,6156,6110,6116,6079,6029,6031.0,6017.0,6039.0,5966.0,5918.0,5942.0,5971.0,6007.0
231942930527300101,9302,9130,9042,8967,8893,8916,8911,8884.0,8846.0,8797.0,8787.0,8712.0,8683.0,8618.0,8548.0
232042930546849802,2420,2442,2407,2432,2417,2407,2445,2393.0,2381.0,2369.0,2368.0,2352.0,2391.0,2417.0,2431.0
232342930480521002,1030,1020,1018,1032,1031,1019,1010,968.0,949.0,934.0,913.0,890.0,888.0,872.0,870.0
232442930455043601,10132,10265,10426,10541,10502,10574,10527,10543.0,10500.0,10598.0,10613.0,10607.0,10719.0,10816.0,10875.0
232442930532909002,2077,2054,2077,2048,2090,2110,2151,2077.0,2103.0,2138.0,2148.0,2120.0,2142.0,2132.0,2138.0
232542930522580802,38421,38495,38607,38771,38687,38751,38684,38427.0,38544.0,38412.0,38332.0,37969.0,37576.0,37542.0,37618.0
232542930530980201,8448,8398,8470,8472,8524,8559,8633,8587.0,8528.0,8505.0,8471.0,8317.0,8374.0,8253.0,8255.0
232742930531694702,142,137,141,139,142,141,139,134.5,134.5,132.0,133.0,132.0,136.0,136.0,138.0
232942930545939201,3262,3250,3198,3195,3167,3154,3146,3055.0,3015.0,2974.0,2938.0,2880.0,2865.0,2821.0,2935.4285714285716
233042930530581602,162,165,156,163,154,153,153,151.0,145.0,148.0,152.0,156.0,135.0,139.0,129.0
233142930519507601,375,373,375,354,338,329,299,286.0,278.0,277.0,272.0,261.0,257.0,249.0,262.0
233142930545192801,2904,2883,2885,2861,2877,2847,2802,2835.0,2835.0,2823.0,2818.0,2809.0,2814.0,2845.0,2844.0
233142930548538502,977,963,929,906,893,908,913,899.0,883.0,867.0,833.0,809.0,820.0,826.0,823.0
233242930448797601,2900,2867,2845,2895,2932,2923,2917,2853.0,2870.0,2873.0,2879.0,2841.0,2799.0,2812.0,2827.0
233342930543064402,111305,112501,114591,115418,116903,117647,117539,119473.0,119690.0,118392.0,118576.0,122364.0,123758.0,123679.0,123998.0
233442930516186401,854,853,827,822,804,779,773,753.0,747.0,722.0,723.0,711.0,699.0,694.0,668.0
233442930543210202,306,302,306,306,303,302,296,292.0,278.0,271.0,269.0,264.0,260.0,254.0,253.0
233542930464095302,3537,3572,3583,3574,3582,3592,3538,3536.0,3490.0,3490.0,3436.0,3452.0,3453.0,3436.0,3456.0
233542930475867401,1209,1231,1313,1400,1428,1437,1474,1494.0,1489.0,1484.0,1463.0,1460.0,1452.0,1444.0,1465.0
233742930548685602,379,376,373,377,383,375,391,370.0,345.0,345.0,339.0,362.0,358.0,354.0,360.0
233842930530354701,14318,14746,14933,15149,15353,15411,15480,15480.0,15562.0,15517.0,15575.0,15619.0,15726.0,15784.0,15919.0
234042930476811801,352,353,340,335,336,334,326,319.0,324.0,300.0,292.0,286.0,284.0,281.0,273.0
234042930480240401,27150,27456,27590,27917,28109,28267,28713,29872.0,30197.0,30612.0,29982.0,30147.0,30045.0,30120.0,30430.0
234042930480645902,21520,21634,21686,21661,21527,21372,21302,21059.0,20876.0,20844.0,20926.333333333332,20926.333333333332,20926.333333333332,20926.333333333332,20926.333333333332
234142930463876201,1349,1341,1322,1294,1272,1262,1272,1149.2857142857142,1208.0,1184.0,1172.0,1152.0,1131.0,1107.0,1091.0
234142930516208801,1846,1830,1850,1871,1834,1847,1847,1802.0,1789.0,1839.0,1817.0,1823.0,1845.0,1857.0,1870.0
234342930459315401,2613,2583,2521,2498,2498,2478,2495,2402.0,2368.0,2355.0,2344.0,2316.0,2278.0,2306.0,2277.0
234342930534636802,599,561,565,578,557,553,534,524.0,495.0,487.0,483.0,463.0,463.0,467.0,455.0
234442930519488502,803,839,861,894,895,888,880,877.0,880.0,857.0,875.0,870.0,873.0,865.0,863.0
234942930447392501,1414,1400,1391,1371,1347,1327,1319,1288.0,1282.0,1271.0,1245.0,1202.0,1202.0,1174.0,1162.0
234942930528080102,548,546,531,525,525,509,505,500.0,504.0,497.0,480.0,475.0,476.0,474.0,477.0
235042928235935102,256,255,260,262,263,259,248,240.0,231.0,226.0,232.0,234.0,221.0,218.0,215.0
235042930459852101,71344,71641,71984,72191,73351,73794,74174,74280.0,74153.0,73845.0,74142.0,74636.0,74391.0,74528.0,74946.0
235142930524357902,2210,2232,2235,2209,2214,2216,2201,2199.0,2177.0,2161.0,2166.0,2127.0,2130.0,2115.0,2111.0
235142930532587302,1339,1315,1285,1257,1260,1266,1266,1220.0,1194.0,1197.0,1195.0,1177.0,1165.0,1154.0,1149.0
235142930547606802,98080,98406,98602,98592,99302,99607,99676,100005.0,100354.0,100467.0,100170.0,98156.0,97736.0,97808.0,98430.0
235442929488789901,1188,1204,1216,1223,1216,1247,1239,1239.0,1245.0,1214.0,1178.0,1129.0,1133.0,1109.0,1118.0
235442930544367302,11115,11083,11151,11172,11215,11264,11247,11232.0,11182.0,11097.0,11071.0,11046.0,11093.0,11079.0,11123.0
235542930546451802,1484,1503,1477,1482,1427,1393,1373,1338.0,1339.0,1311.0,1285.0,1276.0,1280.0,1249.0,1239.0
235642930220797901,8131,8188,8228,8278,8276,8326,8358,8292.0,8168.0,7884.428571428572,8012.0,7802.0,7715.0,7614.0,7588.0
235642930469364202,1476,1481,1474,1467,1463,1462,1465,1451.0,1454.0,1451.0,1442.0,1402.0,1399.0,1402.0,1384.0
235642930479363401,523,529,526,522,516,518,516,494.0,483.0,468.0,463.0,457.0,444.0,435.0,432.0
235642930522798702,32883,33204,33585,33702,33868,33610,32658,32309.0,32128.0,31978.0,31664.0,31821.0,31913.0,31593.0,31451.0
235842929839691602,18146,18314,18547,18642,18690,18732,18679,18748.0,18880.0,19056.0,19235.0,19094.0,19131.0,19164.0,19348.0
235942930455679801,1260,1236,1230,1204,1189,1171,1160,1133.0,1097.0,1102.0,1088.0,1077.0,1060.0,1021.0,1021.0
236042930457786301,591,585,586,588,582,587,586,560.0,564.0,561.0,546.0,540.0,530.0,541.0,529.0
236042930547778101,8093,8118,8158,8160,8164,8222,8211,8068.285714285715,8106.0,8104.0,8076.0,8048.0,8018.0,8050.0,8076.0
236142930544684002,2131,2132,2148,2120,2089,2089,2101,1943.0,2017.0,1978.0,1953.0,1909.0,1919.0,1916.0,1909.0
236242930471200901,916,938,940,928,968,980,951,921.0,953.5714285714286,953.0,933.0,941.0,956.0,970.0,1001.0
236242930474371601,19545,19771,20256,20746,20879,20991,21042,20842.0,20841.0,20756.0,20814.0,21402.0,21354.0,21418.0,21498.0
236342930546254302,14839,15407,15899,16381,16651,16948,17238,17353.0,17366.0,17411.0,17495.0,17558.0,17558.0,17594.0,17725.0
236442930449556802,5537,5478,5448,5378,5369,5307,5317,5164.0,5096.0,5067.0,5040.0,4962.0,4901.0,4814.0,4791.0
236642930530457701,260,255,277,299,284,268,261,247.0,235.0,232.0,224.0,214.0,210.0,205.0,195.0
236642930543830802,57019,57197,57344,57233,57148,57235,57175,54888.28571428572,56312.0,55881.0,55517.0,54643.0,54342.0,53902.0,53621.0
236742930543645202,19057,19335,19556,19664,19885,19965,19983,19927.0,19879.0,19938.0,20125.0,19940.0,19937.0,20106.0,20264.0
237142930537923602,215,216,212,222,216,209,211,209.0,209.0,196.0,195.0,186.0,182.0,188.0,184.0
237142930541491901,1112,1094,1064,1066,1038,1036,1023,1010.0,1015.0,1000.0,977.0,959.0,966.0,969.0,978.0
237442928235852702,23648,23762,23890,23992,23949,23909,23924,23752.0,23565.0,23533.0,23524.0,23749.0,23435.0,23376.0,23538.0
237642930510191802,4387,4380,4383,4411,4430,4445,4473,4353.0,4348.0,4340.0,4335.0,4388.0,4370.0,4390.0,4431.0
237642930536276402,1261,1258,1244,1221,1214,1189,1182,1190.0,1188.0,1202.0,1169.0,1133.0,1122.0,1098.0,1118.0
237742930540437102,1345,1333,1328,1323,1319,1317,1303,1271.0,1232.0,1209.0,1186.0,1163.0,1133.0,1124.0,1114.0
237742930543536302,1427,1394,1422,1402,1425,1429,1429,1409.0,1401.0,1397.0,1384.0,1363.0,1385.0,1387.0,1372.0
238042929765913402,9911,9916,9969,9997,10129,10103,10050,10037.0,9999.0,10080.0,10048.0,10195.0,10219.0,10343.0,10488.0
238042930508527402,54301,54495,54806,54842,54924,55028,55126,54948.0,54846.0,54706.0,54629.0,53934.0,53738.0,53534.0,53521.0
238142930518014401,3664,3690,3667,3638,3567,3550,3558,3492.0,3456.0,3469.0,3410.0,3303.0,3274.0,3234.0,3199.0
238242930459729901,2772,2736,2752,2726,2643,2556,2544,2425.0,2353.0,2285.0,2251.0,2166.0,2172.0,2182.0,2184.0
238242930479484202,797,816,800,806,800,795,781,782.0,783.0,781.0,779.0,792.0,808.0,809.0,795.0
238342930549815502,2673,2696,2733,2722,2715,2674,2666,2617.0,2559.0,2563.0,2556.0,2520.0,2534.0,2513.0,2489.0
238442930451793002,459,400,445,432,408,388,378,381.0,373.0,362.0,369.0,375.0,373.0,358.0,354.0
238742930478203001,38069,38317,38699,38842,38963,39227,39139,38966.0,38948.0,38904.0,38785.0,38755.0,38582.0,38442.0,38591.0
238742930547727901,312,328,325,328,315,299,281,279.0,291.0,296.0,288.0,290.0,298.0,290.0,292.0
239242930462518401,959,964,942,937,918,878,851,846.0,867.0,856.0,831.0,817.0,800.0,841.0,863.0
239242930463967601,1184,1164,1188,1186,1201,1199,1192,1177.0,1175.0,1147.0,1142.0,1137.0,1151.0,1154.0,1135.0
239242930528882101,1395,1371,1339,1313,1293,1287,1270,1204.0,1181.0,1166.0,1135.0,1082.0,1057.0,1039.0,1022.0
239242930549135202,2072,2032,1986,2024,2023,2009,2021,1982.0,1936.0,1923.0,1928.0,1931.0,1945.0,1958.0,2004.0
239342930518492102,4210,4193,4125,4117,4047,4017,3958,3941.0,3837.0,3793.0,3741.0,3654.0,3630.0,3607.0,3585.0
239442929921990602,819,827,827,829,832,843,842,838.0,830.0,823.0,817.0,800.0,797.0,772.0,759.0
239442930531431601,1014,1038,1033,1035,1036,1025,1015,1031.0,1021.0,1002.0,991.0,976.0,965.0,981.0,993.0
239542930541650302,600,589,592,600,588,584,574,551.0,549.0,551.0,550.0,538.0,528.0,522.0,509.0
239842930456653101,1553,1533,1526,1510,1489,1500,1484,1446.0,1423.0,1402.0,1389.0,1328.0,1316.0,1303.0,1302.0
239842930527482101,2288,2302,2256,2281,2270,2257,2266,2127.0,2106.0,2072.0,2085.0,2069.0,2013.0,1978.0,2002.0
239942930455010102,12134,12162,12160,12170,12106,12005,11871,11738.0,11617.0,11478.0,11346.0,11093.0,11035.0,10913.0,10782.0
239942930541439502,1474,1470,1457,1435,1415,1412,1399,1392.0,1352.0,1325.0,1320.0,1305.0,1315.0,1310.0,1297.0
241142928603062201,1665,1658,1659,1671,1630,1618,1606,1584.0,1576.0,1603.0,1574.0,1579.0,1580.0,1586.0,1570.0
241142928726332101,1493,1480,1476,1448,1461,1477,1457,1351.2857142857142,1402.0,1389.0,1377.0,1343.0,1315.0,1320.0,1313.0
241142930465417902,5691,5728,5721,5680,5712,5710,5689,5714.0,5786.0,5775.0,5787.0,5784.0,5834.0,5816.0,5870.0
241142930524075202,748,748,720,711,709,717,714,714.0,701.0,689.0,679.0,668.0,648.0,642.0,642.0
241242930534408101,374,377,378,361,357,349,338,319.0,302.0,292.0,287.0,286.0,271.0,276.0,266.0
241442930516032402,956,960,949,972,975,996,1012,1022.0,1097.0,1094.0,1066.0,1057.0,1030.0,1012.0,1024.0
241442930528886802,5029,5023,5076,5107,5119,5123,5096,5180.0,5197.0,5188.0,5215.0,5170.0,5233.0,5246.0,5279.0
241542930547557702,1197,1207,1208,1208,1200,1164,1162,1145.0,1149.0,1159.0,1153.0,1134.0,1124.0,1108.0,1098.0
241742930474208501,6834,6795,6776,6740,6640,6669,6633,6498.0,6442.0,6384.0,6313.0,6287.0,6214.0,6356.333333333333,6356.333333333333
241842930515814201,2122,2119,2100,2099,2114,2033,2011,2053.0,2043.0,2135.0,2144.0,2166.0,2156.0,2149.0,2134.0
241942930509935501,993,992,1010,1028,1007,998,1002,960.0,975.0,970.0,965.0,964.0,949.0,940.0,960.0
241942930548691901,268,274,264,263,270,266,259,247.0,241.0,241.0,241.0,239.0,239.0,246.0,248.0
242242930528340102,2502,2540,2557,2544,2549,2550,2515,2512.0,2531.0,2503.5714285714284,2510.0,2511.0,2510.0,2474.0,2477.0
242342930522564602,9684,9646,9638,9554,9445,9284,9181,8928.0,8809.0,8652.0,8543.0,8390.0,8298.0,8171.0,8066.0
242542928159125602,1010,986,992,1031,974,947,911,911.0,887.0,866.0,857.0,844.0,840.0,808.0,795.0
242942930508408802,594,612,625,633,623,602,588,609.2857142857143,578.0,588.0,590.0,643.0,628.0,626.0,612.0
242942930520106201,4403,4347,4278,4254,4218,4195,4152,4050.0,4032.0,3990.0,3946.0,3946.0,3918.0,3899.0,3834.0
243042930316903701,6015,6031,6059,6101,6043,6091,6091,6070.0,6187.0,6127.0,5959.0,5833.0,5792.0,5728.0,5743.0
243142930454432801,2499,2490,2497,2466,2481,2457,2418,2361.0,2330.0,2278.0,2248.0,2178.0,2144.0,2101.0,2086.0
243342930517752501,5198,5257,5344,5324,5304,5314,5290,5190.0,5196.0,5165.0,5153.0,5213.0,5156.0,5145.0,5142.0
243342930544502102,2267,2223,2200,2233,2245,2238,2222,2155.0,2140.0,2144.0,2124.0,2129.0,2086.0,2070.0,2086.0
243442930475280302,7207,7314,7377,7408,7408,7390,7411,7362.0,7306.0,7304.0,7369.0,7330.0,7267.0,7339.0,7405.0
243442930550673002,2977,2965,3009,3142,3196,3183,3161,3106.0,3109.0,3060.0,3009.0,2865.0,2847.0,2789.0,2765.0
243542930453927802,24469,24387,24626,24553,24088,23850,23839,23215.0,22939.0,22583.0,22332.0,22106.0,21926.0,21646.0,21423.0
243642930459961602,1447,1460,1435,1427,1429,1423,1432,1390.0,1363.0,1374.0,1369.0,1358.0,1345.0,1332.0,1361.571428571429
243642930510568001,1151,1129,1106,1078,1066,1040,1017,963.0,961.0,946.0,904.0,891.0,893.0,880.0,862.0
243742930531152501,4023,4284,4484,4530,4624,4709,4784,4947.0,5071.0,5082.0,5049.0,5149.0,5213.0,5214.0,5176.0
243842930460171001,1667,1661,1640,1638,1626,1618,1605,1571.0,1568.0,1538.0,1548.0,1538.0,1522.0,1500.0,1507.0
244042930472452202,60062,60095,60369,60475,60199,59941,59553,58871.0,58670.0,58389.0,58145.0,57891.0,57645.0,57329.0,57245.0
244042930544339501,537,530,522,505,500,507,485,480.0,481.0,464.0,466.0,467.0,473.0,470.0,468.0
244142930476425802,2946,2929,2897,2854,2827,2798,2784,2707.0,2701.0,2672.0,2669.0,2656.0,2667.0,2634.0,2645.0
244242929462816302,8625,8593,8625,8663,8629,8603,8565,8526.0,8539.0,8509.0,8489.0,8443.0,8458.0,8422.0,8410.0
244342929341449002,369,392,383,389,386,391,382,362.0,353.0,357.0,354.0,359.0,362.0,363.0,371.0
244342929801781202,1615,1598,1596,1574,1564,1563,1528,1394.7142857142858,1471.0,1443.0,1425.0,1377.0,1385.0,1356.0,1306.0
244342930459751502,369,372,376,376,374,373,371,350.0,339.0,344.0,342.0,333.0,333.0,343.0,350.0
244342930460159502,1144,1122,1109,1086,1065,1065,1059,1021.0,1022.0,977.0,973.0,956.0,953.0,953.0,932.0
244342930474676602,3229,3243,3277,3382,3405,3415,3454,3409.0,3384.0,3367.0,3343.0,3299.0,3310.0,3289.0,3238.0
244342930520360501,19315,20009,20441,20500,20755,20929,21081,21070.0,21152.0,21124.0,21196.0,21391.0,21429.0,21535.0,21597.0
244442930459439302,495,480,476,457,465,447,443,408.0,407.0,418.0,407.0,393.0,397.0,379.0,376.0
244442930462294302,2689,2672,2658,2642,2611,2584,2561,2523.0,2485.0,2460.0,2427.0,2400.0,2360.0,2332.0,2352.0
244442930524266402,3650,3634,3598,3571,3513,3464,3421,3306.0,3241.0,3166.0,3133.0,3029.0,2990.0,2949.0,2895.0
244542930518141302,3833,3868,3888,3967,3988,4023,3991,3956.0,3978.0,4006.0,4036.0,4080.0,4092.0,4131.0,4211.0
244742928663965702,237,236,246,247,246,235,236,240.0,242.0,235.0,231.0,214.0,221.0,218.0,226.0
244742930523922102,150,157,157,155,147,146,142,138.0,134.0,134.0,130.0,126.0,125.0,122.0,121.0
244742930529662601,6151,6252,6362,6457,6553,6709,6823,6902.0,6983.0,7013.0,7082.0,6959.0,6968.0,6915.0,6955.0
244842928789946301,2625,2624,2614,2603,2584,2582,2591,2527.0,2539.0,2493.0,2463.0,2364.0,2339.0,2305.0,2322.0
244842930462669801,3350,3380,3473,3501,3594,3585,3588,3614.0,3606.0,3623.0,3618.0,3604.0,3622.0,3586.0,3561.0
244942930458206101,9266,9258,9237,9138,9091,9108,9050,8899.0,8845.0,8839.0,8863.0,9067.0,8983.0,9029.0,9096.0
244942930480466202,34288,34407,34318,34423,34271,34188,34076,33857.0,33627.0,33506.0,33134.0,32682.0,32462.0,32288.0,32160.0
245042930448990901,9283,9442,9630,9720,9819,9909,9902,9810.0,9720.0,9701.0,9769.0,9787.0,9750.0,9709.0,9801.0
245642930524900701,1714,1745,1772,1769,1762,1758,1748,1741.0,1707.0,1710.0,1757.0,1746.0,1738.0,1730.0,1733.0
245942930459583802,9689,10042,10277,10566,10977,11218,11277,11424.0,11589.0,11773.0,11815.0,11810.0,11846.0,11788.0,11852.0
245942930474260601,885,883,886,881,877,867,859,839.0,833.0,838.0,819.0,804.0,797.0,781.0,771.0
246042930508095402,189549,189344,191072,191440,191467,191621,193118,194168.0,194255.0,196134.0,196340.0,197304.0,195906.0,196446.0,198688.0
246042930546071401,2401,2348,2363,2320,2323,2322,2320,2300.0,2267.0,2242.0,2206.0,2178.0,2190.0,2213.0,2164.0
246142930548556802,3661,3667,3631,3630,3569,3596,3613,3612.0,3615.0,3651.0,3670.0,3665.0,3652.0,3664.0,3664.0
246242930453999001,6044,6039,6017,6024,6090,6102,6053,5966.0,5919.0,5889.0,5794.0,5707.0,5689.0,5630.0,5601.0
246642929820806302,409,398,394,374,378,375,363,376.0,359.0,360.0,356.0,344.0,352.0,350.0,339.0
246842930535479401,1975,1982,1990,1969,1956,1938,1915,1881.0,1862.0,1823.0,1792.0,1750.0,1763.0,1772.0,1739.0
246942930453237002,1045,1033,1019,992,969,947,925,897.0,882.0,864.0,869.0,853.0,802.0,795.0,788.0
246942930525049001,13264,13182,13172,13131,13205,13147,13139,13025.0,13029.0,13003.0,12934.0,12966.0,12916.0,12862.0,12839.0
247042930471770102,455,463,473,464,452,438,422,409.0,404.0,381.57142857142856,372.0,370.0,365.0,373.0,378.0
247042930477042902,818,813,826,821,836,813,797,794.0,782.0,789.0,790.0,782.0,772.0,790.0,800.0
247042930548138301,868,881,890,893,894,867,870,814.0,791.0,791.0,816.0,808.0,816.0,815.0,800.0
247142928726194001,10268,10214,10081,10033,10050,10073,9936,9756.0,9714.0,9631.0,9530.0,9398.0,9296.0,9212.0,9173.0
247142930521840402,2427,2409,2384,2343,2316,2305,2295,2254.0,2209.0,2191.0,2175.0,2128.0,2110.0,2089.0,2062.0
247142930527309001,7234,7277,7337,7319,7372,7387,7390,7301.0,7280.0,7280.0,7270.0,7171.0,7205.0,7220.0,7228.0
247442930516618101,3161,3116,3109,3158,3208,3216,3209,3186.0,3180.0,3169.0,3168.0,3150.0,3147.0,3163.0,3175.0
247542930455305002,3794,3803,3814,3782,3794,3789,3794,3723.0,3666.0,3669.0,3648.0,3672.0,3690.0,3703.0,3647.0
247542930525796802,6878,6902,6882,6788,6734,6776,6715,6600.0,6577.0,6474.0,6371.0,6276.0,6233.0,6146.0,6238.0
247642930515817802,14145,14190,14156,14086,14084,14099,14030,13817.0,13780.0,13745.0,13709.0,13592.0,13507.0,13514.0,13608.0
247642930526681902,4859,4838,4883,4827,4831,4862,4859,4836.0,4777.0,4733.0,4722.0,4572.0,4553.0,4603.0,4621.0
247842930455165602,1754,1750,1744,1711,1715,1702,1683,1694.0,1701.0,1698.0,1691.0,1649.0,1651.0,1612.0,1595.0
247842930531104201,343,331,328,319,317,347,347,324.0,330.0,314.0,307.0,333.0,321.0,330.0,321.0
247942930516274002,2813,2846,2880,2892,2855,2867,2884,2876.0,2878.0,2899.0,2906.0,2884.0,2847.0,2818.0,2838.0
248142930538291001,1958,1980,1973,1950,1933,1930,1922,1857.0,1873.0,1846.0,1850.0,1834.0,1842.0,1814.0,1813.0
248242930509840102,6546,6555,6547,6520,6463,6423,6417,6406.0,6342.0,6352.0,6253.0,6116.0,6080.0,6009.0,6047.0
248442930477943401,7303,7276,7354,7375,7363,7327,7306,7208.0,7142.0,7088.0,7061.0,6934.0,6902.0,6849.0,6863.0
248442930530739201,6424,6422,6352,6288,6226,6178,6086,6023.0,5935.0,5871.0,5728.0,5679.0,5588.0,5493.0,5454.0
248842930460261002,2262,2263,2274,2257,2261,2276,2254,2185.0,2154.0,2126.0,2093.0,2040.0,2025.0,2014.0,1997.0
248842930476112602,640,615,610,612,606,599,591,577.0,584.0,573.0,557.0,562.0,560.0,549.0,564.0
248942930464579101,18102,18146,18138,18143,18160,18219,18213,18104.0,17980.0,17915.0,17785.0,17532.0,17464.0,17406.0,17462.0
249142930461593201,44964,44961,44726,44658,44764,44958,44830,44675.0,44489.0,44316.0,44208.0,42943.0,42783.0,42619.0,42953.0
249242930518300002,26322,26391,26641,26606,26775,26807,26869,27081.0,27181.0,27470.0,27440.0,27159.0,27183.0,27091.0,27107.0
249342930507773402,517,503,495,486,486,489,486,473.0,459.0,461.0,442.0,432.0,428.0,418.0,400.0
249542930530366302,1092,1087,1084,1097,1068,1048,1021,996.0,986.0,955.0,957.0,984.0,980.0,977.0,955.0
249642930527520802,4536,4601,4701,4679,4661,4674,4736,4732.0,4684.0,4670.0,4726.0,4613.0,4591.0,4593.0,4587.0
249642930539463702,2299,2293,2316,2321,2327,2340,2336,2326.0,2289.0,2282.0,2235.0,2258.0,2255.0,2241.0,2196.0
249842929000335401,1029,1012,1013,999,996,1000,992,1019.0,1036.0,1027.0,967.0,944.0,918.0,913.0,947.0
249842930519587202,1448,1435,1444,1440,1438,1406,1390,1349.0,1325.0,1316.0,1296.0,1265.0,1286.0,1270.0,1272.0
249942930532822402,5233,5196,5114,5082,5079,4980,4877,4784.0,4802.0,4801.0,4856.0,4810.0,4797.0,4801.0,4834.0
251242930474606902,1248,1250,1250,1264,1253,1237,1263,1280.0,1295.0,1303.0,1300.0,1296.0,1300.0,1281.0,1298.0
251342928108622702,167,158,150,148,136,133,126,134.0,132.0,129.85714285714286,133.0,128.0,133.0,125.0,124.0
251342930012280301,4931,4954,4976,4947,4941,4961,4954,4889.0,4882.0,4849.0,4851.0,4901.0,4862.0,4843.0,4837.0
251342930517654102,2408,2424,2416,2422,2459,2447,2413,2412.0,2433.0,2466.0,2455.0,2486.0,2480.0,2483.0,2484.0
251442930476629802,2837,2803,2783,2733,2701,2661,2662,2614.0,2571.0,2561.0,2477.0,2382.0,2373.0,2334.0,2340.0
251542930535989801,2203,2227,2235,2212,2252,2254,2226,2169.0,2145.0,2167.0,2136.0,2103.0,2093.0,2108.0,2132.0
251642930546482101,1627,1607,1584,1567,1535,1500,1482,1360.0,1419.0,1405.0,1376.0,1348.0,1350.0,1321.0,1301.0
251742930542242702,11474,11484,11495,11516,11492,11474,11428,11249.0,11207.0,11136.0,11036.0,10903.0,10896.0,10779.0,10676.0
251842930470777901,20121,20000,19997,19836,19598,19482,19341,19095.0,18839.0,18694.0,18537.0,18149.0,18090.0,18025.0,18096.0
251942930447639201,1293,1275,1259,1254,1267,1235,1231,1204.0,1184.0,1147.0,1142.0,1119.0,1117.0,1157.0,1136.0
252342930543445002,765,753,749,725,741,730,732,773.0,755.0,744.0,728.0,733.0,762.0,739.0,725.0
252442928725940202,50744,50684,50871,50810,50756,50662,50629,50371.0,50726.0,50002.57142857143,50411.0,49805.0,49655.0,49415.0,49635.0
252442930465818002,197,194,191,176,175,169,171,166.0,153.0,156.0,156.0,165.0,165.0,159.0,153.0
252442930528910601,3654,3628,3704,3731,3774,3757,3750,3747.0,3754.0,3722.0,3715.0,3650.0,3558.0,3559.0,3581.0
252542928683993102,4578,4636,4716,4699,4721,4743,4739,4777.0,4816.0,4798.0,4843.0,4899.0,4800.0,4788.0,4815.0
252542930480707601,999,983,957,944,946,938,922,880.0,865.0,850.0,834.0,819.0,792.0,767.0,745.0
252742928030399201,11117,11071,11097,11056,10961,10972,10974,10943.0,10931.0,10822.0,10710.0,10570.0,10455.0,10367.0,10331.0
252742929118680102,2736,2741,2746,2779,2824,2808,2836,2789.0,2761.0,2741.0,2772.0,2757.0,2808.0,2842.0,2914.0
252742930449925801,121,110,113,114,108,99,91,81.42857142857143,85.0,81.0,85.0,83.0,81.0,79.0,76.0
252742930454283301,3590,3581,3559,3565,3555,3554,3542,3484.0,3468.0,3409.0,3408.0,3315.0,3302.0,3311.0,3296.0
252742930548077501,3992,4012,4032,4057,4001,3962,3903,3928.0,3996.0,4031.0,3996.0,3898.0,3852.0,3877.0,3868.0
252742930549312001,155,155,150,147,152,149,145,168.0,161.0,166.0,153.0,145.0,141.0,143.0,146.0
252842930457281702,3330,3315,3334,3323,3330,3386,3373,3363.0,3346.0,3250.0,3199.0,3116.0,3081.0,3050.0,3041.0
252842930473606302,2551,2540,2550,2549,2551,2525,2523,2525.0,2481.0,2474.0,2454.0,2385.0,2394.0,2377.0,2349.0
252842930515912101,3616,3612,3593,3595,3602,3589,3602,3579.0,3558.0,3543.0,3531.0,3533.0,3560.0,3544.0,3533.0
253042930460311801,12019,12182,12204,12274,12442,12664,12904,13139.0,13337.0,13477.0,13445.0,13337.0,13328.0,13362.0,13407.0
253342928921105802,4390,4659,4908,5076,5159,5225,5269,5327.0,5359.0,5473.0,5434.0,5407.0,5455.0,5473.0,5527.0
253342930478229202,9488,9571,9684,9885,10286,10453,10561,10655.0,10682.0,10699.0,10741.0,10838.0,10912.0,10979.0,11155.0
253342930533526902,1406,1460,1486,1484,1491,1518,1520,1506.0,1521.0,1490.0,1457.0,1457.0,1464.0,1454.0,1462.0
253542930460951801,12554,12696,12914,13008,13057,13091,13165,13214.0,13177.0,13232.0,13238.0,13036.0,13005.0,12942.0,13000.0
253542930473454802,729,726,721,724,682,687,676,664.0,705.0,701.0,680.0,659.0,631.0,623.0,635.0
253642930474121701,17347,17290,17251,17253,17154,17137,17021,16806.0,16655.0,16562.0,16385.0,16296.0,16211.0,16042.0,16422.428571428572
253642930517892002,8016,8191,8270,8285,8409,8393,8378,8137.0,8170.0,8179.0,8113.0,8094.0,8133.0,8217.0,8199.0
253842930456207201,3514,3534,3567,3587,3545,3515,3434,3489.0,3505.0,3516.0,3528.0,3469.0,3493.0,3519.0,3494.0
253842930462375002,403,398,403,395,398,390,392,384.1428571428572,403.0,409.0,394.0,380.0,374.0,362.0,367.0
253842930546890301,902,909,910,908,888,880,864,835.0,840.0,807.0,795.0,795.0,795.0,783.0,775.0
254042930520816602,1272,1254,1235,1240,1272,1266,1283,1257.0,1253.0,1268.0,1264.0,1225.0,1203.0,1179.0,1183.0
254142930454477502,1893,1870,1891,1911,1874,1890,1891,1824.4,1824.4,1824.4,1857.0,1821.0,1818.0,1828.0,1798.0
254142930519710602,803,789,784,771,750,742,744,725.0,718.0,710.0,695.0,698.0,689.0,665.0,654.0
254142930541858601,471,469,445,425,428,444,435,434.0,428.0,413.0,401.0,403.0,395.0,380.0,369.0
254242930466965302,402,405,413,419,409,410,401,398.0,393.0,393.0,381.0,362.0,359.0,365.0,366.0
254242930530851801,1306,1302,1304,1286,1266,1278,1296,1291.0,1266.0,1270.0,1256.0,1249.0,1265.0,1247.0,1257.0
254342930461275701,3895,3989,4012,4030,4084,4107,4068,4069.0,4101.0,4030.0,4044.0,3989.0,3949.0,3923.0,3896.0
254442930456754501,5889,5942,5943,5947,5977,5980,5909,5891.0,5834.0,5800.0,5738.0,5687.0,5702.0,5591.0,5557.0
254442930525539801,1556,1588,1602,1586,1604,1640,1635,1646.0,1645.0,1627.0,1650.0,1637.0,1632.0,1647.0,1639.0
254642929249216101,344,335,340,338,327,322,323,310.0,297.0,299.0,295.0,286.0,281.0,267.0,269.0
254642930549295101,7387,7381,7415,7397,7339,7368,7310,7400.0,7346.0,7332.0,7334.0,7317.0,7282.0,7310.0,7311.0
255042930547075401,3978,3954,3976,3931,3941,3908,3832,3738.0,3687.0,3682.0,3689.0,3720.0,3721.0,3700.0,3710.0
255142930436090001,709,720,720,695,704,703,696,663.0,670.0,666.0,660.0,659.0,637.0,634.0,625.0
255142930463688201,5735,5684,5668,5668,5612,5591,5518,5400.0,5396.0,5397.0,5369.0,5346.0,5304.0,5266.0,5308.0
255242927945047202,503,518,551,528,528,545,553,544.0,539.0,543.0,531.0,533.0,530.0,515.0,507.0
255342929021009101,423,407,415,410,404,392,402,387.0,395.0,398.0,387.0,396.0,400.0,395.0,398.0
255342930449499902,13848,13883,13971,14081,14102,14187,14204,14064.0,13978.0,13917.0,13839.0,13763.0,13792.0,13735.0,13794.0
255442930516645202,997,969,957,959,939,933,940,926.0,924.0,927.0,923.0,929.0,904.0,922.0,931.0
255642930463932702,1534,1502,1481,1479,1477,1460,1438,1411.0,1399.0,1387.0,1376.0,1369.0,1362.0,1341.0,1309.0
255742930534123101,3650,3660,3684,3690,3681,3676,3700,3687.0,3657.0,3649.0,3663.0,3739.0,3768.0,3693.8333333333335,3693.8333333333335
256042930518170701,1221,1241,1251,1247,1251,1256,1248,1229.0,1244.0,1234.0,1208.0,1210.0,1199.0,1178.0,1199.0
256142930528386001,19666,19762,19697,19690,19649,19563,19394,19408.0,19286.0,19269.0,19419.0,19819.0,19906.0,19990.0,20305.0
256242930463635002,93696,93966,94334,94742,94645,94537,94538,93930.0,93523.0,93435.0,93275.0,92787.0,92798.0,92427.0,92419.0
256242930532496001,4430,4455,4419,4472,4471,4506,4488,4367.0,4365.0,4331.0,4317.0,4250.0,4216.0,4129.0,4172.0
256342930459586501,3227,3268,3241,3262,3235,3185,3135,3169.0,3185.0,3200.0,3216.0,3185.0,3172.0,3170.0,3202.0
256442930546114502,5243,5276,5296,5307,5268,5226,5241,5199.0,5225.0,5167.0,5185.0,5161.0,5096.0,5069.0,5066.0
256742930518989901,6157,6350,6502,6508,6504,6588,6484,6683.0,6726.0,6612.0,6576.0,6703.0,6782.0,6817.0,6941.0
256742930523892702,5528,5465,5422,5399,5371,5321,5279,5264.0,5218.0,5145.0,5095.0,5066.0,4999.0,4950.0,4948.0
256742930528824702,16417,16467,16533,16575,16611,16569,16626,16553.0,16555.0,16349.0,16203.0,16415.0,16415.0,16415.0,16415.0
256842928043839301,1160,1152,1184,1176,1193,1170,1158,1126.0,1114.0,1108.0,1073.0,1069.0,1071.0,1069.0,1070.0
257042928210580802,477,457,468,472,474,470,465,460.0,446.0,458.7142857142857,441.0,459.0,467.0,465.0,473.0
257042930459363701,5772,5722,5712,5616,5599,5499,5420,5226.0,5077.714285714285,5153.0,5123.0,5019.0,5056.0,4991.0,4976.0
257042930460144001,860,886,924,922,914,907,909,872.0,897.0,875.0,865.0,867.0,862.0,840.0,825.0
257442930527639402,8394,8290,8230,8137,8068,7981,7884,7602.0,7521.0,7432.0,7301.0,7464.0,7464.0,7464.0,7464.0
257542930531992402,2430,2469,2460,2436,2420,2404,2393,2364.0,2370.0,2331.0,2331.0,2261.0,2272.0,2252.0,2249.0
257642930474949601,178,173,175,166,166,160,159,150.0,151.0,147.0,146.0,144.0,145.0,137.0,133.0
257742930463712801,1696,1673,1680,1650,1617,1582,1604,1612.0,1618.0,1603.0,1590.0,1569.0,1544.0,1509.0,1521.0
257742930541837301,5870,5866,5913,5908,5902,5837,5827,5841.0,5876.0,5882.0,5864.0,5837.0,5854.0,5869.0,5871.0
257842930448633102,6852,6839,6817,6777,6735,6705,6673,6584.0,6510.0,6459.0,6396.0,6254.0,6243.0,6150.0,6101.0
257842930474322902,3606,3630,3696,3738,3781,3820,3795,3808.0,3875.0,3741.0,3739.0,3664.0,3643.0,3592.0,3565.0
257842930525994302,25043,25091,25085,25002,25091,25071,25139,25301.0,25224.0,25277.0,25218.0,24804.0,24723.0,24501.0,24576.0
257842930534388801,2497,2491,2459,2433,2438,2403,2360,2329.0,2286.0,2258.0,2210.0,2120.0,2115.0,2087.0,2076.0
258242930521159301,8139,8195,8199,8271,8271,8220,8218,8167.0,8060.0,8054.0,7995.0,7926.0,8024.0,7988.0,8030.571428571428
258242930532428802,2581,2630,2682,2705,2744,2712,2722,2701.0,2698.0,2698.0,2689.0,2709.0,2725.0,2713.0,2767.0
258342930457933401,1041,1043,1035,1034,1017,995,980,963.0,956.0,940.0,941.0,951.0,934.0,912.0,912.0
258542930477109202,32596,33256,33686,34175,34417,34683,34768,34823.0,34947.0,34856.0,34847.0,34826.0,34792.0,34687.0,34844.0
258542930528680001,2805,2827,2932,2953,3001,3043,3078,3054.0,3062.0,3102.0,3115.0,3212.0,3142.0,3164.0,3202.0
258642929800141202,1586,1530,1527,1505,1492,1498,1457,1379.0,1326.0,1312.0,1311.0,1288.0,1275.0,1276.0,1258.0
258742930449263202,595,597,615,660,707,702,679,669.0,673.0,678.0,671.0,671.0,666.0,656.0,649.0
258842930524132401,370,381,373,372,358,346,342,335.0,349.0,336.0,329.0,333.0,330.0,334.0,334.0
258942930455643301,26342,26353,26406,26394,26254,26080,25850,25368.0,25109.0,24931.0,24762.0,24678.0,24625.0,24416.0,24323.0
259142930428343602,9282,9353,9245,9263,9234,9271,9295,9274.0,9304.0,9263.0,9223.0,9068.0,9136.0,9136.0,9170.0
259242930521374202,1952,1958,1973,1965,1964,1929,1924,1894.0,1866.0,1847.0,1833.0,1820.0,1822.0,1811.0,1778.0
259242930526590001,142,140,132,133,127,114,121,120.0,122.0,122.0,113.0,114.0,115.0,113.0,112.0
259242930542989201,1525,1536,1520,1526,1530,1525,1530,1512.0,1526.0,1490.0,1476.0,1430.0,1432.0,1406.0,1430.0
259342927979570502,3864,3887,3893,3953,4036,4070,4068,3973.0,3972.0,4016.0,4026.0,4021.0,4042.0,4077.0,4124.0
259542930549929202,2124,2140,2151,2108,2112,2126,2127,2093.0,2093.0,2112.0,2116.0,2122.0,2120.0,2128.0,2169.0
259642929034814401,526,535,520,520,502,480,473,466.0,466.0,461.0,456.0,471.0,476.0,454.0,442.0
259642930546744502,1470,1480,1487,1483,1481,1487,1467,1443.0,1396.0,1372.0,1352.0,1284.0,1268.0,1232.0,1226.0
259742930544586602,4869,4754,4735,4684,4683,4639,4591,4484.0,4448.0,4420.0,4365.0,4307.0,4345.0,4302.0,4315.0
259942930526882402,3743,3777,3837,3857,3876,3861,3823,3725.0,3756.0,3741.0,3706.0,3640.0,3647.0,3616.0,3671.0
261142930455927801,3014,3007,3056,3054,3077,3054,3071,3056.0,3041.0,2999.0,2966.0,2945.0,2963.0,2981.0,2955.0
261142930526174002,15792,15976,16233,16428,16719,16830,16972,17016.0,17101.0,17152.0,17222.0,17367.0,17426.0,17425.0,17521.0
261242930519812601,2605,2639,2623,2593,2544,2511,2468,2396.0,2398.0,2371.0,2309.0,2293.0,2288.0,2284.0,2292.0
261342930550042501,18249,18251,18361,18425,18456,18570,18576,18538.0,18486.0,18396.0,18436.0,18374.0,18262.0,18293.0,18210.0
261442930531207501,752,740,760,746,773,761,735,710.0,706.0,689.0,706.0,724.0,724.0,723.0,709.0
261542929903230801,1218,1202,1191,1165,1130,1132,1115,1101.0,1075.0,1044.0,1014.0,993.0,980.0,952.0,1022.7142857142856
261542930527398002,1174,1168,1173,1162,1172,1181,1173,1160.0,1150.0,1146.0,1139.0,1137.0,1162.0,1150.0,1132.0
261642930534151601,865,847,816,815,836,824,822,795.0,783.0,783.0,781.0,760.0,772.0,762.0,754.0
261642930541661902,14853,14974,15007,14914,14993,15020,14925,15020.0,14965.0,14947.0,14896.0,14746.0,14661.0,14591.0,14630.0
261742928043880601,10312,10550,10772,10903,10992,11057,11002,10889.0,10914.0,10873.0,10899.0,10999.0,10993.0,10894.0,10869.0
262242930462873701,3823,3949,4021,4093,4146,4200,4278,4199.0,4200.0,4136.0,4130.0,4128.0,4156.0,4169.0,4151.0
262342930459644301,2027,2061,2054,2042,2073,2041,2034,1957.0,1935.0,1924.571428571429,1896.0,1906.0,1896.0,1928.0,1954.0
262342930541339301,3717,3720,3697,3714,3721,3696,3708,3626.0,3610.0,3602.0,3557.0,3466.0,3428.0,3422.0,3450.0
262442930520993002,1769,1779,1760,1738,1742,1754,1744,1702.0,1668.0,1675.0,1643.0,1575.0,1556.0,1529.0,1563.0
262542930537165501,1162,1159,1164,1172,1149,1155,1151,1139.0,1151.0,1150.0,1145.0,1142.0,1131.0,1128.0,1124.0
262842930541577902,232,245,239,234,243,249,250,249.0,251.0,243.0,241.0,250.0,251.0,243.0,228.0
263042930458424401,4385,4370,4370,4424,4471,4477,4479,4435.0,4412.0,4389.0,4344.0,4295.0,4305.0,4283.0,4294.0
263242930458255702,826,829,831,811,814,823,817,799.4285714285714,825.0,809.0,801.0,798.0,795.0,790.0,778.0
263442930466846301,465,456,427,412,404,384,380,367.0,352.0,352.0,350.0,343.0,329.0,309.0,291.0
263442930521798901,370,365,364,353,352,356,346,332.0,332.0,319.0,314.0,305.0,303.0,302.0,305.0
263542930524815602,1141,1120,1094,1087,1083,1063,1047,1018.0,998.0,970.0,942.0,937.0,933.0,916.0,917.0
263642930517146502,1456,1451,1425,1406,1383,1373,1355,1328.0,1318.0,1306.0,1276.0,1230.0,1195.0,1160.0,1166.0
263742930474811502,1263,1249,1222,1217,1195,1191,1196,1149.0,1126.0,1134.0,1114.0,1088.0,1077.0,1047.0,1037.0
263942930474844501,1962,1973,1954,1967,1990,2026,2025,2033.0,2123.0,2168.0,2166.0,2149.0,2203.0,2214.0,2208.0
264042930457452702,1785,1771,1774,1752,1761,1741,1702,1634.0,1652.0,1620.0,1604.0,1580.0,1582.0,1583.0,1578.0
264142928135731901,3227,3228,3274,3249,3219,3224,3234,3208.0,3209.0,3200.0,3200.0,3191.0,3202.0,3203.0,3192.0
264142929197899901,18984,18903,18979,18888,18753,18576,18473,17980.0,17690.0,17469.0,17178.0,17076.0,17124.0,16954.0,16882.0
264242930469660601,2553,2538,2503,2538,2518,2472,2466,2450.0,2491.0,2446.0,2396.0,2385.0,2396.0,2387.0,2353.0
264242930472909102,2449,2456,2451,2429,2413,2394,2385,2408.0,2411.0,2398.0,2396.0,2342.0,2342.0,2345.0,2338.0
264442930528585602,10590,10467,10302,10125,10113,10091,10049,9900.0,9922.0,9861.0,9837.0,9648.0,9497.0,9425.0,9365.0
264542929991113002,416,307,335,351,328,327,320,302.14285714285717,299.0,310.0,306.0,298.0,299.0,301.0,302.0
264642930550424401,2145,2129,2110,2120,2098,2096,2079,2020.0,1998.0,1913.0,1879.0,1839.0,1798.0,1802.0,1807.0
264642930550565001,454,452,454,449,446,434,409,401.0,408.0,393.0,393.0,384.0,386.0,380.0,376.0
264742928243059901,5866,5925,5966,5839,5794,5747,5598,5504.0,5526.0,5513.0,5431.0,5375.0,5365.0,5321.0,5326.0
264742929373243501,2427,2405,2381,2344,2305,2262,2240,2185.0,2177.0,2151.0,2122.0,2044.0,2043.0,2017.0,1982.0
264742930458813402,1683,1763,1754,1818,1818,1820,1794,1735.0,1733.0,1710.0,1687.0,1712.0,1726.0,1702.0,1690.0
264842930468130001,1081,1072,1086,1071,1069,1062,1055,1033.0,1021.0,998.0,979.0,971.0,964.0,954.0,958.0
264842930471898001,1051,1038,1025,1028,1004,1022,1030,1012.0,999.0,993.0,979.0,962.0,967.0,964.0,960.0
264942930461356002,37386,37497,37601,37723,37600,37636,37682,37615.0,37495.0,37425.0,37226.0,35908.0,36048.0,35874.0,35996.0
265142930474007702,13009,13054,13156,13069,13154,13045,12966,12845.0,12870.0,12890.0,12950.0,12795.0,12761.0,12652.0,12681.0
265342930525067001,7323,7392,7441,7464,7514,7499,7536,7359.0,7405.0,7436.0,7375.0,7334.0,7311.0,7283.0,7263.0
265342930543016301,4616,4626,4593,4570,4532,4477,4473,4334.0,4322.0,4222.285714285715,4211.0,4192.0,4179.0,4151.0,4167.0
265842929476646701,8069,8179,8243,8254,8352,8455,8507,8500.0,8553.0,8644.0,8578.0,8798.0,8770.0,8727.0,8750.0
265842930534545802,2862,2884,2811,2814,2796,2797,2764,2745.0,2728.0,2702.285714285714,2705.0,2684.0,2698.0,2674.0,2682.0
265842930543162202,8832,8955,8967,8980,9153,9213,9262,9385.0,9403.0,9534.0,9421.0,9481.0,9555.0,9693.0,9800.0
266042930454985302,3658,3697,3728,3714,3749,3744,3717,3698.0,3672.0,3685.0,3662.0,3640.0,3596.0,3603.0,3576.0
266042930524204401,2661,2717,2618,2513,2564,2555,2576,2638.0,2624.0,2678.0,2683.0,2659.0,2621.0,2610.0,2597.0
266042930541519002,1563,1587,1639,1676,1705,1706,1713,1715.0,1701.0,1734.0,1758.0,1821.0,1811.0,1767.0,1771.0
266142928265489802,2060,2066,2072,2092,2096,2112,2081,2098.0,2083.0,2029.142857142857,2072.0,2016.0,2000.0,1968.0,1967.0
266442930454746502,602,611,607,602,600,593,591,594.0,579.0,565.0,568.0,562.0,552.0,541.0,535.0
266442930476981601,32438,32508,32407,32424,32177,31993,31772,31179.0,31154.0,30728.0,30633.0,30276.0,30302.0,30143.0,29908.0
266542930469002501,186,177,172,172,168,169,171,161.0,149.0,143.0,142.0,129.0,141.0,130.0,126.0
266642930455716702,477,481,458,453,440,433,438,432.0,428.0,428.0,439.0,433.0,449.0,424.0,418.0
266742930526545901,6744,6727,6837,6925,7024,7047,7082,7086.0,7143.0,7168.0,7204.0,7361.0,7445.0,7519.0,7667.0
266942930451361702,2232,2241,2265,2254,2238,2236,2230,2200.0,2199.0,2166.0,2121.0,2081.0,2076.0,2068.0,2083.0
266942930458448002,2076,2054,2039,2051,2065,2093,2080,1999.0,1981.0,1895.142857142857,1912.0,1856.0,1838.0,1835.0,1845.0
266942930546957102,12870,12877,12786,12770,12742,12689,12634,12439.0,12367.0,12268.0,12143.0,11812.0,11929.0,11814.0,12110.285714285714
267042930522688401,606,602,610,598,653,646,642,690.0,650.0,655.7142857142857,654.0,663.0,656.0,628.0,649.0
267042930528033102,709,700,708,683,674,667,656,628.0,620.0,599.0,591.0,571.0,560.0,551.0,541.0
267142930451551001,13332,13417,13460,13531,13530,13483,13462,13308.0,13338.0,13186.0,13053.0,13005.0,13020.0,12955.0,13007.0
267142930480320402,4235,4271,4285,4302,4323,4357,4390,4315.0,4272.0,4235.0,4185.0,4220.0,4191.0,4233.0,4277.0
267342929197690602,54,54,48,47,45,41,38,39.0,40.0,40.0,42.0,41.0,40.0,42.0,41.0
267342930470650002,2463,2500,2520,2552,2526,2549,2512,2470.0,2473.0,2417.0,2424.0,2365.0,2416.0,2402.0,2434.0
267342930528504901,2033,2053,2097,2091,2127,2088,2018,1966.0,1943.0,1907.0,1916.0,1897.0,1927.0,1914.0,1889.0
267442930449858502,3357,3406,3432,3491,3462,3438,3440,3388.0,3393.0,3400.0,3364.0,3335.0,3319.0,3282.0,3273.0
267442930519167501,207,208,202,203,206,207,196,193.0,188.0,187.0,187.0,172.0,168.0,157.0,155.0
267542930528558402,1521,1513,1511,1504,1505,1499,1493,1475.0,1460.0,1444.0,1415.0,1402.0,1404.0,1380.0,1375.0
267542930536388401,4512,4539,4582,4684,4708,4760,4802,4847.0,4873.0,4846.0,4925.0,5044.0,5056.0,5086.0,5106.0
267642929269363301,3302,3303,3295,3275,3264,3273,3275,3271.0,3271.0,3220.0,3214.0,3181.0,3197.0,3265.0,3337.0
267742930530602901,4066,4088,4139,4171,4124,4120,4188,4151.0,4193.0,4153.0,4186.0,4156.0,4080.0,4129.0,4056.0
268042930458333202,2448,2436,2462,2468,2491,2476,2457,2458.0,2463.0,2410.0,2383.0,2380.0,2358.0,2346.0,2367.0
268142930316798501,6167,6179,6212,6406,6399,6320,6283,6163.0,6170.0,6173.0,6237.0,6215.0,6244.0,6280.0,6246.0
268242930476680702,2073,2168,2190,2240,2295,2328,2309,2288.0,2272.0,2253.1428571428573,2252.0,2241.0,2234.0,2239.0,2246.0
268642930459538102,4441,4541,4616,4648,4663,4632,4637,4608.0,4676.0,4697.0,4704.0,4735.0,4704.0,4671.0,4672.0
268742930518171302,771,771,765,757,759,767,774,755.0,753.0,771.0,757.0,764.0,762.0,760.0,751.0
268842930465034701,8580,8625,8691,8769,8955,8979,8912,9027.0,9078.0,9095.0,9151.0,9034.0,9010.0,8944.0,8956.0
268842930547504902,1160,1142,1130,1096,1060,1045,1023,984.0,960.0,936.0,919.0,894.0,915.0,910.0,890.0
268942930468831801,6753,6782,6803,6949,7049,7163,7217,7224.0,7316.0,7368.0,7400.0,7415.0,7418.0,7398.0,7429.0
269142930517279701,3792,3848,3806,3809,3813,3759,3795,3769.0,3795.0,3786.0,3794.0,3723.0,3711.0,3666.0,3657.0
269542930465015202,944,952,968,988,987,995,978,972.0,968.0,950.0,962.0,950.0,948.0,941.0,921.0
269642930464550602,3307,3281,3237,3182,3149,3123,3103,3039.0,3033.0,2980.0,2950.0,2814.0,2796.0,2757.0,2709.0
269742930448412001,7799,7921,8064,8276,8386,8398,8392,8518.0,8461.0,8507.0,8549.0,8715.0,8789.0,8861.0,8935.0
269742930461248501,21696,21977,22095,22333,22707,22867,23091,23128.0,22997.0,23060.0,23135.0,22276.0,22331.0,22182.0,22364.0
269942928130694402,3893,3895,3976,4015,4037,4049,4036,4035.0,3994.0,4004.0,3990.0,3956.0,4007.0,4000.0,3986.0
269942929155481702,27598,27364,27279,27300,26891,26703,26430,25830.0,25542.0,25444.0,25419.0,25031.0,25156.0,25185.0,25292.0
269942930526785002,27347,27344,27286,27231,27185,27054,27052,26806.0,26682.0,26355.0,26262.0,26245.0,26209.0,26112.0,26042.0
269942930526875602,1274,1247,1225,1198,1180,1142,1128,1077.0,1066.0,1051.0,1031.0,1003.0,976.0,942.0,936.0
269942930529106301,1742,1706,1699,1691,1714,1674,1655,1577.0,1577.0,1548.0,1521.0,1505.0,1470.0,1449.0,1449.0
271142930462946402,2439,2575,2598,2611,2628,2643,2638,2650.0,2701.0,2697.0,2652.0,2647.0,2671.0,2676.0,2665.0
271242928684109501,977,974,964,964,963,950,929,913.0,930.0,914.0,905.0,900.0,892.0,870.0,892.0
271442930543173501,3014,3009,2983,2957,2916,2917,2867,2778.0,2717.0,2696.0,2649.0,2545.0,2517.0,2479.0,2468.0
271442930548182901,564,564,568,553,558,554,559,544.0,525.0,514.0,508.0,506.0,492.0,489.0,477.0
271542928099579202,13464,13519,13592,13568,13506,13437,13375,13379.0,13428.0,13650.0,13735.0,13675.0,13598.0,13706.0,13952.0
271542930519868601,2136,2116,2088,2082,2029,1957,1930,1734.428571428571,1847.0,1836.0,1819.0,1685.0,1671.0,1635.0,1648.0
271642930459031202,6791,6815,6864,6896,6904,6925,6901,6889.0,6889.0,6832.0,6781.0,6813.0,6854.0,6885.0,6841.0
271642930462452902,294,284,287,281,281,267,266,257.0,254.0,253.0,247.0,262.0,246.0,242.0,245.0
271742930475173801,6510,6689,6692,6702,6789,6856,6809,6851.0,6923.0,7033.0,6974.0,6933.0,7006.0,7008.0,7092.0
271742930508828202,4122,4082,3966,3964,3927,3852,3786,3696.0,3638.0,3561.0,3473.0,3364.0,3325.0,3300.0,3249.0
271942930459908702,2790,2776,2822,2812,2774,2752,2734,2687.0,2695.0,2655.0,2618.0,2532.0,2558.0,2556.0,2529.0
272042930519339402,12889,12851,12858,12730,12652,12563,12414,12189.0,12106.0,12111.0,11972.0,11470.0,11368.0,11165.0,11147.0
272042930529516901,12795,12729,12676,12611,12546,12537,12415,12279.0,12126.0,12039.0,11820.0,11518.0,11448.0,11289.0,11144.0
272242928845210701,948,944,938,944,943,945,943,903.0,887.0,874.0,860.0,821.0,809.0,808.0,796.0
272242930476204301,28840,29140,29319,29263,29128,29118,29041,28835.0,28827.0,28780.0,28763.0,28781.0,28576.0,28209.0,28191.0
272342930526128902,4594,4628,4666,4696,4725,4727,4723,4615.0,4563.0,4570.0,4539.0,4514.0,4511.0,4502.0,4481.0
272442930461241502,9815,10128,10398,10610,10551,10468,10403,10209.0,10104.0,10120.0,10112.0,10279.0,10505.0,10221.5,10221.5
272842930460178202,12305,12318,12389,12341,12249,12175,12126,12026.0,11920.0,11866.0,11748.0,11733.0,11720.0,11655.0,11652.0
272842930531914801,1096,1111,1107,1093,1103,1103,1115,1123.0,1097.0,1107.0,1108.0,1094.0,1087.0,1102.0,1106.0
272942930522697701,2352,2319,2286,2242,2211,2175,2122,2055.0,2035.0,1999.0,1937.0,1853.0,1826.0,1805.0,1783.0
273042930515730901,3793,3887,3913,3926,3986,4001,4051,4022.0,4027.0,4017.0,4011.0,4057.0,4069.0,4055.0,4084.0
273042930524748101,8941,9017,9068,9138,9190,9178,9134,8973.0,9021.0,9097.0,9074.0,9012.0,8901.0,8862.0,8843.0
273142930470689702,6468,6563,6664,6704,6866,6918,6829,6912.0,6887.0,6902.0,6848.0,6830.0,6783.0,6770.0,6807.0
273142930533768001,1494,1476,1471,1457,1439,1444,1439,1398.0,1375.0,1364.0,1348.0,1294.0,1303.0,1275.0,1262.0
273442930546731802,4602,4733,4749,4882,5025,5038,5070,5117.0,5132.0,5106.0,5186.0,5297.0,5374.0,5373.0,5379.0
273542929989589602,2537,2590,2568,2550,2564,2586,2536,2571.0,2530.0,2519.0,2518.0,2490.0,2509.0,2507.0,2484.0
273542930453669902,1104,1117,1098,1124,1106,1089,1121,1087.0,1105.0,1113.0,1116.0,1124.0,1148.0,1172.0,1165.0
273542930542605502,784,790,778,773,771,790,802,789.0,787.0,795.0,791.0,816.0,816.0,827.0,830.0
273642930508767101,3002,3025,3007,3038,3048,3054,3042,3050.0,3052.0,3083.0,3051.0,3032.0,3072.0,3059.0,3018.0
273642930533961901,2460,2475,2495,2480,2506,2531,2522,2470.0,2457.0,2415.0,2407.0,2407.0,2397.0,2407.0,2413.0
273742930475146401,1393,1367,1377,1386,1380,1362,1370,1294.0,1280.0,1253.0,1244.0,1211.0,1202.0,1201.0,1234.0
273842930518582102,4002,3983,4023,4031,4005,3967,3921,3829.0,3818.0,3769.0,3741.0,3679.0,3637.0,3591.0,3595.0
274042928043842102,8299,8410,8544,8608,8669,8706,8618,8471.0,8510.0,8473.0,8452.0,8369.0,8375.0,8369.0,8381.0
274042930533205801,10618,10900,11205,11294,11649,11599,11741,11803.0,11869.0,11886.0,11802.0,11844.0,11899.0,11852.0,11824.0
274142930469864701,711,700,685,677,681,673,666,646.0,640.0,648.0,635.0,629.0,629.0,613.0,602.0
274242930457202402,10098,10075,10127,10112,10113,10036,9965,9829.0,9760.0,9652.0,9597.0,9224.0,9247.0,9241.0,9240.0
274242930457849201,3082,3084,3097,3169,3222,3227,3303,3346.0,3409.0,3420.0,3436.0,3448.0,3387.0,3409.0,3431.0
274242930545682101,8291,8367,8384,8449,8543,8519,8474,8459.0,8432.0,8401.0,8415.0,8303.0,8421.0,8405.166666666666,8405.166666666666
274342930547205401,1174,1189,1210,1194,1197,1193,1201,1173.0,1162.0,1147.0,1107.0,1057.0,1058.0,1031.0,1023.0
274542930448087501,900,873,882,879,900,900,884,882.0,902.0,891.0,880.0,878.0,883.0,880.0,863.0
274642930509549001,13512,13637,13666,13687,13776,13727,13739,13619.0,13511.0,13391.0,13262.0,13271.0,13231.0,13139.0,13033.0
274742930507794401,14519,14656,14767,14969,15025,15180,15192,15127.0,15133.0,15390.285714285714,15244.0,15482.0,15505.0,15547.0,15694.0
274942930473043401,9899,9980,10033,10128,10181,10237,10233,10416.0,10411.0,10471.0,10492.0,10426.0,10476.0,10481.0,10542.0
275042928135390702,28676,28623,28824,28928,28815,28883,29017,28689.0,28393.0,27868.0,27784.0,28160.0,28124.0,27790.0,28115.428571428572
275042930517825101,1724,1693,1672,1636,1591,1572,1533,1466.0,1443.0,1421.0,1378.0,1279.0,1227.0,1183.0,1141.0
275242929861334501,3255,3108,3128,3000,2980,2944,2905,2855.0,2840.0,2828.0,2789.0,2626.0,2527.0,2506.0,2476.0
275242930464028901,394,386,385,394,378,356,363,377.0,370.0,352.0,336.0,328.0,313.0,301.0,302.0
275442929613423202,1404,1379,1330,1323,1301,1286,1264,1232.0,1215.0,1185.0,1157.0,1144.0,1120.0,1088.0,1059.0
275442930464639801,688,687,666,673,664,653,655,678.0,679.0,677.0,675.0,670.0,667.0,655.0,650.0
275442930527084202,10045,10088,10136,10083,10078,10125,10083,10005.0,9937.0,9913.0,9896.0,9729.0,9622.0,9634.0,9684.0
275542930545852601,326,325,313,300,306,308,318,303.0,300.0,296.0,296.0,282.0,276.0,274.0,270.0
275742930548107602,4610,4712,4717,4722,4757,4746,4764,4669.0,4638.0,4630.0,4584.0,4537.0,4575.0,4624.0,4594.0
275842928021779401,4206,4212,4262,4277,4324,4352,4340,4372.0,4308.0,4321.0,4344.0,4293.0,4250.0,4264.0,4276.0
275842930519335401,2425,2401,2414,2340,2322,2328,2351,2345.0,2308.0,2327.0,2298.0,2294.0,2266.0,2261.0,2271.0
275942930479575502,1161,1146,1141,1142,1136,1147,1127,1104.0,1124.0,1122.0,1098.0,1081.0,1082.0,1064.0,1084.0
276042930464092201,7325,7363,7409,7433,7517,7516,7550,7645.0,7644.0,7686.0,7691.0,7640.0,7666.0,7711.0,7742.0
276242930472097402,3904,3889,3915,3837,3832,3841,3788,3763.0,3719.0,3705.0,3694.0,3646.0,3633.0,3559.0,3586.0
276642928042242301,812,812,805,796,786,769,777,759.0,739.0,692.5714285714286,686.0,678.0,667.0,664.0,655.0
276642929649295001,4138,4176,4250,4309,4345,4363,4316,4272.0,4268.0,4271.0,4270.0,4300.0,4291.0,4290.0,4306.0
276742930527201601,4410,4445,4377,4362,4373,4397,4347,4286.0,4257.0,4218.0,4156.0,4061.0,4042.0,4072.0,4146.0
276842929104948101,18312,18587,18637,18793,18828,19015,19061,19157.0,19234.0,19009.0,18982.0,18946.0,18857.0,18937.0,18953.0
276842930525970802,1056,1033,1037,1043,1049,1022,1016,1016.7142857142856,1072.0,1056.0,1038.0,971.0,989.0,995.0,996.0
276842930549490302,612,622,620,610,583,569,558,547.0,583.0,559.0,529.0,522.0,528.0,519.0,536.0
277242930457175502,1803,1756,1758,1771,1764,1795,1770,1780.0,1783.0,1808.0,1790.0,1687.0,1658.0,1619.0,1617.0
277242930516254902,2686,2688,2635,2615,2565,2503,2438,2372.0,2320.0,2277.0,2239.0,2213.0,2209.0,2167.0,2148.0
277442930454145502,16476,16528,16582,16572,16654,16650,16533,16439.0,16344.0,16426.0,16398.0,16367.0,16358.0,16298.0,16310.0
277542930456323102,1656,1671,1683,1672,1670,1668,1660,1621.0,1550.428571428571,1588.0,1564.0,1542.0,1525.0,1513.0,1500.0
277542930473742702,1542,1572,1563,1524,1488,1466,1513,1444.0,1428.0,1427.0,1412.0,1356.0,1405.0,1367.0,1380.0
277542930531233702,657,674,679,680,649,670,664,680.0,669.0,676.0,684.0,681.0,700.0,688.0,696.0
277642929969542602,85917,86599,87061,87666,88287,88386,88496,87738.0,88742.0,88466.0,88734.0,89378.0,89078.0,88798.0,89136.0
277742930525180201,6983,6930,6878,6833,6783,6730,6668,6495.0,6444.0,6325.0,6204.0,6115.0,6027.0,5934.0,5892.0
277742930547603701,1974,1967,1961,2022,2010,2038,2070,2075.0,2125.0,2120.0,2181.0,2170.0,2183.0,2224.0,2258.0
277842930518285201,3488,3472,3472,3493,3450,3446,3430,3398.0,3375.0,3334.0,3264.0,3253.0,3233.0,3194.0,3172.0
278042930509677102,390,378,388,377,366,354,346,336.0,314.0,307.0,323.0,318.0,303.0,312.0,309.0
278242930455278201,1408,1371,1353,1351,1342,1341,1331,1296.0,1271.0,1261.0,1247.0,1236.0,1244.0,1243.0,1221.0
278342928932688301,300,309,311,302,296,297,289,285.0,268.0,269.0,267.0,267.0,268.0,266.0,274.0
278442930473949402,661,648,639,640,626,616,608,613.0,616.0,614.0,615.0,627.0,614.0,591.0,587.0
278642930515756102,25508,25547,25711,25519,25802,25846,25748,25426.0,25411.0,25375.0,25322.0,25124.0,25094.0,25280.0,25603.0
278742930460003702,3887,3852,3786,3810,3853,3871,3881,3948.0,3948.0,3909.0,3956.0,3968.0,4010.0,4005.0,3975.0
278842930477822401,2841,2850,2872,2952,3000,3007,3035,3049.0,3055.0,3026.0,3022.0,3005.0,3034.0,3051.0,3027.0
278842930516981202,547,514,471,453,429,414,397,383.0,363.0,346.0,339.0,323.0,314.0,302.0,291.0
278842930524592002,998,1005,984,1021,997,996,1005,968.0,961.0,954.0,921.0,906.0,879.0,876.0,872.0
278942930525158501,4227,4247,4252,4253,4234,4228,4178,4100.0,4047.0,4005.0,3967.0,3913.0,3916.0,3880.0,3857.0
279142928086601001,8613,8594,8577,8674,8675,8662,8413,8472.0,8423.0,8429.0,8489.0,8415.0,8385.0,8484.0,8627.0
279442930473480502,2478,2457,2479,2497,2538,2541,2470,2435.0,2426.0,2402.0,2405.0,2336.0,2348.0,2327.0,2346.0
279642930453807602,1578,1576,1583,1547,1536,1531,1525,1496.0,1495.0,1452.0,1430.0,1399.0,1403.0,1382.0,1354.0
279642930541353202,875,852,849,825,805,783,758,724.0,712.0,694.0,677.0,670.0,672.0,657.0,655.0
279742930525071701,2468,2434,2427,2410,2399,2348,2313,2293.0,2266.0,2241.0,2122.0,1974.0,1965.0,1916.0,2111.0
279942930518740602,549,535,529,519,519,522,514,498.0,500.0,498.0,493.0,469.0,447.0,452.0,434.0
281142929642567301,11197,11369,11451,11521,11607,11656,11582,11601.0,11660.0,11685.0,11719.0,11786.0,11739.0,11779.0,11837.0
281142930529025802,14847,14955,15030,14992,15111,15136,15111,15005.0,15056.0,15115.0,15242.0,15077.0,15097.0,15187.0,15231.0
281342929684635902,706,703,684,666,637,630,608,567.0,581.0,588.0,574.0,552.0,535.0,517.0,518.0
281342930453948401,11075,11295,11480,11634,11780,12029,12145,12222.0,12326.0,12422.0,12398.0,12470.0,12519.0,12635.0,12697.0
281342930534319302,2688,2685,2669,2667,2664,2631,2624,2310.0,2310.0,2423.0,2358.0,2320.0,2293.0,2251.0,2215.0
281842930455480101,1736,1765,1780,1819,1831,1828,1834,1905.0,1912.0,1924.0,1953.0,1948.0,1927.0,1946.0,1964.0
281842930478686702,11682,11674,11568,11545,11440,11379,11303,11155.0,11056.0,10967.0,10854.0,10767.0,10756.0,10645.0,10570.0
281942930477643701,19242,19369,19773,20134,20301,20530,20708,20844.0,20808.0,20971.0,21062.0,21453.0,21460.0,21474.0,21635.0
282042930457742102,3794,3808,3830,3839,3856,3880,3881,3910.0,3893.0,3887.0,3883.0,3839.0,3855.0,3867.0,3857.0
282142930550607302,19985,20170,20419,20418,20412,20359,20227,19709.0,19281.0,19045.0,18772.0,18498.0,18142.0,17872.0,17760.0
282342930530675901,10241,10339,10436,10437,10514,10761,10817,10935.0,11038.0,11119.0,11227.0,11451.0,11477.0,11606.0,11774.0
282442930450635301,3086,3096,3132,3147,3161,3187,3181,3230.0,3210.0,3230.0,3228.0,3223.0,3235.0,3254.0,3302.0
282442930508133501,8722,8749,8719,8723,8720,8755,8732,8673.0,8599.0,8634.0,8580.0,8439.0,8381.0,8352.0,8380.0
282542930524809801,6298,6285,6234,6250,6271,6279,6263,6071.0,5990.0,5923.0,5847.0,5733.0,5732.0,5690.0,5658.0
282642930469586102,1780,1757,1725,1712,1697,1671,1660,1611.0,1596.0,1602.0,1570.0,1529.0,1523.0,1490.0,1486.0
283142930479193502,4943,4905,4965,4994,4920,4914,4889,4844.0,4770.0,4746.0,4734.0,4685.0,4638.0,4629.0,4617.0
283242930527502002,3377,3376,3357,3408,3493,3456,3426,3371.0,3358.0,3364.0,3351.0,3322.0,3279.0,3256.0,3269.0
283342928005313202,566,576,553,549,533,525,511,511.0,491.0,473.0,467.0,473.0,467.0,452.0,436.0
283342930528881501,82,82,79,81,85,85,90,100.0,96.0,100.0,94.0,91.0,91.0,90.0,91.0
283442930458935102,6637,6812,6992,7070,7211,7318,7436,7616.0,7672.0,7677.0,7701.0,7665.0,7645.0,7613.0,7642.0
283442930510207402,134,134,138,139,140,153,145,140.0,133.0,107.0,107.0,100.0,102.0,106.0,103.0
283542930519666102,323,338,323,329,322,313,308,298.0,298.0,290.0,286.0,292.0,298.0,300.0,298.0
283642928757851802,15908,15849,15933,15978,16033,16061,16051,16036.0,15922.0,15776.0,15851.0,15461.0,15580.0,15354.0,15381.0
283742930536990002,1078,1062,1035,1050,1024,998,976,1009.0,1018.0,989.0,976.0,965.0,925.0,879.0,884.0
283742930550168602,1660,1688,1693,1689,1725,1743,1745,1786.0,1779.0,1769.0,1784.0,1755.0,1765.0,1750.0,1735.0
283842930477529801,8770,8834,8826,8842,8819,8855,8810,8849.0,8937.0,8893.0,8852.0,8792.0,8795.0,8717.0,8785.0
283842930509256702,1614,1609,1596,1571,1548,1555,1535,1466.0,1448.0,1391.0,1369.0,1329.0,1317.0,1306.0,1266.0
283842930519159102,1416,1437,1420,1414,1390,1371,1347,1306.0,1271.0,1222.571428571429,1232.0,1214.0,1195.0,1176.0,1164.0
283842930532141702,540,524,525,525,511,505,505,499.0,504.0,499.0,495.0,477.0,467.0,465.0,455.0
284042930450482202,2453,2443,2454,2450,2432,2390,2374,2394.0,2272.0,2272.0,2281.0,2275.0,2260.0,2220.0,2202.0
284142927921591502,3783,3769,3729,3729,3680,3679,3659,3616.0,3588.0,3577.0,3549.0,3469.0,3480.0,3428.0,3401.0
284142930469310702,311,305,317,320,327,329,327,306.0,295.0,290.0,280.0,281.0,281.0,276.0,278.0
284142930517593401,12420,12389,12417,12318,12227,12177,12095,11856.0,11740.0,11589.0,11508.0,11161.0,11134.0,10990.0,10851.0
284142930545369602,4591,4727,4760,4815,4917,4866,4889,4827.0,4783.0,4756.0,4785.0,4792.0,4835.0,4854.0,4910.0
284242930457062102,1427,1439,1493,1526,1588,1592,1616,1661.0,1649.0,1641.0,1664.0,1652.0,1661.0,1699.0,1710.0
284242930542269101,2723,2714,2678,2620,2552,2514,2492,2441.0,2391.0,2356.0,2335.0,2301.0,2290.0,2267.0,2271.0
284342929118646901,1683,1752,1764,1773,1780,1779,1782,1764.0,1764.0,1804.0,1817.0,1760.0,1771.0,1768.0,1791.0
284342930542910402,2180,2211,2254,2264,2266,2280,2295,2310.0,2321.0,2308.0,2325.0,2323.0,2339.0,2320.0,2313.0
284542930289309602,1689,1648,1624,1625,1629,1614,1613,1547.0,1530.0,1510.0,1495.0,1455.0,1450.0,1429.0,1416.0
284642930462574802,680,687,711,707,705,705,682,713.0,698.0,684.0,672.0,689.0,685.0,700.0,699.0
284842929331811301,3978,3958,3947,3926,3898,3890,3846,3791.0,3798.0,3811.0,3801.0,3649.0,3577.0,3549.0,3557.0
284942930474896701,3218,3262,3315,3350,3383,3408,3447,3457.0,3431.0,3440.0,3475.0,3486.0,3492.0,3508.0,3478.0
284942930526933301,26605,26705,26807,26518,26517,26360,26385,26100.0,25944.0,25756.0,25593.0,25173.0,25082.0,24920.0,24836.0
285042930530335901,2645,2605,2582,2540,2534,2490,2441,2399.0,2368.0,2365.0,2355.0,2290.0,2289.0,2273.0,2252.0
285242929529038501,2089,2114,2112,2059,2046,2072,2062,2037.0,2003.0,2013.0,2026.0,1995.0,2008.0,1998.0,1997.0
285342930477471501,636,617,624,624,613,592,589,588.0,599.0,599.0,591.0,590.0,598.0,612.0,620.0
285342930477479902,814,797,796,787,775,771,764,760.0,748.0,756.0,733.0,738.0,726.0,714.0,697.0
285642929025477601,891,883,868,858,876,856,836,804.0,803.0,797.0,784.0,780.0,750.0,748.0,746.0
285642930536209902,1455,1465,1478,1437,1432,1413,1391,1389.857142857143,1412.0,1396.0,1389.0,1382.0,1377.0,1387.0,1386.0
285842930543680701,3695,3704,3729,3730,3758,3794,3757,3673.0,3642.0,3634.0,3645.0,3620.0,3637.0,3635.0,3678.0
285942930466952001,16889,17301,17605,18019,18327,18618,18781,18670.0,18785.0,18900.0,18966.0,19189.0,19198.0,19277.0,19477.0
286042930529533502,4172,4180,4266,4298,4278,4329,4350,4415.0,4421.0,4440.0,4455.0,4440.0,4484.0,4492.0,4512.0
286142930461326201,9144,9252,9350,9402,9402,9507,9528,9521.0,9537.0,9528.0,9440.0,9282.0,9383.0,9324.0,9397.0
286242930509415601,2033,2034,2028,2027,2009,2001,1993,1963.0,1903.0,1901.0,1892.0,1823.0,1796.0,1779.0,1760.0
286342927982837101,4451,4558,4536,4604,4594,4679,4619,4667.0,4690.0,4737.0,4760.0,4730.0,4811.0,4828.0,4906.0
286342930526716102,2381,2403,2444,2481,2525,2534,2568,2562.0,2565.0,2604.0,2575.0,2570.0,2553.0,2576.0,2587.0
286542930471697302,3285,3357,3412,3393,3378,3409,3388,3381.0,3403.0,3324.0,3348.0,3320.0,3284.0,3275.0,3293.0
286542930524444701,7265,7290,7228,7143,7142,7048,7017,6942.0,6955.0,6902.0,6927.0,6789.0,6769.0,6695.0,6801.0
286742930519788302,40087,40239,40362,40458,40082,39926,39772,39416.0,39343.0,39061.0,38948.0,38740.0,38523.0,38335.0,38285.0
286742930533445401,690,707,688,661,663,647,636,609.0,605.0,592.0,586.0,570.0,565.0,568.0,577.0
286942928570832201,1792,1832,1832,1847,1830,1836,1829,1805.0,1773.0,1745.0,1742.0,1692.0,1698.0,1704.0,1705.0
286942928684064701,4126,4064,3997,3975,3933,3964,3905,3852.0,3822.0,3880.0,3882.0,3805.0,3782.0,3766.0,3786.0
287142930538503402,6465,6650,6895,7036,7144,7248,7327,7512.0,7589.0,7576.0,7580.0,7543.0,7579.0,7615.0,7703.0
287142930546935102,16805,16762,16716,16638,16556,16666,16567,16268.0,16223.0,16127.0,15974.0,16208.0,16091.0,16148.0,16238.0
287242930472712401,1851,1860,1893,1867,1859,1891,1894,1919.0,1902.0,1867.0,1851.0,1829.0,1819.0,1793.0,1823.0
287242930478058801,2986,2990,3029,3112,3149,3198,3231,3298.0,3330.0,3332.0,3328.0,3315.0,3344.0,3394.0,3473.0
287442929424281301,50000,50425,50833,51020,51837,52606,53092,53600.0,53951.0,54015.0,54207.0,52787.0,52452.0,52811.0,53257.0
287542930449605602,1054,1066,1081,1087,1111,1112,1107,1119.0,1110.0,1119.0,1124.0,1103.0,1105.0,1132.0,1151.0
287542930471836801,590,585,587,598,594,609,577,560.0,559.0,560.0,553.0,555.0,556.0,552.0,546.0
287842930464915402,6955,7006,7120,7193,7223,7180,7211,7223.0,7202.0,7297.0,7357.0,7289.0,7257.0,7316.0,7346.0
287942929309212902,1195,1200,1199,1194,1205,1178,1165,1175.0,1195.0,1181.0,1165.0,1177.0,1171.0,1184.0,1177.0
287942930465536202,115285,116588,116892,117223,117357,117947,117871,117874.0,117876.0,118360.0,118292.0,117407.0,116558.0,116440.0,117210.0
288042930543019902,3200,3192,3147,3154,3134,3124,3128,3110.0,3113.0,3101.0,3073.0,3045.0,3053.0,3062.0,3095.0
288042930543246201,1858,1857,1844,1848,1823,1814,1813,1772.1666666666667,1811.0,1772.1666666666667,1802.0,1749.0,1766.0,1754.0,1751.0
288242930469467601,2623,2617,2641,2652,2651,2671,2638,2624.0,2628.0,2643.0,2599.0,2736.0,2592.0,2602.0,2594.0
288242930547391702,5056,5071,5082,5087,5122,5061,5040,4948.0,4915.0,4857.0,4799.0,4641.0,4634.0,4643.0,4657.0
288442930541622001,3898,3881,3843,3834,3849,3828,3771,3670.0,3676.0,3700.0,3703.0,3699.0,3751.0,3804.0,3850.0
288742930522472501,5744,5704,5635,5577,5509,5471,5412,5356.0,5316.0,5275.0,5169.0,4999.0,4960.0,4931.0,4925.0
288842930452286102,6326,6355,6402,6441,6357,6379,6405,6297.0,6321.0,6331.0,6333.0,6230.0,6271.0,6292.0,6280.0
288842930460077201,1513,1512,1511,1475,1428,1398,1385,1310.0,1302.0,1266.0,1217.0,1184.0,1182.0,1152.0,1168.0
288842930547629101,5828,5806,5747,5664,5594,5523,5421,5244.0,5150.0,5069.0,4971.0,4890.0,4857.0,4761.0,4703.0
288842930549622001,13149,13224,13410,13565,13614,13596,13559,13502.0,13540.0,13540.0,13590.0,13196.0,13130.0,13136.0,13263.0
288942930516013801,30407,31077,31864,31714,32189,32391,32521,32410.0,32769.0,32973.0,32983.0,32908.0,33061.0,33054.0,33418.0
289042930527326901,5859,5889,5921,5989,6043,6136,6167,6309.0,6359.0,6443.0,6494.0,6542.0,6555.0,6704.0,6764.0
289042930547054202,8220,8309,8497,8683,8805,8783,8793,8874.0,8885.0,9022.0,9160.0,9151.0,9150.0,9150.0,9176.0
289142930458890701,4588,4552,4511,4474,4481,4440,4392,4333.0,4305.0,4219.0,4207.0,4157.0,4154.0,4155.0,4161.0
289342930451844602,7193,7331,7427,7519,7602,7654,7674,7585.0,7600.0,7596.0,7617.0,7590.0,7571.0,7600.0,7665.0
289442930462773001,4863,4805,4843,4871,4883,4844,4761,4699.0,4675.0,4666.0,4662.0,4673.0,4672.0,4684.0,4726.0
289542930473308102,14678,14712,14741,14683,14665,14649,14594,14502.0,14558.0,14526.0,14492.0,14702.0,14661.0,14796.0,14885.0
289642930545972401,28120,28088,27979,28003,28047,27942,27876,27309.0,26963.0,26726.0,26368.0,26037.0,25815.0,25512.0,25367.0
289742930530455002,316741,317177,318574,318304,317837,318513,318031,316893.0,316758.0,316491.0,315284.0,317205.0,315948.0,316015.0,316212.0
289842930516115902,3349,3300,3286,3265,3221,3166,3131,3087.0,3042.0,3003.0,2954.0,2876.0,2881.0,2973.8333333333335,2973.8333333333335
289942930511244801,2467,2461,2469,2465,2460,2478,2463,2427.1428571428573,2370.0,2416.0,2468.0,2410.0,2431.0,2440.0,2455.0
291542930469697801,3006,2986,2973,2957,2958,2938,2903,2866.0,2841.0,2820.0,2808.0,2724.0,2697.0,2672.0,2670.0
291642930542641001,3483,3587,3712,3837,3906,3911,3938,3833.0,3826.0,3840.0,3854.0,3860.0,3864.0,3861.0,3897.0
291742930142600201,3149,3219,3295,3369,3413,3433,3472,3425.0,3469.0,3525.0,3589.0,3580.0,3671.0,3779.0,3828.0
291942930446774202,516,534,524,533,530,523,526,512.0,496.0,502.0,519.0,516.0,518.0,517.0,506.0
291942930533612102,16550,16645,16644,16821,16868,16797,16801,16699.0,16747.0,16716.0,16619.0,16402.0,16398.0,16360.0,16483.0
292042930517688202,904,882,871,861,855,846,826,809.0,788.0,762.0,740.0,739.0,731.0,709.0,702.0
292142930479925101,10527,10497,10453,10445,10417,10355,10339,10349.0,10319.0,10343.0,10288.0,10183.0,10160.0,10092.0,10044.0
292242930515574002,911,911,915,909,920,897,895,866.0,849.0,844.0,825.0,813.0,805.0,822.0,824.0
292442930460041502,4454,4449,4410,4394,4403,4432,4382,4287.0,4232.0,4244.0,4204.0,4116.0,4074.0,4019.0,3997.0
292442930462885501,9533,9743,9808,9839,9944,10066,10090,9994.0,10016.0,9956.0,9868.0,9801.0,9881.0,9944.0,9933.0
292942929456669102,4642,4675,4763,4773,4739,4731,4729,4721.0,4741.0,4663.714285714285,4692.0,4612.0,4623.0,4626.0,4631.0
293142930517194901,660,664,654,656,664,638,621,586.0,576.0,581.0,576.0,587.0,561.0,560.0,564.0
293242930526249502,2533,2630,2695,2812,2789,2800,2796,2781.0,2801.0,2839.0,2823.0,2808.0,2811.0,2832.0,2859.0
293242930531600502,13381,13302,13451,13468,13592,13741,13776,13725.0,13705.0,13641.0,13563.0,13560.0,13546.0,13573.0,13666.0
293242930550733201,6131,6261,6316,6409,6498,6491,6486,6475.0,6493.0,6453.0,6392.0,6409.0,6401.0,6426.0,6441.0
293342930508080601,1774,1819,1876,1908,1967,1949,1913,1989.0,1975.0,1996.0,1989.0,1975.0,1993.0,1993.0,1970.0
293342930508994302,2971,2975,2997,3020,3055,3010,2958,2903.0,2879.0,2841.0,2866.0,2863.0,2872.0,2911.0,2930.0
293642930164668102,9224,9306,9316,9285,9304,9341,9301,9322.0,9335.0,9325.0,9316.0,9217.0,9225.0,9145.0,9123.0
293642930446861002,1960,1991,2012,2020,1977,1988,1973,1947.0,1950.2857142857144,1956.0,1952.0,1918.0,1961.0,1965.0,1953.0
293742930524691402,4216,4205,4197,4192,4168,4187,4162,4107.0,4070.0,4070.0,4027.0,4015.0,3973.0,3913.0,3916.0
294142930461696302,6783,6740,6733,6709,6649,6562,6544,6444.0,6320.0,6228.0,6174.0,6025.0,5908.0,5814.0,5753.0
294342930527502601,1865,1888,1876,1877,1859,1830,1814,1682.428571428571,1740.0,1737.0,1727.0,1693.0,1661.0,1604.0,1615.0
294742929721498401,6671,6669,6654,6677,6762,6782,6755,6604.0,6569.0,6437.0,6283.0,6186.0,6191.0,6174.0,6237.0
294742930517719501,11453,11473,11462,11482,11399,11392,11340,11205.0,11194.0,11125.0,11117.0,10969.0,10875.0,10815.0,10772.0
294742930542542101,2903,2933,2999,2998,2998,2995,3011,2979.0,2965.0,2975.0,2922.0,2849.0,2861.0,2844.0,2828.0
294942930446267502,7221,7239,7226,7220,7165,7175,7117,7097.0,7065.0,7033.0,6966.0,6813.0,6820.0,6745.0,6764.0
294942930455870402,4957,4936,4942,4917,4935,4934,4926,4657.0,4868.0,4781.0,4724.0,4617.0,4556.0,4544.0,4509.0
294942930531762002,916,903,903,893,860,837,813,781.0,766.0,754.0,753.0,755.0,727.0,719.0,709.0
295442930453856202,1449,1439,1452,1429,1400,1376,1373,1335.0,1312.0,1281.0,1273.0,1240.0,1235.0,1236.0,1241.0
295542928159286201,3138,3194,3294,3383,3428,3533,3514,3470.0,3530.0,3517.0,3585.0,3571.0,3574.0,3582.0,3628.0
295542930480599701,227,222,217,211,213,220,219,215.0,213.0,216.0,214.0,209.0,202.0,200.0,201.0
295542930538104301,15109,15359,15379,15411,15499,15575,15635,15465.0,15465.0,15524.0,15489.0,15466.0,15577.0,15594.0,15593.0
295742930474957402,23091,23077,23076,23149,23168,23258,23389,23747.0,23805.0,23958.0,24082.0,24107.0,24130.0,24178.0,24598.0
295742930524433702,24718,24807,25072,25380,25688,25843,25849,25998.0,26060.0,26055.0,26002.0,25797.0,25839.0,26078.0,26408.0
295842930532647602,877,879,865,829,821,812,803,772.5,772.5,793.0,785.0,792.0,773.0,754.0,738.0
295942930515960302,9792,9817,9844,9808,9747,9639,9566,9360.0,9286.0,9138.0,9087.0,8922.0,8928.0,8847.0,8833.0
295942930516742801,5216,5287,5383,5393,5471,5490,5496,5672.0,5655.0,5751.0,5707.0,5951.0,5802.0,5840.0,5903.0
296242930455377601,870,843,831,811,819,811,783,758.0,737.0,727.0,701.0,717.0,720.0,719.0,721.0
296342930508236301,990,1012,1025,1024,1011,999,973,1016.0,1027.0,1011.0,985.0,1003.0,987.0,981.0,957.0
296342930517781701,80,83,83,84,83,80,77,72.0,68.0,65.0,66.0,64.0,67.0,68.0,66.0
296442930519883402,559,562,540,529,517,496,485,473.0,466.0,469.0,451.0,447.0,470.0,469.0,475.0
296542930474349602,6913,6843,6831,6713,6637,6534,6460,6346.0,6298.0,6275.0,6217.0,6140.0,6076.0,5965.0,5890.0
296642929820997201,1408,1392,1397,1380,1361,1360,1342,1307.0,1313.0,1308.0,1311.0,1315.0,1263.0,1239.0,1223.0
296742927980095501,3433,3411,3393,3357,3295,3251,3165,3066.0,3014.0,2954.0,2891.0,2918.0,2888.0,2844.0,2939.285714285714
296742930529195101,1698,1700,1681,1688,1707,1699,1695,1650.0,1667.0,1681.0,1708.0,1690.0,1679.0,1666.0,1668.0
296842930458231501,17764,18332,18556,18855,19288,19540,19746,19961.0,20125.0,20287.0,20227.0,20011.0,20159.0,20095.0,20087.0
296842930475425901,18727,19065,19236,19373,19721,19859,19895,19742.0,19723.0,19746.0,19814.0,20133.0,20062.0,19944.0,19935.0
297142930453227601,8818,8922,9019,9091,9122,9080,9172,9174.0,9113.0,9070.0,9135.0,9138.0,9025.0,9041.0,9103.0
297142930460015402,1554,1569,1536,1519,1503,1466,1458,1468.0,1456.0,1444.0,1433.0,1403.0,1396.0,1365.0,1344.0
297142930544064501,973,974,976,977,978,968,976,1014.0,1004.0,996.0,1003.0,1026.0,1061.0,1086.0,1105.0
297142930548160502,2653,2686,2716,2733,2730,2736,2755,2680.0,2714.0,2747.0,2715.0,2663.0,2666.0,2712.0,2696.0
297242930550572001,6372,6430,6480,6439,6468,6461,6427,6420.0,6482.0,6428.0,6417.0,6463.0,6417.0,6376.0,6420.0
297442930464887802,265045,265507,265366,264384,263939,263515,262970,261138.0,260585.0,259961.0,258685.0,256083.0,251944.0,250369.0,250369.0
297742930468887502,5801,5773,5771,5702,5604,5533,5439,5298.0,5214.0,5074.0,4995.0,4847.0,4785.0,4673.0,4578.0
297942930447564901,3883,3960,4006,4077,4105,4128,4108,4048.0,4060.0,4063.0,4090.0,4042.0,4009.0,4066.0,4061.0
297942930472700202,8239,8210,8137,8132,8210,8188,8196,8272.0,8279.0,8410.0,8487.0,8404.0,8516.0,8645.0,8795.0
297942930473282202,1898,1863,1849,1825,1829,1824,1805,1780.0,1776.0,1744.0,1736.0,1714.0,1708.0,1687.0,1689.0
298042930524275601,1747,1761,1754,1780,1779,1768,1745,1691.0,1663.0,1687.0,1710.0,1704.0,1711.0,1730.0,1732.0
298242930477089302,1583,1560,1546,1520,1504,1482,1474,1444.0,1413.0,1386.0,1365.0,1317.0,1304.0,1285.0,1264.0
298242930510235002,3669,3685,3675,3614,3581,3561,3505,3485.0,3415.8571428571427,3454.0,3453.0,3424.0,3390.0,3377.0,3328.0
298342930447643102,979,995,1003,1028,1011,981,945,962.0,957.0,975.0,987.0,1006.0,983.0,970.0,995.0
298342930544433301,159915,162064,164683,166082,168229,169769,168710,169875.0,170151.0,170887.0,171084.0,170601.0,169908.0,169545.0,171342.0
298342930548585002,4245,4203,4156,4148,4090,4086,4056,3995.0,3949.0,3925.0,3918.0,3948.0,3928.0,3899.0,3876.0
298542930475335702,8541,8474,8444,8407,8481,8434,8390,8250.0,8247.0,8170.0,8095.0,8076.0,8075.0,8056.0,8041.0
298542930528293701,352,347,357,345,338,337,340,321.0,318.0,309.0,312.0,310.0,303.0,294.0,283.0
298842930529840402,590,587,577,563,539,538,525,529.0,509.0,499.0,498.0,480.0,473.0,482.0,476.0
299042929197945001,454,471,474,463,463,459,428,426.0,425.0,433.0,441.0,450.0,456.0,431.0,422.0
299242930449084201,36563,36935,37444,38067,38445,38821,39253,39823.0,40237.0,40646.0,41008.0,40900.0,40759.0,41071.0,41397.0
299442930462151402,469,475,474,469,463,468,459,450.0,442.0,430.0,413.0,411.0,398.0,394.0,386.0
299542930517598002,12492,12757,12971,13100,13272,13362,13434,13365.0,13325.0,13064.857142857143,13219.0,12851.0,12936.0,12858.0,12900.0
299642930472921601,206,210,225,225,220,229,224,222.0,269.0,273.0,249.0,250.0,259.0,269.0,271.0
299642930524834302,17566,17512,17447,17475,17422,17400,17437,17273.0,17145.0,17078.0,16978.0,16889.0,16836.0,16708.0,16911.0
299742930528227402,8372,8535,8714,8969,9208,9333,9410,9505.0,9637.0,9695.0,9750.0,9753.0,9797.0,9865.0,9925.0
299742930545005402,1782,1747,1731,1712,1655,1638,1604,1523.0,1475.0,1420.0,1371.0,1339.0,1309.0,1273.0,1245.0
301242930459796901,13911,13959,13940,13933,14037,14004,13940,13829.0,13798.0,13873.0,13896.0,13835.0,13714.0,13576.0,13610.0
301542930508533601,1299,1292,1338,1298,1269,1253,1244,1235.0,1220.0,1232.0,1202.0,1192.0,1206.0,1211.0,1208.0
301542930528796002,21696,23189,24388,25431,26136,26605,26911,27374.0,27438.0,27601.0,27555.0,26950.0,27118.0,27203.0,27332.0
301642930479679501,3829,3906,3882,3910,3936,3936,3855,3793.0,3751.0,3732.0,3743.0,3759.0,3744.0,3707.0,3718.0
301642930524385402,175856,177892,179734,181490,184120,187528,189696,195267.0,197301.0,198606.0,200455.0,195998.0,195436.0,196764.0,198496.0
301842930461762701,25901,26307,26620,26876,27186,27521,27689,27879.0,28041.0,28091.0,28117.0,27919.0,27859.0,27976.0,28161.0
301842930544711402,1687,1665,1634,1601,1601,1577,1547,1474.0,1452.0,1443.0,1434.0,1382.0,1339.0,1317.0,1310.0
301942929839855901,3733,3743,3740,3776,3819,3814,3828,3744.0,3707.0,3631.0,3582.0,3574.0,3594.0,3580.0,3570.0
301942930474861802,1436,1435,1412,1411,1405,1395,1394,1352.0,1327.0,1302.0,1291.0,1268.0,1251.0,1234.0,1216.0
302042930474602301,888,877,870,881,873,877,874,837.0,862.0,842.0,849.0,848.0,862.0,888.0,877.0
302142930528684002,18467,18722,18950,19249,19263,19626,19622,19860.0,19697.0,19542.0,19339.0,19938.0,19666.0,19434.0,19415.0
302142930534298101,1809,1828,1851,1876,1904,1879,1851,1850.0,1885.0,1869.0,1821.0,1827.0,1826.0,1825.0,1851.0
302542930466332502,1717,1741,1724,1712,1711,1727,1714,1681.0,1697.0,1686.0,1678.0,1670.0,1640.0,1615.0,1605.0
302542930541058901,2738,2716,2706,2714,2719,2729,2728,2733.0,2735.0,2723.0,2695.0,2644.0,2663.0,2612.0,2637.0
302542930544385002,2756,2702,2679,2658,2571,2535,2500,2399.0,2352.0,2330.0,2292.0,2263.0,2246.0,2205.0,2206.0
302542930550807001,1955,1952,1957,2000,2002,2010,2002,1967.0,1940.0,1922.0,1932.0,1890.0,1858.0,1818.0,1824.0
302842930457098302,24929,25184,25377,25599,25670,25761,25915,25764.0,25795.0,25603.0,25646.0,25958.0,25757.0,25600.0,25932.0
302942930517101002,59380,59347,59488,59343,59273,59265,59552,61811.0,62305.0,62966.0,61005.0,60123.0,59359.0,58445.0,58294.0
303142930474287802,1224,1243,1257,1259,1247,1242,1237,1215.0,1199.0,1176.0,1155.0,1148.0,1141.0,1119.0,1128.0
303142930522970002,5706,5765,5772,5808,5932,5948,5974,5999.0,6030.0,6016.0,6039.0,5958.0,6039.0,5988.0,6005.0
303242930525631102,584,605,613,611,595,590,589,550.0,538.0,531.0,524.0,525.0,510.0,511.0,516.0
303442929946432702,3272,3255,3238,3199,3193,3188,3220,3146.0,3135.0,3184.0,3127.0,3171.0,3218.0,3254.0,3269.0
303642928077879902,680,668,640,652,644,643,649,635.0,672.0,676.0,661.0,668.0,673.0,671.0,674.0
303742930463339901,607,605,601,609,586,578,576,540.0,540.0,536.0,526.0,512.0,503.0,497.0,491.0
303742930466476901,15618,16045,16383,16643,16967,17080,16997,16866.0,16873.0,16836.0,16856.0,16816.0,16753.0,16741.0,16820.0
303742930474687902,1250,1242,1215,1216,1207,1202,1190,1152.0,1144.0,1139.0,1127.0,1120.0,1112.0,1085.0,1084.0
303942927963809701,5453,5454,5553,5555,5594,5613,5632,5615.0,5605.0,5632.0,5656.0,5675.0,5623.0,5630.0,5574.0
303942930465122701,1641,1664,1687,1692,1744,1724,1725,1728.0,1731.0,1696.0,1722.0,1682.0,1692.0,1688.0,1693.0
304042930476111801,5866,5970,6090,6128,6163,6201,6244,6277.0,6260.0,6318.0,6313.0,6248.0,6262.0,6261.0,6316.0
304142930516774902,966,937,928,930,938,936,902,907.0,870.0,861.0,862.0,844.0,830.0,822.0,841.0
304142930548522101,4882,4975,5054,5191,5307,5408,5547,5766.0,5715.0,5714.0,5773.0,5717.0,5714.0,5717.0,5782.0
304542929249094801,8247,8214,8221,8216,8136,8088,8087,8012.0,7932.0,7856.0,7736.0,7655.0,7639.0,7569.0,7513.0
304542930461310101,13042,13063,13344,13540,13702,13699,13788,13735.0,13733.0,13763.0,13728.0,13743.0,13725.0,13753.0,13848.0
304542930546424301,3000,2979,3006,2991,2964,2951,2924,2884.0,2858.0,2855.0,2849.0,2826.0,2826.0,2782.0,2781.0
304742930530586601,13324,13216,13196,13130,13105,13052,12977,12792.0,12690.0,12606.0,12498.0,12250.0,12189.0,12080.0,12051.0
304842930517668701,1409,1406,1390,1388,1418,1425,1405,1330.2857142857142,1358.0,1342.0,1349.0,1347.0,1323.0,1301.0,1292.0
304842930519811202,15173,15449,15597,15706,15885,15958,16047,16138.0,16296.0,16498.0,16622.0,16821.0,16827.0,16911.0,17009.0
305142930508959602,13849,13888,13983,13949,13776,13603,13369,12900.0,12566.0,12325.0,12597.0,12597.0,12597.0,12597.0,12597.0
305442928726076102,576,574,576,566,560,557,544,543.0,537.0,537.0,534.0,534.0,543.0,533.0,533.0
305442930454598402,1188,1210,1202,1200,1178,1191,1193,1238.0,1215.0,1209.0,1234.0,1219.0,1199.0,1199.0,1170.0
305442930471191902,5545,5554,5578,5590,5603,5565,5557,5475.0,5451.0,5420.0,5414.0,5341.0,5359.0,5372.0,5422.0
305542930529910201,11715,11742,11830,11751,11781,11848,11821,11627.0,11674.0,11715.0,11683.0,11766.0,11738.0,11680.0,11769.0
305742930528768702,6963,6866,6877,6860,6862,6843,6771,6659.0,6586.0,6547.0,6481.0,6352.0,6355.0,6289.0,6266.0
306242930537512101,3898,3897,3906,3874,3821,3825,3815,3748.0,3692.0,3667.0,3630.0,3590.0,3554.0,3519.0,3525.0
306442930473335602,4210,4218,4257,4234,4231,4276,4279,4200.0,4230.0,4339.0,4284.0,4256.0,4296.0,4204.0,4188.0
306442930517138902,191,202,203,196,192,192,191,188.0,183.0,183.0,181.0,185.0,183.0,184.0,190.0
306542930533804102,1762,1786,1782,1798,1770,1756,1738,1692.0,1690.0,1682.0,1682.0,1666.0,1669.0,1663.0,1667.0
306642930462906002,7847,7706,7686,7562,7447,7370,7340,7193.0,7068.0,6953.0,6877.0,6711.0,6648.0,6573.0,6576.0
306642930479796202,3705,3733,3687,3687,3716,3687,3645,3630.0,3602.0,3547.0,3514.0,3401.0,3350.0,3302.0,3330.0
306842930453555401,2938,2970,2970,3065,3090,3102,3117,3051.0,3049.0,3040.0,3056.0,3009.0,3048.0,3086.0,3153.0
306842930480406501,3839,3848,3856,3886,3892,3894,3817,3794.0,3753.0,3787.0,3787.0,3743.0,3774.0,3782.0,3778.0
306942930550479101,1496,1491,1505,1564,1563,1530,1521,1528.0,1515.0,1508.0,1480.0,1483.0,1459.0,1453.0,1434.0
307042930532334402,5600,5580,5550,5562,5512,5540,5517,5485.0,5444.0,5435.0,5418.0,5327.0,5336.0,5322.0,5322.0
307142929091435101,2864,2909,2896,2908,2912,2872,2866,2909.0,2892.0,2928.0,2926.0,2918.0,2896.0,2898.0,2928.0
307142930458079601,3465,3422,3392,3376,3363,3288,3239,3246.0,3245.0,3231.0,3218.0,3125.0,3075.0,3058.0,3062.0
307142930474623902,3969,3970,3981,3994,3962,3922,3919,3784.0,3733.0,3725.0,3763.0,3715.0,3667.0,3598.0,3602.0
307242930515916901,7199,7194,7238,7280,7314,7172,7106,7056.0,7002.0,6954.0,6940.0,6933.0,6812.0,6781.0,6814.0
307342930509616201,5674,5707,5715,5731,5785,5720,5731,5652.0,5653.0,5680.0,5681.0,5648.0,5671.0,5637.0,5609.0
307342930534097002,1092,1067,1048,1024,1024,1022,1011,1000.0,982.0,974.0,962.0,941.0,920.0,909.0,894.0
307442930479630902,3946,3961,3923,3945,3946,3933,3921,3850.0,3772.0,3772.0,3760.0,3681.0,3704.0,3662.0,3688.0
307442930509778802,2495,2464,2472,2452,2445,2429,2379,2346.0,2304.0,2267.0,2253.0,2212.0,2182.0,2219.0,2193.0
307542930524280301,9239,9224,9264,9219,9304,9299,9230,9213.0,9188.0,9143.0,9139.0,8985.0,8983.0,8959.0,8972.0
307742930544301201,19229,19491,19750,20070,20158,20313,20424,20687.0,20748.0,20783.0,20900.0,20772.0,20800.0,20773.0,20769.0
307842928636919901,4329,4250,4271,4192,4105,4135,4120,4084.0,4103.0,4121.0,4105.0,4073.0,4110.0,4107.0,4079.0
308042930455771602,577,561,546,539,527,532,518,492.0,492.0,499.0,490.0,474.0,470.0,464.0,461.0
308142930466652001,7283,7358,7335,7304,7284,7280,7324,7367.0,7383.0,7358.0,7357.0,7328.0,7281.0,7291.0,7413.0
308142930478039102,6816,6797,6762,6721,6694,6622,6586,6451.0,6396.0,6270.0,6247.0,6118.0,6074.0,6022.0,5968.0
308142930529668602,468,477,464,456,465,459,452,458.0,460.0,451.0,438.0,451.0,445.0,444.0,433.0
308142930532520002,9821,9880,9928,9979,10008,10006,9981,9940.0,9832.0,9786.0,9789.0,9649.0,9697.0,9730.0,9744.0
308242930544806301,1695,1724,1724,1716,1680,1699,1702,1649.0,1642.0,1666.0,1656.0,1646.0,1641.0,1632.0,1628.0
308342929901445701,1329,1340,1333,1299,1292,1281,1315,1183.571428571429,1225.0,1220.0,1217.0,1163.0,1163.0,1144.0,1153.0
308342930080355601,22884,22941,22892,22811,22738,22573,22483,22114.0,21869.0,21766.0,21580.0,21413.0,21324.0,21133.0,21042.0
308342930546970002,1610,1602,1567,1545,1544,1512,1513,1468.0,1452.0,1435.0,1430.0,1429.0,1431.0,1428.0,1406.0
308542930477019402,342,343,354,335,337,336,341,341.0,336.0,339.0,339.0,339.0,334.0,332.0,324.0
308742930465134201,1396,1448,1438,1444,1464,1464,1465,1493.0,1478.0,1463.0,1447.0,1430.0,1437.0,1417.0,1410.0
308842930547509501,3035,3044,3055,3136,3117,3096,3118,3134.0,3155.0,3178.0,3150.0,3192.0,3166.0,3177.0,3207.0
308942929843657702,6810,7013,7174,7348,7478,7576,7648,7769.0,7861.0,7909.0,7975.0,8010.0,8032.0,8110.0,8111.0
308942930464926901,1517,1539,1529,1530,1515,1496,1520,1549.0,1561.0,1620.0,1682.0,1728.0,1725.0,1757.0,1778.0
308942930541987802,7174,7233,7228,7238,7222,7227,7155,6966.0,6917.0,6865.0,6812.0,6764.0,6791.0,6728.0,6691.0
309042930531011002,2726,2742,2729,2717,2707,2686,2658,2610.0,2637.0,2640.0,2557.0,2502.0,2485.0,2462.0,2473.0
309142929118744101,323,328,342,334,334,337,338,331.0,336.0,319.0,318.0,318.0,316.0,320.0,329.0
309142930464369601,3208,3180,3162,3150,3144,3146,3098,3064.0,3039.0,3011.0,2981.0,2946.0,2941.0,2919.0,2878.0
309442930462659701,1113,1100,1076,1061,1056,1060,1064,1079.0,1071.0,1053.0,1063.0,1061.0,1063.0,1085.0,1096.0
309542930530726202,51069,50666,50587,50189,49911,49777,49551,48960.0,48608.0,48041.0,47404.0,46554.0,46085.0,45571.0,45483.0
309742930510620701,1715,1734,1774,1807,1805,1793,1754,1701.0,1681.0,1642.0,1644.0,1638.0,1637.0,1628.0,1619.0
309942930545580002,323,320,315,312,313,310,293,277.0,266.0,252.0,248.0,241.0,232.0,224.0,221.0
311442930542281902,707,678,670,653,641,628,605,592.0,556.5,575.0,557.0,550.0,537.0,528.0,556.5
311542930446688901,3617,3654,3701,3735,3844,3864,3793,3830.0,3862.0,3901.0,3880.0,3829.0,3814.0,3746.0,3749.0
311542930455740902,625,597,598,567,555,549,549,522.0,501.0,491.0,467.0,468.0,444.0,432.0,422.0
311642930475115902,12278,12215,12085,12016,11989,11961,11916,11753.0,11669.0,11641.0,11552.0,11517.0,11457.0,11438.0,11460.0
311842930517670502,2207,2244,2268,2277,2283,2292,2283,2277.0,2309.0,2335.0,2328.0,2320.0,2319.0,2351.0,2319.0
311942930455638502,1840,1843,1850,1833,1804,1823,1798,1825.0,1806.0,1797.0,1794.0,1801.0,1800.0,1762.0,1797.857142857143
312042930480484602,2082,2026,2013,1979,1943,1921,1888,1824.0,1773.0,1754.0,1704.0,1641.0,1616.0,1586.0,1564.0
312042930543741001,8372,8425,8422,8428,8530,8596,8768,8830.0,8808.0,8899.0,8947.0,9019.0,9006.0,8932.0,8933.0
312142929704156101,5136,5165,5199,5224,5271,5253,5254,5236.0,5238.0,5242.0,5234.0,5160.0,5171.0,5167.0,5078.0
312142930446570101,8537,8526,8504,8472,8449,8518,8527,8459.0,8433.0,8427.0,8380.0,8175.0,8170.0,8119.0,8081.0
312242930543752601,855,852,845,843,853,834,825,842.0,844.0,837.0,851.0,842.0,839.0,834.0,835.0
312442930454121202,1524,1578,1584,1602,1625,1649,1658,1742.0,1710.0,1696.0,1691.0,1732.0,1771.0,1773.0,1821.0
312542930528071701,3406,3373,3306,3245,3182,3117,3068,2984.0,2968.0,2896.0,2813.0,2684.0,2671.0,2631.0,2574.0
312642930456892002,1836,1830,1833,1824,1790,1780,1748,1747.0,1739.0,1706.0,1672.0,1638.0,1598.0,1585.0,1582.0
312642930515697601,9557,9482,9490,9472,9401,9358,9233,9026.0,8939.0,8836.0,8785.0,8693.0,8620.0,8583.0,8503.0
312842930542735201,1964,1993,2026,2074,2055,1999,2001,1971.0,1961.0,1913.0,1890.0,1874.0,1914.0,1893.0,1891.0
313042928021659402,10908,11093,11290,11382,11349,11291,11217,10975.0,10915.0,10855.0,10739.0,10781.0,10719.0,10656.0,10655.0
313042930517111502,4391,4386,4356,4482,4513,4524,4526,4469.0,4427.0,4395.0,4353.0,4313.0,4382.0,4371.0,4417.0
313142930516351402,586,583,567,572,570,569,555,566.0,552.0,542.0,547.0,537.0,539.0,536.0,536.0
313442930521399602,15587,15676,15868,15807,16026,16069,16115,16188.0,16127.0,16103.0,15934.0,15928.0,15746.0,15847.0,15992.0
313442930533729502,345,346,340,334,335,332,327,342.0,332.0,315.0,305.0,309.0,310.0,306.0,309.0
313542930477137801,5145,5133,5115,5125,5094,5096,5051,4970.0,4957.0,4935.0,4900.0,4848.0,4797.0,4767.0,4745.0
313542930525965001,13821,13979,14187,14293,14320,14278,14282,14141.0,14078.0,13957.0,13915.0,13869.0,13766.0,13760.0,13766.0
313542930540390402,2765,2805,2869,2923,2877,2903,2936,2908.0,2893.0,2903.0,2911.0,2909.0,2914.0,2923.0,2959.0
313642930460297502,4623,4719,4812,4791,4753,4790,4758,4770.0,4729.0,4765.0,4721.0,4765.0,4824.0,4829.0,4847.0
313742930453968502,15278,15374,15493,15532,15612,15679,15706,15808.0,15796.0,15789.0,15872.0,15785.0,15802.0,15801.0,15841.0
313742930525229401,27895,27988,28086,28004,27967,28013,27952,27695.0,27743.0,27759.0,27693.0,27785.0,27767.0,27703.0,27807.0
313942930475403102,15941,16070,16252,16371,16431,16364,16311,16337.0,16536.0,16553.0,16618.0,16534.0,16529.0,16485.0,16558.0
314042930466352302,14128,14258,14335,14488,14673,14745,14672,14567.0,14630.0,14627.0,14630.0,14744.0,14574.0,14438.0,14584.0
314042930543493001,1855,1895,1917,1945,1966,1965,1957,1959.0,1935.0,1923.0,1935.0,1929.0,1946.0,1947.0,1943.0
314242930527104402,4019,4116,4226,4305,4356,4345,4359,4501.0,4502.0,4524.0,4501.0,4417.0,4401.0,4368.0,4368.0
314542930452521402,10794,10814,10861,10943,10868,10817,10768,10679.0,10649.0,10827.0,10737.0,10716.0,10717.0,10722.0,10718.0
314642930525598602,4981,4975,5032,5053,5119,5158,5167,5107.0,5145.0,5126.0,5158.0,5143.0,5119.0,5149.0,5160.0
314742930457973501,27073,27234,27356,27423,27555,27439,27147,26507.833333333332,26507.833333333332,26932.0,26838.0,26344.0,26382.0,26235.0,26316.0
314742930461770301,10880,10999,11103,11068,11164,11270,11309,11559.0,11653.0,11795.0,11908.0,11875.0,12192.0,12354.0,12708.0
314742930543917201,1728,1740,1735,1744,1719,1677,1663,1652.0,1658.0,1632.0,1658.0,1627.0,1613.0,1586.0,1583.0
314942930524836901,1018,1026,1001,1012,1014,1016,996,996.0,1001.0,978.0,982.0,975.0,984.0,990.0,984.0
315442930531999501,824,823,831,822,805,779,787,787.0,794.0,790.0,797.0,787.0,790.0,792.0,785.0
315542930519478501,1645,1651,1702,1708,1725,1741,1754,1741.0,1725.0,1743.0,1719.0,1669.0,1670.0,1694.0,1719.0
315542930529561302,2402,2384,2337,2322,2366,2392,2376,2255.0,2217.0,2168.0,2164.0,2135.0,2141.0,2119.0,2143.0
315642930530192301,2604,2617,2612,2585,2559,2533,2509,2447.0,2436.0,2408.0,2314.0,2245.0,2250.0,2199.0,2249.0
315842930530136202,7738,7798,7853,7927,7903,7893,7712,7654.0,7611.0,7530.0,7506.0,7497.0,7430.0,7395.0,7418.0
316642930462545502,1103,1116,1124,1108,1115,1124,1125,1112.0,1095.0,1080.0,1067.0,1050.0,1044.0,1032.0,1042.0
316642930469409301,40787,40924,41000,41101,40978,40823,40651,40054.0,39712.0,39457.0,39246.0,39250.0,39263.0,38967.0,38712.0
316642930530285002,3598,3728,3885,4016,4016,4047,4090,4090.0,4118.0,4147.0,4128.0,4153.0,4150.0,4126.0,4142.0
316742930528486302,13502,13452,13475,13375,13230,13144,13082,12978.0,12983.0,12823.0,12701.0,12652.0,12636.0,12496.0,12499.0
316842930524674801,204,201,182,182,183,182,174,170.0,164.0,165.0,167.0,175.0,187.0,183.0,178.0
316842930534404902,101219,101418,101682,101312,101138,100892,100458,99373.0,99412.0,99307.0,99077.0,99273.0,98402.0,98356.0,99239.0
317042930448374701,990,973,944,941,937,924,919,936.0,935.0,918.0,916.0,919.0,925.0,945.0,972.0
317042930461574402,1226,1281,1278,1345,1342,1310,1242,1254.0,1234.0,1209.0,1229.0,1251.0,1245.0,1248.0,1246.0
317142930448776802,1686,1674,1670,1658,1662,1661,1666,1661.0,1591.0,1593.0,1589.0,1579.0,1577.0,1586.0,1605.0
317242930351294101,2730,2702,2667,2660,2637,2636,2618,2582.0,2575.0,2553.0,2526.0,2480.0,2475.0,2467.0,2475.0
317242930448551201,1516,1484,1450,1412,1399,1369,1378,1326.0,1300.0,1277.0,1242.0,1190.0,1186.0,1174.0,1130.0
317242930509868302,1509,1541,1550,1571,1576,1575,1560,1553.0,1542.0,1546.0,1563.0,1551.0,1520.0,1544.0,1552.0
317242930541173401,374,370,364,356,358,347,337,339.0,342.0,324.0,319.0,327.0,311.0,319.0,315.0
317342930545988302,707,728,737,731,699,675,668,625.0,633.0,626.0,643.0,646.0,631.0,606.0,580.0
317442930478135302,17734,17743,17768,17753,17650,17580,17540,17501.0,17405.0,17257.0,17253.0,17129.0,17142.0,17076.0,16998.0
317442930515782902,36313,35932,35634,35446,35265,35025,34943,34418.0,34116.0,33993.0,33756.0,32750.0,32465.0,31977.0,31891.0
317542930447869902,2087,2078,2046,2015,2009,1983,1969,1898.0,1883.0,1874.0,1838.0,1791.0,1752.0,1731.0,1724.0
317642930460503501,2770,2850,2915,3002,3004,3001,2952,2944.0,2893.0,2794.0,2788.0,2762.0,2789.0,2756.0,2775.0
317642930516056901,1921,1887,1856,1822,1788,1759,1719,1688.0,1664.0,1631.0,1576.0,1518.0,1507.0,1462.0,1443.0
317642930525366102,3226,3226,3255,3248,3241,3188,3193,3167.0,3210.0,3203.0,3194.0,3185.0,3152.0,3153.0,3156.0
317642930534374702,1626,1649,1632,1609,1636,1632,1600,1536.0,1527.0,1509.0,1495.0,1507.0,1548.0,1581.0,1593.0
317742930447601401,25054,25014,24913,24720,24796,24908,24769,24350.0,24000.0,23588.0,23259.0,22643.0,22438.0,22175.0,21944.0
317742930519615102,502,480,460,456,456,448,435,426.0,414.0,404.0,395.0,383.0,375.0,369.0,366.0
317942930545716001,2841,2868,2824,2814,2849,2854,2804,2756.0,2666.0,2630.0,2654.0,2650.0,2652.0,2639.0,2604.0
318042930473003702,91,114,110,98,83,78,75,84.0,75.0,72.0,69.0,76.0,69.0,70.0,57.0
318042930474158602,11420,11466,11535,11617,11558,11553,11564,11584.0,11586.0,11527.0,11509.0,11136.0,11245.0,11189.0,11135.0
318142930545846502,793,761,744,729,716,709,696,656.0,644.0,634.0,643.0,642.0,630.0,631.0,630.0
318242930051124302,91189,90738,90334,90014,89881,89710,89372,88978.0,88615.0,88085.0,87397.0,86183.0,85609.0,84670.0,84115.0
318242930445751301,540,561,550,547,545,545,542,518.0,509.0,488.0,483.0,474.0,461.0,440.0,433.0
318442930451906402,5251,5264,5312,5364,5390,5400,5424,5364.0,5396.0,5318.0,5240.0,5243.0,5262.0,5272.0,5349.0
318442930472979202,194,187,183,179,181,177,169,167.0,168.0,173.0,173.0,171.0,177.0,177.0,179.0
318542929194731901,1076,1085,1073,1063,1063,1063,1062,1060.0,1038.0,1049.0,1036.0,1032.0,1017.0,1020.0,1001.0
318742930519035401,10293,10414,10590,10548,10612,10613,10552,10474.0,10513.0,10413.0,10400.0,10501.0,10590.0,10604.0,10768.0
318942930462878702,10320,10411,10513,10649,10865,10913,10966,10963.0,10869.0,10745.0,10693.0,10728.0,10781.0,10777.0,10822.0
319142930459262201,3114,3091,3062,3066,3060,3021,2988,2986.0,2960.0,2953.0,2935.0,2877.0,2847.0,2799.0,2812.0
319142930473924202,559,545,523,527,517,506,506,471.0,455.0,445.0,441.0,436.0,440.0,432.0,417.0
319242930541495002,188,184,181,172,171,169,163,165.0,159.0,158.0,150.0,150.0,154.0,151.0,150.0
319342930472134402,117,115,107,102,104,95,97,81.0,86.0,85.0,83.0,81.0,80.0,81.0,81.0
319442930529431002,2648,2634,2597,2556,2553,2532,2493,2464.0,2459.0,2451.0,2426.0,2417.0,2375.0,2326.0,2320.0
319542927897875801,10637,10741,10852,10969,11131,11258,11318,11386.0,11328.0,11309.0,11276.0,11197.0,11287.0,11315.0,11337.0
319542930476446802,767,786,792,792,778,786,769,755.0,739.0,733.0,715.0,726.0,707.0,687.0,669.0
319742930534511301,808,770,748,745,737,706,707,680.0,659.0,646.8571428571429,656.0,650.0,636.0,631.0,616.0
319942930521968101,237,219,217,218,233,234,230,239.0,230.0,223.0,224.0,211.0,207.0,200.0,201.0
321142929177982401,7349,7460,7517,7592,7748,7805,7834,7902.0,8001.0,8112.0,8136.0,8003.0,8134.0,8167.0,8264.0
321242930519562901,10017,10001,10012,9914,9822,9789,9785,9819.0,9732.0,9731.0,9766.0,9742.0,9708.0,9675.0,9726.0
321342930549425202,1212,1183,1171,1154,1127,1132,1095,1078.0,1037.0,1008.0,956.0,955.0,953.0,929.0,919.0
321842930538717302,852,855,850,840,849,840,821,823.0,805.0,770.0,753.0,729.0,747.0,730.0,715.0
322042930475107601,4505,4498,4491,4483,4495,4370,4320,4289.0,4275.0,4295.0,4376.0,4328.0,4369.0,4416.0,4520.0
322042930475841301,8583,8641,8648,8628,8615,8670,8594,8583.0,8562.0,8599.0,8594.0,8525.0,8487.0,8436.0,8444.0
322142930541473402,2050,2072,2070,2050,2088,2089,2105,2049.0,2017.0,1985.0,1978.0,1963.0,1954.0,1951.0,1919.0
322442930518961301,2393,2377,2349,2321,2311,2280,2241,2193.0,2189.0,2178.0,2185.0,2161.0,2172.0,2152.0,2200.0
322542930547495002,4965,4952,4917,4921,4882,4850,4796,4744.0,4702.0,4700.0,4649.0,4560.0,4602.0,4569.0,4545.0
322642929537342401,5287,5275,5316,5279,5266,5245,5246,5164.0,5164.0,5149.0,5161.0,5091.0,5067.0,5025.0,5041.0
322742930519716202,421,411,402,398,388,383,367,337.2857142857143,340.0,343.0,341.0,355.0,336.0,325.0,321.0
322742930530703601,450,446,441,435,425,427,414,398.0,395.0,384.0,391.0,384.0,389.0,391.0,393.0
322842930476696802,1037,1029,1043,1024,1026,1022,1039,1005.0,1001.0,1006.0,993.0,994.0,991.0,994.0,981.0
323042929488733102,16637,16679,16749,16817,16874,17050,17078,17384.0,17476.0,17607.0,17569.0,17379.0,17270.0,17307.0,17301.0
323042930546015301,9736,9726,9769,9844,9858,9826,9835,9840.0,9744.0,9657.714285714286,9655.0,9651.0,9592.0,9604.0,9518.0
323142930521426302,5589,5576,5517,5490,5482,5412,5410,5448.0,5444.0,5513.0,5520.0,5504.0,5529.0,5595.0,5629.0
323342930509386901,1279,1272,1256,1264,1305,1318,1327,1339.0,1331.0,1340.0,1312.0,1302.0,1307.0,1299.0,1276.0
323342930527679301,2705,2670,2637,2607,2581,2575,2542,2557.0,2519.0,2498.0,2450.0,2468.0,2415.0,2378.0,2370.0
323342930528370002,8622,8636,8651,8626,8712,8686,8711,8571.0,8552.0,8534.0,8434.0,8371.0,8314.0,8264.0,8281.0
323442927975082002,9372,9323,9215,9236,9194,9287,9299,9071.0,9241.0,9418.0,9421.0,9545.0,9585.0,9635.0,9784.0
323742930456266901,20758,21132,21473,21669,21798,22049,22119,22432.0,22504.0,22259.571428571428,22279.0,22160.0,22232.0,22113.0,22097.0
323742930477129001,1674,1681,1676,1678,1662,1644,1644,1617.0,1604.0,1586.0,1568.0,1531.0,1545.0,1525.0,1517.0
323742930516063802,2236,2253,2274,2300,2325,2358,2333,2217.0,2185.0,2148.0,2115.0,2054.0,2028.0,2019.0,2027.0
323842930542709901,15383,15530,15530,15659,15646,15588,15509,15519.0,15492.0,15474.0,15457.0,15251.0,15388.0,15361.0,15442.0
323942930517140201,4621,4706,4723,4757,4752,4770,4781,4818.0,4844.0,4815.0,4817.0,4803.0,4815.0,4928.0,4954.0
324042930516101402,1035,1012,1012,1013,1021,1033,1048,1017.0,1014.0,987.0,981.0,995.0,987.0,981.0,976.0
324142929467067101,950,956,984,983,1004,1013,988,994.0,998.0,989.0,988.0,989.0,989.0,992.0,1024.0
324342930453507201,536,517,517,518,522,517,496,460.0,440.0,441.0,445.0,435.0,425.0,411.0,399.0
324442930473115401,4472,4495,4535,4534,4566,4530,4535,4525.0,4530.0,4503.0,4523.0,4522.0,4502.0,4500.0,4536.0
324442930545607801,2321,2385,2428,2475,2479,2475,2472,2497.0,2513.0,2519.0,2473.0,2529.0,2523.0,2506.0,2527.0
324542930516684901,2419,2397,2417,2397,2383,2375,2340,2315.0,2302.0,2296.0,2299.0,2313.0,2262.0,2253.0,2233.0
324542930529308002,15927,15825,15809,15837,15864,15770,15653,15467.0,15397.0,15242.0,15145.0,15015.0,15095.0,14966.0,14878.0
324742930529490902,4175,4208,4221,4278,4363,4426,4451,4520.0,4544.0,4701.0,4803.0,4870.0,4894.0,4993.0,5045.0
324842930536416901,11157,11254,11452,11788,11840,11943,12096,12156.0,12089.0,12178.0,12176.0,12211.0,12200.0,12206.0,12281.0
324942930516603101,55680,56215,56594,56714,56780,56696,56595,56215.0,55870.0,55802.0,55609.0,55831.0,55503.0,55226.0,55296.0
325842927959121701,486,482,476,459,452,448,445,412.0,406.0,393.0,401.0,402.0,394.0,391.0,390.0
325942930456155801,3416,3421,3407,3369,3408,3409,3368,3365.0,3331.0,3331.0,3275.0,3208.0,3222.0,3251.0,3318.0
325942930509005302,5459,5544,5676,5756,5759,5840,5814,5805.0,5820.0,5794.0,5754.0,5692.0,5638.0,5643.0,5698.0
326242929348469101,1234,1218,1223,1235,1241,1212,1194,1158.0,1169.0,1162.0,1134.0,1099.0,1091.0,1065.0,1071.0
326242930475913001,1158,1182,1175,1199,1196,1222,1253,1205.0,1166.0,1142.571428571429,1140.0,1132.0,1127.0,1112.0,1116.0
326242930479798102,957,973,969,961,936,923,918,904.0,908.0,912.0,891.0,892.0,884.0,872.0,860.0
326242930532815501,2148,2126,2128,2144,2127,2114,2123,2063.0,2035.0,1981.0,1964.0,1886.0,1897.0,1888.0,1860.0
326742930545741002,2271,2280,2305,2324,2284,2271,2252,2249.0,2239.0,2194.0,2159.0,2136.0,2134.0,2108.0,2127.0
326942930462396301,1851,1851,1863,1850,1829,1830,1802,1763.0,1775.0,1764.0,1724.0,1686.0,1685.0,1688.0,1687.0
327042930518364901,357684,362526,365681,367164,371650,375126,376841,377277.0,373991.0,369885.0,366927.0,368419.0,361619.0,360930.0,363837.0
327042930543509002,2122,2145,2181,2154,2134,2110,2115,2077.0,2071.0,2061.0,2033.0,1981.0,1973.0,1939.0,1932.0
327142928822976102,1922,1923,1926,1926,1920,1934,1944,1910.0,1920.0,1886.0,1865.0,1857.0,1846.0,1852.0,1829.0
327142930531769601,1471,1455,1460,1414,1399,1381,1370,1372.0,1361.0,1342.0,1319.0,1280.0,1291.0,1253.0,1316.857142857143
327242930480443201,244,244,240,233,242,257,246,212.0,215.0,218.0,209.0,208.0,228.0,224.0,232.0
327342930519145801,415,411,413,422,414,404,376,357.0,338.0,341.0,311.0,293.0,289.0,291.0,288.0
327442930468325001,9578,9715,9929,10017,10117,10187,10142,10062.0,9971.0,9917.0,9905.0,9944.0,9906.0,9853.0,9924.0
327442930518731202,53,50,49,47,48,50,49,49.0,53.0,57.0,58.0,52.0,50.0,48.0,47.0
327842930545368201,5561,5565,5641,5687,5783,5907,5967,6042.0,6042.0,6013.0,6000.0,5955.0,5999.0,6062.0,6107.0
327942930472483502,4101,4103,4107,4107,4064,4050,4049,3946.0,3926.0,3885.0,3868.0,3787.0,3754.0,3715.0,3709.0
328142930525625702,19452,19710,19941,20234,20396,20414,20430,20337.0,20485.0,20594.0,20563.0,20395.0,20496.0,20510.0,20894.0
328142930530120601,11608,11898,12040,12137,12191,12191,12294,12221.0,11960.0,11939.0,11953.0,11827.0,11941.0,11936.0,11922.0
328442930531385702,1052,1050,1033,1017,998,989,988,975.0,979.0,950.0,954.0,952.0,930.0,921.0,911.0
328642930476288101,1649,1624,1607,1606,1573,1566,1548,1528.0,1494.0,1483.0,1450.0,1404.0,1390.0,1370.0,1365.0
328742930447855701,11829,11789,11760,11735,11786,11732,11695,11563.0,11449.0,11371.0,11229.0,11304.0,11157.0,11146.0,11064.0
328742930516958201,9151,9243,9225,9277,9359,9330,9304,9234.0,9217.0,9131.0,9108.0,8953.0,8922.0,8783.0,8785.0
328842930458449401,130,132,135,136,135,134,134,132.0,139.0,136.0,133.0,128.0,133.0,134.0,133.0
329042930528042701,4538,4630,4723,4793,4859,4994,5013,5151.0,5204.0,5257.0,5325.0,5287.0,5340.0,5387.0,5408.0
329142930476959202,275,274,272,280,281,282,289,277.0,261.0,268.0,277.0,267.0,267.0,257.0,255.0
329142930539175902,9365,9550,9756,9896,10003,10030,10067,10222.0,10454.0,10477.0,10478.0,10491.0,10515.0,10503.0,10572.0
329242929307482901,1408,1397,1392,1372,1351,1329,1308,1268.0,1252.0,1239.857142857143,1218.0,1206.0,1184.0,1226.0,1325.0
329342930450180801,73860,74600,75227,75416,75970,76053,76023,75665.0,75755.0,75591.0,75051.0,74065.0,73723.0,73421.0,73787.0
329442930539290901,3445,3425,3405,3374,3325,3321,3313,3251.0,3193.0,3129.0,3086.0,2997.0,3011.0,2972.0,2922.0
329542930459791702,1369,1351,1375,1387,1384,1382,1367,1347.0,1349.0,1340.0,1327.0,1291.0,1271.0,1270.0,1263.0
329742928108713902,8172,8279,8410,8514,8532,8526,8605,8703.0,8622.0,8726.0,8791.0,8802.0,8766.0,8844.0,9038.0
329742930510530302,917,918,914,917,918,910,896,872.0,845.0,829.0,812.0,818.0,802.0,808.0,809.0
331342928577536302,2276,2279,2276,2256,2251,2252,2226,2170.0,2173.0,2128.0,2092.0,2059.0,2048.0,2036.0,2019.0
331342930530428001,3440,3435,3429,3397,3358,3404,3381,3283.0,3258.0,3238.0,3222.0,3209.0,3218.0,3208.0,3217.0
331542930458358102,1917,1918,1911,1894,1934,1961,1973,2037.0,1957.0,1878.0,1857.0,1887.0,1892.0,1904.0,1887.0
331542930518042601,533,550,555,549,559,564,567,550.0,555.0,556.0,553.0,534.0,503.0,512.0,498.0
331642930342522902,8487,8437,8449,8410,8394,8453,8388,8285.0,8186.0,8156.0,8074.0,8003.0,7930.0,7901.0,7935.0
331642930475173601,1913,1925,1920,1926,1931,1942,1938,1909.0,1902.0,1897.0,1881.0,1857.0,1849.0,1847.0,1843.0
331642930515500302,3419,3368,3347,3298,3304,3302,3272,3180.0,3105.0,3112.0,3063.0,2969.0,2930.0,3059.8333333333335,3059.8333333333335
331742930456837602,11151,11288,11472,11583,11606,11850,12006,12240.0,12377.0,12499.0,12479.0,12697.0,12762.0,12818.0,12906.0
331842930532015701,24716,25342,25976,26585,27147,27499,27687,27477.0,27514.0,27411.0,27390.0,27546.0,27851.0,27977.0,28133.0
331942930518709902,11565,11672,11809,12173,12358,12427,12478,12446.0,12467.0,12534.0,12513.0,12628.0,12548.0,12622.0,12793.0
332042930456928601,1333,1337,1324,1334,1324,1308,1294,1228.0,1205.0,1207.0,1202.0,1174.0,1146.0,1149.0,1140.0
332342930517243401,7903,7910,7912,7951,7906,8003,8013,7905.0,7937.0,7925.0,7896.0,7974.0,7966.0,8010.0,8087.0
332542930464905401,6562,6513,6465,6429,6305,6285,6099,6005.0,5942.0,5922.0,5806.0,5703.0,5652.0,5608.0,5714.0
332742930527107102,6843,6858,6908,6954,7025,7046,7061,7108.0,7076.0,7128.571428571428,7074.0,7143.0,7156.0,7152.0,7191.0
332842930458384002,949,945,969,1056,1025,1019,1011,944.0,921.0,912.0,895.0,878.0,864.0,848.0,839.0
332842930526526402,1196,1182,1187,1173,1203,1192,1197,1185.0,1174.0,1189.0,1184.0,1182.0,1225.0,1195.0,1237.0
333042929921931502,3072,3065,3040,3014,2993,2982,2955,2941.0,2887.0,2842.0,2793.0,2757.0,2752.0,2693.0,2683.0
333042930525878601,2233,2199,2184,2172,2180,2166,2214,2210.0,2160.0,2150.0,2104.0,2095.0,2066.0,2082.0,2115.0
333042930526610301,1947,1960,1942,1961,1954,1930,1923,1927.0,1976.0,1971.0,1971.0,1936.0,1971.0,1942.0,1973.0
333142930538263901,3287,3294,3251,3207,3160,3118,3072,2989.0,2930.0,2863.0,2800.0,2642.0,2674.0,2631.0,2596.0
333242929703991002,33850,34121,34400,34564,34585,34516,34507,34575.0,34575.0,34736.0,34805.0,34388.0,34578.0,34607.0,35122.0
333342930544586401,198,202,209,203,208,197,190,186.0,179.0,176.0,178.0,178.0,174.0,169.0,169.0
333542930452004602,194,186,176,186,182,173,167,167.71428571428572,174.0,177.0,175.0,168.0,166.0,161.0,153.0
333542930532226401,830,829,826,850,848,837,835,802.0,808.0,812.0,806.0,828.0,847.0,845.0,848.0
333742928623643602,3466,3483,3499,3501,3471,3467,3459,3418.0,3437.0,3430.0,3378.0,3307.0,3309.0,3305.0,3338.0
333742930447710401,2988,3014,3024,3122,3103,3162,3153,3223.0,3196.0,3220.0,3241.0,3195.0,3185.0,3232.0,3229.0
333842930525494501,1025,1052,1059,1064,1054,1063,1036,1016.0,1008.0,1011.0,994.0,974.0,980.0,954.0,948.0
334042930480420201,733,746,752,750,737,747,764,771.0,773.0,768.0,776.0,761.0,741.0,747.0,761.0
334142930518709202,8905,8947,9031,8907,8985,9047,9047,8914.0,9008.0,9092.0,9103.0,9008.0,8958.0,8941.0,9091.0
334342930517250501,1960,1977,2002,1936,1923,1901,1884,1905.0,1918.0,1879.0,1847.0,1786.0,1857.0,1838.0,1828.0
334542928757944602,14174,14251,14317,14378,14376,14319,14291,14115.0,14112.0,14100.0,14035.0,13877.0,13958.0,13881.0,13861.0
334642930463735102,19189,19377,19407,19524,19539,19583,19570,19346.0,19338.0,19290.0,19263.0,19323.0,19401.0,19505.0,19704.0
334742930464407302,725,713,705,692,699,686,678,673.0,671.0,677.0,667.0,652.0,652.0,635.0,640.0
334742930550062701,5124,5187,5147,5209,5179,5157,5101,4960.0,4948.0,4877.0,4835.0,4717.0,4751.0,4742.0,4725.0
334842930540429202,2299,2327,2367,2355,2379,2364,2358,2322.0,2371.0,2387.0,2374.0,2351.0,2345.0,2323.0,2349.0
334942930519074702,9895,9968,10118,10102,10115,10008,9987,9733.0,9810.0,9742.0,9745.0,9820.0,9826.0,9820.0,9885.0
335042930456163602,2292,2255,2268,2216,2184,2160,2111,2027.0,2031.0,1988.0,1951.0,1925.0,1928.0,1872.0,1827.0
335242930549567202,6651,6682,6692,6684,6638,6604,6607,6570.0,6530.0,6544.0,6558.0,6532.0,6516.0,6529.0,6583.0
335642930473582201,576,586,590,598,589,573,575,561.0,583.0,581.0,565.0,571.0,561.0,552.0,534.0
335742928811707801,2110,2070,2067,2046,2046,2027,1990,1906.0,1884.0,1847.0,1844.0,1860.0,1824.0,1802.0,1768.0
335842930479885101,1000,1030,1036,1042,1035,1051,1068,1049.0,1041.0,1061.0,1056.0,1036.0,1047.0,1063.0,1083.0
335842930547547102,140,140,139,139,138,135,138,133.0,132.0,132.0,131.0,134.0,127.0,124.0,124.0
336042930529221701,687,684,650,639,626,608,596,578.0,569.0,570.0,555.0,543.0,546.0,537.0,535.0
336142930480247501,4462,4510,4516,4470,4515,4520,4460,4454.0,4421.0,4353.0,4296.0,4195.0,4123.0,4141.0,4154.0
336342928855703402,10027,10174,10275,10303,10353,10390,10346,10198.0,10155.0,10136.0,10107.0,10028.0,10063.0,10027.0,10050.0
336342930479111802,2518,2490,2518,2461,2469,2465,2426,2373.0,2361.0,2363.0,2314.0,2319.0,2305.0,2335.0,2312.0
336542928235791602,556,567,552,543,539,553,558,520.0,508.0,506.0,500.0,491.0,498.0,496.0,506.0
336642930547172801,668,656,654,644,642,641,636,597.0,587.0,569.0,562.0,551.0,533.0,523.0,512.0
336842928235971801,11067,11068,11168,11092,11059,11059,10918,10733.0,10698.0,10665.0,10538.0,10322.0,10168.0,10059.0,10064.0
336942930511301301,8329,8347,8444,8466,8582,8646,8678,8790.0,8790.0,8856.0,8903.0,8862.0,8906.0,8969.0,9003.0
337042930478901701,2441,2416,2398,2369,2350,2329,2309,2304.0,2286.0,2245.0,2211.0,2177.0,2124.0,2091.0,2076.0
337042930532277601,5669,5794,5887,5898,5870,5831,5806,5776.0,5765.0,5769.0,5722.0,5766.0,5798.0,5810.0,5802.0
337142930476072102,983,968,950,943,940,924,914,889.0,878.0,869.0,870.0,861.0,850.0,831.0,815.0
337342930456181701,1670,1686,1677,1665,1644,1648,1649,1619.0,1608.0,1592.0,1580.0,1609.0,1634.0,1611.0,1600.0
337442930525066402,3362,3369,3374,3385,3410,3391,3384,3392.0,3362.0,3345.0,3345.0,3299.0,3290.0,3255.0,3273.0
337542930462685102,753,738,740,739,735,715,694,679.0,676.0,687.0,674.0,671.0,674.0,664.0,648.0
337642930543341001,11961,12248,12556,12829,13173,13268,13236,13145.0,13110.0,12999.0,13039.0,12919.0,12928.0,12971.0,13022.0
337742930526684701,6083,6021,6026,6000,5950,5931,5845,5742.0,5679.0,5647.0,5619.0,5601.0,5584.0,5511.0,5526.0
337842930452940302,1253,1274,1262,1278,1270,1270,1259,1260.0,1255.0,1243.0,1240.0,1226.0,1211.0,1204.0,1188.0
337842930477414902,830,817,810,798,818,794,799,781.0,775.0,768.0,756.0,747.0,742.0,729.0,736.0
337942929800508901,369,355,354,351,354,351,358,360.0,357.0,348.0,336.0,329.0,320.0,314.0,309.0
338042928845019702,5940,5979,5986,6005,6009,6001,6041,5916.0,5881.0,5779.0,5716.0,5724.0,5611.0,5614.0,5669.0
338042930541162002,7956,7984,7981,7899,7879,7871,7815,7675.0,7639.0,7618.0,7535.0,7392.0,7367.0,7291.0,7281.0
338242930461890002,3455,3410,3397,3417,3415,3425,3379,3299.0,3279.0,3256.0,3199.0,3146.0,3094.0,3049.0,3052.0
338442930521976001,1692,1686,1653,1669,1645,1653,1666,1624.0,1612.0,1590.0,1573.0,1561.0,1545.0,1543.0,1564.0
338742930455466002,2334,2325,2364,2334,2332,2365,2380,2437.0,2411.5714285714284,2471.0,2438.0,2406.0,2376.0,2365.0,2388.0
338842930548855501,437,451,449,455,456,453,447,444.0,431.0,427.0,418.0,415.0,417.0,420.0,442.0
338942930517342702,6374,6538,6689,6818,6876,6894,6884,6934.0,6983.0,7075.0,7094.0,7074.0,7021.0,7068.0,7138.0
338942930543405802,875,884,886,882,873,877,864,883.0,876.0,860.8571428571429,859.0,857.0,857.0,854.0,840.0
339042930474793701,568,555,558,535,526,537,516,487.0,471.0,458.0,455.0,445.0,440.0,438.0,443.0
339042930545527902,1469,1464,1522,1537,1550,1536,1521,1513.0,1489.0,1497.0,1471.0,1488.0,1527.0,1544.0,1504.142857142857
339242930220743401,149,145,143,137,129,125,129,131.0,128.0,126.0,122.0,120.0,117.0,114.0,109.0
339442930523968302,1783,1749,1742,1731,1726,1701,1688,1638.0,1627.0,1609.0,1604.0,1535.0,1551.0,1537.0,1536.0
339642930480766401,896,924,970,1000,1008,977,988,1009.0,1019.0,999.0,997.0,1005.0,996.0,982.0,974.0
339642930525423102,3273,3222,3167,3147,3109,3089,3046,3006.0,2943.0,2909.0,2842.0,2790.0,2758.0,2683.0,2648.0
339742930526997301,7375,7412,7389,7341,7357,7293,7252,7114.0,7059.0,6998.0,6944.0,6804.0,6771.0,6689.0,6624.0
339842927963711401,588,587,593,571,585,579,573,581.0,554.0,545.0,546.0,545.0,543.0,555.0,545.0
339842930447217001,924,925,911,873,876,858,857,863.0,842.0,868.0,867.0,871.0,884.0,870.0,879.0
339842930550330402,3620,3641,3711,3729,3725,3766,3795,3792.0,3798.0,3843.0,3880.0,3823.0,3818.0,3804.0,3756.0
339942930532939901,1352,1365,1474,1475,1450,1423,1419,1299.0,1267.0,1248.0,1230.0,1190.0,1152.0,1125.0,1106.0
341142929417399601,2143,2098,2088,2074,2078,2058,2080,1987.0,1998.0,1969.0,1936.0,1894.0,1889.0,1890.0,1861.0
341242930518833102,3668,3693,3673,3650,3636,3622,3624,3551.0,3560.0,3526.0,3526.0,3502.0,3482.0,3430.0,3403.0
341242930523112101,5196,5206,5180,5245,5283,5296,5273,5190.0,5185.0,5151.0,5155.0,5105.0,5123.0,5140.0,5122.0
341342930456359501,1596,1592,1579,1566,1580,1547,1551,1534.0,1493.0,1482.0,1475.0,1445.0,1462.0,1424.0,1401.0
341342930477720902,2202,2209,2215,2230,2283,2272,2262,2235.0,2189.0,2219.0,2192.0,2170.0,2130.0,2115.0,2161.0
341442930475907401,4191,4160,4196,4220,4256,4306,4313,4302.0,4230.0,4264.0,4261.0,4278.0,4303.0,4297.0,4318.0
341442930519841401,512,514,513,507,504,494,495,481.0,470.0,458.0,453.0,453.0,436.0,432.0,427.0
341442930538862202,3468,3438,3397,3362,3342,3309,3273,3235.0,3195.0,3162.0,3108.0,3080.0,3069.0,3042.0,3054.0
341442930546207101,446,432,436,434,423,426,405,364.0,368.0,365.0,356.0,367.0,382.0,372.0,372.0
341542930550753601,4843,4840,4826,4823,4768,4781,4725,4588.0,4493.0,4462.0,4385.0,4325.0,4299.0,4279.0,4299.0
341642930529403602,3108,3125,3134,3112,3120,3082,3098,3076.0,3087.0,3094.0,3096.0,3078.0,3075.0,3084.0,3112.0
341742930469756902,5045,5053,5049,4972,4924,4890,4878,4790.0,4731.0,4662.0,4635.0,4694.0,4627.0,4599.0,4657.0
341742930548656502,1138,1104,1093,1087,1073,1070,1068,1052.0,1048.0,1028.0,1011.0,988.0,968.0,962.0,953.0
341842930524241201,6822,6970,6976,7071,7079,7045,7005,7028.0,6916.0,6953.0,6870.0,6784.0,6771.0,6751.0,6744.0
341942930459636002,17382,17320,17146,17055,16879,16814,16633,16248.0,16097.0,16026.0,15871.0,15874.0,15753.0,15673.0,15717.0
342042928560914101,833,859,845,836,817,811,817,801.0,778.0,767.0,748.0,771.0,765.0,753.0,740.0
342242930460756801,6574,6534,6533,6683,6775,6715,6628,6591.0,6483.0,6550.0,6634.0,6683.0,6785.0,6864.0,6932.0
342442930479952501,5245,5187,5138,5123,5042,4982,4921,4759.0,4675.0,4581.0,4482.0,4342.0,4264.0,4172.0,4083.0
342542930456553701,689,704,693,694,711,700,684,677.0,663.0,649.0,645.0,640.0,636.0,645.0,644.0
342542930508067702,680,673,660,666,673,666,656,733.0,724.0,784.0,692.0,630.0,668.0,638.0,704.0
342642930541899602,3877,3835,3797,3766,3774,3747,3719,3676.0,3691.0,3649.0,3595.0,3497.0,3443.0,3358.0,3308.0
342642930546268701,9687,9870,10062,10094,10186,10206,10340,10448.0,10430.0,10536.0,10468.0,10503.0,10441.0,10418.0,10466.0
342742930540958102,893,866,878,870,884,875,878,836.0,842.0,865.0,875.0,865.0,854.0,849.0,838.0
342842930534602701,27451,27467,27627,27766,27931,27972,27854,27422.0,27449.0,27412.0,27205.0,26309.0,26317.0,25939.0,25893.0
343042930519223402,2891,2917,2898,2812,2844,2860,2823,2768.0,2761.0,2804.0,2782.0,2768.0,2726.0,2762.0,2833.0
343142930525678801,14467,14582,14665,14708,14722,14777,14777,14680.0,14734.0,14727.0,14797.0,14788.0,14572.0,14460.0,14437.0
343242929400142802,1587,1574,1554,1559,1581,1596,1599,1521.0,1545.0,1560.0,1522.0,1490.0,1480.0,1470.0,1471.0
343242929800157201,5354,5350,5314,5369,5208,5000,4900,4274.2,4274.2,4274.2,4378.0,4282.0,4280.0,4217.0,4214.0
343342930464798602,602,587,595,589,592,577,565,527.0,521.0,504.0,487.0,498.0,485.0,488.0,478.0
343342930466774202,601,621,632,639,650,653,661,663.0,663.0,660.0,657.0,646.0,641.0,642.0,634.0
343442930548167501,1003,1004,992,1015,998,986,970,942.0,936.0,909.1428571428572,906.0,902.0,892.0,892.0,894.0
343542930548828801,1199,1187,1177,1161,1141,1110,1092,1077.0,1082.0,1074.0,1056.0,1005.0,967.0,950.0,939.0
343642930531569302,2035,2082,2133,2172,2188,2222,2208,2253.0,2216.0,2204.0,2193.0,2161.0,2138.0,2128.0,2141.0
343642930544262102,3013,2993,2968,2970,2942,2916,2887,2773.0,2732.0,2690.0,2660.0,2583.0,2632.0,2595.0,2583.0
343742928912076802,994,965,949,945,954,937,938,896.2857142857143,965.0,929.0,899.0,887.0,896.0,852.0,846.0
343842930527264502,4906,4909,4927,4930,4970,4968,4964,4942.0,4969.0,4901.0,4915.0,4930.0,4900.0,4925.0,4944.0
343842930546595402,14001,14058,14169,14140,14053,13999,13939,13801.0,13977.0,13988.0,13945.0,13845.0,13727.0,13659.0,13783.0
343942930548932901,2530,2530,2600,2645,2693,2700,2718,2713.0,2662.0,2670.0,2680.0,2690.0,2677.0,2675.0,2679.0
344042930455560502,827,839,815,834,831,837,820,797.0,783.0,776.0,764.0,764.0,756.0,745.0,743.0
344042930528869902,2341,2316,2270,2265,2241,2194,2157,2101.0,2071.0,2036.0,1977.0,1964.0,1939.0,1893.0,1849.0
344142930479051402,20644,20751,20812,20772,20675,20533,20458,20150.0,19959.0,19879.0,19743.0,19868.0,19849.0,19602.0,19532.0
344242930508956602,6488,6525,6491,6453,6466,6476,6460,6317.0,6335.0,6325.0,6281.0,6372.0,6293.0,6293.0,6310.0
344542930518632701,1806,1794,1816,1840,1836,1835,1831,1872.0,1914.0,1906.0,1887.0,1927.0,1886.0,1878.0,1909.0
344642930531930701,1535,1502,1501,1496,1474,1444,1442,1350.0,1331.0,1299.0,1294.0,1250.0,1224.0,1197.0,1153.0
344742930474743902,6810,6805,6777,6794,6749,6714,6676,6616.0,6628.0,6589.0,6537.0,6455.0,6404.0,6371.0,6374.0
344842930453546402,160293,161741,163252,164127,165271,165466,164227,165106.0,164371.0,164768.0,164880.0,164721.0,162362.0,161748.0,162527.0
345142930452588901,2397,2348,2349,2322,2303,2286,2227,2201.0,2217.0,2184.0,2167.0,2135.0,2105.0,2087.0,2072.0
345242930101315801,69343,69390,69728,69433,68564,67891,67353,66877.0,66333.0,66102.0,65623.0,64070.0,64073.0,63760.0,63693.0
345242930475998202,377,378,366,368,372,371,369,367.0,359.0,358.0,359.0,344.0,325.0,326.0,322.0
345242930478022802,10714,10755,10818,10819,10775,10744,10753,10689.0,10603.0,10511.0,10447.0,10377.0,10344.0,10211.0,10187.0
345242930535683001,1345,1356,1335,1312,1306,1323,1304,1277.0,1262.0,1248.0,1203.0,1189.0,1196.0,1188.0,1184.0
345342929544053901,3152,3306,3513,3696,3774,3894,3959,3972.0,3990.0,3959.0,3959.0,4003.0,4095.0,4114.0,4106.0
345342930466643601,468,463,442,446,449,440,438,414.0,410.0,401.0,391.0,394.0,396.0,378.0,386.0
345342930478327301,4118,4067,3999,3958,3906,3887,3882,3526.4285714285716,3729.0,3687.0,3588.0,3480.0,3451.0,3387.0,3363.0
345842930527032402,2129,2160,2153,2130,2148,2173,2182,2162.0,2233.0,2231.0,2231.0,2219.0,2265.0,2268.0,2266.0
345842930527886501,848,855,851,848,841,851,853,826.0,812.0,805.0,800.0,792.0,785.0,801.0,801.0
345942929091386401,3213,3204,3178,3212,3256,3225,3151,3161.0,3174.0,3155.0,3199.0,3192.0,3261.0,3296.0,3299.0
346042930463684402,1496,1491,1468,1401,1386,1371,1352,1333.0,1333.0,1326.0,1303.0,1281.0,1280.0,1271.0,1263.0
346442930545956501,5562,5543,5517,5478,5440,5312,5229,5137.0,5039.0,4929.0,4874.0,4784.0,4757.0,4713.0,4674.0
346542930473729001,4965,5003,4967,4973,4937,4929,4843,4715.0,4696.0,4715.0,4717.0,4649.0,4666.0,4662.0,4693.0
346542930526196101,63500,63657,64016,64064,63397,62986,62431,61233.0,60813.0,60602.0,60512.0,61251.0,61045.0,60579.0,60793.0
346542930534670102,2053,2048,2091,2079,2097,2133,2116,2114.0,2141.0,2115.0,2108.0,2049.0,2060.0,2065.0,2101.0
346542930543801102,3714,3750,3809,3828,3816,3808,3794,3766.0,3762.0,3743.0,3774.0,3795.0,3804.0,3784.0,3792.0
346742930473292901,358,370,385,389,397,393,378,393.0,376.0,417.0,401.0,393.0,391.0,384.0,408.0
346842930518058602,7321,7331,7302,7264,7250,7187,7089,7063.0,7069.0,7038.0,7045.0,6981.0,6902.0,6986.0,7004.0
346942928923773502,1542,1567,1548,1571,1567,1552,1551,1560.0,1560.0,1589.0,1567.0,1548.0,1533.0,1529.0,1574.0
346942930545787402,837,829,830,818,832,837,847,792.0,788.0,756.0,764.0,759.0,738.0,723.0,728.0
347042930542852202,1600,1555,1524,1521,1537,1533,1527,1511.0,1478.0,1454.0,1448.0,1387.0,1348.0,1355.0,1360.0
347142930518996802,38696,39148,39765,40219,40522,40429,40413,40667.0,40659.0,40634.28571428572,40489.0,40553.0,40565.0,40692.0,40815.0
347142930542876001,4959,4948,4963,4919,4883,4824,4865,4799.0,4794.0,4734.0,4682.0,4614.0,4643.0,4595.0,4550.0
347242930518420401,8911,8874,8853,8830,8735,8727,8721,8556.0,8500.0,8362.0,8303.0,8124.0,8051.0,8093.0,8176.0
347342930541527202,271,272,267,262,254,252,250,240.0,222.42857142857144,228.0,224.0,226.0,217.0,212.0,210.0
347342930543230401,1058,1057,1076,1061,1070,1111,1067,1080.0,1066.0,1034.0,1027.0,1032.0,1064.0,1046.0,1015.0
347942928176065301,9577,9603,9622,9697,9921,10024,10117,10188.0,10185.0,10446.0,10342.0,10119.0,10120.0,10082.0,10102.0
347942930470091601,2265,2250,2232,2199,2179,2171,2152,2162.0,2143.0,2130.0,2084.0,1924.0,1879.0,1882.0,1856.0
348142930525884202,2065,2055,2047,1997,1956,1960,1932,1933.0,1880.0,1892.0,1861.0,1801.0,1754.0,1731.0,1720.0
348242930472143502,1533,1515,1518,1489,1502,1484,1481,1486.0,1475.0,1450.0,1447.0,1433.0,1441.0,1433.0,1432.0
348342930459843702,3327,3400,3446,3486,3504,3527,3522,3502.0,3442.0,3400.0,3428.0,3419.0,3428.0,3367.0,3372.0
348542928242444802,6481,6578,6615,6618,6596,6579,6456,6325.0,6325.0,6362.0,6292.0,6160.0,6239.0,6229.0,6276.0
348542930458368601,4311,4329,4361,4399,4397,4422,4429,4449.0,4470.0,4492.0,4537.0,4576.0,4580.0,4593.0,4655.0
348642930463647301,1865,1866,1846,1832,1848,1864,1833,1814.0,1799.0,1808.0,1798.0,1750.0,1725.0,1693.0,1689.0
348642930474443601,6672,6870,6927,6984,6963,6978,6964,6958.0,6952.0,7087.0,7100.0,7176.0,7139.0,7111.0,7171.0
348742930550264202,3041,3092,3131,3113,3113,3127,3170,3103.0,3111.0,3126.0,3098.0,3098.0,3146.0,3141.0,3146.0
348842930446522602,1660,1673,1700,1695,1725,1712,1692,1702.0,1737.428571428571,1686.0,1723.0,1733.0,1754.0,1778.0,1786.0
348842930448305701,3024,2976,2981,3026,2968,2957,2933,2866.0,2851.0,2826.0,2820.0,2810.0,2812.0,2803.0,2820.0
349042930522319202,873,872,860,855,854,840,858,829.0,833.0,815.0,783.0,771.0,773.0,746.0,726.0
349042930528256602,2044,2084,2085,2068,2084,2087,2080,2005.571428571429,2024.0,1990.0,2000.0,1983.0,2026.0,1996.0,2020.0
349042930539087601,968,985,977,1024,1038,1051,1036,1046.0,1071.7142857142858,1080.0,1059.0,1049.0,1070.0,1103.0,1095.0
349342930462812102,2410,2410,2447,2464,2451,2461,2439,2454.0,2453.0,2436.0,2433.0,2530.0,2462.0,2459.0,2471.0
349442930516840901,1182,1194,1197,1187,1185,1180,1173,1146.0,1137.0,1121.0,1112.0,1064.0,1076.0,1051.0,1035.0
349442930542073801,31755,31770,31888,31866,31576,31550,31430,31036.0,30742.0,30469.0,30247.0,30147.0,30117.0,29933.0,29773.0
349542930463037902,1614,1630,1599,1602,1582,1555,1547,1531.0,1513.0,1477.0,1481.0,1457.0,1472.0,1476.0,1462.0
349542930464233001,1036,1060,1056,1104,1118,1135,1116,1110.0,1095.0,1102.0,1069.0,1053.0,1076.0,1051.0,1076.0
349742930530005702,8039,8113,8087,8131,8187,8259,8340,8388.0,8437.0,8520.0,8576.0,8502.0,8604.0,8698.0,8683.0
349842930526868801,10967,11088,11183,11320,11385,11532,11617,11977.0,12205.0,12405.0,12429.0,12567.0,12415.0,12477.0,12541.0
349842930537161802,13841,13930,13999,14081,14152,14191,14258,14427.0,14525.0,14556.0,14609.0,14668.0,14680.0,14613.0,14638.0
349942930453287002,430,427,431,423,409,393,393,380.0,383.0,375.0,375.0,376.0,365.0,380.0,376.0
351142930518610302,6819,6830,6868,6855,6790,6876,6826,6672.0,6723.0,6681.0,6693.0,6645.0,6712.0,6678.0,6757.0
351242929197737002,2250,2250,2240,2212,2171,2158,2166,2257.0,2208.0,2143.0,2101.0,2014.0,2004.0,1979.0,1967.0
351342930458841902,978,977,987,991,970,939,930,898.0,881.0,868.0,871.0,862.0,863.0,840.0,869.0
351542930472807902,2672,2710,2732,2749,2713,2727,2742,2781.0,2733.0,2739.0,2769.0,2684.0,2726.0,2733.0,2737.0
351542930542392001,2034,1999,2033,2053,2050,2070,2063,2106.0,2069.0,2041.0,2026.0,1986.0,2004.0,2022.0,2038.0
351542930542888401,20775,20924,20966,21080,21211,21332,21274,21462.0,21531.0,21626.0,21664.0,21431.0,21453.0,21609.0,21767.0
351842930473013801,9529,9481,9456,9409,9313,9228,9102,8990.0,8921.0,8814.0,8768.0,8615.0,8548.0,8420.0,8317.0
351842930516795801,3892,4033,4136,4167,4279,4246,4252,4335.0,4353.0,4376.0,4388.0,4393.0,4371.0,4360.0,4434.0
351942930478868202,1452,1414,1414,1402,1396,1342,1319,1235.0,1213.0,1252.0,1250.0,1201.0,1175.0,1157.0,1159.0
352042930457340302,4583,4512,4471,4413,4391,4346,4331,4265.0,4213.0,4190.0,4168.0,4203.0,4202.0,4189.0,4190.0
352042930537324302,39883,40003,40081,39933,39824,39890,39827,39906.0,40053.0,40053.0,40094.0,39673.0,39762.0,39705.0,39788.0
352142930462425302,10144,10202,10291,10366,10451,10484,10490,10534.0,10700.0,10702.0,10761.0,10689.0,10725.0,10716.0,10740.0
352342930460748201,320,321,323,304,284,296,291,281.0,264.0,247.0,229.0,226.0,220.0,209.0,215.0
352442930453460201,4825,4839,4870,4874,4883,4813,4763,4725.0,4657.0,4638.0,4613.0,4504.0,4472.0,4434.0,4374.0
352542930469163501,3834,3759,3731,3685,3648,3643,3562,3367.0,3290.0,3280.0,3210.0,3116.0,3087.0,3014.0,3005.0
352642930459600202,704,700,684,667,648,652,633,613.0,610.0,604.0,596.0,590.0,576.0,574.0,563.0
352642930478847701,423,418,417,397,405,399,394,382.0,374.0,363.0,363.0,364.0,366.0,357.0,341.0
352642930531604201,478,460,451,446,444,435,434,403.0,387.0,383.0,383.0,376.0,370.0,373.0,364.0
352842930534654102,2314,2423,2495,2529,2566,2582,2632,2657.0,2670.0,2662.0,2718.0,2746.0,2754.0,2777.0,2800.0
352942930524844002,4138,4077,4007,3938,3846,3775,3731,3657.0,3584.0,3513.0,3462.0,3350.0,3323.0,3259.0,3198.0
353342930537832101,4101,4060,4086,4063,4087,4123,4125,4104.0,4069.0,3986.0,3894.0,3792.0,3740.0,3722.0,3680.0
353542929613487101,2051,2063,2047,1993,1983,2005,1984,1980.0,1943.0,1923.0,1881.0,1868.0,1843.0,1836.0,1827.0
353542930462492101,7733,7680,7591,7416,7491,7423,7423,7507.0,7520.0,7488.0,7475.0,7490.0,7504.0,7477.0,7472.0
353742929989757001,669,670,661,637,643,650,640,622.0,626.0,618.0,611.0,616.0,606.0,616.0,614.0
353742930449690102,88,85,78,71,70,70,65,65.0,60.0,63.0,61.0,59.0,60.0,63.0,59.0
353842930476422401,3968,4075,4173,4281,4447,4522,4636,4679.0,4682.0,4746.0,4762.0,4734.0,4750.0,4732.0,4751.0
354142930466805102,3580,3617,3619,3633,3617,3605,3608,3590.0,3631.0,3581.0,3558.0,3449.0,3424.0,3364.0,3413.0
354442927929225802,3408,3446,3472,3496,3482,3459,3464,3512.0,3517.0,3500.0,3528.0,3585.0,3644.0,3666.0,3703.0
354642930520764501,769,776,778,786,771,759,737,783.0,773.0,755.0,740.0,730.0,752.0,748.0,776.0
354742930516887001,3322,3328,3293,3226,3228,3214,3181,3099.0,3075.0,3078.0,3014.0,2987.0,2963.0,2963.0,2943.0
354742930525620201,1763,1745,1737,1724,1740,1732,1719,1668.0,1680.0,1652.0,1672.0,1740.0,1694.0,1694.0,1697.0
354842930508660902,2122,2100,2088,2062,2028,2005,1981,1896.0,1857.0,1817.0,1773.0,1707.0,1696.0,1677.0,1672.0
354842930519368602,12259,12437,12636,12702,13010,13145,13344,13483.0,13539.0,13527.0,13530.0,13738.0,13848.0,13835.0,13853.0
355142930548645401,259297,258285,257068,256561,257555,257965,257950,257702.0,257845.0,258584.0,259087.0,258031.0,255985.0,255588.0,255643.0
355242930526529902,2154,2129,2097,2061,2028,1997,1970,1911.0,1865.0,1830.0,1821.0,1757.0,1763.0,1726.0,1716.0
355342930468737802,10825,11001,10953,11045,11200,11219,11600,11618.0,11659.0,11661.0,11838.0,11866.0,11762.0,11823.0,11849.0
355442928697224902,975,946,941,949,948,939,917,903.0,884.0,868.0,841.0,821.0,815.0,799.0,778.0
355642930479523202,9299,9294,9301,9239,9216,9205,9149,9071.0,8994.0,8903.0,8794.0,8693.0,8640.0,8596.0,8491.0
355942930525937802,5044,5194,5331,5460,5543,5561,5624,5663.0,5675.0,5697.0,5731.0,5666.0,5711.0,5715.0,5691.0
355942930529354002,1905,1987,1996,1994,1988,2012,2010,2033.0,2024.0,1968.0,1930.0,1898.0,1886.0,1906.0,1905.0
356242930460398301,4021,3989,3958,3943,3936,3883,3800,3647.0,3561.0,3475.0,3401.0,3298.0,3257.0,3214.0,3129.0
356542930508363702,697,672,679,682,687,687,699,689.0,664.0,649.0,635.0,629.0,619.0,621.0,626.0
356542930547187501,9697,9707,9719,9770,9779,9774,9773,9808.0,9830.0,9915.0,9917.0,9945.0,9945.0,9973.0,10058.0
356942930453980302,8467,8525,8601,8703,8676,8654,8586,8550.0,8559.0,8497.0,8576.0,8708.0,8688.0,8650.0,8603.0
357242930474146102,3330,3369,3414,3415,3385,3353,3405,3436.0,3464.0,3463.0,3495.0,3532.0,3581.0,3591.0,3683.0
357742930453737101,3773,3756,3752,3715,3602,3580,3574,3490.0,3442.0,3448.0,3389.0,3342.0,3306.0,3285.0,3274.0
357742930516969102,151819,153522,155028,156644,157871,158585,158581,159288.0,159678.0,158923.0,158247.0,156463.0,155836.0,155751.0,156345.0
357842929626479301,323,328,326,316,322,320,319,322.0,321.0,305.0,308.0,308.0,315.0,303.0,323.0
357942929642451502,1079,1072,1059,1090,1092,1050,1039,1034.0,1026.0,1037.0,1049.0,1066.0,1090.0,1077.0,1075.0
357942930184642001,21193,21216,21338,21349,21406,21406,21575,21525.0,21428.0,21306.0,21280.0,21383.0,21277.0,21188.0,21270.0
357942930530778202,12676,12771,12799,12935,12877,12899,12916,12741.0,12718.0,12665.0,12629.0,12574.0,12534.0,12531.0,12540.0
358142930544582002,318,319,315,309,305,304,302,293.0,288.14285714285717,288.0,285.0,285.0,287.0,285.0,294.0
358242930460895502,29331,29445,29443,29613,29713,29737,29684,29479.0,29495.0,29506.0,29592.0,29568.0,29536.0,29523.0,29802.0
358442928258216002,1768,1748,1740,1714,1707,1713,1694,1670.0,1646.0,1627.0,1595.0,1551.0,1525.0,1502.0,1482.0
358642929321259402,1975,1967,1955,1978,2037,2051,2060,2055.0,2076.0,2045.0,2024.0,2009.0,2041.0,2052.0,2045.0
358742930549587401,472,465,469,478,490,489,482,454.0,451.0,443.0,447.0,426.0,424.0,448.0,445.0
358842930464104801,2602,2573,2606,2586,2557,2541,2507,2444.0,2404.0,2400.0,2386.0,2337.0,2322.0,2280.0,2243.0
359042930531360101,4986,4895,4876,4850,4848,4761,4754,4722.0,4707.0,4781.0,4822.0,4740.0,4701.0,4707.0,4775.0
359042930533227901,4433,4412,4400,4351,4321,4299,4276,4214.0,4186.0,4165.0,4126.0,3991.0,3971.0,3930.0,3901.0
359242930534008902,6914,6861,6772,6722,6610,6553,6492,6307.0,6250.0,6138.0,6044.0,5908.0,5792.0,5705.0,5629.0
359342930547018002,13720,13831,13910,14088,14379,14573,14697,14720.0,14683.0,14683.0,14763.0,14849.0,14913.0,15046.0,15075.0
359542928823136501,668,661,660,641,627,620,601,575.0,566.0,565.0,554.0,531.0,515.0,501.0,501.0
359542930510540501,10057,10112,10180,10193,10174,10196,10230,9952.0,9797.0,9815.0,9658.0,9442.0,9543.0,9587.0,9544.0
359542930546652401,1492,1523,1524,1546,1564,1564,1583,1515.428571428571,1529.0,1538.0,1536.0,1520.0,1507.0,1485.0,1493.0
359542930547704001,2628,2653,2638,2635,2666,2615,2605,2554.0,2551.0,2509.0,2480.0,2445.0,2442.0,2403.0,2390.0
359642930460549701,845,846,839,832,814,798,783,774.0,790.0,792.0,785.0,751.0,729.0,733.0,728.0
359642930474938401,19953,20432,20730,20994,21321,21461,21596,21870.0,21961.0,22070.0,21995.0,21921.0,22082.0,22063.0,22158.0
359642930543976301,5404,5418,5385,5415,5443,5438,5483,5370.0,5365.0,5357.0,5244.0,5162.0,5177.0,5179.0,5125.0
359742930529177501,3697,3701,3683,3670,3671,3647,3654,3606.0,3544.0,3533.0,3491.0,3427.0,3440.0,3370.0,3334.0
359942929703939902,5669,5748,5687,5708,5745,5774,5693,5601.0,5544.0,5507.0,5483.0,5461.0,5421.0,5357.0,5326.0
359942930456560502,6754,6678,6618,6559,6512,6485,6472,6274.0,6203.0,6154.0,6102.0,6022.0,5911.0,5833.0,5783.0
359942930456840101,12658,12828,12797,12855,13040,13024,13084,13290.0,13385.0,13527.0,13562.0,13611.0,13619.0,13769.0,13903.0
359942930524706101,442,434,426,420,410,397,391,375.0,364.0,361.0,356.0,348.0,349.0,345.0,336.0
361142927975121802,7381,7321,7231,7216,7168,7180,7154,7149.0,7001.0,6951.0,6883.0,6852.0,6846.0,6849.0,6816.0
361342930462349102,215,215,216,212,213,217,208,224.0,210.0,211.0,192.0,188.0,187.0,192.0,201.0
361342930477354902,1122,1165,1175,1210,1201,1214,1225,1195.0,1189.0,1193.0,1213.0,1186.0,1200.0,1217.0,1202.0
361342930480586502,564,568,593,600,593,576,582,590.0,588.0,582.0,566.0,554.0,534.0,530.0,523.0
361542930508297202,2295,2252,2244,2201,2178,2184,2170,2213.0,2223.0,2201.0,2155.0,2102.0,2110.0,2078.0,2088.0
361642930480458002,970,967,957,963,964,962,943,901.0,886.0,887.0,883.0,877.0,871.0,875.0,840.0
361642930526437301,1046,1033,1015,980,968,974,944,912.0,898.0,883.0,864.0,843.0,837.0,841.0,827.0
361942930525512301,1057,1044,1039,1034,1021,1000,1006,986.0,999.0,980.0,971.0,944.0,912.0,898.0,884.0
361942930530406602,5052,5044,5106,5091,5141,5167,5120,5073.0,5000.0,4932.0,4902.0,4833.0,4777.0,4797.0,4760.0
361942930532111701,883,877,865,882,891,900,899,901.0,903.0,884.0,897.0,874.0,882.0,880.0,877.0
362042930544823201,4288,4320,4443,4492,4503,4490,4435,4435.0,4405.0,4364.0,4307.0,4297.0,4308.0,4280.0,4275.0
362242930460297302,660,648,627,604,595,603,620,595.0,588.0,597.0,593.0,549.0,542.0,558.0,549.0
362242930547052601,1208,1188,1149,1141,1128,1104,1091,1048.0,1034.0,1035.0,1023.0,971.0,1014.0,968.0,962.0
362442930465016701,594,595,575,562,586,582,597,591.0,588.0,572.0,568.0,577.0,585.0,570.0,572.0
362442930549738201,2651,2617,2668,2725,2705,2708,2704,2635.0,2625.0,2610.0,2615.0,2593.0,2563.0,2625.0,2667.0
362642930463508202,670,676,661,648,635,630,613,589.0,588.0,584.0,592.0,606.0,622.0,613.0,650.0
362642930510624401,2425,2420,2425,2413,2361,2351,2353,2314.0,2267.0,2227.0,2176.0,2145.0,2135.0,2125.0,2088.0
362742930460187602,1166,1145,1112,1095,1085,1071,1061,1079.0,1062.0,1049.0,1035.0,996.0,971.0,970.0,950.0
362742930528277302,6020,6047,6015,5923,5910,5848,5836,5770.0,5736.0,5694.0,5669.0,5597.0,5563.0,5460.0,5422.0
362842930531219902,5932,6042,6140,6253,6371,6349,6402,6362.0,6361.0,6399.0,6382.0,6363.0,6430.0,6386.0,6370.0
363242930533930601,243,225,207,215,227,244,227,220.0,212.0,222.0,203.0,201.0,192.0,201.0,201.0
363542930480759601,14219,14388,14499,14586,14626,14605,14557,14573.0,14605.0,14517.0,14525.0,14339.0,14501.0,14397.0,14393.0
363642929704205701,1325,1321,1348,1329,1311,1302,1282,1256.0,1248.0,1235.0,1210.0,1171.0,1146.0,1120.0,1116.0
363642930533345502,6412,6386,6343,6304,6249,6248,6242,6144.0,6205.0,6185.0,6129.0,6110.0,6040.0,6013.0,6020.0
363742929725351301,2065,2079,2072,2106,2137,2118,2086,2035.0,2021.0,2019.0,1992.0,1962.0,1983.0,1974.0,1966.0
363742930461833501,1696,1734,1738,1758,1770,1790,1798,1826.0,1812.0,1808.0,1825.0,1799.0,1824.0,1845.0,1857.0
363842930473755601,4248,4242,4287,4320,4347,4357,4410,4481.0,4579.0,4627.0,4661.0,4696.0,4773.0,4828.0,4879.0
363942927929319102,809,812,815,802,794,799,805,810.0,765.0,743.0,731.0,728.0,736.0,733.0,739.0
364142930476434801,7512,7568,7607,7623,7619,7656,7629,7576.0,7579.0,7547.0,7560.0,7567.0,7596.0,7577.0,7617.0
364242930539775901,13860,14064,14325,14380,14630,14769,14818,15205.0,15336.0,15482.0,15622.0,15759.0,15857.0,15943.0,16096.0
364242930543965801,10879,10920,11058,11157,11241,11188,11214,11352.0,11441.0,11563.0,11539.0,11366.0,11362.0,11391.0,11470.0
364442930550625301,375,369,376,370,373,373,370,362.0,355.0,350.0,347.0,348.0,344.0,347.0,349.0
364542930546529701,1299,1300,1319,1303,1288,1297,1321,1319.0,1360.0,1325.0,1323.0,1292.0,1310.0,1305.0,1341.0
364742929013050002,5073,5053,4983,4882,4834,4766,4720,4481.0,4511.0,4448.0,4363.0,4272.0,4286.0,4231.0,4220.0
364742930533039701,11917,11923,11986,11946,11971,12057,12063,11995.0,11972.0,11987.0,11892.0,11728.0,11708.0,11678.0,11690.0
364842930545377702,1353,1364,1371,1347,1350,1313,1340,1301.0,1262.0,1253.0,1244.0,1235.0,1240.0,1227.0,1244.0
364942930464560301,1434,1427,1421,1411,1386,1357,1361,1234.0,1234.0,1234.0,1254.0,1227.0,1227.0,1231.0,1231.0
365342929696795902,7964,7971,7885,7832,7770,7758,7659,7573.0,7600.0,7622.0,7649.0,7758.0,7760.0,7867.0,7891.0
365442930462918502,9625,9668,9767,9741,9697,9628,9557,9407.0,9347.0,9268.0,9207.0,9086.0,9128.0,9240.5,9240.5
365542930453482901,3421,3392,3391,3391,3401,3414,3417,3370.0,3342.0,3342.0,3344.0,3309.0,3338.0,3393.0,3418.0
365542930528183702,854,846,831,821,814,817,809,773.0,751.0,727.0,705.0,685.0,688.0,657.0,646.0
365542930545595702,874,808,775,739,712,712,703,611.8333333333334,611.8333333333334,654.0,639.0,619.0,606.0,589.0,564.0
365642930475386902,2093,2065,2048,2038,2003,1991,1970,1885.0,1865.0,1842.0,1809.0,1769.0,1737.0,1705.0,1691.0
365742929197782602,3821,3778,3750,3717,3719,3698,3659,3570.0,3527.0,3515.0,3500.0,3515.0,3440.0,3404.0,3387.0
365742930451079301,1729,1741,1752,1781,1766,1777,1742,1658.0,1704.0,1681.0,1675.0,1632.0,1638.0,1626.0,1650.0
366042930480305402,4201,4275,4353,4416,4456,4590,4591,4630.0,4656.0,4722.0,4742.0,4701.0,4733.0,4759.0,4785.0
366042930524678302,10531,10549,10698,10820,10824,10786,10753,10714.0,10684.0,10650.0,10637.0,10556.0,10531.0,10441.0,10480.0
366342929230173202,2437,2418,2452,2434,2476,2490,2468,2435.0,2437.0,2461.0,2482.0,2565.0,2581.0,2622.0,2681.0
366342930461666002,10635,10755,10859,11022,11099,11239,11298,11248.0,11298.0,11354.0,11418.0,11649.0,11655.0,11728.0,11817.0
366442930475860401,1689,1668,1655,1658,1629,1611,1577,1472.428571428571,1539.0,1514.0,1491.0,1452.0,1446.0,1428.0,1437.0
366642930516534001,1738,1738,1715,1733,1742,1712,1712,1713.0,1672.0,1691.0,1661.0,1644.0,1639.0,1616.0,1626.0
366742930548750902,2945,2941,2936,2929,2890,2865,2848,2827.0,2786.0,2818.0,2809.0,2778.0,2753.0,2755.0,2798.0
366842930476474902,285,284,276,283,285,294,286,296.0,290.0,281.0,273.0,268.0,258.0,261.0,267.0
366842930544745901,182,179,174,170,162,160,169,167.0,160.0,164.0,156.0,154.0,156.0,152.0,149.0
366942929424165902,570,562,552,529,528,524,533,552.0,553.0,530.0,539.0,545.0,572.0,590.0,592.0
366942930543596502,9015,8989,8930,8968,8948,8968,8871,8676.0,8616.0,8610.0,8566.0,8380.0,8324.0,8353.0,8360.0
367342930531717502,626,626,635,603,565,562,560,527.0,519.0,525.0,528.0,520.0,517.0,498.0,513.0
367442930453595802,706,708,716,706,699,692,692,695.0,690.0,681.0,668.0,656.0,652.0,656.0,656.0
367542930545579601,1390,1311,1287,1264,1237,1192,1165,1116.0,1103.0,1104.0,1073.0,1030.0,1022.0,989.0,960.0
367642930538319801,7717,7695,7688,7657,7616,7610,7592,7543.0,7614.0,7618.0,7606.0,7604.0,7596.0,7593.0,7571.0
367742928043720302,464,447,444,435,424,409,404,424.0,423.0,398.0,387.0,382.0,372.0,370.0,362.0
367742930529880302,3414,3459,3519,3564,3639,3635,3638,3684.0,3678.0,3631.0,3642.0,3702.0,3752.0,3782.0,3798.0
367842930518636802,2933,2898,2913,2874,2917,2923,2912,2907.0,2897.0,2844.0,2850.0,2860.0,2880.0,2900.0,2893.0
368042930532028402,4474,4500,4576,4527,4466,4481,4497,4470.0,4421.0,4461.0,4410.0,4379.0,4384.0,4378.0,4414.714285714285
368042930542122402,2897,2885,2866,2859,2839,2817,2805,2812.0,2794.0,2756.0,2720.0,2682.0,2680.0,2671.0,2681.0
368042930549846802,5884,5988,6016,6124,6204,6158,6158,6083.0,6072.0,6079.0,6163.0,6217.0,6209.0,6264.0,6298.0
368142930457605901,16967,17056,17074,17112,17110,17036,17097,17019.0,16945.0,16926.0,16850.0,16751.0,16651.0,16573.0,16508.0
368142930529370002,4815,4818,4831,4923,5015,5065,5052,5039.0,4998.0,5005.0,5020.0,4948.0,4978.0,4994.0,5030.0
368142930530685501,954,955,942,933,918,906,902,884.0,864.0,855.0,842.0,831.0,820.0,817.0,801.0
368342930525229002,5824,5767,5759,5747,5705,5702,5703,5596.0,5524.0,5466.0,5382.0,5315.0,5320.0,5280.0,5277.0
368442930519901401,598438,597639,596364,595212,594134,590478,584649,576915.0,572320.0,569184.0,565752.0,566410.0,561203.0,558745.0,561947.0
368542930472747002,760,740,737,718,690,673,650,636.0,632.0,619.0,609.0,592.0,595.0,585.0,576.0
368542930529988102,6468,6465,6458,6534,6492,6517,6553,6541.0,6503.0,6534.0,6454.0,6244.0,6269.0,6223.0,6222.0
368642929385436301,1942,1928,1975,1948,1957,1928,1927,1863.0,1839.0,1827.0,1811.0,1801.0,1767.0,1751.0,1713.0
368642930533408402,36366,36545,36651,36608,36243,36013,35805,35058.0,34627.0,34248.0,34007.0,33926.0,34110.0,33899.0,33720.0
368742930461061301,5911,5845,5789,5791,5749,5659,5612,5491.0,5485.0,5406.0,5361.0,5194.0,5168.0,5091.0,5108.0
368742930523579301,2952,2962,2988,2998,2984,2975,2975,2947.0,2936.0,2946.0,2981.0,3000.0,3007.0,3031.0,3042.0
368942929160959801,737,739,721,716,705,726,716,695.0,687.0,664.0,651.0,618.0,615.0,609.0,617.0
368942930452764802,1531,1499,1509,1477,1471,1446,1420,1361.0,1333.0,1322.0,1323.0,1316.0,1297.0,1306.0,1291.0
369042930528159301,250,248,249,247,233,231,244,226.0,223.0,216.0,221.0,228.0,223.0,234.0,237.0
369042930543856402,2052,2085,2139,2177,2206,2195,2166,2154.0,2132.0,2087.0,2072.0,2062.0,2066.0,2053.0,2030.0
369442929476744201,1957,1921,1888,1840,1802,1764,1759,1680.0,1639.0,1607.0,1547.0,1507.0,1470.0,1441.0,1394.0
369442930454635702,2953,2950,2942,2930,2931,2904,2857,2794.1428571428573,2800.0,2815.0,2807.0,2796.0,2777.0,2794.0,2770.0
369642930447472302,7180,7211,7216,7229,7231,7222,7251,7211.0,7174.0,7246.0,7300.0,7216.0,7289.0,7324.0,7287.0
369742928305303001,2980,2975,2982,2992,2948,2906,2882,2834.0,2808.0,2829.0,2783.0,2794.0,2832.0,2835.0,2932.0
369742930529632401,788,780,767,764,752,767,768,742.0,730.0,729.0,722.0,707.0,691.0,688.0,685.0
369842930184265802,1686,1668,1666,1628,1612,1582,1575,1500.0,1477.0,1442.0,1416.0,1384.0,1373.0,1344.0,1318.0
369842930519868001,4837,4852,4822,4808,4870,4865,4749,4599.0,4583.0,4549.0,4493.0,4519.0,4594.0,4611.0,4652.0
369842930530305702,1012,1002,1003,994,998,989,992,933.5714285714286,940.0,941.0,940.0,934.0,940.0,925.0,915.0
369942930462320502,2244,2209,2224,2244,2220,2158,2138,2004.0,1943.0,1938.0,1960.0,1976.0,1953.0,1939.0,1924.0
371142930531876202,2110,2110,2067,2062,2040,1981,1971,1784.5,1784.5,1866.0,1847.0,1772.0,1780.0,1749.0,1693.0
371242930477195101,550,520,525,509,508,498,498,477.0,474.0,463.0,458.0,445.0,445.0,436.0,440.0
371242930527151002,550,546,541,535,532,536,526,515.0,509.0,501.0,498.0,488.0,475.0,463.0,469.0
371342929649371201,12775,12835,12832,12902,12797,12677,12589,12284.0,12145.0,12048.0,11971.0,12064.0,12040.0,11888.0,11793.0
371342930447099902,4830,4751,4692,4672,4728,4715,4680,4457.857142857143,4500.0,4454.0,4432.0,4465.0,4451.0,4448.0,4455.0
371542930453662501,427,437,431,427,426,424,406,401.0,409.0,401.0,395.0,392.0,392.0,393.0,377.0
372042929493873702,159,159,156,159,152,139,137,123.0,120.0,126.0,123.0,137.0,144.0,153.0,154.0
372042930465107002,401,416,419,398,402,399,389,375.0,377.0,380.0,372.0,364.0,370.0,354.0,353.0
372242930460591101,7877,7910,7755,7685,7618,7551,7533,7683.0,7779.0,7896.0,7949.0,7933.0,8040.0,7936.0,7944.0
372242930525378602,1844,1847,1843,1801,1796,1797,1785,1786.0,1787.0,1772.0,1805.0,1780.0,1783.0,1788.0,1827.0
372442930453370702,1744,1743,1762,1734,1709,1686,1667,1637.0,1624.0,1595.0,1559.0,1518.0,1490.0,1462.0,1446.0
372542930550452801,1597,1578,1599,1570,1557,1529,1549,1503.0,1509.0,1511.0,1527.0,1484.0,1498.0,1519.0,1516.0
372642930456949402,1275,1294,1307,1296,1294,1261,1242,1224.0,1246.0,1237.0,1192.0,1163.0,1158.0,1180.0,1143.0
372642930549216101,63785,65743,67907,69679,71410,72782,74067,75210.0,75287.0,75455.0,76097.0,79995.0,80738.0,81426.0,82506.0
372842930470223101,4829,4870,4841,4856,4867,4830,4774,4684.0,4651.0,4606.0,4593.0,4489.0,4562.0,4594.0,4604.0
372842930518254302,308,309,311,309,319,307,302,271.0,274.0,268.0,261.0,257.0,253.0,258.0,254.0
372842930526986302,745,752,745,734,722,695,690,718.0,736.0,690.0,665.0,651.0,651.0,645.0,645.0
373042929735805402,918,911,901,900,919,938,943,929.0,924.0,915.0,897.0,905.0,915.0,891.0,894.0
373042930537235601,17958,18262,18685,19021,19423,19626,19708,20030.0,20185.0,20314.0,20426.0,20482.0,20613.0,20575.0,20755.0
373042930545550402,1532,1535,1565,1546,1545,1520,1571,1553.0,1544.0,1531.0,1541.0,1513.0,1491.0,1507.0,1508.0
373142930476026202,12930,12811,12785,12727,12688,12770,12675,12569.0,12494.0,12460.0,12440.0,12352.0,12315.0,12296.0,12308.0
373142930520861102,1890,1900,1907,1951,1955,1955,1989,1906.0,1943.0,1952.0,1968.0,1945.0,1931.0,1913.0,1911.0
373242930529193902,146,148,140,136,123,118,115,112.0,108.0,107.0,110.0,108.0,109.0,105.0,103.0
373242930533335102,16899,17014,17156,17363,17336,17213,17194,16800.0,16509.0,16266.0,16055.0,15622.0,15661.0,15600.0,15584.0
373642929543954001,1278,1290,1335,1360,1362,1359,1375,1358.0,1377.0,1365.0,1358.0,1362.0,1349.0,1365.0,1371.0
373642930526412302,7059,7015,6976,6955,6895,6900,6793,6731.0,6673.0,6639.0,6548.0,6340.0,6329.0,6182.0,6113.0
373742930508176902,4902,4918,4919,4946,4938,4957,4926,4869.0,4827.0,4836.0,4849.0,4787.0,4786.0,4784.0,4833.0
373742930510758901,1288,1303,1281,1285,1263,1281,1276,1256.0,1242.0,1217.0,1222.0,1190.0,1185.0,1178.0,1154.0
374042930527670901,618,620,614,593,585,574,575,571.0,568.0,544.0,541.0,556.0,557.0,553.0,554.0
374142930449654802,4680,4711,4719,4808,4792,4827,4785,4845.0,4817.0,4847.0,4883.0,4805.0,4959.0,4972.0,5031.0
374142930516963102,296,244,249,239,238,236,228,224.0,227.0,218.57142857142856,210.0,220.0,217.0,218.0,214.0
374242930464914402,4458,4431,4401,4373,4304,4276,4199,4116.0,4065.0,4028.0,4010.0,3910.0,3870.0,3799.0,3775.0
374442930475103502,474,463,467,473,475,472,483,487.0,472.0,467.0,468.0,462.0,456.0,463.0,457.0
374442930476794701,1450,1470,1429,1403,1403,1388,1352,1318.0,1296.0,1285.0,1261.0,1232.0,1212.0,1192.0,1186.0
374442930520343301,3701,3688,3676,3695,3694,3694,3670,3738.0,3732.0,3709.0,3679.0,3647.0,3665.0,3623.0,3584.0
374442930534586502,4103,4038,4019,3976,3941,3898,3853,3729.0,3650.0,3564.0,3521.0,3484.0,3461.0,3462.0,3428.0
374642929424230501,28477,28789,29031,28931,28898,28818,28909,28607.0,28507.0,28587.0,28555.0,28774.0,28758.0,28983.0,28824.0
374642930521895602,13461,13388,13330,13269,13124,13044,12964,12732.0,12614.0,12473.0,12290.0,12166.0,12017.0,11882.0,11775.0
374742930449722201,86667,86654,87543,87160,87932,88656,89215,90875.0,90949.0,90096.0,90036.0,89969.0,89002.0,88737.0,89371.0
374842930429014701,8904,8908,8902,8948,8887,8834,8693,8520.0,8588.0,8535.0,8430.0,8264.0,8192.0,8229.0,8305.0
374842930550442702,1689,1699,1706,1690,1706,1717,1722,1722.0,1697.0,1677.0,1667.0,1623.0,1623.0,1597.0,1593.0
374942930517445901,3172,3147,3157,3157,3160,3144,3137,3083.0,3098.0,3065.0,3042.0,3004.0,3011.0,3019.0,2978.0
375042930524971302,759,754,761,728,708,708,708,683.0,683.0,669.0,657.0,648.0,654.0,672.0,700.0
375642928135615002,812,834,816,810,820,865,896,886.0,952.0,935.0,922.0,917.0,925.0,944.0,926.0
375842930456000201,7873,7859,7986,8063,8038,8063,8077,8029.0,8039.0,8055.0,7969.0,7849.0,7830.0,7785.0,7703.0
375842930457831501,793,761,761,733,701,676,656,561.7142857142857,619.0,585.0,569.0,561.0,551.0,538.0,509.0
375842930469730202,7015,7090,7127,7209,7280,7302,7304,7325.0,7319.0,7285.0,7249.0,7162.0,7147.0,7095.0,7055.0
376242930521159901,2614,2627,2640,2623,2601,2579,2606,2619.0,2656.0,2685.0,2629.0,2545.0,2426.0,2405.0,2389.0
376342930526305002,575,567,573,566,563,558,554,546.0,537.0,521.0,526.0,521.0,525.0,511.0,503.0
376542930449361902,2291,2287,2310,2286,2272,2279,2290,2268.0,2261.0,2227.0,2203.0,2175.0,2178.0,2171.0,2168.0
376542930459222301,1121,1118,1136,1116,1139,1138,1136,1096.0,1100.0,1082.0,1069.0,1058.0,1034.0,1026.0,1010.0
376542930517808302,46658,46845,47116,47322,47682,47908,48011,48109.0,48119.0,48265.0,48058.0,47454.0,46831.0,46871.0,47145.0
376642930474478102,3904,3954,3956,3906,3900,3900,3848,3838.0,3834.0,3815.0,3816.0,3769.0,3766.0,3765.0,3754.0
376642930510212301,2766,2817,2850,2910,2957,2942,2984,3025.0,3051.0,3100.0,3093.0,3080.0,3075.0,3067.0,3037.0
376842929025362102,5498,5439,5466,5455,5417,5439,5444,5475.0,5438.0,5410.0,5409.0,5253.0,5261.0,5252.0,5195.0
376842929303779501,388,399,395,395,396,393,397,393.0,382.0,386.0,380.0,371.0,375.0,374.0,363.0
376842930454741401,3281,3291,3299,3309,3274,3262,3314,3404.0,3429.0,3451.0,3460.0,3473.0,3396.0,3360.0,3356.0
376942929400309801,1166,1179,1190,1183,1160,1149,1124,1109.0,1092.0,1087.0,1075.0,1080.0,1104.0,1078.0,1073.0
377042930452844201,130,122,120,109,110,101,98,99.0,95.0,88.0,85.0,90.0,94.0,92.0,92.0
377342930546095002,1052,1050,1063,1085,1085,1081,1071,1047.0,1029.0,1023.0,1006.0,984.0,979.0,970.0,958.0
377642930450262401,6542,6676,6967,7114,7295,7310,7445,7489.0,7592.0,7799.0,7893.0,8027.0,8045.0,8107.0,8155.0
377742930529740002,21611,21877,22168,22132,22602,22802,23000,23024.0,23257.0,23391.0,23470.0,23483.0,23313.0,23556.0,23855.0
377842930527632401,4163,4114,4062,4031,4063,4106,4139,4136.0,4153.0,4135.0,4118.0,4077.0,4106.0,4048.0,4100.0
378042930531933202,1283,1314,1329,1319,1314,1296,1340,1324.0,1307.0,1256.0,1237.0,1213.0,1202.0,1196.0,1231.0
378142930534621701,1246,1220,1231,1256,1265,1258,1242,1192.0,1192.0,1176.0,1152.0,1082.0,1062.0,1038.0,1042.0
378242930480468501,3557,3542,3520,3520,3518,3512,3495,3502.0,3493.0,3397.0,3344.0,3354.0,3347.0,3345.0,3382.0
378442927994754502,4607,4562,4553,4654,4629,4632,4674,4628.0,4691.0,4650.0,4679.0,4750.0,4726.0,4723.0,4774.0
378542930455525302,3601,3670,3680,3737,3797,3807,3773,3726.0,3681.0,3707.0,3690.0,3708.0,3728.0,3702.0,3711.0
378542930527331202,743,725,713,691,706,705,684,659.0,634.0,616.0,602.0,589.0,566.0,557.0,555.0
378642930517357601,1530,1536,1520,1537,1578,1559,1575,1489.0,1458.0,1442.0,1426.0,1422.0,1428.0,1424.0,1440.0
378642930548795902,4583,4651,4655,4686,4651,4617,4596,4569.0,4555.0,4523.0,4503.0,4416.0,4415.0,4348.0,4351.0
378742930508361701,2667,2694,2685,2655,2683,2664,2679,2602.0,2642.0,2683.0,2700.0,2665.0,2692.0,2690.0,2751.0
378842930534603702,1337,1299,1295,1281,1273,1271,1262,1207.0,1213.0,1186.0,1178.0,1157.0,1138.0,1123.0,1129.0
379042928021898801,15346,15308,15282,15161,14979,14849,14733,14467.0,14220.0,14115.0,14090.0,13905.0,13872.0,13738.0,13925.0
379042930529748301,4722,4740,4777,4762,4771,4772,4795,4869.0,4831.0,4775.0,4769.0,4761.0,4758.0,4752.0,4766.0
379142930462597802,383,398,403,406,403,395,391,367.0,360.0,352.0,343.0,341.0,347.0,343.0,350.0
379442930464406301,2397,2348,2330,2319,2281,2204,2184,2129.0,2156.0,2128.0,2083.0,2018.0,2021.0,2014.0,2011.0
379442930525877202,560,543,537,540,506,490,494,495.0,484.0,483.0,491.0,500.0,481.0,485.0,469.0
379642930518465202,63022,63055,63180,63329,63123,62676,62056,61095.0,60908.0,60479.0,60411.0,60136.0,59926.0,59785.0,59963.0
379942930458861702,6024,5990,5944,5921,5861,5870,5839,5767.0,5697.0,5644.0,5578.0,5488.0,5486.0,5389.0,5319.0
379942930538220701,2147,2116,2134,2150,2113,2116,2094,2175.0,2152.0,2105.0,2078.0,1971.0,1940.0,1923.0,1923.0
381142928258160401,407,417,424,430,427,429,425,406.0,388.0,399.0,397.0,397.0,398.0,401.0,408.0
381142930455402501,978,952,926,901,902,891,883,862.0,855.0,852.0,835.0,830.0,829.0,801.0,806.0
381142930517571901,159195,159480,160233,160495,160344,159962,159509,158745.0,158062.0,157457.0,157017.0,155370.0,154483.0,152914.0,153186.0
381242930530479402,4712,4777,4863,4994,4993,5019,5076,5109.0,5050.0,5122.0,5175.0,5159.0,5174.0,5173.0,5186.0
381242930533425301,612,608,615,595,572,564,557,566.0,556.0,550.0,535.0,521.0,523.0,517.0,510.0
381342930464663802,1608,1642,1627,1656,1667,1664,1691,1664.0,1645.0,1621.0,1593.0,1569.0,1568.0,1586.0,1581.0
381342930537371202,5092,5119,5182,5147,5119,5051,5025,5102.0,5129.0,5147.0,5247.0,5187.0,5208.0,5164.0,5231.0
381342930545549801,447,445,437,437,430,420,413,402.0,387.0,389.0,386.0,377.0,372.0,359.0,357.0
381442928592554802,4106,4116,4087,4004,3956,3974,3977,3874.0,3897.0,3904.0,3932.0,4003.0,4049.0,4096.0,4165.0
381542930511082102,488,481,478,471,456,435,410,386.0,387.0,363.0,348.0,376.0,363.0,365.0,370.0
381642928726286801,3778,3815,3852,3858,3856,3871,3884,3852.0,3829.0,3798.0,3764.0,3723.0,3663.0,3652.0,3636.0
381642930462800901,266,267,270,278,274,274,279,255.0,246.0,246.0,248.0,235.0,240.0,251.0,247.0
381842930473491101,1969,1954,1981,2015,2035,2014,1990,2006.0,2005.0,1992.0,2021.0,2009.0,2025.0,2060.0,2076.0
381842930523905901,847,828,814,800,771,743,718,707.0,700.0,681.0,680.0,677.0,674.0,663.0,647.0
382042930478418501,7363,7454,7507,7510,7466,7492,7476,7427.0,7368.0,7308.0,7295.0,7182.0,7220.0,7199.0,7219.0
382242930508843601,5803,5841,5928,5982,5975,6007,6007,5994.0,5961.0,6064.0,6066.0,6051.0,6091.0,6075.0,6125.0
382342930527765702,980,982,980,990,969,969,947,946.0,923.0,913.0,902.0,893.0,884.0,860.0,868.0
382442929816333701,4182,4211,4295,4328,4337,4341,4324,4325.0,4322.0,4289.0,4295.0,4268.0,4262.0,4264.0,4264.0
382442930542936301,12203,12108,11999,11990,11972,12014,12024,11939.0,11913.0,11968.0,12010.0,11981.0,11930.0,11951.0,12121.0
382542930547749401,1378,1399,1461,1460,1485,1449,1443,1418.0,1410.0,1399.0,1361.0,1352.0,1366.0,1353.0,1372.0
382742930459525601,2388,2372,2355,2369,2366,2336,2350,2311.0,2271.0,2222.5714285714284,2249.0,2201.0,2179.0,2171.0,2176.0
382742930529938201,8173,8252,8246,8272,8307,8350,8367,8382.0,8325.0,8269.0,8261.0,8274.0,8259.0,8186.0,8341.0
382742930543048902,6530,6508,6490,6500,6492,6460,6410,6410.0,6335.0,6324.0,6295.0,6209.0,6180.0,6139.0,6116.0
382742930545121801,5487,5487,5432,5423,5359,5288,5312,5275.0,5279.0,5217.0,5175.0,4972.0,4936.0,4903.0,4805.0
382942930452010801,3151,3125,3119,3139,3189,3246,3277,3364.0,3346.0,3350.0,3353.0,3269.0,3284.0,3248.0,3201.0
382942930519235701,3119,3069,3059,3048,3009,3011,3010,2997.0,2962.0,2867.5714285714284,2939.0,2845.0,2821.0,2779.0,2730.0
382942930527975702,1639,1687,1731,1769,1782,1816,1855,1890.0,1883.0,1921.571428571429,1882.0,1917.0,1949.0,1957.0,1973.0
383042928022064701,1668,1650,1596,1566,1572,1568,1549,1499.0,1455.0,1430.0,1414.0,1358.0,1362.0,1342.0,1299.0
383242928021739302,5058,5063,5083,5115,5127,5119,5188,5153.0,5176.0,5109.0,5104.0,5029.0,5000.0,5003.0,5038.0
383242930526777101,67471,67397,67056,67046,66830,66704,66751,66784.0,66979.0,66734.0,66393.0,65420.0,64850.0,64406.0,64119.0
383442930517005701,2915,2875,2877,2834,2793,2748,2727,2668.0,2614.0,2531.0,2481.0,2403.0,2377.0,2312.0,2265.0
383442930541590302,598,613,616,612,614,603,600,589.0,596.0,601.0,596.0,586.0,585.0,578.0,571.0
383542930478274501,1256,1299,1301,1275,1278,1269,1278,1213.428571428571,1248.0,1239.0,1226.0,1204.0,1185.0,1195.0,1197.0
383642930531412502,1917,1906,1865,1797,1771,1755,1723,1675.0,1633.0,1608.0,1595.0,1583.0,1552.0,1539.0,1554.0
383642930541252702,370,360,359,370,388,377,366,314.14285714285717,331.0,322.0,314.0,315.0,308.0,301.0,308.0
383742930522503801,33704,33763,33885,34054,33874,33868,33911,33924.0,33976.0,34146.0,34266.0,33718.0,33619.0,33629.0,33784.0
383842929166292701,13346,13377,13572,13631,13728,13594,13597,13484.0,13581.0,13516.0,13444.0,13368.0,13337.0,13203.0,13291.0
384042930476955701,6819,6927,7028,7006,7044,7015,6978,6963.0,7000.0,7022.0,7096.0,7013.0,7005.0,7053.0,7113.0
384142930474020702,1219,1201,1193,1183,1158,1167,1149,1134.0,1123.0,1109.0,1092.0,1048.0,1026.0,1004.0,1023.0
384342930531682701,1432,1403,1412,1390,1382,1360,1340,1270.0,1221.0,1225.0,1203.0,1195.0,1235.0,1234.0,1217.0
384442930531919902,3041,3068,3042,3031,3028,3033,2981,2898.0,2857.0,2843.0,2812.0,2758.0,2731.0,2689.0,2647.0
384542930531852601,1429,1411,1395,1368,1336,1324,1309,1240.0,1217.0,1210.0,1185.0,1163.0,1170.0,1171.0,1159.0
384642929231919301,5271,5253,5216,5193,5120,5020,4992,4835.0,4786.0,4667.0,4629.0,4552.0,4612.0,4600.0,4618.0
384742930465311101,3300,3309,3294,3286,3264,3249,3257,3241.0,3257.0,3253.0,3251.0,3213.0,3222.0,3214.0,3228.0
384942928967210401,2758,2769,2769,2769,2774,2752,2684,2632.0,2624.0,2609.0,2628.0,2583.0,2575.0,2562.0,2543.0
384942930541042402,6864,6975,7051,7021,6963,6999,6965,6861.0,6851.0,6908.0,6945.0,6821.0,6812.0,6797.0,6844.0
385042930518965302,1678,1659,1672,1659,1647,1631,1665,1661.0,1661.0,1572.0,1550.0,1472.0,1495.0,1513.0,1491.0
385042930542465302,3284,3265,3266,3281,3279,3255,3223,3143.0,3157.0,3151.0,3130.0,3088.0,3092.0,3091.0,3072.0
385242930460781901,1780,1738,1707,1666,1640,1608,1584,1541.0,1510.0,1452.0,1421.0,1395.0,1379.0,1357.0,1373.0
385342930533430402,3347,3278,3248,3200,3135,3098,3129,3037.0,3014.0,2987.0,2911.0,2791.0,2783.0,2733.0,2710.0
385442928043678802,3030,3092,3087,3084,3070,3074,3056,3060.0,3045.0,3023.0,3052.0,3018.0,2976.0,2952.0,2941.0
385542929501805001,1302,1296,1319,1328,1335,1336,1323,1303.0,1296.0,1290.0,1290.0,1249.0,1258.0,1219.0,1196.0
385542930518312701,2700,2710,2637,2642,2606,2625,2585,2436.8571428571427,2516.0,2486.0,2448.0,2405.0,2389.0,2420.0,2394.0
385642930453262502,1917,1913,1922,1922,1934,1924,1873,1843.0,1852.0,1852.0,1861.0,1833.0,1802.0,1829.0,1865.0
385842930137776202,11590,11807,12033,12107,12357,12436,12535,12767.0,12748.0,12784.6,12741.0,12768.0,12899.0,12784.6,12784.6
386042930464980502,6273,6262,6313,6329,6286,6289,6259,6154.0,6114.0,6076.0,6043.0,5986.0,5925.0,5863.0,5805.0
386142929047985301,194,192,180,179,175,181,184,196.0,178.0,174.0,177.0,171.0,175.0,171.0,164.0
386142930517200602,679,689,670,681,682,676,676,672.0,647.0,630.0,612.0,617.0,609.0,594.0,606.0
386142930533884901,9211,9374,9466,9548,9610,9691,9524,9516.0,9462.333333333334,9462.333333333334,9413.0,9478.0,9444.0,9442.0,9481.0
386342930509658701,92,86,85,87,87,87,84,89.0,91.0,86.0,86.0,82.0,80.0,81.0,79.0
386342930522489501,2429,2434,2431,2403,2432,2398,2406,2384.0,2447.0,2409.0,2394.0,2417.0,2408.0,2423.0,2488.0
386642930508954301,2537,2559,2609,2612,2589,2561,2579,2529.0,2516.0,2480.0,2470.0,2504.0,2504.0,2498.0,2477.0
386642930545910101,1241,1229,1246,1233,1242,1254,1236,1192.0,1168.0,1172.0,1146.0,1118.0,1120.0,1110.0,1117.0
386742930517778002,7344,7385,7382,7309,7208,7188,7154,7077.0,7073.0,7070.0,6974.0,6719.0,6667.0,6666.0,6694.0
386742930524873801,15741,15874,15953,16173,16526,16803,16974,17353.0,17556.0,17726.0,17788.0,17762.0,17685.0,17832.0,17789.0
386942930516833302,1229,1264,1273,1263,1256,1237,1224,1188.0,1168.0,1140.0,1107.0,1130.0,1106.0,1086.0,1047.0
386942930535033502,99769,100646,101077,101516,101754,102434,102101,102502.0,103215.0,103904.0,104260.0,102731.0,102364.0,102465.0,103121.0
387142929070047801,678,669,640,619,601,582,564,551.0,535.0,496.0,484.0,464.0,473.0,458.0,459.0
387142930545653001,11051,11086,11036,11079,11115,11200,11264,11264.0,11376.0,11353.57142857143,11292.0,11335.0,11356.0,11416.0,11436.0
387242928779095702,21681,21838,21949,22023,21976,21887,21784,21515.0,21331.0,21400.0,21267.0,20971.0,20748.0,20617.0,20731.0
387542930460935401,2851,2855,2854,2938,2974,2950,2929,2825.0,2852.0,2858.0,2920.0,2896.0,2950.0,2896.0,2960.0
387542930517584202,1067,1058,1043,1031,998,983,997,961.0,933.0,931.0,930.0,922.0,928.0,938.0,942.0
387542930524891601,81,78,71,67,67,60,57,47.0,48.0,49.0,49.0,48.0,49.0,50.0,52.0
387642930454143201,15677,15662,15754,15736,15839,15912,15891,16009.0,16003.0,16107.0,16176.0,16108.0,16128.0,16131.0,16183.0
387742930508649701,1479,1458,1470,1483,1448,1420,1415,1376.0,1376.0,1364.0,1339.0,1313.0,1311.0,1302.0,1298.0
387742930547812502,531,534,532,531,547,547,564,550.0,562.0,555.0,551.0,548.0,554.0,527.0,508.0
387942928025304302,3127,3091,3054,3029,3014,2972,2925,2836.0,2806.0,2758.0,2733.0,2661.0,2610.0,2584.0,2543.0
388042930518093902,4607,4631,4638,4701,4651,4608,4637,4616.0,4637.0,4668.0,4684.0,4645.0,4646.0,4651.0,4661.0
388042930524151601,4081,4110,4105,4108,4182,4200,4157,4090.0,4079.0,4075.0,4031.0,3919.0,3907.0,3884.0,3889.0
388542930544726801,8630,8770,8797,8875,8892,8926,8968,8874.0,8840.0,8788.0,8785.0,8770.0,8795.0,8725.0,8712.0
388842930464829801,2830,2839,2849,2836,2814,2778,2778,2734.0,2725.0,2713.0,2696.0,2558.0,2561.0,2555.0,2521.0
388942930453069001,7791,7753,7745,7712,7742,7776,7733,7625.0,7602.0,7558.0,7566.0,7557.0,7507.0,7490.0,7519.0
388942930480651502,518,521,502,498,506,489,466,457.0,475.0,456.0,454.0,442.0,426.0,417.0,409.0
389042930537878602,112739,113998,114781,115438,116100,117200,117404,118173.0,119004.0,119616.0,120641.0,118879.0,117847.0,118046.0,118886.0
389142930509577502,23183,23442,23528,23533,23290,23717,23743,23372.0,23132.0,23295.0,23459.0,23686.0,23520.0,23335.0,23395.0
389142930524417401,1459,1440,1455,1454,1438,1471,1417,1402.0,1398.0,1366.0,1354.0,1329.0,1319.0,1309.0,1344.0
389242929417183102,3849,3835,3834,3894,3922,3863,3829,3888.0,3843.0,3837.0,3824.0,3788.0,3808.0,3776.0,3851.0
389242930540877902,12287,12603,12887,13090,13303,13397,13365,13427.0,13333.0,13337.0,13336.0,13191.0,13200.0,13212.0,13187.0
389342930335195702,2009,2042,2025,2122,2174,2171,2164,2136.0,2135.0,2108.0,2122.0,2148.0,2170.0,2176.0,2191.0
389342930480540002,1302,1270,1254,1244,1218,1200,1189,1148.0,1133.0,1111.0,1098.0,1067.0,1060.0,1049.0,1039.0
389542930520053202,1929,1900,1888,1879,1876,1856,1808,1709.0,1706.0,1698.0,1669.0,1637.0,1625.0,1607.0,1626.0
389842930524519702,3696,3689,3686,3632,3575,3553,3520,3447.0,3387.0,3342.0,3320.0,3230.0,3206.0,3174.0,3150.0
389942930447477901,3266,3255,3272,3224,3194,3157,3140,3169.0,3186.0,3163.0,3135.0,3054.0,3051.0,3019.0,3027.0
389942930454321801,367,363,345,344,344,339,337,346.0,343.0,347.0,343.0,337.0,325.0,317.0,318.0
391242930472753802,847,829,807,799,786,765,753,728.0,708.0,709.0,686.0,672.0,650.0,632.0,613.0
391442930534416501,1113,1098,1080,1067,1056,1030,1017,1035.0,1008.0,996.0,1004.0,989.0,988.0,998.0,1001.0
391542930477955601,6339,6346,6406,6431,6397,6350,6312,6210.0,6199.0,6226.0,6187.0,6185.0,6177.0,6194.0,6231.0
391642930516707901,3789,3775,3772,3718,3718,3745,3708,3430.4285714285716,3585.0,3516.0,3451.0,3358.0,3362.0,3363.0,3378.0
391642930523212602,1064,1100,1118,1127,1159,1143,1087,1071.428571428571,1048.0,1027.0,1052.0,1076.0,1079.0,1092.0,1126.0
391742930516466402,219,214,199,193,185,178,172,173.0,178.0,172.0,157.0,159.0,161.0,165.0,165.0
391742930525043601,7481,7504,7624,7623,7658,7687,7710,7823.0,7925.0,8022.0,8010.0,8053.0,8120.0,8126.0,8194.0
391842930517761402,2638,2599,2619,2618,2581,2531,2511,2376.0,2351.0,2333.0,2307.0,2260.0,2223.0,2207.0,2195.0
392042929704089602,540,548,544,550,551,544,543,546.0,560.0,550.0,533.0,528.0,569.0,572.0,582.0
392542930545437602,989,986,958,952,920,898,880,872.0,857.0,846.0,832.0,828.0,827.0,798.0,777.0
392642929843823801,52873,52744,52719,52647,52594,52367,51988,51129.0,50603.0,50482.0,50287.0,49139.0,48666.0,48455.0,48585.0
392642930464602801,6736,6755,6766,6827,6838,6816,6823,6850.0,6811.0,6780.0,6773.0,6750.0,6682.0,6675.0,6693.0
392642930473037902,6760,6850,6892,6958,7171,7166,7157,7151.0,7133.0,6963.0,7014.0,7095.0,7090.0,7022.0,7035.0
392642930477428701,8589,8500,8496,8458,8412,8376,8291,8195.0,8152.0,8080.0,8065.0,7959.0,7789.0,7658.0,7581.0
392942930516888401,8498,8499,8517,8544,8571,8565,8571,8588.0,8583.0,8521.0,8502.0,8288.0,8368.0,8333.0,8324.0
393042930517697601,2495,2538,2557,2564,2561,2587,2608,2507.0,2509.0,2460.0,2430.0,2444.0,2435.0,2433.0,2426.0
393042930542269002,718,681,669,640,606,582,579,543.0,522.0,511.0,510.0,504.0,498.0,500.0,486.0
393042930546631302,1180,1172,1176,1185,1194,1202,1197,1162.0,1236.0,1240.0,1183.0,1179.0,1168.0,1169.0,1183.0
393142930544519301,3536,3616,3648,3739,3783,3848,3786,3875.0,3918.0,3993.0,3983.0,4009.0,4029.0,4080.0,4146.0
393142930547471501,2971,2911,2886,2870,2872,2832,2812,2751.0,2755.0,2709.0,2688.0,2658.0,2631.0,2630.0,2621.0
393242929766133401,11968,11922,11947,11818,11847,11814,11853,11761.0,11693.0,11599.0,11506.0,11483.0,11366.0,11364.0,11403.0
393242930467765502,3666,3699,3737,3757,3751,3810,3808,3829.0,3835.0,3804.0,3767.0,3740.0,3752.0,3781.0,3770.0
393242930476399502,3174,3120,3107,3044,3004,2955,2912,2864.0,2829.0,2806.0,2800.0,2699.0,2666.0,2629.0,2604.0
393342930527369802,802,785,789,769,772,770,790,752.0,744.0,739.0,736.0,728.0,723.0,720.0,735.0
393542930480018402,3283,3243,3209,3156,3115,3091,3057,3076.0,3048.0,3029.0,3018.0,2965.0,2965.0,2944.0,2933.0
393742930520197501,5756,5862,5933,6036,6142,6301,6390,6499.0,6603.0,6675.0,6757.0,6887.0,6811.0,6789.0,6802.0
393742930545799702,3979,3990,3986,4000,3967,3935,3975,3971.0,3937.0,3917.0,3874.0,3841.0,3848.0,3776.0,3780.0
394042929514211502,12044,12213,12366,12442,12636,12585,12540,12471.0,12309.0,12378.0,12432.0,12349.0,12372.0,12388.0,12470.0
394042930459453101,1084,1070,1045,1044,1017,1017,1024,1083.0,1068.0,1057.0,1035.0,1039.0,1057.0,1033.0,1078.0
394442928121460502,1495,1507,1496,1468,1418,1383,1371,1291.0,1294.0,1297.0,1300.0,1280.0,1289.0,1260.0,1214.0
394442930510586502,324,328,335,326,323,323,324,320.0,305.0,304.0,300.0,302.0,302.0,291.0,295.0
394542930458628602,5523,5574,5679,5808,5875,5924,5957,5933.0,5933.0,5989.0,5966.0,5942.0,5860.0,5811.0,5813.0
394542930461458602,5941,6030,6053,6056,6120,6153,6126,5969.0,5974.0,5967.0,5911.0,5838.0,5817.0,5811.0,5837.0
394842928269821601,1712,1730,1749,1733,1694,1671,1652,1607.0,1528.0,1503.0,1482.0,1482.0,1490.0,1482.0,1494.0
394942930455046402,8913,8895,8881,8918,8775,8724,8579,8178.0,8056.0,7920.0,7805.0,7603.0,7645.0,7650.0,7531.0
395242930457477202,1930,1952,1961,2008,1974,1968,1911,1872.7142857142856,1869.0,1888.0,1862.0,1872.0,1890.0,1877.0,1851.0
395242930527336501,1914,1922,1988,2028,2032,2058,2107,2107.0,2109.0,2084.0,2096.0,2096.0,2093.0,2079.0,2066.0
395442930465144201,2039,2024,2019,2034,2051,2086,2082,2062.0,2044.0,2052.0,2046.0,2045.0,2028.0,2051.0,2047.0
395542930452254701,10349,10381,10427,10451,10482,10394,10280,10229.0,10156.0,10089.0,10048.0,9830.0,9792.0,9719.0,9649.0
395642930474569001,1565,1577,1570,1551,1573,1548,1554,1541.0,1545.0,1551.0,1538.0,1539.0,1500.0,1512.0,1515.0
395642930479548602,1296,1285,1281,1271,1251,1247,1225,1192.0,1166.0,1145.0,1129.0,1097.0,1064.0,1033.0,1016.0
395942928191430301,464,451,455,456,445,431,432,418.0,411.0,406.0,399.0,395.0,377.0,370.0,351.0
396042929762471102,32423,32405,32348,32360,32348,32305,32149,31968.0,31820.0,31862.0,31854.0,31934.0,31919.0,32015.0,32267.0
396042930508149701,689,674,666,669,654,661,642,630.0,600.0,588.0,579.0,579.0,560.0,556.0,550.0
396142929020966702,13567,13810,14005,14213,14394,14573,14548,14555.0,14568.0,14701.0,14779.0,14780.0,14943.0,15072.0,15084.0
396142930508118401,13320,13517,13673,13756,13951,14046,14147,13974.0,13879.0,13842.0,13762.0,13664.0,13666.0,13616.0,13638.0
396242930474193301,2821,2862,2885,2929,2948,2963,2967,2972.0,2942.0,2961.0,2958.0,2886.0,2918.0,2908.0,2925.0
396242930530884601,3648,3613,3592,3562,3517,3448,3375,3250.0,3227.0,3182.0,3121.0,3044.0,2998.0,2973.0,2917.0
396242930540908902,22802,22966,23110,23304,23325,23342,23397,24892.833333333332,24055.0,24509.0,24988.0,24905.0,25369.0,25531.0,24892.833333333332
396442930549904601,2086,2061,2009,2015,2004,1976,1899,1911.0,1869.0,1831.0,1816.0,1784.0,1764.0,1762.0,1803.0
396742930534244302,960,953,941,935,919,908,889,855.0,835.0,828.0,811.0,769.0,755.0,750.0,748.0
396842928607154801,345,344,342,328,329,328,327,315.0,304.0,309.0,296.0,289.0,288.0,277.0,268.0
396842930527885301,1042,1015,1006,978,967,947,944,933.0,913.0,888.0,838.0,836.0,804.0,821.0,815.0
396942930477809802,930,917,923,903,940,946,947,942.0,906.0,903.0,888.0,890.0,894.0,907.0,920.0
396942930516506501,5823,5825,5870,5918,5842,5813,5815,5724.0,5716.0,5698.0,5727.0,5597.0,5540.0,5496.0,5461.0
396942930529685301,8826,8847,8978,9074,9198,9186,9267,9355.0,9381.0,9368.0,9349.0,9349.0,9424.0,9406.0,9509.0
396942930546900402,1820,1812,1810,1777,1751,1717,1699,1660.0,1633.0,1610.0,1616.0,1586.0,1584.0,1579.0,1570.0
397042930476226001,186,187,184,171,170,168,151,146.0,142.0,140.0,130.0,124.0,130.0,128.0,126.0
397242930538647501,970,949,944,932,927,937,930,911.0,898.0,889.0,891.0,892.0,884.0,904.0,897.0
397642930475479502,1189,1209,1232,1215,1223,1224,1232,1254.0,1257.0,1238.142857142857,1242.0,1222.0,1209.0,1221.0,1262.0
397842930476469701,687,701,722,725,707,699,674,630.0,630.0,614.0,601.0,592.0,615.0,616.0,617.0
397842930529378901,7985,8046,8170,8263,8314,8232,8244,8048.0,7997.0,8070.0,7998.0,8046.0,8000.0,8019.0,8061.0
398342930477370602,289,291,292,282,281,288,275,277.0,266.0,263.0,263.0,268.0,270.0,267.0,267.0
398342930509659302,2024,1980,1950,1918,1838,1782,1744,1664.0,1642.0,1604.0,1578.0,1468.0,1435.0,1406.0,1375.0
398542928779258801,15211,15435,15687,15891,16322,17278,17438,17461.0,17528.0,17428.0,17682.0,16962.0,17281.0,17409.0,17673.0
398642930464486202,413,405,391,385,384,381,373,358.0,348.0,358.0,346.0,360.0,360.0,373.0,396.0
398742930474713601,2359,2332,2344,2370,2380,2401,2401,2418.0,2402.0,2391.0,2411.0,2358.0,2348.0,2317.0,2294.0
398742930527440801,3946,3958,3938,3940,3935,3939,3947,3925.0,3895.0,3872.0,3836.0,3782.0,3772.0,3747.0,3719.0
398942928695745901,379,394,406,409,418,413,415,404.0,397.0,402.0,391.0,391.0,378.0,370.0,372.0
398942930516805102,1014,1011,993,980,949,937,932,903.0,892.0,857.0,809.0,799.0,782.0,760.0,752.0
399042930516875102,3476,3494,3458,3436,3388,3363,3358,3321.0,3313.0,3287.0,3228.0,3187.0,3148.0,3128.0,3150.0
399042930533094102,2533,2538,2556,2600,2615,2621,2636,2589.4285714285716,2678.0,2653.0,2605.0,2533.0,2553.0,2541.0,2563.0
399242930463225402,2752,2713,2677,2647,2639,2641,2611,2569.0,2605.0,2580.0,2640.0,2519.0,2479.0,2423.0,2435.0
399342929373145101,11741,12028,12190,12407,12583,12787,12881,13182.0,13308.0,13359.0,13485.0,13780.0,13913.0,13948.0,14136.0
399642927979893401,2039,2048,2085,2050,2081,2039,2006,2004.0,2011.0,1995.0,1971.0,1961.0,1941.0,1964.0,1975.0
399642930527611501,1544,1532,1529,1530,1499,1472,1466,1422.0,1392.0,1425.0,1407.0,1370.0,1344.0,1338.0,1314.0
399742930528621802,710,715,706,707,686,688,693,655.0,625.0,633.0,618.0,612.0,608.0,605.0,586.0
399742930542355302,767,770,781,791,764,774,768,766.0,743.0,749.0,762.0,747.0,753.0,766.0,794.0
399842930477787802,444,431,415,402,406,404,401,366.0,377.0,384.0,369.0,395.0,391.0,384.0,386.0
399842930518555101,3296,3281,3276,3257,3214,3168,3152,3104.0,3088.0,3052.0,3004.0,2915.0,2920.0,2855.0,2832.0
401442930456696401,2888,2924,2877,2908,2864,2900,2881,2764.0,2709.0,2692.0,2664.0,2498.0,2455.0,2453.0,2417.0
401442930533792802,11082,11228,11226,11270,11216,11229,11260,11228.0,11238.0,11248.0,11262.0,11328.0,11321.0,11297.0,11348.0
401542930528130801,1024,1008,998,969,950,947,938,896.0,892.0,860.0,839.0,822.0,798.0,793.0,774.0
401642930471936801,454,443,444,434,426,430,416,400.0,386.0,381.0,386.0,384.0,390.0,388.0,383.0
401742928921383502,11010,11067,11136,11072,11127,11161,11213,11271.0,11279.0,11274.0,11253.0,11314.0,11227.0,11160.0,11207.0
401942930466958002,2455,2455,2460,2450,2451,2452,2412,2361.0,2373.0,2342.0,2353.0,2303.0,2320.0,2353.0,2367.0
402142930516212601,5990,5954,5906,5884,5846,5808,5768,5630.0,5535.0,5478.0,5425.0,5303.0,5298.0,5209.0,5140.0
402142930525329602,2793,2815,2831,2806,2811,2815,2826,2785.0,2762.0,2732.0,2744.0,2708.0,2706.0,2689.0,2678.0
402242930220850201,5579,5539,5605,5556,5621,5655,5706,5609.0,5564.0,5520.0,5509.0,5651.0,5662.0,5714.0,5700.0
402542930529279302,13078,13107,13162,13174,13067,13014,12941,12664.0,12540.0,12437.0,12378.0,12298.0,12284.0,12141.0,12112.0
402642930511105501,15045,15275,15435,15558,15567,15499,15436,15383.0,15471.0,15459.0,15487.0,15498.0,15442.0,15394.0,15453.0
402742930476771901,902,896,876,843,831,821,803,766.0,765.0,737.0,724.0,734.0,718.0,720.0,727.0
402742930528567501,1710,1732,1750,1768,1815,1861,1843,1898.0,1913.0,1885.0,1916.0,1951.0,1964.0,1995.0,2018.0
402742930538104702,471,458,443,446,451,446,434,424.0,403.0,397.0,382.0,368.0,367.0,365.0,362.0
402842928726872901,27375,27697,27832,28123,27926,27690,27478,27199.0,27005.0,26741.0,26733.0,26485.0,26685.0,26510.0,26520.0
402842930543174502,1947,1899,1909,1885,1893,1876,1856,1823.0,1843.0,1851.0,1861.0,1816.0,1802.0,1805.0,1804.0
403042930510952501,4782,4855,4954,4995,5046,5046,4995,4978.0,5021.0,5084.0,5139.0,5106.0,5114.0,5135.0,5132.0
403242930464977002,3061,3049,3018,2993,2972,2918,2860,2765.0,2744.0,2715.0,2684.0,2612.0,2608.0,2591.0,2647.0
403342930479456202,1375,1355,1378,1392,1383,1421,1408,1365.0,1333.0,1349.0,1365.0,1333.0,1302.0,1279.0,1272.0
403442928135526702,1813,1807,1794,1758,1755,1757,1727,1679.0,1645.0,1615.0,1594.0,1573.0,1553.0,1524.0,1502.0
403542930459240401,41981,42377,42618,43377,43842,44050,44356,44968.0,45197.0,45069.0,45130.0,44843.0,44825.0,44917.0,45009.0
403642930457403402,873,847,839,835,821,806,784,781.0,769.0,732.4285714285714,739.0,734.0,714.0,695.0,695.0
403642930549127701,1761,1849,1973,2063,2103,2128,2155,2189.0,2228.0,2274.0,2313.0,2316.0,2364.0,2386.0,2438.0
404042930534149001,1809,1806,1752,1752,1774,1779,1768,1748.0,1757.0,1782.0,1757.0,1746.0,1747.0,1745.0,1752.0
404142930516623201,8696,8770,8811,8905,8924,8928,8980,8868.0,8781.0,8775.0,8722.0,8585.0,8652.0,8564.0,8651.0
404142930543207202,5179,5169,5166,5165,5150,5137,5055,4944.0,4922.0,4892.0,4862.0,4849.0,4753.0,4705.0,4750.0
404342928592736402,3492,3465,3471,3440,3406,3395,3340,3317.0,3309.0,3280.0,3229.0,3141.0,3125.0,3092.0,3051.0
404342929161928001,3072,3058,3034,3036,2980,2995,2979,2903.0,2834.0,2816.0,2774.0,2767.0,2713.0,2693.0,2663.0
404342930530378302,899,891,906,894,903,891,894,847.7142857142857,872.0,879.0,870.0,852.0,833.0,822.0,806.0
404342930530450502,2536,2529,2582,2601,2675,2717,2724,2705.0,2734.0,2734.0,2746.0,2787.0,2794.0,2808.0,2825.0
404542928009669402,8327,8405,8550,8561,8684,8676,8712,8760.0,8738.0,8632.57142857143,8696.0,8605.0,8578.0,8504.0,8547.0
404542930516805801,19841,19833,19939,19964,19875,19866,19895,19964.0,19988.0,20073.0,20067.0,20337.0,20455.0,20494.0,20429.0
404742930534327401,718,710,698,674,677,671,671,652.0,639.0,620.0,609.0,592.0,588.0,567.0,561.0
404942928243018501,2187,2164,2151,2136,2088,2044,2013,1949.0,1924.0,1895.0,1867.0,1778.0,1765.0,1729.0,1725.0
404942930462232801,578,581,586,581,589,584,587,580.0,579.0,563.0,556.0,555.0,538.0,530.0,521.0
405242929965425402,4173,4122,4086,4046,4038,4018,3991,3914.0,3861.0,3799.0,3796.0,3752.0,3692.0,3639.0,3614.0
405242930075763902,1756,1741,1757,1714,1717,1674,1659,1650.0,1679.0,1696.0,1660.0,1657.0,1620.0,1640.0,1672.0
405242930542378301,3852,3846,3896,3923,3974,3969,3941,3866.0,3850.0,3827.0,3749.0,3680.0,3635.0,3606.0,3589.0
405342930516793902,2689,2697,2725,2728,2740,2737,2705,2618.0,2622.0,2614.0,2632.0,2582.0,2540.0,2463.0,2386.0
405442930463122202,9846,9840,9850,9884,9869,9874,9889,10028.0,10023.0,9991.0,9937.0,9804.0,9815.0,9727.0,9673.0
405642929034787301,501,500,513,503,516,521,518,509.0,527.0,522.0,523.0,520.0,518.0,510.0,510.0
405642930454048701,2971,2920,2850,2822,2832,2838,2757,2695.0,2664.0,2626.0,2580.0,2518.0,2522.0,2511.0,2556.0
405742930435843402,2687,2653,2641,2596,2586,2572,2481,2397.0,2386.0,2332.0,2279.0,2197.0,2190.0,2147.0,2167.0
405742930547082702,5581,5653,5703,5734,5742,5715,5770,5752.0,5746.0,5741.0,5756.0,5902.0,5868.0,5832.0,5810.0
405942930463724801,17110,17214,17298,17385,17233,17100,17181,17145.0,16901.0,16713.0,16659.0,16547.0,16554.0,16494.0,16489.0
406042930527059902,1316,1282,1287,1291,1291,1299,1286,1253.0,1245.0,1219.0,1209.0,1192.0,1201.0,1205.0,1217.0
406142930253488602,8574,9036,9400,9646,10128,10261,10353,10476.0,10569.0,10650.0,10644.0,10695.0,10733.0,10795.0,10860.0
406142930465603601,3041,3028,3028,2974,2935,2928,2917,2907.0,2877.0,2883.0,2832.0,2785.0,2795.0,2792.0,2809.0
406142930480624702,878,873,862,880,887,891,881,914.0,911.0,913.0,917.0,882.0,875.0,858.0,852.0
406142930519779901,3923,3900,3882,3867,3836,3804,3782,3709.0,3662.0,3581.0,3539.0,3485.0,3466.0,3428.0,3353.0
406242930448090402,3831,3811,3847,3823,3873,3857,3878,3854.0,3905.0,3946.0,3964.0,3965.0,3982.0,3976.0,3976.0
406242930457494901,5734,5750,5815,5878,5926,5932,5981,5938.0,5948.0,5979.0,5988.0,5965.0,5927.0,5954.0,5971.0
406242930532467501,1777,1795,1755,1762,1789,1760,1756,1693.0,1687.0,1666.0,1649.0,1596.0,1610.0,1614.0,1612.0
406542930547152702,1457,1465,1447,1412,1418,1434,1434,1417.0,1406.0,1414.0,1410.0,1382.0,1378.0,1367.0,1336.0
406642930549402802,15552,15769,15882,16087,16155,16253,16258,16347.0,16367.0,16445.0,16437.0,16481.0,16498.0,16614.0,16667.0
406742930453129401,18015,18238,18422,18791,18898,19055,19108,18987.0,18935.0,18693.0,18688.0,18996.0,18935.0,19012.0,19072.0
406842930476564801,2362,2381,2391,2398,2437,2443,2426,2437.0,2402.0,2378.0,2367.0,2347.0,2357.0,2371.0,2393.0
406842930550301202,5313,5310,5287,5329,5306,5293,5273,5279.0,5285.0,5300.0,5317.0,5313.0,5337.0,5299.0,5281.0
407042930462689801,11671,11609,11735,11738,11733,11743,11766,11807.0,11857.0,11925.0,11947.0,11970.0,12053.0,12017.0,12095.0
407042930516282502,878,856,878,890,893,894,889,879.0,872.0,881.0,895.0,913.0,924.0,937.0,928.0
407142930456439801,3279,3264,3289,3287,3269,3233,3214,3153.0,3105.0,3072.0,3052.0,2981.0,2999.0,3004.0,2998.0
407142930461291902,3735,3694,3673,3640,3613,3606,3580,3541.0,3522.0,3481.0,3480.0,3369.0,3356.0,3313.0,3290.0
407242930448943101,1228,1204,1206,1196,1176,1175,1174,1128.0,1139.0,1120.0,1125.0,1111.0,1111.0,1111.0,1081.0
407342930458624101,2943,3028,3123,3130,3134,3184,3165,3223.1428571428573,3184.0,3172.0,3195.0,3220.0,3240.0,3256.0,3295.0
407342930463113101,1731,1719,1711,1713,1702,1658,1654,1630.0,1613.0,1614.0,1602.0,1614.0,1634.0,1623.0,1631.0
407442929091989401,4692,4612,4545,4518,4529,4489,4441,4396.0,4336.0,4297.0,4311.0,4323.0,4267.0,4219.0,4231.0
407442930545205401,2274,2247,2238,2199,2157,2139,2124,2032.0,1992.0,1953.0,1931.0,1901.0,1875.0,1825.0,1791.0
407642930469038001,878,855,840,830,803,810,795,767.0,747.0,745.0,750.0,756.0,745.0,734.0,729.0
407742930465061701,752,723,730,741,763,746,766,711.0,697.0,671.0,649.0,624.0,623.0,627.0,633.0
407742930544345001,614,612,603,611,608,628,605,599.0,594.0,580.0,567.0,547.0,542.0,535.0,520.0
407942930473018401,1164,1165,1141,1137,1135,1127,1121,1082.0,1077.0,1093.0,1082.0,1081.0,1043.0,1025.0,1024.0
408042930479169602,855,855,860,861,866,839,832,808.0,804.0,792.0,813.0,797.0,799.0,793.0,791.0
408242930522563502,241,241,239,232,242,227,227,213.0,201.0,196.0,189.0,197.0,196.0,189.0,190.0
408242930526666201,932,941,931,920,924,929,911,916.0,915.0,899.0,897.0,898.0,873.0,859.0,852.0
408342930477095702,403,395,407,411,410,410,396,376.0,362.0,377.0,383.0,381.0,380.0,372.0,390.0
408342930534809402,303,290,278,273,271,267,266,254.0,250.0,241.0,236.0,236.0,236.0,238.0,237.0
408842930457682702,890,882,900,908,906,903,903,908.0,879.0,847.0,853.0,846.0,838.0,822.0,822.0
408842930529595802,41973,42664,43435,43812,44499,44933,45164,45797.0,45701.0,45965.0,46122.0,47871.0,47541.0,47462.0,47561.0
409142930517800302,637,625,604,587,575,547,545,550.0,557.0,552.0,513.0,460.0,444.0,442.0,427.0
409242930459718201,887394,890102,889969,888880,894314,892395,884710,877088.0,868878.0,860793.0,857910.0,858205.0,848748.0,841600.0,846926.0
409242930471121901,1677,1693,1703,1705,1730,1688,1712,1719.0,1690.0,1722.0,1725.0,1704.0,1683.0,1705.0,1688.0
409242930530387301,9123,9028,8954,8905,8809,8778,8755,8597.0,8508.0,8374.0,8296.0,8189.0,8160.0,8056.0,7975.0
409242930538171502,6519,6547,6498,6506,6536,6550,6546,6513.0,6466.0,6311.0,6246.0,6062.0,6032.0,6021.0,5958.0
409342930474059602,4970,5000,4999,4999,4953,4920,4915,4882.0,4890.0,4847.0,4838.0,4804.0,4739.0,4709.0,4725.0
409342930526145602,4815,4853,4863,4874,4856,4880,4941,4857.0,4845.666666666667,4845.666666666667,4803.0,4869.0,4824.0,4855.0,4866.0
409542930342586901,9978,10097,10147,10120,10138,10051,10129,10033.0,9986.0,9982.0,9877.0,9947.0,9910.0,9929.0,9930.0
409542930472605301,18942,19031,19116,19267,19445,19449,19392,19226.0,19186.0,19116.0,19084.0,18940.0,18997.0,18879.0,19061.14285714286
409542930532421802,3904,3944,4015,4033,4044,3992,3981,3951.0,3938.0,3925.0,3915.0,3915.0,3932.0,3942.0,4008.0
409642930479184301,2956,2952,2950,2941,2935,2901,2852,2765.0,2704.0,2660.0,2635.0,2606.0,2560.0,2523.0,2527.0
409742930518180302,729,723,722,718,718,719,725,700.0,673.0,672.0,670.0,687.0,691.0,684.0,697.0
411142930479404701,2926,2934,2966,3016,3057,3051,3022,2872.0,2839.0,2816.0,2820.0,2795.0,2831.0,2840.0,2837.0
411342930458816501,39105,39339,39727,40030,39871,39538,39754,39635.0,39391.0,39223.0,39451.0,40819.0,41290.0,41228.0,41324.0
411342930550028202,998,1037,1039,1036,1036,1069,1080,1039.0,1061.0,1028.0,1038.0,1057.0,1089.0,1075.0,1074.0
411442930515834401,4294,4277,4253,4250,4304,4340,4278,4238.857142857143,4200.0,4232.0,4260.0,4283.0,4206.0,4234.0,4257.0
411842928042083402,2317,2332,2381,2429,2452,2467,2437,2384.0,2408.0,2430.0,2436.0,2445.0,2457.0,2435.0,2423.0
411942928213938501,10669,10542,10525,10424,10366,10303,10295,10079.0,10066.0,9761.857142857143,9800.0,9539.0,9644.0,9589.0,9616.0
412042930449031401,1859,1840,1814,1810,1783,1763,1733,1673.0,1668.0,1658.0,1607.0,1573.0,1572.0,1560.0,1569.0
412142930453103101,1072,1060,1048,1034,1034,1016,1005,1008.0,989.0,963.0,962.0,968.0,967.0,948.0,953.0
412142930530157001,19044,19055,19086,19164,18901,18822,18776,18441.0,18323.0,18140.0,17970.0,17657.0,17645.0,17609.0,17791.0
412242930518214602,1019,1040,1035,1030,1058,1070,1063,1061.8333333333333,1061.8333333333333,1087.0,1083.0,1056.0,1048.0,1049.0,1048.0
412342930289588601,798,778,797,819,796,795,793,778.0,784.0,792.0,771.0,774.0,745.0,745.0,745.0
412342930289643401,3834,3835,3784,3757,3734,3715,3672,3642.0,3601.0,3592.0,3556.0,3505.0,3500.0,3468.0,3444.0
412342930532782902,1595,1578,1560,1552,1508,1476,1437,1387.0,1373.0,1351.0,1330.0,1294.0,1288.0,1275.0,1337.0
412442930508733902,3575,3541,3505,3458,3435,3422,3406,3320.0,3310.0,3290.0,3242.0,3150.0,3110.0,3063.0,3039.0
412542930544672702,8702,8763,8902,8986,9120,9114,9087,9160.0,9068.0,9096.0,9111.0,9169.0,9117.0,9218.0,9236.0
412642930534747002,981,985,978,967,966,975,977,994.0,992.0,985.0,998.0,990.0,976.0,966.0,969.0
412742930460627101,1459,1431,1423,1427,1410,1401,1378,1347.0,1330.0,1305.0,1280.0,1279.0,1273.0,1243.0,1242.0
412942930474369302,813,800,800,780,766,765,746,728.0,727.0,708.0,679.0,678.0,663.0,657.0,652.0
412942930474631602,579,570,564,562,555,556,548,534.0,528.0,519.0,519.0,528.0,515.0,512.0,517.0
413042930474117101,5721,5809,5768,5790,5864,5880,5884,6010.0,6073.0,6112.0,6101.0,6071.0,6150.0,6174.0,6225.0
413042930548763702,123438,123065,122994,122517,122488,122299,122120,121186.0,120454.0,119710.0,119056.0,117053.0,117055.0,116244.0,116051.0
413242930480593002,1694,1683,1680,1683,1684,1651,1626,1594.0,1574.0,1560.0,1541.0,1523.0,1490.0,1466.0,1460.0
413342930468101401,273,257,259,264,263,253,258,241.0,233.0,229.0,225.0,226.0,226.0,233.0,234.0
413342930526388702,1106,1101,1096,1085,1066,1070,1065,1023.0,1002.0,1006.0,1010.0,991.0,1001.0,996.0,985.0
413942928707726702,5720,5730,5736,5718,5763,5766,5791,5816.571428571428,5806.0,5869.0,5898.0,5757.0,5808.0,5750.0,5828.0
413942930457365502,1229,1220,1213,1215,1200,1173,1164,1147.0,1103.0,1102.0,1080.0,1011.0,1037.0,1021.0,992.0
414042930526910902,5324,5287,5254,5237,5256,5201,5223,5166.0,5152.0,5158.0,5134.0,5070.0,5086.0,5055.0,5025.0
414042930531468302,615,610,603,603,600,601,608,585.0,573.0,576.0,572.0,585.0,593.0,592.0,603.0
414142930458203501,3440,3458,3430,3355,3362,3387,3398,3401.0,3469.0,3530.0,3548.0,3407.0,3311.0,3303.0,3304.0
414342930507824901,3350,3358,3352,3360,3327,3366,3292,3240.0,3191.0,3180.0,3168.0,3194.0,3155.0,3124.0,3112.0
414342930510733001,1297,1313,1274,1278,1273,1277,1253,1218.0,1187.0,1129.0,1128.0,1083.0,1099.0,1103.0,1075.0
414442930548842301,1975,1967,1932,1979,1991,2041,2038,2006.7142857142856,2064.0,2021.0,2021.0,2011.0,1985.0,1970.0,1975.0
414542930521761901,54265,54717,55153,55574,55716,55776,55946,56031.0,56261.0,56155.0,56311.0,55822.0,55557.0,55744.0,56008.0
414642930550599801,926,918,925,902,880,878,869,860.0,860.0,872.0,873.0,845.0,838.0,849.0,846.0
414842930447360602,14980,15092,15155,15211,15334,15312,15391,15264.0,15284.0,15413.0,15483.0,15474.0,15425.0,15453.0,15598.0
414942930465336301,685,692,692,701,721,723,749,732.0,685.0,668.0,639.0,623.0,617.0,614.0,629.0
415042930470615302,229,240,234,235,240,245,221,224.0,217.0,214.0,209.0,199.0,195.0,184.0,189.0
415142930516126502,1264,1253,1252,1252,1263,1245,1229,1208.0,1167.0,1149.0,1140.0,1096.0,1098.0,1091.0,1105.0
415242930544952501,1824,1875,1924,1976,2015,2054,2013,1959.0,1961.0,2006.0,1989.0,1995.0,1987.0,1987.0,1970.0
415342928086441102,4306,4261,4214,4198,4131,4088,4044,3981.0,3914.0,3845.0,3746.0,3663.0,3612.0,3558.0,3437.0
415642930459931101,435,439,440,423,415,417,410,412.0,399.0,387.0,380.0,361.0,350.0,331.0,321.0
415642930475389902,181379,181518,182042,181701,181688,181171,180614,178827.0,177524.0,176299.0,174885.0,173026.0,172479.0,170951.0,169795.0
415742930478104002,1482,1461,1451,1422,1414,1402,1396,1377.0,1335.0,1310.0,1293.0,1253.0,1258.0,1241.0,1218.0
415942930466888101,1129,1115,1115,1099,1087,1088,1077,1034.0,1009.0,990.0,977.0,982.0,964.0,960.0,949.0
416142930454167201,434,428,420,416,398,381,370,355.0,371.0,381.0,364.0,366.0,368.0,364.0,362.0
416242930455137601,1061,1045,1056,1090,1088,1084,1082,1064.0,1047.0,1057.0,1052.0,1047.0,1079.0,1085.0,1094.0
416442929626364102,1748,1782,1798,1738,1735,1703,1710,1734.0,1736.0,1735.0,1683.0,1668.0,1635.0,1645.0,1662.0
416442930473063501,779,779,778,788,795,794,792,777.0,766.0,749.0,730.0,726.0,715.0,697.0,689.0
416842930450242402,8574,8585,8536,8569,8621,8594,8576,8414.0,8355.0,8364.0,8331.0,8343.0,8417.0,8447.0,8449.0
416842930518543801,694,678,692,702,708,741,752,753.0,740.0,749.0,754.0,758.0,748.0,749.0,761.0
416842930543259501,3190,3180,3227,3223,3202,3200,3192,3143.0,3135.0,3124.0,3093.0,3071.0,3058.0,3010.0,2990.0
417042930452964302,4562,4556,4575,4611,4589,4578,4515,4336.0,4374.0,4353.0,4324.0,4268.0,4263.0,4310.0,4337.0
417042930452976501,7063,7197,7309,7358,7419,7476,7501,7514.0,7562.0,7547.0,7457.0,7395.0,7453.0,7482.0,7530.0
417042930524389801,11816,11864,11844,11808,12112,12437,13058,14268.42857142857,13908.0,14361.0,14345.0,14307.0,14338.0,14252.0,14368.0
417142930459672401,5905,5977,6051,6048,6082,6060,6076,6098.0,6059.0,6030.0,6006.0,5868.0,5949.0,6009.0,5974.0
417342930449522002,1974,2006,2013,2007,2038,2062,2056,2051.0,1987.0,2009.0,2006.0,1992.0,1984.0,2002.0,2039.0
417542930525139002,27589,27651,27671,27619,27544,27360,27170,27043.0,26814.0,26692.0,26509.0,26321.0,26113.0,25847.0,25842.0
418042930544336502,17984,18125,18196,18296,18337,18345,18460,18299.0,18141.0,18169.0,18167.0,18102.0,18087.0,18025.0,18000.0
418342930508967902,8093,8104,8089,8042,8032,8006,7941,7906.0,7905.0,7823.0,7770.0,7533.0,7539.0,7487.0,7400.0
418342930516375702,37260,37099,37156,37243,37450,37627,37494,37200.0,37101.0,37034.0,36812.0,36168.0,35923.0,35789.0,35893.0
418442930528735301,380,366,350,351,340,351,340,317.0,308.0,288.0,291.0,309.0,311.0,306.0,312.0
418442930530225202,1816,1826,1875,1899,1885,1895,1890,1828.0,1780.0,1762.0,1750.0,1707.0,1691.0,1708.0,1733.0
418642930452678002,4623,4698,4734,4738,4741,4679,4619,4576.0,4521.0,4493.0,4450.0,4454.0,4444.0,4415.0,4391.0
418842930480448501,4647,4678,4703,4685,4731,4672,4714,4635.0,4636.0,4708.0,4684.0,4709.0,4742.0,4774.0,4776.0
419042930534507802,1465,1448,1439,1431,1410,1407,1407,1384.0,1380.0,1365.0,1345.0,1291.0,1293.0,1283.0,1287.0
419142930510250002,3660,3722,3766,3797,3899,3914,3897,3891.0,3871.0,3896.0,3885.0,3855.0,3842.0,3857.0,3889.0
419142930528931202,3437,3497,3489,3465,3426,3406,3387,3355.0,3329.0,3254.0,3153.0,3131.0,3098.0,3100.0,3078.0
419342930464253801,34745,34953,35217,35608,35848,35985,35951,36148.0,36180.0,36252.0,36267.0,36052.0,35784.0,35414.0,35531.0
419342930464733702,4769,4840,4873,4863,4868,4905,4956,4905.0,4888.0,4882.0,4805.0,4806.0,4785.0,4757.0,4732.0
419342930511050901,1826,1837,1837,1819,1830,1830,1826,1755.0,1717.0,1695.0,1671.0,1636.0,1622.0,1652.0,1636.0
419442930446618101,2029,2072,2092,2104,2153,2196,2182,2164.0,2160.0,2136.0,2131.0,2152.0,2149.0,2106.0,2105.0
419442930510332601,990,989,1018,1051,1051,1066,1052,1058.0,1047.0,1045.0,1060.0,1066.0,1078.0,1089.0,1086.0
419542930460743402,1257,1210,1192,1176,1171,1169,1147,1114.0,1092.0,1063.0,1051.0,1019.0,1021.0,1002.0,1024.0
419642928135481802,2986,3100,3226,3281,3417,3470,3514,3513.0,3519.285714285714,3523.0,3521.0,3495.0,3525.0,3499.0,3559.0
419742930510455002,28670,28820,28873,28990,28953,28875,28659,28290.0,28089.0,27852.0,27651.0,27768.0,27860.0,27693.0,27639.0
419742930526312002,51029,51092,51153,51141,51220,51292,51243,50821.0,50628.0,50371.0,50346.0,50334.0,50312.0,50039.0,50117.0
419742930544479201,3175,3179,3140,3087,3052,3037,3004,2954.0,2949.0,2934.0,2906.0,2867.0,2852.0,2833.0,2801.0
419942930519726001,2477,2492,2490,2458,2463,2424,2444,2392.0,2348.0,2315.0,2264.0,2272.0,2236.0,2192.0,2219.0
419942930534902402,571,580,606,607,616,621,633,622.0,609.0,601.0,589.0,587.0,602.0,611.0,618.0
421142930524863402,8054,8254,8372,8454,8665,8789,8883,8885.0,8871.0,8927.0,8983.0,9060.0,9060.0,9055.0,9141.0
421342930476293502,511,513,526,512,508,510,490,492.0,480.0,478.0,462.0,441.0,453.0,436.0,446.0
421542930478606501,621,608,588,587,585,595,571,551.0,533.0,535.0,523.0,513.0,509.0,503.0,494.0
421542930542662602,1291,1288,1258,1226,1213,1210,1203,1171.0,1163.0,1145.0,1138.0,1100.0,1092.0,1080.0,1086.0
421742930472103102,7065,7141,7276,7335,7386,7411,7393,7304.0,7274.0,7240.0,7255.0,7165.0,7216.0,7218.0,7244.0
421742930478809101,1248,1242,1238,1231,1212,1195,1166,998.8,998.8,998.8,1029.0,1023.0,1000.0,977.0,965.0
421742930527837001,21973,22372,22444,22496,22797,23051,23167,23490.0,23349.0,23470.0,23746.0,23847.0,24084.0,24304.0,24410.0
421742930545929201,13143,13243,13223,13220,13195,13098,13004,12864.0,12808.0,12646.714285714286,12722.0,12613.0,12497.0,12523.0,12500.0
421842930464510002,2143,2126,2147,2177,2177,2198,2219,2265.0,2256.0,2315.0,2224.0,2216.0,2239.0,2238.0,2365.0
421842930464512601,1773,1740,1704,1695,1695,1657,1648,1625.0,1567.0,1564.0,1557.0,1570.0,1569.0,1556.0,1535.0
421842930530493601,3236,3249,3231,3179,3161,3139,3128,3018.0,2962.0,2920.0,2897.0,2827.0,2831.0,2843.0,2833.0
421942930525619301,1945,1908,1921,1918,1945,1975,1955,1924.0,1950.0,1931.0,1944.0,1915.0,1944.0,1932.0,1941.0
422042929012799102,788,784,764,770,784,769,773,761.0,750.0,725.0,697.0,692.0,698.0,703.0,716.0
422242930462962702,1258,1233,1252,1254,1278,1283,1293,1256.0,1248.0,1233.0,1207.0,1163.0,1157.0,1152.0,1143.0
422242930464839802,711,707,706,685,673,684,668,654.0,651.0,653.0,645.0,634.0,638.0,637.0,627.0
422242930519309302,10633,10594,10614,10599,10628,10496,10405,10332.0,10301.0,10228.0,10190.0,10082.0,10014.0,9911.0,9912.0
422342929348291702,7221,7322,7324,7389,7454,7347,7351,7268.0,7193.0,7072.0,6984.0,7129.25,7129.25,7129.25,7129.25
422342930528770702,3840,3854,3876,3915,3891,3920,3903,3919.0,3912.0,3936.0,3972.0,4029.0,4016.0,4034.0,4081.0
422342930536281502,7790,7731,7556,7532,7502,7416,7327,7196.0,7109.0,7094.0,7013.0,6876.0,6875.0,6841.0,6823.0
422442930532646302,2289,2288,2299,2295,2334,2343,2371,2404.0,2399.0,2408.0,2383.0,2343.0,2361.0,2333.0,2343.0
422542929800558901,3195,3240,3318,3325,3378,3351,3373,3387.4285714285716,3409.0,3408.0,3393.0,3380.0,3390.0,3358.0,3374.0
422642930533379302,416,423,408,400,410,402,401,399.0,393.0,390.0,391.0,373.0,377.0,389.0,384.0
422842930455013301,3004,2936,2860,2843,2797,2794,2765,2710.0,2683.0,2633.0,2563.0,2510.0,2488.0,2455.0,2452.0
422942930517743102,533,539,529,516,511,529,536,534.0,512.0,495.0,478.0,467.0,468.0,469.0,465.0
423042930220628402,893,890,885,882,864,866,873,865.0,881.0,862.0,884.0,872.0,875.0,877.0,870.0
423142930472510701,5574,5564,5531,5517,5476,5427,5401,5285.0,5188.0,5158.0,5069.0,4986.0,4954.0,4902.0,4872.0
423142930529658201,2164,2156,2141,2111,2117,2102,2078,2029.0,2025.0,2010.0,1996.0,1946.0,1940.0,1963.0,1947.0
423342930462033501,2848,2836,2812,2982,2928,2872,2839,2768.0,2822.0,2765.0,2760.0,2545.0,2534.0,2512.0,2514.0
423342930528595001,9234,9292,9316,9259,9280,9234,9203,9146.0,9030.0,8995.0,8876.0,8700.0,8714.0,8614.0,8575.0
423342930541522601,3545,3520,3469,3438,3412,3390,3349,3312.0,3295.0,3225.0,3163.0,3074.0,3051.0,3018.0,2969.0
423442930510727701,5130,5201,5206,5274,5319,5321,5289,5231.0,5144.0,5083.0,5064.0,5002.0,4980.0,4953.0,4919.0
423742930476657202,603,586,591,570,546,536,531,517.0,505.0,475.0,463.0,463.0,448.0,422.0,408.0
423742930532899201,2302,2293,2270,2277,2247,2231,2244,2208.0,2213.0,2155.0,2137.0,2116.0,2098.0,2110.0,2125.0
423842929307319302,739,725,726,702,679,683,655,640.0,626.0,605.0,591.0,594.0,586.0,570.0,566.0
423842930008236502,432,435,426,421,427,417,403,379.0,365.0,355.0,355.0,352.0,343.0,348.0,350.0
423842930456507002,649,647,650,628,628,625,624,585.0,576.0,565.0,558.0,557.0,531.0,505.0,493.0
423842930461862401,1121,1149,1185,1179,1190,1181,1179,1186.0,1184.0,1190.0,1164.0,1157.0,1149.0,1132.0,1142.0
423942930473588601,1923,1896,1934,1971,1966,1980,1977,1925.0,1926.0,1885.0,1892.0,1891.0,1899.0,1896.0,1889.0
424042930527942301,829,858,848,834,837,830,809,767.0,750.0,745.0,748.0,719.0,700.0,688.0,683.0
424442930526962502,1168,1181,1160,1135,1107,1084,1047,978.0,945.0,920.0,887.0,866.0,828.0,806.0,778.0
424542930476618101,47079,47228,47299,47501,47809,48024,48244,48327.0,47091.0,47156.0,47006.0,46348.0,46056.0,45840.0,45798.0
424542930544796702,4576,4596,4597,4618,4619,4639,4579,4495.0,4430.0,4389.0,4377.0,4343.0,4242.0,4220.0,4278.0
424842930455850101,12826,12824,12910,12937,12891,12851,12790,12652.0,12598.0,12389.0,12192.0,11908.0,11888.0,11746.0,11676.0
424842930525167202,23148,23209,23271,23393,23373,23419,23356,23422.0,23512.0,23476.0,23656.0,23603.0,23513.0,23464.0,23665.0
424842930531682102,3425,3465,3524,3547,3575,3603,3646,3682.0,3725.0,3783.0,3814.0,3862.0,3887.0,3876.0,3955.0
424942930478216002,2030,1999,1970,1952,1957,1953,1937,1936.0,1930.0,1920.0,1875.0,1830.0,1810.0,1804.0,1797.0
424942930522432801,1855,1859,1903,1911,1931,1922,1934,1933.0,1926.0,1902.0,1898.0,2015.0,1878.0,1831.0,1832.0
425042927982774902,13584,13599,13615,13550,13516,13416,13394,13178.0,13016.0,12883.0,12812.0,12681.0,12617.0,12575.0,12515.0
425042930527812502,649,633,625,621,610,608,582,571.0,570.0,578.0,560.0,552.0,553.0,545.0,551.0
425142930476491301,2545,2597,2619,2637,2630,2662,2654,2656.0,2674.0,2732.0,2763.0,2717.0,2743.0,2769.0,2813.0
425142930517641001,1371,1399,1390,1422,1424,1441,1434,1455.0,1445.0,1418.0,1418.0,1460.0,1395.0,1370.0,1400.0
425142930532447901,9160,9256,9312,9284,9291,9225,9234,9177.0,9128.0,9164.0,9089.0,9164.0,9171.0,9137.0,9167.0
425342930452771101,2407,2359,2345,2338,2339,2329,2314,2286.0,2263.0,2203.0,2174.0,2159.0,2182.0,2155.0,2140.0
425342930473661602,37525,37514,37712,37896,37619,37124,37024,36321.0,36238.0,35951.0,35848.0,36216.0,36456.0,36269.0,36306.0
425442930517412402,245,241,244,244,249,247,237,220.0,217.0,215.0,196.0,201.0,204.0,200.0,195.0
425442930547332502,1344,1351,1350,1334,1329,1332,1305,1292.0,1278.0,1293.0,1294.0,1240.0,1251.0,1238.0,1241.0
425542930467542701,14458,14596,14890,15048,15078,14995,14926,14831.0,14799.0,14756.0,14597.0,14725.0,14695.0,14620.0,14577.0
425942930461917102,8049,8079,8114,8157,8162,8116,8042,7975.0,7902.0,7863.0,7790.0,7590.0,7604.0,7517.0,7748.714285714285
425942930525262001,1587,1592,1594,1581,1569,1563,1565,1575.0,1552.0,1543.0,1541.0,1524.0,1517.0,1527.0,1539.0
426242930508104501,20274,20458,20642,20738,20922,21140,21326,21641.0,21986.0,22396.0,22591.0,22698.0,22728.0,22816.0,23004.0
426242930541919002,394,392,386,378,394,408,412,405.0,396.0,391.0,381.0,381.0,366.0,354.0,345.0
426442929249040201,1178,1195,1182,1184,1168,1172,1161,1158.857142857143,1156.0,1165.0,1189.0,1154.0,1148.0,1140.0,1160.0
426442930508858402,2169,2148,2118,2103,2089,2070,2078,2047.0,2016.0,2018.0,1985.0,1931.0,1950.0,1928.0,1897.0
426542928728354801,604,603,619,632,628,631,630,620.0,604.0,593.0,573.0,570.0,563.0,551.0,582.0
426542930525179902,8797,8753,8757,8772,8729,8659,8622,8447.0,8388.0,8308.0,8250.0,8089.0,8084.0,7992.0,7953.0
426642930476601002,1337,1328,1331,1379,1367,1370,1380,1350.0,1355.0,1369.0,1361.0,1322.0,1350.0,1351.0,1331.0
426742930534010201,10689,10637,10611,10603,10456,10394,10314,10014.0,9969.0,9817.0,9698.0,9534.0,9373.0,9279.0,9198.0
426842928030317302,2072,2065,2061,2018,2029,2027,2008,1988.0,1990.0,1975.0,1977.0,1960.0,1928.0,1906.0,1905.0
426842930531351102,303,327,322,317,328,322,320,300.0,291.0,291.0,283.0,268.0,270.0,268.0,260.0
426942930534675001,1299,1293,1286,1275,1273,1272,1255,1235.0,1229.0,1208.0,1188.0,1156.0,1150.0,1124.0,1098.0
427042929467119401,3566,3696,3747,3795,3779,3775,3720,3687.0,3732.0,3700.0,3648.0,3649.0,3627.0,3642.0,3666.0
427042930472219801,8171,8188,8222,8176,8241,8244,8131,8047.0,8102.0,8057.428571428572,8051.0,8056.0,8022.0,8023.0,8101.0
427142929346284802,14572,14715,14934,15110,15231,15286,15184,15084.0,15032.0,14991.0,14916.0,14947.0,14858.0,14874.0,14964.0
427142929816392201,3143,3118,3063,3017,3011,3003,2996,2904.0,2820.0,2780.0,2742.0,2686.0,2638.0,2630.0,2625.0
427142930455661602,16118,16151,16240,16264,16191,16081,15984,15946.0,15941.0,16020.0,16057.0,16065.0,16037.0,16026.0,16109.0
427142930519082401,4590,4550,4554,4517,4562,4593,4572,4557.0,4616.0,4597.0,4599.0,4495.0,4469.0,4438.0,4744.0
427242930508481601,2423,2407,2384,2385,2381,2349,2348,2274.0,2261.0,2240.0,2254.0,2222.0,2199.0,2192.0,2202.0
427242930549574301,23374,23529,23488,23377,23244,23033,22891,22083.0,21644.0,21355.0,21095.0,21255.0,21212.0,20939.0,20659.0
427342930454849801,11120,11038,10948,10958,11047,11007,11026,10865.0,10838.0,10800.0,10823.0,10611.0,10580.0,10578.0,10611.0
427442930475405802,1203,1229,1271,1260,1256,1232,1205,1162.0,1110.0,1065.0,1031.0,1001.0,992.0,965.0,957.0
427542930524283402,23318,23772,24157,24526,24819,24916,24974,24843.0,24954.0,24950.0,24928.0,25111.0,25169.0,25264.0,25560.0
427642930450569802,4586,4604,4664,4592,4598,4549,4560,4476.0,4513.0,4552.0,4497.0,4554.0,4591.0,4575.0,4634.0
427642930532071401,11176,11095,11048,10966,11060,11011,10956,10868.0,10814.0,10790.0,10636.0,10431.0,10379.0,10186.0,10209.0
427642930546508501,9076,9122,9103,9202,9267,9311,9318,9071.0,8906.0,8821.0,8717.0,8520.0,8402.0,8496.0,8600.0
427842930511054402,3794,3786,3762,3858,3853,3791,3798,3726.0,3671.0,3613.0,3598.0,3633.0,3660.0,3681.0,3686.0
427942928225066301,14403,14515,14569,14643,14682,14639,14613,14650.0,14555.0,14371.0,14107.0,14001.0,13970.0,13844.0,13715.0
428042930534754302,2021,2012,2010,2017,1989,2000,1985,1957.0,1968.0,1929.7142857142856,1928.0,1909.0,1922.0,1910.0,1914.0
428342930530081502,11818,11849,11862,11896,11929,11849,11758,11677.0,11622.0,11523.0,11476.0,11242.0,11155.0,11108.0,11096.0
428442930475850102,4312,4277,4308,4308,4353,4324,4261,4279.0,4295.0,4271.0,4284.0,4266.0,4277.0,4297.0,4336.0
428442930533635001,1591,1588,1623,1638,1634,1600,1597,1578.0,1565.0,1566.0,1567.0,1585.0,1570.0,1563.0,1561.0
428542930545389202,4379,4447,4491,4607,4671,4639,4648,4652.0,4666.0,4632.142857142857,4648.0,4613.0,4621.0,4608.0,4617.0
428742930455226301,4147,4183,4200,4193,4208,4151,4113,4021.0,4001.0,3929.0,3892.0,3792.0,3777.0,3783.0,3792.0
428842930515464502,4518,4471,4495,4478,4432,4392,4338,4165.0,4062.0,4001.0,3984.0,3958.0,3903.0,3858.0,3864.0
428942930452187902,7392,7418,7370,7313,7275,7210,7104,6947.0,6841.0,6720.0,6634.0,6487.0,6441.0,6397.0,6638.142857142857
429042930524070901,1571,1620,1595,1596,1576,1568,1573,1507.2857142857142,1533.0,1559.0,1559.0,1479.0,1477.0,1477.0,1467.0
429142930549347602,1259,1264,1279,1263,1247,1254,1215,1237.0,1231.0,1241.0,1195.0,1163.0,1091.0,1039.0,1026.0
429342928269818402,8055,8095,8115,8181,8212,8212,8161,8373.0,8382.0,8341.0,8176.0,8105.0,8134.0,8106.0,8076.0
429342929417543301,2429,2470,2602,2703,2758,2797,2852,2917.0,2969.0,2985.0,2995.0,3035.0,3114.0,3157.0,3205.0
429342930530952502,2337,2328,2320,2299,2308,2249,2207,2150.0,2137.0,2123.0,2107.0,2062.0,2041.0,2009.0,2004.0
429442930526423701,758,741,716,716,708,700,687,680.0,664.0,669.0,665.0,647.0,658.0,670.0,683.0
429542930463343201,1249,1240,1215,1187,1162,1143,1123,1107.0,1098.0,1086.0,1066.0,1064.0,1035.0,1028.0,1047.0
429542930534678901,3865,3840,3793,3764,3719,3720,3719,3755.0,3757.0,3786.0,3777.0,3741.0,3757.0,3741.0,3758.0
429742930480276102,1251,1267,1286,1330,1330,1338,1284,1257.0,1252.0,1262.0,1254.0,1244.0,1246.0,1269.0,1266.0
429842929411157202,2995,2980,3005,3102,3110,3105,3131,3090.0,3052.0,3045.0,3024.0,3046.0,3085.0,3081.0,3069.0
431142928242857102,2118,2164,2169,2222,2287,2383,2394,2387.0,2384.0,2362.0,2409.0,2438.0,2460.0,2478.0,2463.0
431142930528814302,1021,996,1003,1010,988,983,970,937.0,939.0,920.0,915.0,882.0,872.0,861.0,840.0
431342928188537602,3205,3166,3156,3116,3082,3040,3007,2912.0,2814.0,2751.0,2675.0,2567.0,2521.0,2452.0,2382.0
431342930436036701,3169,3116,3115,3083,3037,3042,3013,2937.0,2918.0,2886.0,2853.0,2769.0,2799.0,2839.0,3162.0
431442930460324301,14395,14170,14038,13947,13984,13800,13639,13536.0,13468.0,13471.0,13502.0,12983.0,13116.0,13013.0,12868.0
431642930546311502,739,724,705,700,689,677,669,657.0,627.0,619.0,606.0,605.0,585.0,596.0,600.0
431742930460715902,2366,2384,2420,2414,2409,2449,2499,2542.0,2580.0,2588.0,2590.0,2535.0,2521.0,2480.0,2503.0
431742930528369702,3494,3501,3482,3448,3427,3393,3367,3191.714285714286,3277.0,3222.0,3228.0,3185.0,3167.0,3133.0,3130.0
431842930517103301,615,612,599,614,612,604,587,557.0,545.0,528.0,538.0,539.0,535.0,516.0,515.0
431942930461501701,1416,1400,1387,1393,1369,1363,1350,1322.0,1303.0,1279.0,1257.0,1203.0,1184.0,1158.0,1145.0
432042930475664902,1369,1378,1373,1331,1307,1301,1269,1218.0,1214.0,1215.0,1203.0,1190.0,1169.0,1146.0,1110.0
432242930450432502,1543,1550,1571,1593,1621,1602,1608,1603.0,1623.0,1594.0,1589.0,1590.0,1560.0,1550.0,1548.0
432342930529109301,7034,7062,7156,7136,7143,7132,7097,7000.0,7041.0,7083.0,7020.0,7002.0,6991.0,6978.0,7013.0
432442929687010202,2414,2380,2309,2289,2277,2230,2228,2181.0,2176.0,2129.0,2099.0,2042.0,2022.0,2029.0,2040.0
432642930529775401,866,879,886,898,915,903,898,893.0,888.0,879.0,875.0,882.0,866.0,849.0,852.0
432642930544091501,4250,4326,4488,4531,4642,4629,4732,4958.0,5141.0,5052.0,5126.0,4971.0,4997.0,5065.0,5254.0
432742930464778202,3446,3462,3519,3530,3529,3557,3489,3430.0,3413.0,3404.0,3384.0,3309.0,3312.0,3285.0,3256.0
432942928887199501,565,557,556,553,564,568,564,553.0,559.0,560.0,554.0,557.0,559.0,556.0,550.0
433042930454629101,2442,2472,2556,2601,2675,2722,2750,2827.0,2862.0,2854.0,2864.0,2812.0,2811.0,2847.0,2884.0
433042930523638701,986,987,996,1037,1032,1032,1026,1035.0,1041.0,1042.0,1037.0,1049.0,1054.0,1061.0,1060.0
433242930479913101,1543,1521,1491,1466,1443,1431,1396,1346.0,1333.0,1295.0,1265.0,1225.0,1206.0,1176.0,1140.0
433242930517302902,3446,3434,3459,3454,3478,3458,3435,3436.0,3460.0,3457.0,3415.0,3373.0,3367.0,3333.0,3381.0
433242930526829102,14342,14365,14364,14367,14394,14337,14295,14020.0,13891.0,13773.0,13671.0,13458.0,13421.0,13341.0,13215.0
433542930468923802,20611,20818,21084,21288,21592,21636,21726,22013.0,21986.0,22116.0,22211.0,22288.0,22184.0,22148.0,22254.0
433542930546801001,868,854,861,858,861,854,845,835.0,822.0,811.0,833.0,840.0,820.0,792.0,797.0
433642930456624001,176,182,180,173,183,186,197,199.0,177.0,163.0,165.0,163.0,170.0,168.0,160.0
433742930524402901,757,760,767,756,750,735,736,711.0,729.0,723.0,737.0,709.0,702.0,703.0,714.0
434242930550216202,4189,4194,4199,4191,4211,4257,4259,4200.0,4172.0,4127.0,4094.0,4016.0,3968.0,3871.0,3859.0
434342928577579702,260,247,250,247,245,239,236,228.0,226.0,222.0,217.0,217.0,200.0,200.0,199.0
434442930476749802,1129,1120,1097,1095,1076,1077,1047,1003.0,1003.1428571428572,1000.0,1008.0,1003.0,999.0,1007.0,1002.0
434542929543902501,2948,2957,3007,2996,3079,3082,3064,3038.0,3042.0,3031.0,3067.0,3024.0,3078.0,3148.0,3259.0
434542930478188502,6858,6855,6891,6907,6963,6963,7016,7066.0,7105.0,7148.0,7162.0,7128.0,7190.0,7181.0,7216.0
434542930516168402,4352,4406,4413,4356,4401,4420,4408,4355.0,4334.0,4329.0,4342.0,4236.0,4155.0,4137.0,4114.0
434542930534207102,8486,8473,8599,8682,8708,8703,8705,8734.0,8669.0,8719.0,8711.0,8675.0,8638.0,8619.0,8670.0
434642930525286701,2123,2129,2180,2207,2212,2255,2274,2241.0,2227.0,2238.0,2230.0,2223.0,2231.0,2235.0,2259.0
434642930537432001,2551,2513,2498,2487,2458,2445,2444,2413.0,2388.0,2360.0,2339.0,2331.0,2365.0,2391.0,2352.0
435142930542793802,6528,6521,6538,6540,6546,6540,6523,6521.0,6464.0,6362.0,6316.0,6282.0,6304.0,6271.0,6304.0
435242930531846502,10862,11087,11153,11213,11235,11248,11259,11197.0,11196.0,11173.0,11188.666666666666,11188.666666666666,11188.666666666666,11188.666666666666,11188.666666666666
435242930532869402,2871,2893,2893,2855,2880,2825,2790,2785.0,2700.0,2704.0,2667.0,2620.0,2599.0,2571.0,2533.0
435342929013116401,10322,10445,10560,10685,10805,10920,11001,11045.0,11090.0,11085.0,11080.0,11059.0,11065.0,11066.0,11124.0
435442930460426002,2309,2265,2228,2210,2150,2124,2096,2083.0,2053.0,2028.0,2010.0,1995.0,1990.0,1984.0,1977.0
435442930518610701,589,589,584,566,565,568,554,562.0,545.0,535.0,536.0,540.0,516.0,514.0,513.0
435742930543774002,6664,6764,6840,6809,6872,6896,6942,6868.0,6895.0,6992.0,6954.0,6901.0,6849.0,6852.0,6879.0
435842930478161502,1640,1682,1673,1699,1713,1710,1694,1675.0,1644.0,1615.0,1605.0,1559.0,1569.0,1560.0,1597.0
435842930510965401,17384,17415,17450,17507,17572,17679,17723,17826.0,17785.0,17829.0,17876.0,17848.0,17828.0,17825.0,17859.0
435942930527914001,8163,8103,8099,8083,8124,8072,8087,7996.0,7968.0,8000.0,8044.0,7905.0,7827.0,7788.0,7777.0
436242930547456902,2480,2493,2499,2491,2514,2554,2582,2580.0,2558.0,2562.0,2589.0,2514.0,2504.0,2516.0,2524.0
436342928726782501,15753,15726,15587,15503,15461,15387,15261,14921.0,14858.0,14815.0,14614.0,14408.0,14313.0,14281.0,14281.0
436442930475111001,8383,8548,8593,8682,8801,8838,8883,8915.0,8999.0,9066.0,9102.0,9119.0,9126.0,9150.0,9171.0
436542930542212901,4530,4499,4419,4359,4330,4273,4245,4123.0,4092.0,4066.0,4027.0,3974.0,3959.0,3892.0,3847.0
436642930516141202,2592,2588,2593,2648,2642,2649,2707,2777.0,2793.0,2769.0,2768.0,2754.0,2776.0,2785.0,2803.0
436842930473132001,7069,7025,6978,6906,6811,6721,6632,6590.0,6532.0,6471.0,6401.0,6374.0,6363.0,6376.0,6401.0
436942930531863101,2050,2089,2139,2160,2182,2165,2160,2132.0,2101.0,2093.0,2099.0,2067.0,2037.0,2057.0,2040.0
437142930549638801,1300,1270,1248,1238,1228,1241,1202,1192.0,1190.0,1199.0,1187.0,1167.0,1171.0,1137.0,1146.0
437442930458940101,18172,18179,18155,18140,18088,18015,17947,17863.0,17778.0,17712.0,17660.0,17274.0,17203.0,17145.0,17124.0
437642929456777302,9352,9417,9542,9568,9559,9572,9598,9553.0,9595.0,9562.0,9565.0,9549.0,9535.0,9527.0,9531.0
437642929703857301,902,896,898,881,873,880,873,829.0,835.0,822.0,798.0,805.0,791.0,773.0,764.0
437642930541280602,6955,6909,6886,6854,6836,6821,6779,6653.0,6533.0,6473.0,6391.0,6295.0,6275.0,6206.0,6221.0
437642930542057902,81,95,99,102,101,97,93,88.0,88.0,87.0,86.0,85.0,86.0,87.0,83.0
437842930531739502,7252,7163,7167,7123,7107,7108,7028,6886.0,6802.0,6756.0,6662.0,6549.0,6511.0,6454.0,6395.0
438042930524689201,1002,1004,993,1012,1020,1006,973,944.0,955.0,932.0,933.0,908.0,894.0,878.0,868.0
438242930467080401,14763,14674,14573,14467,14392,14356,14168,13926.0,13846.0,13816.0,13705.0,13477.0,13482.0,13312.0,13377.0
438242930510427602,6168,6216,6279,6286,6358,6430,6443,6369.0,6348.0,6338.0,6373.0,6359.0,6360.0,6337.0,6414.0
438442930516910302,7833,7819,7831,7819,7869,7872,7885,7895.0,7813.0,7805.0,7894.0,7862.0,7920.0,7927.0,7985.0
438542928614385802,955,954,980,976,983,990,975,950.0,934.0,921.0,912.0,903.0,891.0,884.0,883.0
438542930008180002,2738,2764,2720,2713,2735,2688,2697,2566.5,2602.0,2566.5,2577.0,2590.0,2578.0,2539.0,2513.0
438542930528147302,232,222,233,239,228,220,223,218.0,218.0,214.0,216.0,211.0,219.0,220.0,216.0
438742930529846001,12639,12581,12541,12475,12481,12346,12221,12038.0,12012.0,11902.0,11849.0,11846.0,11806.0,11833.0,11922.0
439242930508921102,1470,1450,1486,1501,1478,1459,1459,1415.0,1394.0,1359.0,1366.0,1349.0,1383.0,1382.0,1372.0
439442930530243202,3677,3682,3648,3617,3577,3562,3558,3495.0,3491.0,3461.0,3436.0,3367.0,3344.0,3313.0,3305.0
439642930518496702,27983,28203,28403,28347,28152,28030,27828,27348.0,27084.0,26780.0,26607.0,26490.0,26435.0,26089.0,26002.0
439742929704304201,1857,1851,1818,1800,1813,1776,1746,1742.0,1729.0,1748.0,1691.0,1678.0,1638.0,1618.0,1615.0
439742930468869302,507,502,502,485,489,487,499,484.0,484.0,472.0,489.0,491.0,489.0,515.0,556.0
439742930534365702,512,519,504,485,485,485,472,467.0,459.0,439.0,412.0,405.0,407.0,399.0,392.0
439942928197140001,87,86,85,91,92,93,90,94.0,93.0,90.0,88.0,85.0,88.0,87.0,85.0
439942929575556101,5141,5088,5076,5022,4951,4862,4806,4700.0,4628.0,4569.0,4548.0,4434.0,4388.0,4364.0,4315.0
441242928932386902,1478,1483,1453,1470,1492,1491,1474,1451.0,1479.0,1468.0,1471.0,1462.0,1451.0,1448.0,1412.0
441242930516479301,1956,1970,2000,2043,2040,2021,2016,2005.0,1983.0,1932.0,1910.0,1917.0,1889.0,1891.0,1896.0
441342930455691402,1035,1031,1046,1038,1027,995,987,952.0,939.0,921.0,905.0,877.0,859.0,836.0,810.0
441342930538665302,3467,3411,3376,3358,3328,3291,3251,3225.0,3173.0,3148.0,3111.0,3047.0,2990.0,2952.0,2926.0
441442930546173402,1537,1536,1549,1534,1526,1511,1496,1458.0,1453.0,1451.0,1443.0,1425.0,1449.0,1446.5,1446.5
441542930528341302,265,260,266,276,278,272,267,273.0,267.0,255.0,239.0,240.0,239.0,222.0,227.0
441642930543933102,1610,1593,1579,1623,1612,1598,1589,1584.0,1600.0,1552.0,1546.0,1516.0,1534.0,1517.0,1509.0
441742930543287101,2682,2656,2648,2668,2685,2673,2600,2535.0,2542.0,2532.0,2534.0,2515.0,2516.0,2511.0,2535.0
441842930450618302,1281,1274,1271,1261,1259,1253,1245,1231.0,1218.0,1202.0,1211.0,1196.0,1221.0,1211.0,1223.0
441842930519782902,2446,2433,2392,2365,2331,2314,2277,2195.0,2162.0,2125.0,2062.0,2003.0,1995.0,1973.0,1952.0
442042930522229201,39034,39167,39432,39582,39536,39561,39470,39221.0,39099.0,39181.0,39025.0,38890.0,38943.0,38745.0,38665.0
442142930450340102,4493,4510,4510,4465,4474,4404,4361,4317.0,4331.0,4309.0,4263.0,4281.0,4271.0,4212.0,4258.0
442242928232687101,1561,1572,1581,1599,1598,1630,1625,1573.0,1567.0,1521.0,1504.0,1513.0,1518.0,1518.0,1545.0
442242930456507901,6950,6963,6933,6900,6843,6829,6793,6717.0,6569.0,6484.0,6466.0,6433.0,6387.0,6337.0,6292.0
442342928210699901,3021,3021,2960,2923,2926,2865,2842,2749.0,2717.0,2693.0,2651.0,2624.0,2639.0,2595.0,2565.0
442442930537131802,1158,1236,1319,1416,1518,1540,1560,1571.0,1574.0,1562.0,1549.0,1533.0,1555.0,1561.0,1591.0
442542930464754601,16561,16663,16868,16845,16890,16816,16742,16592.0,16609.0,16656.0,16528.0,16381.0,16370.0,16281.0,16407.0
442642930472517502,5095,5359,5499,5769,5916,5993,6002,6121.0,6093.0,6185.0,6216.0,6345.0,6472.0,6550.0,6696.0
442642930516534602,3461,3477,3465,3452,3419,3424,3432,3414.0,3416.0,3410.0,3379.0,3361.0,3353.0,3313.0,3283.0
442742930521986601,13323,13634,13812,13935,13964,13896,13984,13914.0,13924.0,13848.0,13873.0,14092.0,14287.0,14330.0,14397.0
442742930541026901,38834,38769,38860,38801,39130,39038,39006,39060.0,39006.0,39051.0,39006.0,38435.0,38316.0,38637.0,39111.0
442842930460244201,15146,15229,15410,15619,15614,15671,15659,15529.0,15390.0,15242.0,15322.0,15357.0,15275.0,15212.0,15171.0
443042929544004001,3382,3388,3328,3304,3280,3269,3238,3194.0,3176.0,3174.0,3134.0,3082.0,3053.0,3012.0,3019.0
443042930544171201,2067,2130,2152,2191,2215,2201,2221,2245.0,2251.0,2288.0,2256.0,2262.0,2259.0,2304.0,2341.0
443142930530546101,6432,6426,6376,6332,6277,6196,6142,6122.0,6083.0,6051.0,5996.0,5960.0,5983.0,5925.0,5899.0
443142930531245401,19478,19785,19980,20183,20253,20239,20312,20216.0,20140.0,20313.0,20348.0,20317.0,20327.0,20356.0,20586.0
443242928932549701,1686,1686,1685,1700,1722,1760,1710,1656.0,1663.0,1648.0,1635.0,1619.0,1628.0,1641.2857142857142,1640.0
443642928242815302,731,724,710,713,713,697,693,688.0,675.0,653.4285714285714,664.0,654.0,647.0,633.0,613.0
443642930533744301,547,544,547,553,552,559,572,549.0,529.0,530.0,515.0,529.0,515.0,507.0,510.0
443742930527623402,8383,8431,8359,8325,8348,8318,8298,8252.0,8210.0,8119.0,8103.0,7971.0,7887.0,7812.0,7856.0
443942930454346501,1489,1479,1481,1468,1471,1464,1464,1454.0,1421.0,1392.0,1371.0,1318.0,1326.0,1306.0,1298.0
443942930515762202,2453,2470,2470,2474,2429,2407,2408,2342.0,2302.0,2313.0,2313.0,2271.0,2267.0,2296.0,2284.0
444042930540957902,1285,1273,1269,1228,1201,1178,1161,1191.0,1169.0,1148.0,1127.0,1096.0,1090.0,1096.0,1071.0
444042930547155601,1913,1897,1854,1806,1772,1808,1820,1789.0,1787.0,1779.0,1746.0,1712.0,1696.0,1705.0,1710.0
444142930531489501,1416,1424,1400,1376,1374,1345,1325,1293.0,1275.0,1262.0,1251.0,1205.0,1184.0,1162.0,1157.0
444342929025526601,4608,4565,4571,4550,4575,4555,4561,4531.0,4500.0,4419.0,4371.0,4283.0,4295.0,4254.0,4256.0
444342930453038602,2247,2240,2226,2219,2238,2264,2292,2221.0,2219.0,2211.0,2204.0,2166.0,2170.0,2136.0,2127.0
444442930521385601,418,386,363,345,341,335,309,285.0,271.0,266.0,252.0,246.0,239.0,234.0,221.0
444642930473703801,4646,4640,4700,4728,4761,4727,4741,4714.0,4710.0,4690.0,4679.0,4658.0,4684.0,4683.0,4701.0
444642930527844202,4000,4027,4047,4079,4068,4028,3998,3916.0,3981.0,3839.0,3797.0,3708.0,3675.0,3623.0,3669.0
444642930534681902,2525,2531,2582,2627,2642,2579,2568,2562.0,2529.0,2528.0,2506.0,2531.0,2509.0,2515.0,2514.0
445042930530644301,3030,3135,3175,3208,3237,3267,3282,3305.0,3341.0,3339.0,3356.0,3338.0,3294.0,3294.0,3291.0
445042930538085702,1868,1883,1857,1861,1864,1897,1856,1868.0,1841.0,1849.0,1796.0,1752.0,1748.0,1718.0,1714.0
445242928258168502,7831,7861,7921,7926,7867,7847,7795,7788.0,7776.0,7752.0,7747.0,7807.0,7717.0,7674.0,7652.0
445442930509399801,5461,5475,5491,5475,5480,5499,5525,5451.0,5438.0,5436.0,5417.0,5447.0,5333.0,5262.0,5341.0
445442930533671402,2966,3023,3056,3125,3197,3256,3291,3351.0,3353.0,3340.0,3358.0,3358.0,3373.0,3400.0,3388.0
445542930184431601,1979,1965,1952,1930,1927,1929,1916,1905.0,1881.0,1853.0,1803.0,1793.0,1788.0,1772.0,1769.0
445542930521743101,1076,1075,1046,1047,1047,1055,1052,1025.0,1032.0,1017.0,1019.0,977.0,972.0,963.0,964.0
445642930526329602,1472,1500,1482,1481,1492,1507,1497,1527.0,1523.0,1537.0,1498.0,1487.0,1475.0,1475.0,1501.0
445742929118695701,2982,2943,2928,2912,2879,2882,2851,2757.0,2771.0,2766.0,2727.0,2664.0,2621.0,2555.0,2562.0
445742930525116902,1381,1379,1402,1426,1393,1379,1331,1342.0,1361.0,1318.0,1327.0,1364.0,1333.0,1327.0,1285.0
446042930461902202,340,350,328,338,344,343,341,337.0,321.0,300.0,306.0,299.0,295.0,295.0,314.0
446042930480613802,233,225,225,218,213,210,208,205.0,198.0,197.0,200.0,200.0,195.0,189.0,191.0
446342930516040102,613,591,601,586,579,576,568,538.0,525.0,512.0,509.0,500.0,494.0,484.0,478.0
446542930079741302,8687,8632,8637,8646,8643,8634,8644,8495.0,8471.0,8400.0,8359.0,8290.0,8239.0,8254.0,8245.0
446542930454596401,408,409,400,391,383,366,364,357.0,347.0,330.0,324.0,323.0,311.0,311.0,314.0
446642930527472202,1553,1595,1626,1640,1640,1629,1618,1673.0,1683.0,1701.0,1715.0,1720.0,1690.0,1704.0,1722.0
446942930447130201,4199,4173,4160,4103,4054,4033,4006,3873.0,3818.0,3739.0,3712.0,3621.0,3608.0,3558.0,3513.0
447042928757899402,5730,5803,5893,5971,5951,5916,5898,5771.0,5726.0,5757.0,5791.0,5715.0,5712.0,5657.0,5718.0
447142930477449802,77,74,69,61,62,67,65,72.0,65.0,64.0,64.0,65.0,63.0,59.0,61.0
447142930543077802,7917,7858,7866,7861,7784,7693,7596,7217.0,7461.0,7385.0,7306.0,7187.0,7132.0,7039.0,7009.0
447242930464320602,4948,4926,4965,4951,4910,4880,4839,4699.0,4708.0,4692.0,4698.0,4576.0,4564.0,4507.0,4460.0
447242930465702601,4785,4770,4766,4754,4687,4677,4643,4521.0,4467.0,4460.0,4422.0,4357.0,4326.0,4288.0,4290.0
447342930520081202,554,552,552,546,546,548,551,519.0,527.0,525.0,529.0,545.0,530.0,507.0,515.0
447342930545466902,49810,49868,50108,50371,50283,50579,50831,50850.0,51063.0,50986.0,51043.0,50460.0,49659.0,49390.0,49403.0
447442930459006701,9009,9389,9637,9730,9873,9970,10114,10259.0,10279.0,10300.0,10279.0,10144.0,10228.0,10278.0,10266.0
447742930527213302,535,549,494,515,522,524,529,530.0,532.0,522.0,510.0,495.0,482.0,475.0,466.0
447842929222943602,5206,5175,5180,5207,5242,5293,5206,5168.0,5107.0,5098.0,5088.0,5029.0,5036.0,4987.0,5035.0
447842930509520701,669,674,663,675,681,679,667,663.0,669.0,663.0,652.0,653.0,670.0,660.0,657.0
447942930459258802,2839,2849,2864,2832,2862,2838,2829,2826.0,2808.0,2817.0,2805.0,2766.0,2734.0,2733.0,2694.0
448042928636802302,8048,8012,7965,7977,8020,8034,7983,7957.0,8036.0,7856.0,7677.0,7569.0,7502.0,7393.0,7537.0
448242930159026302,1555,1539,1506,1469,1421,1389,1411,1350.0,1316.0,1241.571428571429,1241.0,1215.0,1205.0,1194.0,1170.0
448442930533817702,4483,4491,4549,4558,4586,4600,4576,4480.0,4430.0,4396.0,4400.0,4293.0,4354.0,4353.0,4362.0
448642930531059601,6339,6489,6559,6692,6751,6729,6698,6592.0,6529.0,6545.0,6482.0,6539.0,6597.0,6663.0,6750.0
448642930537036702,548,525,543,521,517,525,518,541.0,526.0,532.0,519.0,518.0,506.0,534.0,530.0
448742930530409801,1669,1664,1673,1684,1695,1681,1685,1683.0,1696.0,1659.0,1644.0,1608.0,1634.0,1642.0,1738.0
448742930542480601,1958,1950,1963,1941,1913,1906,1927,1926.0,1924.0,1897.0,1874.0,1807.0,1797.0,1789.0,1780.0
448942929424332001,4035,3970,3946,3920,3852,3823,3781,3727.0,3696.0,3658.0,3651.0,3577.0,3594.0,3601.0,3612.0
448942930460387202,283,268,260,259,259,256,248,232.0,225.0,225.0,220.0,202.0,186.0,163.0,167.0
449042930480604502,18986,18984,18972,18917,18897,18864,18755,18744.0,18761.0,18880.0,18972.0,19045.0,18965.0,18981.0,19111.0
449142930220905101,3366,3395,3347,3295,3278,3308,3308,3263.0,3283.0,3221.0,3208.0,3112.0,3048.0,3046.0,3017.0
449342930472986802,5214,5191,5176,5167,5170,5172,5152,5077.0,5039.0,5012.0,4943.0,4837.0,4817.0,4725.0,4642.0
449542930529138102,47139,47359,47538,47343,47419,47329,47378,47475.0,47400.0,47380.0,47544.0,46976.0,47000.0,46957.0,47034.0
449542930541325102,19917,20299,20856,21182,21770,22112,22522,22890.714285714286,23133.0,23308.0,23309.0,22612.0,22643.0,22544.0,22686.0
449842930012267802,1750,1808,1848,1887,1964,1970,1994,2001.0,1969.0,1959.0,1968.0,1993.0,1989.0,1999.0,1998.0
449942928143339102,2318,2290,2207,2191,2195,2168,2167,2150.0,2159.0,2133.0,2116.0,2101.0,2072.0,2087.0,2079.0
451342928303933502,2034,2020,2003,1970,1970,1941,1906,1859.0,1820.0,1809.0,1781.0,1736.0,1726.0,1686.0,1664.0
451342929091219502,2599,2609,2650,2704,2762,2785,2750,2748.0,2722.0,2746.0,2734.0,2703.0,2711.0,2710.0,2706.0
451342929118629102,14789,14865,14995,15109,15005,14952,14963,14676.0,14564.0,14401.0,14365.0,13833.0,14002.0,14030.0,14143.0
451542930462958501,890,887,870,856,847,844,825,778.0,768.0,772.0,772.0,783.0,790.0,791.0,778.0
451642930515849801,3230,3231,3185,3205,3275,3270,3265,3151.0,3160.0,3117.0,3097.0,3058.0,3004.0,2979.0,2976.0
451642930516655801,2826,2629,2487,2432,2359,2299,2225,2091.0,2051.0,2010.0,1977.0,1844.0,1828.0,1793.0,1757.0
451742930546667901,13332,13332,13259,13187,13144,13133,13150,13038.0,12981.0,12891.0,12878.0,12561.0,12566.0,12407.0,12405.0
451842930530890901,594,582,612,611,605,611,604,608.0,603.0,593.0,604.0,600.0,601.0,616.0,637.0
451842930539712002,3643,3621,3589,3560,3524,3448,3412,3336.0,3289.0,3209.0,3159.0,3058.0,3014.0,2982.0,2938.0
452042928113086902,5959,5906,5907,5884,5884,5849,5782,5648.0,5590.0,5577.0,5486.0,5305.0,5230.0,5154.0,5111.0
452042929606028501,1771,1727,1748,1742,1761,1738,1724,1681.0,1639.0,1624.0,1645.0,1623.0,1618.0,1607.0,1608.0
452042930474775901,719,704,684,695,667,661,666,642.0,636.0,622.4285714285714,632.0,628.0,621.0,607.0,591.0
452042930529364501,22633,22667,22770,22806,22734,22670,22549,22231.0,22036.0,21843.0,21768.0,21926.0,21869.0,21820.0,21783.0
452142930534008702,4328,4343,4373,4379,4385,4392,4373,4296.0,4283.0,4301.0,4330.0,4270.0,4242.0,4228.0,4280.0
452142930540910401,944,945,958,940,940,944,945,891.0,890.0,859.0,861.0,851.0,839.0,829.0,832.0
452242930543963002,8611,8636,8660,8621,8642,8634,8638,8453.0,8437.0,8467.0,8442.0,8374.0,8343.0,8212.0,8300.0
452342930452739702,1698,1717,1724,1734,1729,1738,1735,1760.0,1768.0,1780.0,1779.0,1771.0,1779.0,1775.0,1799.0
452342930540695301,419,412,398,419,416,408,400,391.0,379.0,371.0,383.0,370.0,379.0,368.0,389.0
452442930519503202,2614,2580,2545,2489,2477,2477,2455,2394.0,2382.0,2353.0,2343.0,2338.0,2309.0,2302.0,2302.0
452542929012692802,11945,11998,12086,12108,12174,12149,12156,12009.0,11981.0,11950.0,11978.0,11874.0,11867.0,11817.0,11853.0
452842930477818401,1240,1225,1183,1163,1150,1128,1112,1107.0,1094.0,1089.0,1086.0,1075.0,1066.0,1094.0,1127.0
453142929766029601,1863,1877,1874,1869,1856,1841,1857,1839.0,1889.0,1912.0,1873.0,1833.0,1824.0,1833.0,1828.0
453142930458014602,930,903,897,900,883,874,882,840.0,834.0,802.0,793.0,789.0,765.0,764.0,758.0
453142930460223101,3887,3881,3889,3886,3879,3855,3853,3767.0,3728.0,3710.0,3704.0,3677.0,3678.0,3637.0,3627.0
453142930509752902,909,924,912,915,915,915,912,902.0,904.0,908.0,908.0,914.0,905.0,936.0,933.0
453242930549785802,54048,54286,54480,54647,54727,54757,55043,54870.0,54451.0,52959.71428571428,53998.0,52476.0,51849.0,51548.0,51526.0
453342930528236201,3365,3321,3337,3295,3281,3235,3206,3133.0,3118.0,2995.0,2967.0,2880.0,2886.0,2870.0,2873.0
453442930510558902,767,756,768,761,769,756,758,723.0,713.0,714.0,704.0,698.0,681.0,674.0,671.0
453542930451520802,2230,2195,2205,2186,2181,2162,2140,2100.0,2055.0,2030.0,2001.0,1991.0,1980.0,1986.0,1965.0
453642930536070902,5422,5515,5646,5746,5848,6008,5978,6218.0,6282.0,6281.0,6230.0,6232.0,6300.0,6357.0,6465.0
453642930550812901,1324,1326,1310,1322,1317,1351,1364,1332.0,1333.0,1321.0,1322.0,1321.0,1312.0,1282.0,1282.0
453742930460363401,8478,8575,8875,8826,8827,8850,8883,8781.0,8756.0,8788.0,8771.0,8689.0,8672.0,8644.0,8669.0
453942928878217602,654,644,653,641,607,593,569,538.0,522.0,518.0,504.0,535.0,544.0,534.0,524.0
454242930477045102,857,858,868,857,846,817,803,778.0,828.0,828.0,834.0,816.0,788.0,788.0,847.0
454342930542587602,10940,10997,11160,11266,11288,11244,11261,11058.0,11023.0,11017.0,10782.0,10650.0,10577.0,10432.0,10436.0
454442930458915501,3651,3642,3661,3641,3641,3634,3636,3408.1666666666665,3528.0,3507.0,3452.0,3316.0,3357.0,3289.0,3408.1666666666665
454442930539269601,1220,1215,1209,1255,1284,1270,1279,1275.0,1263.0,1253.0,1247.0,1222.0,1177.0,1166.0,1172.0
454842930525563501,8280,8307,8258,8240,8133,8010,7876,7696.0,7541.0,7432.0,7292.0,7163.0,7082.0,6961.0,6837.0
454942930543521201,23002,23195,23305,23503,23603,23643,23692,23491.0,23370.0,23151.0,23286.0,23464.0,23442.0,23369.0,23475.0
455042930478737701,1445,1447,1475,1483,1476,1461,1469,1458.0,1450.0,1454.0,1462.0,1465.0,1473.0,1463.0,1487.0
455042930544365902,20237,20446,20489,20632,20668,20755,20740,20735.0,20720.0,20861.0,20824.0,20786.0,20666.0,20737.0,20713.0
455142930449806501,3486,3512,3536,3549,3585,3650,3662,3712.0,3668.0,3625.0,3625.0,3566.0,3615.0,3576.0,3596.0
455142930473987601,3965,4000,4002,4003,4039,4006,4010,3941.0,3938.0,3891.0,3837.0,3777.0,3753.0,3757.0,3748.0
455142930475151802,2264,2318,2350,2373,2389,2448,2418,2449.0,2458.0,2439.0,2406.0,2383.0,2404.0,2426.0,2448.0
455142930517384102,316,317,310,312,315,314,314,305.0,306.0,310.0,311.0,298.0,304.0,302.0,292.0
455242930508988402,293,288,285,284,283,294,288,289.0,288.0,279.0,270.0,262.0,260.0,254.0,242.0
455242930525565202,1170,1147,1127,1117,1116,1110,1102,1064.0,1090.0,1085.0,1102.0,1124.0,1124.0,1130.0,1107.0
455542930543803602,1801,1787,1771,1748,1744,1736,1717,1696.0,1679.0,1647.0,1630.0,1601.0,1609.0,1616.0,1633.0
455642930534616002,1115,1121,1089,1059,1039,1017,987,952.0,942.0,938.0,925.0,908.0,899.0,923.0,912.0
455742930464265902,6069,6206,6334,6405,6474,6416,6483,6524.0,6490.0,6537.0,6557.0,6512.0,6511.0,6523.0,6643.0
455842928153642502,605,624,618,630,620,628,636,560.0,580.0,584.0,565.0,546.0,542.0,538.0,565.0
455842929927453401,2227,2234,2215,2189,2189,2222,2213,2144.0,2105.0,2108.0,2118.0,2050.0,2030.0,2034.0,2060.0
455942930543789701,854,841,841,835,827,834,830,808.0,798.0,800.0,797.0,770.0,765.0,757.0,766.0
456042930456447502,963,989,1014,1042,1041,1040,1017,981.0,994.0,980.7142857142856,992.0,985.0,970.0,974.0,969.0
456242929514231701,32489,32525,32474,32318,31928,31691,31497,30929.0,30266.571428571428,30143.0,29935.0,30421.0,30397.0,30043.0,29998.0
456342930536247302,439,432,425,427,416,408,404,389.0,371.0,367.0,366.0,359.0,359.0,371.0,379.0
456342930544849801,1218,1207,1200,1185,1199,1184,1173,1136.0,1127.0,1120.0,1118.0,1110.0,1102.0,1103.0,1105.0
456442930460584501,1644,1641,1626,1620,1610,1618,1593,1530.0,1506.0,1480.0,1459.0,1439.0,1461.0,1440.0,1473.571428571429
456542930453086802,1458,1454,1458,1473,1475,1485,1475,1435.0,1407.0,1376.0,1378.0,1371.0,1362.0,1364.0,1367.0
456542930535531102,788,772,784,764,763,778,781,773.0,772.0,766.0,776.0,772.0,770.0,745.0,754.0
456742929213571201,22852,22845,23016,23156,23232,23230,23194,23035.0,22835.0,22584.0,22494.0,22610.0,22501.0,22320.0,22215.0
456842930461438101,4158,4211,4229,4227,4280,4284,4289,4286.0,4279.0,4283.0,4179.0,4105.0,4095.0,4059.0,4062.0
456842930477211101,9438,9470,9580,9660,9762,9743,9605,9567.0,9564.0,9598.0,9601.0,9608.0,9548.0,9455.0,9440.0
457142930456083901,222,201,194,187,177,163,157,169.0,181.0,183.0,179.0,189.0,189.0,186.0,192.0
457142930456139802,9374,9509,9627,9756,9996,10146,10314,10569.0,10687.0,10809.0,10832.0,10881.0,10911.0,10961.0,11007.0
457142930525741002,1102,1067,1049,1032,1025,1026,1003,961.0,945.0,901.0,891.0,878.0,880.0,872.0,843.0
457242930460414301,3946,3931,3955,3953,3983,4005,4008,3962.0,3964.0,3935.0,3908.0,3848.0,3861.0,3837.0,3798.0
457542930525267002,23628,23677,23487,23356,23445,23416,23337,23080.0,23040.0,23145.0,23006.0,23156.0,23216.0,23351.0,23591.0
457742930540380202,300,327,313,321,310,311,313,312.0,308.0,294.0,305.0,303.0,308.0,303.0,306.0
457842930454640301,209,196,170,167,178,177,171,169.0,164.0,156.0,156.0,155.0,155.0,170.0,175.0
457842930539063701,294,296,284,286,285,273,279,268.0,264.0,262.0,250.0,249.0,239.0,241.0,240.0
457942930459386202,815,828,821,827,794,783,771,820.0,815.0,797.0,823.0,839.0,826.0,842.0,824.0
457942930474542201,7451,7411,7441,7399,7386,7328,7298,7233.0,7188.0,7192.0,7119.0,7092.0,7046.0,7046.0,7106.0
457942930531665701,13781,13947,14103,14298,14404,14405,14398,14396.0,14564.0,14705.0,14715.0,15098.0,14753.0,14605.0,14705.0
458042930542087302,771,760,754,754,726,710,715,706.0,698.0,703.0,681.0,664.0,685.0,677.0,687.7142857142857
458142930478821701,2146,2200,2134,2085,2055,2047,2008,1925.0,1896.0,1875.0,1882.0,1832.0,1831.0,1803.0,1794.0
458242930524238502,1505,1516,1509,1482,1442,1433,1432,1403.0,1387.0,1371.0,1362.0,1380.0,1376.0,1373.0,1368.0
458342930515579901,780,791,787,797,793,790,767,729.0,732.0,705.0,687.0,676.0,676.0,652.0,637.0
458442930457513502,3276,3335,3342,3382,3423,3382,3394,3392.0,3412.0,3404.0,3319.0,3350.0,3328.0,3305.0,3235.0
458542930454771202,4223,4235,4273,4260,4315,4358,4295,4296.0,4327.0,4229.0,4215.0,4193.0,4218.0,4200.0,4165.0
458842929605961902,3887,3918,3916,3878,3902,3895,3929,3895.0,3866.0,3790.0,3824.0,3834.0,3846.0,3834.0,3873.0
458842930456663701,23843,23922,24069,24144,24355,24361,24196,24036.0,24003.0,23942.0,23890.0,24161.0,24047.0,24081.0,24208.0
459042930546001801,14502,14615,14609,14668,14673,14651,14572,14699.0,14802.0,14832.0,14826.0,14761.0,14798.0,14747.0,14866.0
459142930463034701,5745,5742,5699,5662,5617,5569,5525,5463.0,5384.0,5335.0,5278.0,5250.0,5199.0,5138.0,5108.0
459242930454477302,1435,1452,1457,1471,1467,1455,1423,1391.0,1367.0,1348.0,1313.0,1283.0,1273.0,1246.0,1257.0
459242930516648702,78983,79755,80948,81279,81727,81699,81758,81721.0,81630.0,81893.0,81912.0,81643.0,81503.0,81321.0,81636.0
459442930468001301,503,493,484,476,464,460,444,444.0,432.0,408.0,405.0,393.0,397.0,387.0,381.0
459542930463913602,2474,2479,2463,2516,2514,2529,2540,2571.0,2621.0,2646.0,2652.0,2691.0,2705.0,2710.0,2745.0
459742930530104301,13468,13462,13644,13595,13593,13523,13511,13468.0,13503.0,13389.0,13405.0,13606.0,13655.0,13688.0,13738.0
459742930534620601,654,660,659,632,631,634,639,617.0,615.0,615.0,623.0,614.0,636.0,623.0,641.0
459842930469084801,13988,14159,14223,14152,14124,14189,14259,14439.0,14607.0,14810.0,14831.0,14869.0,14910.0,14986.0,15113.0
459842930475160701,86,82,77,82,86,90,86,84.0,82.0,82.0,82.0,80.0,77.0,75.0,68.0
459842930477617001,250,243,247,242,244,252,263,238.0,230.0,225.0,219.0,223.0,222.0,220.0,221.0
459842930509910101,2996,3013,3114,3165,3201,3242,3206,3185.0,3173.0,3235.0,3209.0,3163.0,3227.0,3214.0,3267.0
459842930526608101,3529,3522,3478,3462,3369,3374,3358,3325.0,3312.0,3263.0,3213.0,3125.0,3141.0,3110.0,3095.0
461142930540984802,5291,5284,5224,5214,5183,5181,5094,4988.0,4949.0,4932.0,4895.0,4770.0,4702.0,4647.0,4607.0
461242930531454902,5375,5414,5438,5434,5398,5442,5554,5558.0,5540.0,5457.0,5384.0,5307.0,5306.0,5274.0,5268.0
461242930532147401,8929,9238,9351,9552,9706,9744,9792,9881.0,9890.0,9973.0,10129.0,10305.0,10202.0,10279.0,10388.0
461442928235811802,1523,1527,1534,1563,1589,1565,1556,1531.0,1534.0,1526.0,1510.0,1487.0,1492.0,1486.0,1485.0
461742930456999102,400,399,373,382,384,389,386,409.0,409.0,408.0,417.0,415.0,409.0,405.0,412.0
461742930519807502,3772,3738,3744,3742,3742,3714,3717,3650.0,3667.0,3650.0,3631.0,3593.0,3562.0,3560.0,3532.0
461742930549960301,582,559,570,581,574,578,574,532.0,512.0,502.0,503.0,500.0,492.0,486.0,467.0
461842929550832801,3634,3649,3625,3626,3663,3631,3648,3586.0,3562.0,3559.0,3560.0,3562.0,3528.0,3541.0,3496.0
461842930455301401,952,954,940,951,949,938,917,907.0,896.0,895.0,880.0,866.0,860.0,875.0,872.0
462042930475984002,741,717,712,695,690,669,642,634.0,620.0,636.0,634.0,625.0,605.0,599.0,582.0
462342927979813301,1022,1028,1055,1067,1086,1081,1063,1071.0,1089.0,1075.0,1081.0,1080.0,1072.0,1086.0,1075.0
462342928855343602,37637,37863,38331,38441,38566,38941,39455,39490.0,39217.0,39036.0,38750.0,37908.0,37594.0,37340.0,37601.0
462442930516228901,1018,1012,1012,1026,1011,1003,982,959.0,961.0,941.0,917.0,882.0,859.0,847.0,855.0
462542930518806401,6749,6730,6740,6737,6733,6755,6743,6577.0,6684.0,6646.0,6626.0,6549.0,6520.0,6501.0,6513.0
462742930459340401,2870,2860,2867,2846,2852,2845,2866,2792.0,2731.0,2717.0,2717.0,2663.0,2642.0,2641.0,2645.0
462742930542168801,638,662,756,756,763,755,741,722.4285714285714,746.0,742.0,723.0,712.0,716.0,703.0,715.0
462842930525650701,2828,2837,2848,2828,2855,2852,2816,2794.0,2807.0,2772.0,2738.0,2660.0,2694.0,2694.0,2677.0
463042930545892301,1822,1799,1804,1791,1802,1815,1809,1784.0,1769.0,1787.0,1801.0,1814.0,1785.0,1791.0,1798.0
463242930452818801,35403,35448,35289,35315,35135,34999,34747,34325.0,33967.0,33915.0,33569.0,34087.0,33615.0,33506.0,33728.0
463242930517357101,1756,1750,1771,1772,1741,1718,1692,1673.0,1668.0,1647.0,1601.0,1557.0,1563.0,1518.0,1494.0
463242930541785001,926,923,889,868,842,818,806,776.0,773.0,761.0,756.0,742.0,737.0,709.0,703.0
463342928232635702,1287,1306,1323,1298,1336,1338,1312,1357.0,1341.0,1303.0,1283.0,1280.0,1260.0,1254.0,1267.0
463342930449213002,3676,3652,3629,3638,3612,3615,3553,3541.0,3509.0,3469.0,3476.0,3443.0,3390.0,3388.0,3375.0
463342930478795301,2164,2157,2165,2177,2145,2123,2094,2047.0,2089.0,2065.0,2032.0,1995.0,1994.0,2011.0,2020.0
463342930545461902,7637,8125,8452,8669,8823,8878,8925,8828.0,8816.0,8826.0,8834.0,8783.0,8779.0,8785.0,8724.0
463442930549415502,49176,49035,48983,48998,48899,48719,48359,48129.0,47924.0,47716.0,47597.0,47807.0,47481.0,47147.0,46937.0
463542928021859501,7732,7778,7778,7713,7699,7707,7666,7561.0,7507.0,7431.0,7303.0,7244.0,7189.0,7186.0,7173.0
463542928932642301,1835,1832,1898,1916,1925,1922,1854,1791.0,1828.2857142857144,1800.0,1843.0,1833.0,1838.0,1849.0,1844.0
463542930142380002,568,577,583,567,553,556,528,525.0,525.0,524.0,516.0,524.0,516.0,513.0,502.0
463542930468513501,1506,1495,1477,1471,1444,1450,1435,1447.0,1452.0,1411.0,1414.0,1398.0,1389.0,1378.0,1368.0
463542930515915102,9138,9135,9168,9197,9232,9218,9209,9212.0,9236.0,9045.0,8944.0,8737.0,8603.0,8453.0,8412.0
463742930457863702,1573,1551,1534,1505,1496,1483,1462,1435.0,1414.0,1403.0,1400.0,1363.0,1358.0,1349.0,1338.0
463842928091046702,3956,4045,4075,4083,4034,4025,4003,3947.0,4022.0,4037.0,4100.0,4165.0,4218.0,4243.0,4344.0
463942928119476901,1543,1527,1548,1597,1597,1596,1614,1611.0,1610.0,1601.0,1599.0,1619.0,1604.0,1579.0,1552.0
463942929331512802,5218,5277,5353,5351,5335,5361,5323,5146.857142857143,5225.0,5217.0,5211.0,5157.0,5118.0,5043.0,5057.0
463942930540578001,1576,1590,1598,1606,1621,1596,1561,1532.0,1493.0,1497.0,1485.0,1475.0,1464.0,1450.0,1445.0
464242930478339501,3465,3395,3379,3330,3334,3302,3245,3171.0,3150.0,3086.0,3060.0,3051.0,3064.0,3055.0,3066.0
464442930451305101,23716,23843,23964,23928,23717,23495,23183,22392.0,22044.0,21799.0,21551.0,21437.0,21509.0,21373.0,21729.285714285714
464742928878383001,1843,1829,1838,1847,1887,1920,1918,1907.0,1867.0,1877.0,1874.0,1862.0,1855.0,1866.0,1890.0
464842928168330801,57667,58081,58544,58839,58536,58754,59583,59195.0,58726.0,58174.0,57592.0,55872.0,55849.0,55512.0,55317.0
464942930458282102,3260,3278,3291,3302,3260,3228,3166,3118.0,3072.0,3023.0,2958.0,2875.0,2848.0,2982.3333333333335,2982.3333333333335
465042930548323001,377,380,373,394,406,408,396,375.0,384.0,371.0,374.0,372.0,377.0,369.0,363.0
465142930459723502,626,648,661,692,691,706,730,713.0,703.0,698.0,697.0,708.0,722.0,723.0,729.0
465242930476132702,1444,1484,1506,1549,1556,1531,1522,1499.0,1484.0,1465.0,1474.0,1465.0,1434.0,1426.0,1426.0
465342930534731001,3783,3840,3853,3879,3939,3921,3907,3920.0,3953.0,3974.0,3978.0,3896.0,3918.0,3940.0,3969.0
465442930525456901,1120,1120,1116,1104,1086,1074,1051,1036.0,1026.0,994.0,985.0,965.0,967.0,944.0,929.0
465442930545557502,829,851,877,942,966,992,996,983.0,986.0,974.0,936.0,940.0,933.0,958.0,968.0
465742930536585001,296,293,287,276,262,261,255,246.0,236.0,219.0,211.0,201.0,189.0,184.0,174.0
465842930460001301,6272,6359,6442,6577,6609,6610,6635,6683.0,6697.0,6623.0,6645.0,6591.0,6600.0,6562.0,6605.0
465842930528454901,1070,1070,1112,1119,1144,1140,1165,1172.0,1160.0,1140.0,1121.0,1125.0,1099.0,1114.0,1097.0
466042928166732401,2208,2153,2115,2070,2058,2039,2015,1952.0,1918.0,1867.0,1822.0,1763.0,1742.0,1702.0,1655.0
466142930526490301,19127,18980,18888,18826,18775,18779,18782,18545.0,18461.0,18320.0,18170.0,17842.0,17868.0,17920.0,18099.0
466242930455505001,13680,13790,13874,13843,13847,13854,13887,13822.0,13799.0,13718.0,13672.0,13461.0,13434.0,13405.0,13316.0
466242930525743701,1069,1051,1054,1053,1037,1025,1017,979.0,955.0,934.0,903.0,888.0,870.0,864.0,850.0
466342930457832802,7595,7639,7601,7541,7478,7403,7322,7298.0,7373.0,7314.0,7213.0,7016.0,6975.0,6866.0,6760.0
466342930461729302,620,630,614,610,602,589,567,516.1428571428571,548.0,538.0,522.0,522.0,513.0,491.0,479.0
466542930519226202,497,478,460,449,438,418,418,314.7142857142857,355.0,337.0,327.0,314.0,299.0,291.0,280.0
466642930524025601,1722,1705,1655,1634,1620,1616,1606,1555.0,1556.0,1551.0,1509.0,1443.0,1455.0,1436.0,1421.0
466642930525797101,3032,3004,2994,2965,2940,2876,2819,2604.4285714285716,2700.0,2641.0,2629.0,2581.0,2591.0,2523.0,2566.0
466842930545666201,654,760,844,848,932,940,958,963.0,965.0,963.0,964.0,962.0,1017.0,1028.0,1037.0
466942930458474701,5752,5780,5782,5817,5813,5816,5754,5662.0,5658.0,5639.0,5629.0,5699.0,5767.0,5752.0,5797.0
467042930458964601,2267,2237,2236,2179,2168,2183,2173,2114.0,2097.0,2060.0,2034.0,1966.0,1952.0,1914.0,1896.0
467042930546302601,1683,1669,1672,1663,1646,1615,1627,1610.0,1566.0,1535.0,1517.0,1520.0,1505.0,1489.0,1504.0
467142928570715002,9163,9213,9269,9268,9233,9189,9108,8904.0,8865.0,8858.0,8798.0,8723.0,8721.0,8748.0,8684.0
467142930529166402,1205,1225,1237,1247,1265,1250,1267,1259.0,1265.0,1260.0,1223.0,1235.0,1246.0,1240.0,1226.0
467142930541650701,2698,2695,2730,2739,2708,2693,2648,2629.0,2619.0,2641.0,2630.0,2642.0,2608.0,2626.0,2607.0
467142930542033202,453,464,469,465,462,448,453,421.8571428571428,443.0,438.0,430.0,419.0,412.0,408.0,403.0
467142930549650102,5416,5420,5416,5376,5342,5312,5230,5186.0,5159.0,5131.0,5082.0,5093.0,5059.0,5006.0,5028.0
467542930544167502,6348,6447,6529,6589,6652,6672,6688,6739.0,6748.0,6803.0,6800.0,6776.0,6882.0,6909.0,6965.0
467642930475072302,1228,1236,1212,1189,1177,1177,1158,1118.0,1112.0,1104.0,1078.0,1059.0,1068.0,1072.0,1078.0
468042930449809502,570,577,576,565,547,550,566,561.0,562.0,564.0,553.0,558.0,546.0,534.0,532.0
468042930473361702,4323,4321,4284,4328,4388,4350,4365,4347.0,4324.0,4293.0,4275.0,4148.0,4117.0,4068.0,4024.0
468042930474736401,989,1019,995,1023,1029,1035,1030,996.0,982.0,974.0,942.0,927.0,939.0,933.0,937.0
468042930518820101,439,433,421,415,407,396,407,398.0,396.0,382.0,380.0,376.0,382.0,375.0,368.0
468042930529448601,3719,3732,3756,3774,3780,3806,3780,3717.0,3719.0,3751.0,3747.0,3768.0,3808.0,3830.0,3890.0
468242930509685501,2306,2335,2336,2349,2370,2390,2400,2356.0,2377.0,2363.0,2380.0,2379.0,2384.0,2364.0,2343.0
468342930448583102,618,597,579,557,547,538,534,508.0,483.0,478.0,483.0,477.0,479.0,466.0,464.0
468442930460274501,5912,6203,6311,6465,6591,6616,6700,6717.0,6697.0,6708.0,6729.0,6752.0,6764.0,6835.0,6871.0
468442930474428202,464,449,444,443,443,446,440,422.0,426.0,423.0,413.0,398.0,391.0,379.0,373.0
468642928800830101,3477,3496,3558,3584,3588,3482,3422,3432.0,3421.0,3410.0,3381.0,3400.0,3365.0,3324.0,3302.0
468742929127193901,8162,8511,8765,8867,8924,9039,8984,9057.0,8991.0,8992.0,8986.0,9040.0,8984.0,9039.0,9060.0
468942930461994101,1218,1197,1175,1172,1173,1205,1203,1156.0,1144.0,1124.0,1114.0,1092.0,1093.0,1103.0,1101.0
468942930529548902,130,132,130,132,139,140,136,133.0,133.0,126.0,120.0,125.0,124.0,129.0,122.0
469142930479823702,2766,2805,2823,2843,2856,2862,2842,2795.0,2759.0,2789.0,2774.0,2763.0,2818.0,2808.0,2827.0
469142930532768202,450,449,448,446,467,494,470,461.0,451.0,482.0,491.0,498.0,475.0,492.0,490.0
469242930456536202,2585,2585,2585,2568,2550,2565,2553,2540.0,2514.0,2484.0,2456.0,2413.0,2426.0,2385.0,2382.0
469242930464238102,2461,2490,2519,2565,2579,2647,2672,2731.0,2779.0,2781.0,2834.0,2828.0,2842.0,2846.0,2874.0
469342930460128602,3945,4081,4218,4433,4601,4754,4865,4912.0,4913.0,4944.0,4957.0,4881.0,4915.0,4967.0,5036.0
469442930476395602,4018,4082,4096,4163,4192,4219,4229,4169.0,4137.0,4088.0,4126.0,4146.0,4119.0,4133.0,4148.0
469442930477083301,789,795,796,825,834,817,819,813.0,799.0,795.0,795.0,790.0,785.0,796.0,808.0
469542930534434102,3126,3103,3089,3060,3092,3085,3128,3135.0,3121.0,3106.0,3095.0,3074.0,3066.0,3083.0,3075.0
469542930541619202,649,627,609,583,560,563,556,527.8571428571429,537.0,538.0,532.0,524.0,520.0,517.0,527.0
469642930530191302,5878,5852,5754,5684,5572,5461,5443,5368.0,5343.0,5332.0,5251.0,5149.0,5098.0,5087.0,5112.0
469742930465097501,996,990,984,972,990,1004,1021,995.0,968.0,987.0,954.0,946.0,938.0,916.0,950.0
469742930471751402,2889,2888,2881,2880,2850,2815,2779,2698.0,2629.0,2602.0,2574.0,2499.0,2472.0,2431.0,2421.0
469742930524778402,210,205,207,192,197,201,198,170.57142857142858,178.0,177.0,174.0,172.0,167.0,163.0,163.0
469842930547519201,4811,4814,4849,4797,4762,4736,4711,4698.0,4677.0,4637.0,4606.0,4528.0,4476.0,4467.0,4480.0
471142930475783801,1996,1969,1937,1884,1856,1850,1835,1784.0,1765.0,1724.0,1709.0,1650.0,1605.0,1568.0,1576.0
471142930508056702,1407,1380,1405,1413,1430,1405,1411,1384.0,1364.0,1357.0,1334.0,1334.0,1350.0,1363.0,1347.0
471242928890508701,2928,2905,2902,2887,2864,2821,2791,2776.0,2746.0,2744.0,2708.0,2703.0,2735.4,2735.4,2735.4
471242930517623201,4167,4153,4113,4100,4108,4105,4062,4020.0,4008.0,3970.0,3928.0,3873.0,3855.0,3854.0,3879.0
471442930519177702,2662,2629,2587,2548,2499,2461,2441,2338.0,2306.0,2273.0,2242.0,2185.0,2177.0,2138.0,2105.0
471442930532511302,5828,5843,5818,5823,5807,5830,5795,5724.0,5692.0,5704.0,5660.0,5586.0,5536.0,5521.0,5496.0
471642929346172602,4912,4881,4925,4903,4888,4852,4795,4642.0,4595.0,4555.0,4518.0,4499.0,4436.0,4394.0,4428.0
471642930518281602,680,656,659,629,602,597,590,586.0,597.0,557.0,554.0,556.0,556.0,543.0,540.0
471642930530253501,7287,7259,7185,7195,7318,7404,7342,7262.0,7311.0,7324.0,7470.0,7516.0,7594.0,7676.0,7844.0
471742930459609601,2584,2539,2495,2481,2492,2461,2436,2355.0,2332.0,2308.0,2270.0,2189.0,2183.0,2174.0,2138.0
471942930509142702,21831,22046,22305,22415,22269,22046,22056,22072.0,22023.0,22035.0,21868.0,21598.0,21599.0,21514.0,21535.0
471942930548031302,866,859,869,856,832,820,803,777.0,771.0,753.0,743.0,724.0,727.0,710.0,692.0
472042930464677601,6772,6811,6757,6789,6834,6810,6825,6766.0,6769.0,6778.0,6722.0,6649.0,6634.0,6615.0,6588.0
472142930468182101,286,282,279,282,281,274,274,278.0,285.0,288.0,279.0,283.0,276.0,266.0,259.0
472142930475906602,816,824,823,803,809,815,805,805.0,782.0,750.0,723.0,716.0,708.0,692.0,690.0
472142930518773901,5998,6091,6086,6119,6105,6091,6121,6089.0,6031.0,6010.0,5976.0,5911.0,5983.0,5978.0,6003.0
472142930532073701,1912,1906,1872,1880,1878,1890,1911,1899.0,1897.0,1900.0,1897.0,1894.0,1889.0,1900.0,1918.0
472242930480688601,939,937,924,923,952,968,953,963.0,941.0,950.0,932.0,899.0,873.0,837.0,809.0
472442929189265702,2658,2675,2660,2674,2670,2664,2658,2668.0,2640.0,2652.0,2667.0,2718.0,2679.0,2674.0,2708.0
472442930516125302,1742,1741,1796,1808,1787,1794,1810,1781.0,1752.0,1744.0,1757.0,1709.0,1692.0,1672.0,1660.0
472442930526224901,6339,6417,6380,6347,6359,6333,6365,6316.0,6233.571428571428,6239.0,6225.0,6200.0,6220.0,6204.0,6231.0
472442930533753802,1640,1627,1627,1621,1612,1583,1569,1507.0,1495.0,1468.0,1440.0,1409.0,1405.0,1403.0,1415.0
472542930523904701,1087,1128,1162,1167,1163,1138,1160,1188.0,1173.0,1155.0,1156.0,1124.0,1158.0,1138.0,1148.0
472542930528826501,874,884,901,908,919,931,944,929.0,935.0,923.0,926.0,906.0,912.0,894.0,880.0
472742930528923302,844,822,824,816,831,806,788,763.0,767.0,763.0,747.0,748.0,747.0,729.0,693.0
472842930524195801,11466,11500,11644,11801,11952,12137,12273,12413.0,12497.0,12477.0,12475.0,12266.0,12508.0,12565.0,12685.0
472842930529543301,1115,1132,1115,1105,1096,1084,1074,1060.0,1048.0,1045.0,1039.0,1040.0,1053.0,1045.0,1027.0
472842930533150401,3490,3522,3531,3544,3532,3535,3573,3690.0,3793.0,3822.0,3881.0,3948.0,3859.0,3866.0,3857.0
472942930480232901,33822,33782,33730,33953,34023,34410,34730,34977.0,35172.0,35817.42857142857,35634.0,35725.0,36123.0,36434.0,36657.0
472942930525044502,10697,10728,10713,10714,10697,10646,10610,10439.0,10426.0,10321.0,10262.0,10206.0,10151.0,10114.0,10077.0
473042930452072501,2891,2915,2873,2847,2822,2803,2768,2684.0,2655.0,2662.0,2621.0,2570.0,2540.0,2512.0,2484.0
473142930458053402,1178,1187,1205,1191,1180,1161,1138,1148.0,1119.0,1126.0,1145.0,1154.0,1141.0,1135.0,1142.0
473142930532079502,8057,8090,8166,8159,8178,8213,8231,8182.0,8200.0,8169.0,8188.0,8194.0,8138.0,8106.0,8079.0
473642929189480701,54,51,47,48,44,47,50,47.0,46.0,43.0,45.0,45.0,42.0,43.0,46.0
473742930453944302,1208,1223,1258,1279,1262,1261,1244,1297.0,1238.0,1219.0,1253.0,1283.0,1291.0,1313.0,1327.0
473742930525907602,6292,6240,6186,6132,6024,5965,5952,5848.0,5806.0,5736.0,5641.0,5485.0,5418.0,5341.0,5321.0
474042930462750101,5729,5729,5719,5672,5634,5643,5653,5620.0,5595.0,5526.0,5533.0,5487.0,5507.0,5496.0,5506.0
474142930476260601,7215,7460,7726,7793,7861,7914,8026,8161.0,8276.0,8382.0,8437.0,8465.0,8422.0,8474.0,8535.0
474142930545496402,2754,2759,2744,2725,2747,2751,2744,2690.0,2767.0,2758.0,2722.0,2717.0,2675.0,2660.0,2655.0
474242928759826901,1041,1063,1094,1088,1098,1088,1100,1077.0,1079.0,1059.0,1062.0,1062.0,1061.0,1064.0,1062.0
474342927929265602,10767,10823,10799,10885,10941,10988,10978,10935.0,10852.0,10762.0,10809.0,10708.0,10660.0,10664.0,10718.0
474442930463813901,39898,40019,40172,40169,40064,40031,39804,39300.0,39109.0,38819.0,38650.0,38657.0,38505.0,38222.0,38195.0
474742928592599302,362,370,390,392,385,396,407,399.0,414.0,406.0,415.0,418.0,418.0,410.0,419.0
474742930523946102,2207,2273,2278,2266,2289,2322,2351,2369.0,2386.0,2370.0,2316.0,2336.0,2275.0,2295.0,2342.0
474742930545769002,2024,2011,1999,1977,1968,1944,1905,1818.0,1794.0,1766.0,1707.0,1639.0,1595.0,1566.0,1537.0
474942930448140102,3099,3135,3099,3086,3101,3087,3062,3016.0,3012.0,3043.0,3052.0,3039.0,3060.0,3081.0,3089.0
474942930480281202,1337,1330,1330,1352,1317,1357,1356,1389.0,1419.0,1386.0,1379.0,1345.0,1348.0,1340.0,1348.0
474942930522669201,6834,6859,6896,6952,6955,6942,6992,6888.0,6936.0,6849.0,6829.0,6770.0,6803.0,6767.0,6705.0
475042930549926102,9931,10061,10153,10223,10264,10341,10451,10454.0,10469.0,10525.0,10481.0,10357.0,10325.0,10244.0,10202.0
475142930465272501,4269,4276,4331,4334,4326,4375,4321,4257.0,4264.0,4290.0,4248.0,4256.0,4198.0,4175.0,4170.0
475142930527132602,4391,4404,4434,4416,4447,4410,4382,4303.0,4268.0,4257.0,4238.0,4194.0,4185.0,4134.0,4138.0
475342930533480402,278,281,282,277,278,274,271,266.0,246.42857142857144,248.0,251.0,243.0,246.0,242.0,229.0
475342930545136301,4496,4488,4402,4305,4203,4135,4099,4130.0,4172.0,4144.0,4076.0,3946.0,3913.0,3832.0,3782.0
475442930472575302,366,367,366,350,358,356,365,341.6666666666667,367.0,339.0,351.0,344.0,328.0,321.0,341.6666666666667
475742930461738401,4359,4432,4436,4467,4484,4518,4641,4697.0,4749.0,4783.0,4814.0,4846.0,4884.0,4959.0,4997.0
475942930516528102,16177,16198,16229,16149,16006,16054,16021,16059.0,15937.0,15880.0,15778.0,15632.0,15483.0,15515.0,15635.0
476142930470075602,1998,1991,1967,1958,1945,1956,1927,1915.0,1910.0,1897.2857142857144,1909.0,1911.0,1872.0,1890.0,1874.0
476142930475967801,1994,1976,1977,1978,1970,1969,1942,1891.0,1850.0,1825.0,1798.0,1774.0,1773.0,1733.0,1711.0
476142930527268702,320,327,316,319,316,314,309,312.0,300.0,295.0,298.0,314.0,311.0,301.0,302.0
476242930528458102,16790,16910,16910,16837,16931,16883,16907,16993.0,17067.0,17078.0,17119.0,16896.0,16799.0,16737.0,16808.0
476342930515666102,5440,5504,5510,5525,5588,5555,5583,5549.0,5570.0,5603.0,5639.0,5635.0,5500.0,5476.0,5555.0
476342930519796601,1264,1275,1300,1304,1286,1301,1314,1314.0,1314.0,1328.0,1307.0,1310.0,1301.0,1272.0,1247.0
476442928043634301,1361,1402,1517,1539,1534,1513,1506,1439.0,1470.0,1465.0,1440.0,1453.0,1451.0,1427.0,1412.0
476442930537266702,985,1010,1010,990,988,973,971,959.0,956.0,925.0,913.0,908.0,897.0,895.0,879.0
476542930460255501,66149,66949,67831,68697,68834,69862,70654,71304.0,71404.0,72128.0,72369.0,71730.0,71402.0,71869.0,72525.0
476542930469712102,2725,2706,2654,2627,2630,2594,2538,2518.0,2510.0,2488.0,2481.0,2451.0,2441.0,2436.0,2476.0
476642930454569401,2730,2652,2598,2541,2538,2553,2502,2444.0,2413.0,2375.0,2322.0,2264.0,2227.0,2190.0,2136.0
476642930543979702,6115,6204,6257,6305,6417,6493,6523,6441.0,6415.0,6370.0,6356.0,6337.0,6462.0,6505.0,6538.0
476742930465546201,3176,3164,3166,3196,3198,3162,3180,3130.0,3090.0,3113.0,3057.0,3005.0,3043.0,3005.0,2972.0
476942930455668701,4412,4502,4653,4758,4876,4895,4903,4922.0,5044.0,5083.0,5187.0,5193.0,5255.0,5290.0,5405.0
476942930460860902,13726,13827,14039,14166,14389,14550,14637,14783.0,14813.0,14796.0,14889.0,14890.0,14741.0,14800.0,14972.0
476942930540885102,1270,1265,1262,1253,1294,1292,1301,1273.0,1281.0,1299.0,1259.0,1247.0,1278.0,1262.0,1285.0
477042930542571901,1715,1680,1683,1681,1685,1667,1654,1588.7142857142858,1645.0,1607.0,1613.0,1573.0,1553.0,1566.0,1564.0
477242930476480602,1518,1511,1487,1490,1487,1486,1470,1423.0,1425.0,1445.0,1455.0,1423.0,1415.0,1389.0,1383.0
477342930525142301,837,806,784,764,755,747,747,716.0,679.8571428571429,679.0,689.0,683.0,667.0,667.0,658.0
477342930528510302,3331,3344,3381,3398,3422,3410,3432,3366.0,3349.0,3358.0,3372.0,3384.0,3414.0,3433.0,3445.0
477442930476772902,2198,2166,2150,2154,2157,2155,2126,2088.0,2049.0,2036.0,2025.0,2001.0,1961.0,1929.0,1934.0
477542927917445902,637,642,654,676,687,693,671,667.0,662.0,647.0,654.0,667.0,665.0,677.0,660.0
477542930455038201,14709,14868,14670,14713,14658,14618,14597,14423.0,14298.0,14141.0,14076.0,14100.0,14099.0,13907.0,13825.0
478042929000168302,715,717,700,685,673,666,659,653.0,624.0,611.0,594.0,567.0,567.0,607.0,596.0
478142928664127601,8609,8614,8631,8632,8572,8446,8376,8057.0,7950.0,7870.0,7801.0,7496.0,7476.0,7478.0,7488.0
478142930455427601,1148,1160,1151,1144,1153,1135,1100,1080.0,1060.0,1054.0,1040.0,1018.0,1008.0,984.0,972.0
478142930524314602,2668,2650,2691,2685,2690,2694,2685,2689.0,2646.0,2651.0,2626.0,2617.0,2592.0,2573.0,2569.0
478242929417495501,8970,9004,8954,8922,8925,8889,8813,8647.0,8522.0,8452.0,8393.0,8276.0,8286.0,8232.0,8171.0
478542930459497102,2265,2314,2306,2326,2348,2359,2410,2428.0,2458.0,2465.0,2445.0,2467.0,2526.0,2552.0,2572.0
478642930509156802,1984,1937,1862,1814,1755,1714,1689,1573.0,1545.0,1501.0,1458.0,1372.0,1361.0,1325.0,1282.0
478742930520008402,84,80,75,74,72,68,65,61.0,58.0,59.0,58.0,53.0,54.0,54.0,58.0
478842930456813102,1457,1453,1483,1471,1460,1465,1472,1414.0,1406.0,1365.0,1369.0,1358.0,1360.0,1359.0,1343.0
478842930539445902,1571,1559,1528,1495,1490,1477,1461,1411.0,1395.0,1381.0,1353.0,1345.0,1322.0,1284.0,1279.0
479042929762446002,1842,1853,1879,1913,1919,1922,1936,1953.0,1970.0,1957.0,1949.0,1938.0,1936.0,1948.0,1966.0
479142930544767301,1626,1619,1603,1603,1592,1567,1553,1571.0,1541.0,1514.0,1496.0,1469.0,1466.0,1431.0,1427.0
479242928592717301,25858,25799,25915,26023,26061,26133,26186,26283.0,26260.0,26336.0,26376.0,26172.0,26081.0,26001.0,26248.0
479242930531187502,1690,1689,1684,1704,1714,1685,1646,1666.0,1652.0,1624.0,1598.0,1565.0,1556.0,1522.0,1514.0
479342930540753401,7974,8103,8185,8172,8177,8199,8162,8070.0,8084.0,8114.0,8190.0,8199.0,8257.0,8240.0,8309.0
479542930517473801,1427,1445,1456,1457,1482,1476,1472,1485.0,1447.0,1435.0,1419.0,1403.0,1412.0,1419.0,1447.0
479542930544388701,2800,2839,2821,2775,2745,2741,2755,2734.0,2677.0,2642.0,2600.0,2659.0,2582.0,2558.0,2580.0
479642929056654202,11324,11448,11536,11608,11631,11682,11719,11688.0,11548.0,11509.0,11393.0,11411.0,11463.0,11382.0,11484.857142857143
479642930474220501,7309,7272,7281,7237,7218,7170,7048,6858.0,6747.0,6688.0,6561.0,6459.0,6387.0,6303.0,6571.857142857143
481142930475809902,1418,1459,1473,1471,1488,1470,1460,1458.0,1486.0,1482.0,1502.0,1500.0,1489.0,1484.0,1490.0
481242929456826602,4975,5040,5067,5085,5087,5069,5080,4994.0,4957.0,4945.0,4940.0,4871.0,4894.0,4870.0,4891.0
481242930451908901,948,937,918,903,891,879,881,876.0,866.0,845.0,821.0,792.0,774.0,765.0,755.0
481242930531757002,4951,5054,5088,5145,5194,5241,5243,5288.0,5344.0,5421.0,5427.0,5369.0,5333.0,5396.0,5426.0
481342930459210702,832,839,860,889,887,875,871,855.0,857.0,848.0,827.0,823.0,816.0,793.0,772.0
481442929372930702,12675,12546,12573,12437,12378,12273,12179,11918.0,11823.0,11696.0,11576.0,11297.0,11179.0,11072.0,11041.0
481442930520024901,4343,4538,4722,4807,4904,4961,5012,4939.0,4958.0,5011.0,5006.0,4938.0,4932.0,4996.0,5017.0
481542930531340702,226,221,212,211,198,197,193,184.0,169.0,172.0,171.0,177.0,165.0,171.0,161.0
481642928135551001,1672,1709,1743,1757,1768,1775,1780,1793.0,1806.0,1809.0,1824.0,1786.0,1755.0,1733.0,1697.0
481642928988313701,2506,2569,2613,2600,2640,2689,2712,2759.0,2772.0,2785.0,2795.0,2799.0,2802.0,2790.0,2827.0
481842928748805202,1085,1098,1117,1145,1173,1173,1196,1203.0,1171.0,1163.0,1153.0,1149.0,1149.0,1159.0,1142.0
481842930453811401,2040,1998,1970,1949,1943,1942,1925,1912.0,1910.0,1912.0,1875.0,1777.0,1758.0,1720.0,1696.0
482542930460807101,774,765,764,740,765,741,740,716.0,713.0,717.0,698.0,699.0,691.0,692.0,670.0
482642930450734601,70,65,65,69,65,62,56,54.0,52.0,48.0,46.0,47.0,48.0,49.0,47.0
482642930452915102,5973,6029,6043,6030,6044,5981,5925,5835.0,5828.0,5888.0,5863.0,5816.0,5817.0,5816.0,5840.0
482642930549279601,1752,1777,1772,1761,1705,1705,1692,1690.0,1650.0,1680.0,1688.0,1661.0,1671.0,1683.0,1711.0
482742930509292102,827,826,814,825,800,802,765,684.7142857142857,719.0,704.0,684.0,683.0,659.0,662.0,682.0
482742930542291101,15289,15314,15324,15358,15502,15450,15358,15160.0,15158.0,15169.0,15266.0,15395.0,15300.0,15360.0,15500.0
482842928210538302,17255,17353,17550,17644,17836,17789,17810,17864.0,17824.0,17810.0,17828.0,17867.0,18058.0,17995.0,18095.0
483042929346456101,1999,2028,2058,2086,2115,2128,2130,2133.0,2101.0,2101.0,2109.0,2114.0,2136.0,2157.0,2187.0
483142930461766602,5214,5268,5336,5377,5411,5391,5359,5338.0,5290.0,5336.0,5323.0,5389.0,5386.0,5411.0,5488.0
483142930477796401,3052,3078,3124,3111,3118,3115,3063,3022.0,2980.0,2948.0,2978.0,3006.0,3038.0,3019.0,3068.0
483342930462087002,627,634,608,618,606,594,591,548.5,565.0,548.5,548.0,536.0,547.0,551.0,544.0
483342930545459401,1455,1434,1440,1438,1449,1441,1434,1468.0,1449.0,1408.0,1387.0,1361.0,1394.0,1373.0,1365.0
483442930464676302,7480,7548,7533,7558,7628,7524,7518,7397.0,7375.0,7329.0,7327.0,7297.0,7261.0,7267.0,7258.0
483442930474998302,16620,16873,17202,17255,17274,17451,17406,17394.0,17426.0,17484.0,17510.0,17410.0,17456.0,17437.0,17467.0
483442930545936002,2012,1970,1931,1896,1837,1809,1765,1689.0,1665.0,1636.0,1617.0,1638.0,1529.0,1510.0,1490.0
483542930480032801,14940,14931,14837,14747,14739,14638,14633,14449.0,14246.0,14178.0,14137.0,13969.0,14078.0,14176.166666666666,14176.166666666666
483642930475599001,858,863,862,859,854,851,897,901.0,889.0,852.0,845.0,839.0,841.0,846.0,848.0
483742930523610901,3324,3265,3230,3189,3153,3104,3075,2983.0,2931.0,2913.0,2857.0,2829.0,2821.0,2783.0,2873.8571428571427
483842930469690901,4176,4191,4242,4182,4241,4256,4220,4194.0,4168.0,4128.0,4130.0,4048.0,3980.0,3942.0,3954.0
484042930520073202,594,615,640,650,675,671,667,653.0,651.0,625.0,613.0,600.0,599.0,589.0,585.0
484142928135303102,2244,2251,2275,2310,2280,2249,2283,2264.0,2250.0,2222.0,2203.0,2179.0,2174.0,2117.0,2129.0
484142930463468802,6369,6568,6805,6971,6979,7000,7020,7116.0,7212.0,7229.0,7323.0,7384.0,7303.0,7369.0,7411.0
484142930528446901,4841,4860,4877,4937,4940,4962,4948,4880.0,4905.0,4927.0,4834.0,4775.0,4802.0,4767.0,4767.0
484342930479147702,531,539,565,575,567,569,563,559.0,555.0,554.0,527.0,544.0,562.0,567.0,565.0
484342930531945101,1857,1888,1871,1848,1855,1847,1841,1803.0,1740.0,1695.0,1705.0,1684.0,1639.0,1591.0,1603.0
484342930533303902,1236,1239,1247,1259,1252,1247,1256,1252.0,1252.0,1267.0,1256.0,1249.0,1273.0,1275.0,1259.0
484342930543059601,1844,1839,1836,1811,1787,1773,1766,1720.0,1699.0,1688.0,1668.0,1626.0,1609.0,1583.0,1586.0
484542928130607802,20572,20727,20980,21143,21402,21160,21246,21638.0,21883.0,21777.0,21749.0,21214.0,21173.0,21262.0,21349.0
484542929606003201,122,125,122,129,137,135,126,122.0,115.0,110.0,105.0,100.0,97.0,94.0,93.0
484542930539665602,530,548,552,533,527,510,521,470.7142857142857,476.0,474.0,466.0,458.0,474.0,474.0,473.0
484842930465435302,16068,16013,16015,16003,15757,15649,15468,15047.0,14852.0,14682.0,14533.0,14414.0,14355.0,14231.0,14071.0
485142930531284002,349,350,349,352,354,351,338,342.0,331.0,321.0,323.0,323.0,319.0,311.0,308.0
485342930532723502,570,545,537,535,522,526,518,519.0,531.0,552.0,546.0,545.0,563.0,568.0,576.0
485442930518017002,2869,2942,3000,3040,3103,3076,3083,3026.0,3034.0,3027.0,2991.0,3006.0,3035.0,3060.0,3105.0
485542930527680002,1053,1031,983,971,941,935,904,869.0,846.0,815.0,789.0,773.0,766.0,744.0,738.0
485742930509804102,388,383,379,381,374,381,389,398.0,399.0,404.0,400.0,399.0,399.0,393.0,392.0
485742930524663902,475,482,472,455,457,467,469,465.0,476.0,479.0,467.0,477.0,476.0,479.0,452.0
485942930543984301,1799,1831,1825,1828,1843,1847,1860,1865.0,1864.0,1841.0,1876.0,1901.0,1885.0,1896.0,1908.0
486042928726241301,984,966,961,949,943,934,933,887.0,861.0,870.0,862.0,845.0,819.0,794.0,773.0
486042930519717701,678,660,654,646,635,632,624,619.0,602.0,604.0,601.0,587.0,579.0,579.0,578.0
486042930528603402,1217,1226,1191,1167,1143,1150,1140,1154.0,1126.0,1121.0,1083.0,1053.0,1053.0,1034.0,1037.0
486242930517171402,7720,7773,7785,7831,7865,7823,7836,7797.0,7844.0,7757.0,7773.0,7621.0,7671.0,7538.0,7579.0
486442930534310301,16273,16456,16774,17025,17127,17216,17375,17605.0,17697.0,17819.0,17933.0,17798.0,17691.0,17750.0,17763.0
486542930464426302,729,725,727,728,759,764,769,741.0,731.0,716.0,711.0,703.0,705.0,702.0,719.0
486542930515998601,3757,3771,3817,3813,3813,3818,3792,3845.0,3861.0,3810.0,3766.0,3756.0,3654.0,3648.0,3661.0
486942930462033301,2842,2870,2860,2864,2852,2852,2852,2865.0,2910.0,2924.0,2938.0,2948.0,2911.0,2909.0,2939.0
486942930472886702,1828,1835,1857,1850,1831,1859,1864,1834.0,1831.0,1804.0,1787.0,1727.0,1720.0,1709.0,1697.0
486942930508703401,66057,67209,67794,68649,69863,70472,71115,72287.0,72251.0,72528.0,72859.0,73429.0,74119.0,74126.0,74572.0
487042930539321401,4785,4812,4842,4875,4853,4821,4760,4709.0,4639.0,4590.0,4556.0,4467.0,4443.0,4396.0,4349.0
487042930550701502,2004,1980,1950,1929,1894,1860,1841,1772.0,1740.0,1705.0,1681.0,1669.0,1663.0,1650.0,1642.0
487142930459698301,10509,10720,10913,10969,11070,11088,11202,11143.0,11075.0,11026.0,10989.0,10879.0,10999.0,11000.0,11035.0
487142930510011501,3183,3127,3083,3052,3029,2997,2994,2868.0,2801.0,2704.0,2646.0,2575.0,2531.0,2494.0,2442.0
487242930477163901,10449,10457,10612,10774,10831,10825,10869,10789.0,10904.0,10846.0,10851.0,10959.0,10951.0,10920.0,10894.0
487342930526627602,1154,1161,1135,1131,1127,1098,1075,1036.0,1013.0,1003.0,999.0,980.0,975.0,984.0,989.0
487542930524247701,12234,12350,12453,12493,12472,12501,12466,12384.0,12354.0,12289.0,12264.0,12124.0,12163.0,12053.0,12035.0
487642929606077601,2098,2101,2085,2094,2088,2082,2102,2050.0,2086.0,2082.0,2077.0,2024.0,1989.0,1978.0,1984.0
488242930530102402,25733,25763,25665,25676,25570,25473,25597,25464.0,25415.0,25560.0,25556.0,25323.0,25314.0,25156.0,25071.0
488442930479218601,1387,1389,1386,1389,1395,1360,1326,1277.0,1263.0,1264.0,1259.0,1235.0,1226.0,1211.0,1215.0
488542930464707902,4096,4044,3961,3908,3835,3785,3721,3604.0,3545.0,3477.0,3406.0,3310.0,3238.0,3194.0,3148.0
488642930527052801,251,257,247,252,262,266,270,252.0,253.0,251.71428571428572,247.0,242.0,257.0,253.0,258.0
488642930543643901,831,831,810,781,777,749,740,720.0,720.0,706.0,716.0,727.0,723.0,711.0,698.0
488742930458242901,3857,3886,3920,3926,3969,3972,3961,3967.0,3995.0,4008.0,4061.0,4107.0,4078.0,4094.0,4115.0
488842930530153101,3487,3502,3510,3585,3596,3640,3712,3696.0,3716.0,3721.0,3673.0,3655.0,3624.0,3653.0,3632.0
488942930477242701,5236,5174,5137,5104,5127,5167,5159,5144.0,5209.0,5237.0,5259.0,5255.0,5211.0,5210.0,5168.0
489042930480486501,54355,54776,55151,55373,55055,54547,54129,53120.0,52646.0,52464.0,52622.0,53451.0,52918.0,52787.0,53039.0
489142930460620301,274,270,263,258,256,260,246,237.0,231.0,214.0,219.0,219.0,225.0,233.0,233.0
489242930532832001,581,564,574,559,555,549,554,541.0,537.0,521.0,516.0,510.0,492.0,485.0,476.0
489342930137664202,1303,1298,1326,1321,1341,1349,1361,1377.0,1377.0,1380.0,1380.0,1487.0,1392.0,1396.0,1391.0
489442930526872502,3594,3591,3588,3577,3567,3579,3540,3510.0,3473.0,3435.0,3416.0,3383.0,3318.0,3275.0,3282.0
489542930456386201,6111,6136,6149,6227,6290,6277,6256,6191.0,6166.0,6201.0,6200.0,6150.0,6097.0,5986.0,5986.0
489542930475798102,828,834,843,839,826,820,832,827.0,811.0,813.0,828.0,837.0,823.0,814.0,825.0
489642928042122902,16737,16822,16834,16814,16846,16843,16886,16875.0,16839.0,16895.0,16997.0,16912.0,16798.0,16805.0,16887.0
489942930465090901,4788,4737,4687,4637,4595,4566,4552,4423.0,4395.0,4273.0,4226.0,4141.0,4094.0,4025.0,3999.0
489942930509169701,683,696,688,709,721,720,719,698.0,719.0,708.0,726.0,747.0,737.0,750.0,749.0
491142930509202201,399,385,387,375,361,371,348,360.0,343.0,333.0,326.0,321.0,323.0,331.0,340.0
491642930546620901,2315,2333,2335,2337,2330,2305,2291,2160.5714285714284,2243.0,2226.0,2199.0,2151.0,2120.0,2097.0,2088.0
491642930546647202,7030,7106,7189,7147,7185,7227,7247,7355.0,7348.0,7462.0,7435.0,7412.0,7449.0,7514.0,7594.0
491842930510073702,6665,6673,6770,6768,6795,6773,6811,6888.0,6932.0,6970.0,6996.0,7084.0,7015.0,6991.0,7060.0
492442930546128301,5577,5615,5644,5664,5672,5653,5687,5710.0,5773.0,5863.0,5827.0,5707.0,5715.0,5631.0,5610.0
492842930316851101,1152,1148,1142,1140,1109,1097,1089,1001.1428571428572,1041.0,1026.0,1026.0,1001.0,994.0,973.0,947.0
492942928623687402,713,716,690,700,694,684,672,670.0,670.0,661.0,626.0,626.0,612.0,626.0,616.0
492942929501728001,2217,2227,2196,2189,2177,2175,2159,2115.0,2080.0,2106.0,2095.0,2037.0,2034.0,2021.0,1998.0
492942930452864802,2351,2300,2266,2252,2234,2216,2191,2124.0,2102.0,2073.0,2072.0,2061.0,2103.0,2119.0,2155.0
493042930456094501,1767,1774,1749,1719,1722,1719,1672,1533.0,1580.0,1539.0,1514.0,1444.0,1446.0,1439.0,1441.0
493042930526748301,13408,13456,13293,13264,13167,13222,13211,13064.0,12964.0,12845.0,12774.0,12556.0,12441.0,12364.0,12453.0
493142930475772302,870,859,841,840,844,856,882,855.0,824.0,828.0,804.0,811.0,815.0,824.0,823.0
493142930480139801,605,592,589,578,579,573,565,564.0,575.0,516.0,497.0,489.0,475.0,462.0,448.0
493142930515680001,5910,5977,6041,6162,6237,6173,6079,5978.0,5844.0,5864.0,5861.0,5919.0,5897.0,5861.0,5964.0
493142930524205602,11535,11582,11652,11701,11714,11655,11673,11696.0,11727.0,11699.0,11689.0,11448.0,11406.0,11425.0,11461.0
493242928890484801,131,129,125,123,121,119,126,126.0,132.0,126.0,127.0,125.0,120.0,125.0,127.0
493242929649304202,473,488,482,486,473,471,463,445.0,475.0,478.0,460.0,437.0,424.0,423.0,418.0
493242930453365101,1421,1396,1410,1385,1392,1419,1424,1373.0,1389.0,1388.0,1364.0,1352.0,1347.0,1346.0,1336.0
493442930510933301,830,826,810,800,794,782,774,778.0,771.0,766.0,756.0,757.0,736.0,729.0,716.0
493842930454422501,12001,12270,12611,12805,12946,13042,12931,12838.0,12906.0,12944.0,12955.0,13138.0,13115.0,13203.0,13300.0
493842930458372701,2154,2161,2155,2151,2149,2143,2147,2102.0,2095.0,2078.0,2081.0,2042.0,2063.0,2097.0,2093.0
494042930525265502,12150,12313,12432,12587,12657,12709,12806,12837.0,12811.0,12770.0,12688.0,12835.0,12882.0,12873.0,12997.0
494042930533700802,1217,1216,1201,1203,1227,1193,1173,1145.0,1136.0,1138.0,1104.0,1111.0,1112.0,1122.0,1124.0
494542930520051801,6724,6663,6641,6580,6551,6515,6417,6306.0,6303.0,6313.0,6281.0,6316.0,6238.0,6310.0,6343.0
494542930526270702,2854,2967,3014,3074,3178,3158,3124,3060.0,3026.0,3023.0,2995.0,2995.0,2969.0,2948.0,2932.0
494842929189434001,1649,1634,1591,1575,1543,1515,1498,1452.0,1404.0,1359.0,1315.0,1261.0,1234.0,1208.0,1173.0
494842930458101002,6206,6299,6380,6459,6473,6410,6434,6395.0,6323.0,6345.0,6318.0,6279.0,6312.0,6301.0,6294.0
494942930527841402,7562,7642,7740,7743,7811,7768,7669,7523.0,7584.0,7495.0,7496.0,7366.0,7407.0,7352.0,7282.0
495042930461272602,437,431,426,409,391,393,389,365.0,360.0,352.0,343.0,327.0,304.0,294.0,286.0
495242930523127401,35965,36063,35989,35918,35763,35775,35538,35658.0,35510.0,35678.0,35675.0,35522.0,35395.0,35529.0,35487.0
495242930543124302,1690,1693,1676,1673,1661,1666,1632,1554.0,1552.0,1563.0,1551.0,1551.0,1579.0,1574.0,1538.0
495342930475809001,1525,1474,1441,1448,1412,1359,1308,1263.0,1246.0,1194.0,1166.0,1146.0,1119.0,1094.0,1058.0
495442930462856202,2953,2957,2939,2927,2990,2981,2994,2922.0,2951.0,2950.0,3020.0,3003.0,3025.0,3077.0,3073.0
495542930526511702,5723,5750,5856,5896,5878,5818,5909,5958.0,5898.0,5831.0,5812.0,5862.0,5796.0,5763.0,5803.0
495742930516585401,1982,1963,1931,1930,1907,1876,1861,1789.0,1770.0,1738.0,1693.0,1626.0,1608.0,1574.0,1552.0
495842930477300401,523,523,530,515,492,521,523,500.0,492.0,499.0,509.0,492.0,480.0,493.0,504.0
495842930532802501,722,734,737,752,760,779,758,752.0,749.0,748.0,746.0,739.0,743.0,744.0,742.0
495942930458591402,36431,37007,37655,38119,38628,38831,39023,39474.0,39852.0,40045.0,40239.0,39954.0,39766.0,39809.0,40047.0
495942930536112302,1372,1425,1455,1443,1455,1464,1456,1426.0,1411.0,1410.0,1386.0,1360.0,1360.0,1360.0,1366.0
496042930477707602,1477,1471,1452,1413,1379,1381,1362,1328.0,1236.5,1236.5,1286.0,1246.0,1227.0,1189.0,1143.0
496142929194472102,13321,13324,13345,13367,13198,13480,13930,14096.0,13960.0,13813.0,13561.0,13397.0,13363.0,13234.0,13035.0
496142930477137102,4770,4768,4803,4837,4847,4853,4841,4753.0,4763.0,4737.0,4787.0,4771.0,4742.0,4733.0,4736.0
496142930536425402,3392,3373,3378,3408,3439,3503,3575,3581.0,3584.0,3577.0,3564.0,3540.0,3543.0,3511.0,3575.0
496542930515960801,2288,2219,2216,2201,2182,2164,2165,2149.0,2111.0,2076.0,2065.0,2068.0,2043.0,2027.0,2061.0
496542930526051401,4410,4442,4380,4336,4306,4278,4225,4154.0,4083.0,4047.0,4002.0,3951.0,3972.0,3920.0,3873.0
496642930459468201,130,123,115,108,109,108,95,101.0,98.0,99.0,100.0,96.0,100.0,97.0,98.0
496642930543573801,2166,2166,2200,2248,2301,2298,2315,2326.0,2342.0,2353.0,2361.0,2364.0,2367.0,2355.0,2352.0
496842930471698401,1970,1999,1964,1990,1992,1966,1933,1897.0,1873.0,1854.0,1828.0,1813.0,1803.0,1798.0,1825.0
497142929704040602,1019,1021,1011,996,986,987,970,962.0,957.0,945.0,941.0,937.0,928.0,932.0,936.0
497142930458518502,7100,7142,7071,7084,7107,7057,7088,7166.0,7198.0,7280.0,7243.0,7358.0,7330.0,7333.0,7400.0
497142930465289301,5850,5770,5771,5752,5738,5665,5600,5579.0,5503.0,5427.0,5340.0,5210.0,5224.0,5205.0,5145.0
497142930521572401,3679,3745,3828,3832,3847,3855,3812,3773.0,3732.0,3656.0,3654.0,3704.0,3640.0,3628.0,3611.0
497242930524416802,417,415,408,404,392,388,377,357.0,357.0,341.0,335.0,337.0,328.0,320.0,317.0
497342930545824601,48716,49033,49259,49473,49198,48724,48304,47522.0,47080.0,46631.0,46202.0,45621.0,45539.0,45162.0,44970.0
497442928304094101,434,429,439,415,415,416,429,432.0,422.0,409.0,409.0,409.0,417.0,395.0,397.0
497442930480371302,3071,3103,3132,3126,3153,3124,3128,3072.0,3057.0,3059.0,3055.0,3150.0,3061.0,3042.0,3039.0
497542930526277002,11851,11831,11790,11714,11779,11696,11627,11429.0,11390.0,11335.0,11224.0,11037.0,10993.0,10926.0,10868.0
497642928726688401,2619,2579,2522,2476,2439,2401,2366,2323.0,2268.0,2230.0,2229.0,2206.0,2203.0,2192.0,2168.0
497642929013014901,3387,3344,3338,3300,3270,3289,3247,3212.0,3224.0,3205.0,3191.0,3112.0,3085.0,3087.0,3111.0
497942930474576401,237,243,228,225,219,225,221,223.0,212.0,203.0,201.0,200.0,195.0,196.0,194.0
498142930526916802,1386,1373,1372,1351,1327,1307,1292,1238.0,1208.0,1228.0,1220.0,1203.0,1195.0,1166.0,1153.0
498442930448451801,1857,1875,1853,1864,1954,1957,2008,2007.0,2001.0,2017.0,2047.0,2054.0,2020.0,2010.0,2000.0
498742930476930701,356,354,356,345,339,336,328,313.0,309.0,309.0,301.0,297.0,295.0,287.0,297.0
498742930535870002,1008,995,994,961,975,961,966,936.0,893.0,891.0,891.0,884.0,876.0,870.0,856.0
498942930455821102,5173,5126,5118,5104,5075,4998,4947,4881.0,4855.0,4812.0,4744.0,4580.0,4548.0,4515.0,4505.0
498942930509485002,675,676,682,658,666,653,646,628.0,618.0,618.0,607.0,597.0,610.0,595.0,585.0
499042930470319801,2119,2152,2160,2201,2211,2249,2247,2277.0,2254.0,2258.0,2269.0,2256.0,2246.0,2259.0,2268.0
499142930456531901,141,133,123,124,126,127,123,120.0,118.0,112.0,116.0,115.0,114.0,112.0,109.0
499242930548738301,344,338,327,327,333,337,328,310.0,303.0,298.0,301.0,300.0,300.0,316.0,321.0
499342928759319702,5948,6070,6129,6157,6182,6174,6170,5994.0,5938.0,5928.0,5960.0,5962.0,5971.0,5949.0,6001.0
499342929816166302,3093,3079,3044,3013,2976,2946,2952,2907.0,2891.0,2845.0,2805.0,2779.0,2789.0,2747.0,2728.0
499442929684697002,31627,31755,32388,32692,32878,33078,33357,33625.0,33829.0,33901.0,33902.0,33889.0,33963.0,33972.0,34132.0
499742930529461601,1937,1928,1900,1858,1828,1784,1743,1645.0,1586.0,1540.0,1476.0,1415.0,1384.0,1346.0,1316.0
499942928726148601,2205,2207,2255,2274,2317,2323,2321,2259.0,2256.0,2256.0,2270.0,2267.0,2293.0,2262.0,2241.0
499942930478076302,7434,7409,7413,7349,7281,7264,7202,7126.0,7035.0,7005.0,6941.0,6784.0,6774.0,6730.0,6653.0
501242930542373002,2845,2803,2775,2789,2784,2780,2774,2737.0,2709.0,2685.0,2633.0,2586.0,2558.0,2587.0,2614.0
501342930530242201,1310,1314,1304,1309,1297,1297,1281,1241.0,1210.0,1229.0,1227.0,1221.0,1224.0,1207.0,1196.0
501442928865230702,103,104,103,99,97,92,92,87.0,89.0,87.0,87.0,87.0,82.0,78.0,77.0
501442929743318701,2008,1997,1951,1932,1935,1927,1905,1851.0,1678.0,1766.0,1710.0,1602.0,1615.0,1608.0,1594.0
501942928159244701,228,90,110,111,111,109,108,107.28571428571428,112.0,110.0,109.0,108.0,108.0,104.0,100.0
502142930454972402,1474,1460,1452,1473,1438,1393,1343,1322.0,1291.0,1250.0,1236.0,1147.0,1120.0,1136.0,1110.0
502242930519922101,2443,2392,2373,2372,2355,2363,2365,2330.0,2319.0,2310.0,2306.0,2332.0,2291.0,2292.0,2307.0
502342930462673302,68844,69204,69609,69793,69900,70036,70137,70157.0,69958.0,70008.0,69999.0,69911.0,69855.0,69880.0,70108.0
502342930526203701,1620,1610,1622,1611,1595,1599,1587,1579.0,1555.0,1556.0,1556.0,1517.0,1550.0,1505.0,1512.0
502442930518077802,4638,4671,4719,4820,4770,4778,4818,4804.0,4772.0,4720.0,4717.0,4641.0,4642.0,4561.0,4520.0
502442930530766202,966,955,944,942,935,964,927,902.5714285714286,955.0,942.0,919.0,872.0,886.0,875.0,869.0
502742930470765201,1665,1661,1640,1676,1687,1672,1670,1665.0,1650.0,1677.0,1695.0,1735.0,1730.0,1752.0,1752.0
503042929331684901,276,273,265,269,272,265,262,253.0,244.0,250.0,252.0,239.0,234.0,226.0,223.0
503142930507893702,1123,1131,1170,1204,1249,1229,1233,1193.0,1186.0,1179.0,1151.0,1170.0,1170.0,1177.0,1179.0
503342929284336901,2700,2651,2662,2705,2693,2716,2720,2745.0,2740.0,2706.0,2734.0,2738.0,2730.0,2759.0,2770.0
503342930510069202,6809,6866,6970,7047,7078,7046,7041,7055.0,7019.0,7024.0,6996.0,6907.0,6962.0,6939.0,7018.0
503442930457501602,583,577,585,587,584,575,590,573.0,543.0,541.2857142857143,509.0,522.0,545.0,547.0,550.0
503442930542795201,3023,3028,2974,2921,2906,2942,2916,2897.0,2851.0,2835.0,2818.0,2773.0,2760.0,2762.0,2773.0
503542930544768701,11960,12156,12213,12264,12340,12431,12475,12695.0,12750.0,12887.0,13045.0,12910.0,12981.0,12988.0,12999.0
503542930548255301,782,787,782,779,776,777,782,762.0,751.0,768.0,758.0,759.0,771.0,782.0,778.0
503642930289255802,5195,5134,5118,5104,5080,5044,5020,4935.0,4907.0,4888.0,4865.0,4799.0,4765.0,4696.0,4655.0
503642930453436801,528,518,500,481,461,445,420,391.0,381.0,370.0,361.0,351.0,351.0,357.0,352.0
503642930474418101,976,966,948,927,935,911,904,896.0,901.0,906.0,883.0,870.0,853.0,843.0,825.0
503742930525386401,2197,2197,2160,2156,2131,2111,2077,2034.0,2010.0,1939.857142857143,1958.0,1916.0,1905.0,1891.0,1865.0
503942930478925301,1820,1820,1808,1805,1769,1757,1765,1761.2857142857142,1747.0,1753.0,1757.0,1736.0,1784.0,1781.0,1771.0
503942930528397202,1205,1177,1166,1146,1149,1151,1141,1100.0,1089.0,1052.0,1038.0,1007.0,1006.0,998.0,1003.0
503942930549548401,8481,8547,8672,8832,9103,9252,9348,9431.0,9423.0,9472.0,9606.0,10129.0,10100.0,10137.0,10171.0
504042930542576202,1254,1242,1207,1180,1184,1166,1148,1106.0,1074.0,1016.8571428571428,1024.0,1005.0,996.0,961.0,952.0
504142930451421902,2271,2245,2244,2252,2247,2247,2229,2197.0,2151.0,2138.0,2141.0,2084.0,2085.0,2086.0,2110.0
504342930526925301,3932,3926,3924,3830,3869,3874,3855,3753.0,3738.0,3706.0,3703.0,3655.0,3650.0,3623.0,3620.0
504642930530044501,9982,10016,10121,10176,10271,10274,10228,10139.0,10108.0,10130.0,10114.0,10078.0,10127.0,10144.0,10159.0
504642930538397802,24696,25141,25386,25648,25772,25973,26099,25910.0,26091.0,26081.0,26078.0,25992.0,25958.0,25921.0,25945.0
504842930464703201,13925,13816,13785,13807,13889,13892,13911,13896.0,13864.0,13956.0,13941.0,13770.0,13889.0,13850.0,13821.0
504942930451255101,186,194,195,198,198,200,199,192.42857142857144,195.0,193.0,196.0,192.0,192.0,191.0,188.0
504942930544768102,197,191,197,193,195,199,204,204.0,206.0,204.0,197.0,194.0,191.0,192.0,202.0
505142928247005002,1701,1711,1754,1802,1855,1863,1889,1959.0,1970.0,1967.0,1987.0,2013.0,2004.0,2015.0,2020.0
505242930517313502,1834,1821,1853,1846,1876,1903,1866,1817.0,1769.0,1749.0,1718.0,1678.0,1669.0,1659.0,1660.0
505242930543535301,44430,45276,45912,46385,46832,47073,47119,47870.0,47857.0,47895.0,47754.0,48500.0,48159.0,48033.0,48297.0
505342930478257402,1033,1032,1044,1011,987,975,949,898.0,871.0,853.0,823.0,795.0,774.0,763.0,737.0
505342930532382802,1397,1385,1372,1321,1290,1282,1272,1222.0,1189.0,1194.0,1168.0,1150.0,1114.0,1109.0,1147.0
505542930457376602,1453,1464,1519,1530,1510,1498,1491,1476.0,1448.0,1419.0,1446.0,1457.0,1436.0,1434.0,1439.0
505642930531559201,254,252,248,238,231,232,228,210.0,207.0,212.0,214.0,214.0,218.0,230.0,232.0
505742930454327802,2523,2564,2619,2662,2684,2672,2657,2665.0,2679.0,2687.0,2671.0,2659.0,2665.0,2660.0,2642.0
505842930526220202,2632,2641,2594,2585,2604,2578,2558,2522.0,2523.0,2511.0,2500.0,2471.0,2488.0,2488.0,2481.0
505942930528910001,1241,1240,1221,1236,1231,1202,1194,1208.0,1187.0,1184.0,1185.0,1209.0,1195.0,1195.0,1184.0
506042929166340601,4768,4826,4897,4985,5001,4980,4955,4850.0,4807.0,4792.0,4737.0,4760.0,4730.0,4718.0,4655.0
506142930545523801,2659,2740,2870,2983,3027,3078,3109,3141.0,3304.0,3360.0,3370.0,3356.0,3398.0,3413.0,3509.0
506242930535157402,3664,3660,3601,3614,3573,3558,3525,3435.0,3425.0,3405.0,3386.0,3301.0,3303.0,3308.0,3345.0
506442930460633701,9079,9346,9394,9557,9668,9642,9672,9644.0,9663.0,9708.0,9698.0,9621.0,9630.0,9675.0,9672.0
506442930463838902,23659,23719,23876,23919,23940,23887,23778,23623.0,23466.0,23208.0,23052.0,22987.0,23031.0,22918.0,22929.0
506442930519662001,4048,3999,3938,3943,3933,3943,3891,3811.0,3782.0,3719.0,3651.0,3472.0,3473.0,3393.0,3334.0
506442930539820501,648,640,619,598,608,604,591,585.0,575.0,560.0,545.0,540.0,519.0,514.0,525.0
506542929012850302,3695,3680,3703,3683,3632,3599,3544,3418.0,3349.0,3308.0,3292.0,3297.0,3262.0,3265.0,3251.0
506642930510412501,3151,3152,3139,3151,3144,3146,3124,3079.0,3013.0,3011.0,3001.0,3021.0,3011.0,2990.0,3001.0
506642930542825801,4817,4768,4720,4671,4600,4563,4519,4412.0,4370.0,4302.0,4231.0,4058.0,4012.0,3960.0,3918.0
506742930463954401,15065,15081,14884,15016,15286,15405,15598,15702.0,15632.0,15610.0,15608.0,15699.0,15671.0,15647.0,15707.0
506842930476150901,21402,21504,21608,21612,21592,21561,21745,21634.0,21626.0,21714.0,21726.0,22026.0,22012.0,22004.0,22147.0
506842930543581002,662726,659691,659924,658443,659395,661599,661091,658575.0,655533.0,652720.0,647422.0,637885.0,635439.0,630167.0,628894.0
506942930473639902,880,889,873,857,852,840,828,796.0,780.0,754.0,741.0,695.0,714.0,693.0,683.0
507242930478677602,3721,3717,3723,3731,3723,3763,3766,3823.0,3833.0,3774.0,3756.0,3736.0,3736.0,3724.0,3690.0
507342930452489501,1455,1447,1410,1403,1371,1322,1292,1257.0,1282.0,1259.0,1258.0,1216.0,1206.0,1229.0,1254.0
507442928025464301,1219,1178,1137,1130,1118,1120,1109,1092.0,1057.0,1019.0,1004.0,985.0,981.0,977.0,981.0
507442930534261702,4785,4812,4813,4845,4890,4877,4876,4812.0,4800.0,4788.0,4743.0,4673.0,4646.0,4619.0,4602.0
507442930538366402,12757,12864,12959,13032,13166,13183,13197,13211.0,13281.0,13264.0,13268.0,13099.0,13113.0,13047.0,13105.0
507542930459442602,1284,1283,1280,1280,1284,1303,1305,1305.0,1324.0,1306.0,1293.0,1273.0,1262.0,1257.0,1268.0
507542930465039802,2502,2471,2428,2399,2396,2356,2353,2289.0,2277.0,2273.0,2264.0,2244.0,2188.0,2152.0,2152.0
507642930462577801,17923,17990,18105,18124,18221,18201,18167,17895.0,17863.0,17750.0,17768.0,17486.0,17492.0,17449.0,17523.0
507642930475155102,645,642,662,681,641,641,624,597.0,588.0,604.0,592.0,594.0,588.0,587.0,591.0
507642930539035801,31262,31225,31236,31294,31290,31187,31247,31142.0,31189.0,31126.0,30838.0,30590.0,30652.0,30559.0,30636.0
507742930453695202,4010,3983,4019,4009,3951,3939,3906,3920.0,3923.0,3872.0,3879.0,3795.0,3777.0,3763.0,3724.0
507742930476257801,23766,23640,23576,23495,23242,23111,22849,22343.0,22102.0,22002.0,21891.0,21669.0,21410.0,21424.0,21576.0
507742930522315701,874,911,873,877,884,893,873,875.0,877.0,830.0,826.0,822.0,827.0,815.0,818.0
507842930477223801,733,717,732,730,720,734,734,753.0,750.0,775.0,806.0,785.0,804.0,828.0,820.0
507842930515435302,10549,10629,10607,10674,10675,10618,10558,10363.0,10310.0,10279.0,10271.0,10212.0,10181.0,10021.0,10029.0
507842930520627202,949,946,947,937,936,909,887,871.0,871.0,866.0,850.0,850.0,854.0,840.0,823.0
507942930524452702,3277,3269,3223,3240,3195,3177,3179,3167.0,3166.0,2955.4285714285716,2979.0,2889.0,2889.0,2811.0,2787.0
508042930460964002,2721,2678,2636,2608,2589,2550,2524,2519.0,2515.0,2493.0,2451.0,2351.0,2328.0,2294.0,2284.0
508542930520963101,455,442,456,447,454,454,453,430.57142857142856,442.0,434.0,431.0,433.0,425.0,418.0,431.0
508642930461811801,19361,19435,19491,19535,19687,19732,19904,19934.0,20094.0,20321.0,20463.0,20583.0,20663.0,20684.0,20874.0
508642930477069102,2485,2451,2460,2472,2484,2459,2470,2396.0,2433.0,2460.0,2450.0,2467.0,2426.0,2413.0,2430.0
508942930526551501,7612,7728,7906,7905,8011,8052,8071,8052.0,8015.0,8084.0,8048.0,8069.0,8187.0,8237.0,8234.0
509042930526340202,1117,1132,1127,1115,1129,1128,1095,1042.0,1034.0,1031.0,1016.0,1008.0,1005.0,1033.0,1045.0
509042930533248102,439,442,432,434,428,438,438,425.0,417.0,412.0,399.0,402.0,393.0,387.0,378.0
509342930474233502,886,869,860,836,804,793,758,799.0,792.0,749.0,677.0,653.0,641.0,622.0,606.0
509342930516309802,1045,1045,1049,1034,1023,1021,1014,971.0,924.1428571428572,920.0,909.0,911.0,923.0,921.0,914.0
509542930448255401,2199,2181,2182,2162,2169,2148,2130,2060.0,2062.0,2049.0,2043.0,2026.0,2051.0,2037.0,2058.0
509542930541584802,1865,1861,1882,1886,1901,1866,1852,1836.0,1824.0,1831.0,1719.0,1728.0,1726.0,1780.0,1770.0
509542930544989402,35034,35244,35390,35594,35456,35439,35391,35287.0,35140.0,35194.0,35129.0,34474.0,34472.0,34044.0,34081.0
509642928052225901,1341,1302,1275,1280,1269,1313,1268,1247.0,1227.0,1190.0,1170.0,1157.0,1152.0,1108.0,1111.0
509642930450791502,1585,1618,1631,1668,1667,1650,1596,1546.0,1542.0,1500.0,1479.0,1456.0,1483.0,1513.0,1528.0
509642930520079401,2309,2286,2270,2249,2234,2205,2190,2163.0,2161.0,2148.0,2118.0,2050.0,2034.0,2025.0,2015.0
509842930528199402,1478,1463,1460,1438,1441,1448,1440,1434.0,1446.0,1406.0,1404.0,1377.0,1367.0,1348.0,1319.0
509942930458318801,1291,1269,1211,1213,1195,1174,1164,1119.0,1108.0,1091.0,1081.0,1058.0,1061.0,1069.0,1070.0
509942930516833901,2626,2614,2598,2583,2550,2516,2476,2403.0,2367.0,2308.0,2316.0,2266.0,2258.0,2234.0,2235.0
511242929721432102,5034,5035,5088,5094,5159,5173,5199,5070.0,5063.0,5182.0,5171.0,5241.0,5273.0,5227.0,5161.0
511242930527800702,2510,2534,2558,2584,2606,2614,2601,2599.0,2608.0,2633.0,2585.0,2560.0,2545.0,2550.0,2555.0
511342929613283702,1322,1313,1278,1260,1250,1239,1207,1159.0,1143.0,1131.0,1100.0,1066.0,1049.0,1025.0,1001.0
511342930541133801,8571,8668,8757,8807,8833,8781,8788,8846.0,8847.0,8911.0,9005.0,9128.0,9043.0,9063.0,9149.0
511742930476524002,8861,8915,9078,9135,9215,9250,9283,9231.0,9133.0,9212.0,9228.0,9268.0,9336.0,9391.0,9508.0
511942930549594601,2283,2293,2293,2310,2287,2288,2225,2207.0,2234.0,2207.0,2198.0,2173.0,2183.0,2161.0,2173.0
512042930474491802,248,243,234,234,235,235,242,230.0,215.0,198.0,200.0,204.0,198.0,193.0,186.0
512142930450743102,844,828,848,842,841,821,843,828.0,821.0,828.0,820.0,823.0,816.0,793.0,808.0
512142930510216902,920,904,900,890,880,901,872,847.0,825.0,824.0,812.0,808.0,799.0,804.0,801.0
512242930456751602,4323,4466,4516,4594,4646,4644,4651,4695.0,4741.0,4749.0,4748.0,4753.0,4802.0,4817.0,4799.0
512242930517231702,5784,5873,5966,5953,5997,6011,6001,6048.0,6105.0,6163.0,6169.0,6105.0,6161.0,6090.0,6127.0
512242930532860401,6298,6401,6407,6475,6485,6486,6522,6547.0,6595.0,6591.0,6610.0,6554.0,6565.0,6641.0,6627.0
512342930524586101,22883,23024,23133,23022,23127,23327,23478,23295.0,23215.0,23029.0,23008.0,22990.0,22764.0,22630.0,22808.0
512442930533583302,1353,1345,1335,1300,1297,1266,1242,1208.0,1178.0,1152.0,1129.0,1107.0,1089.0,1054.0,1131.0
512542930034890302,11926,11901,11859,11782,11742,11647,11600,11330.0,11201.0,11059.0,10929.0,10796.0,10716.0,10614.0,10548.0
512542930447428101,4837,4787,4769,4773,4703,4621,4532,4231.428571428572,4382.0,4349.0,4282.0,4205.0,4173.0,4117.0,4112.0
512542930475376202,1715,1794,1851,1923,2005,2007,2045,2011.0,2036.0,2049.0,2066.0,2054.0,2045.0,1976.0,2016.0
512642930457716302,867,868,894,892,865,855,857,825.0,818.0,801.0,784.0,779.0,765.0,768.0,767.0
512742930537291401,5122,5242,5349,5420,5476,5534,5553,5518.0,5562.0,5524.0,5508.0,5595.0,5625.0,5595.0,5604.0
512942930466301102,7313,7431,7620,7708,7797,7804,7835,7889.0,7973.0,7997.0,7990.0,8103.0,8027.0,8082.0,8150.0
513042930464313501,22123,22309,22421,22523,22507,22514,22408,22163.0,22106.0,21891.0,21732.0,21377.0,21330.0,21029.0,21020.0
513142930464625601,324,321,332,333,335,341,336,337.0,352.0,374.0,377.0,364.0,370.0,369.0,363.0
513242930478886801,28660,29653,30264,30723,30898,30883,31337,31402.0,31335.0,31192.0,31441.0,32139.0,32491.0,32684.0,32752.0
513242930526360602,2386,2415,2410,2403,2447,2441,2405,2257.0,2291.0,2314.0,2353.0,2330.0,2322.0,2281.0,2305.0
513342930456017302,48405,49669,50780,51668,52213,52392,52807,52969.0,52950.0,52843.0,53212.0,53344.0,53402.0,53275.0,53565.0
513542930532871401,13810,13962,14153,14162,14239,14392,14523,14540.0,14581.0,14655.0,14827.0,15043.0,15090.0,15125.0,15258.0
513742929664075601,4631,4575,4635,4677,4649,4624,4620,4615.0,4595.0,4578.0,4594.0,4538.0,4559.0,4570.0,4613.0
513842930529817001,4505,4523,4475,4467,4433,4396,4345,4250.0,4221.0,4218.0,4191.0,4139.0,4129.0,4133.0,4125.0
513842930547240801,5081,5039,4967,4880,4838,4800,4744,4561.0,4462.0,4386.0,4290.0,4216.0,4159.0,4070.0,3998.0
514042930450771701,11152,11132,10987,10912,10796,10642,10533,10503.0,10461.0,10188.285714285714,10198.0,10114.0,10082.0,9986.0,9974.0
514042930480452202,6366,6523,6557,6676,6768,6754,6804,6690.0,6666.0,6672.0,6666.0,6670.0,6709.0,6729.0,6775.0
514142930543922802,268,274,281,289,277,270,269,274.0,265.0,280.0,285.0,287.0,290.0,296.0,304.0
514242930474094101,415,423,423,425,432,436,437,446.0,440.0,451.0,463.0,460.0,454.0,450.0,451.0
514242930529829401,3373,3382,3375,3422,3470,3502,3452,3460.0,3450.0,3455.0,3470.0,3392.0,3378.0,3358.0,3328.0
514342928021819501,348,347,356,345,347,352,343,339.0,335.0,322.0,335.0,338.0,337.0,331.0,327.0
514342930516646901,22643,22611,22732,22804,22637,22642,22607,22195.0,21987.0,21908.0,21846.0,22081.0,21989.0,22017.0,22037.0
514342930544960202,1567,1538,1519,1535,1502,1498,1469,1397.0,1378.0,1356.0,1343.0,1301.0,1309.0,1312.0,1288.0
514342930547228702,51632,51930,52341,52731,53283,53243,53316,53310.0,53016.0,52866.0,52937.0,52312.0,52472.0,52528.0,52898.0
514442930477650702,12755,12778,12715,12708,12678,12584,12497,12321.0,12295.0,12221.0,12197.0,12060.0,12006.0,11970.0,11984.0
514642930517490501,4655,4690,4753,4719,4728,4709,4719,4671.0,4639.0,4592.0,4567.0,4548.0,4577.0,4617.0,4661.0
514942930450840302,203900,203817,203474,202778,202547,202625,202244,201636.0,202150.0,202351.0,201613.0,200609.0,199015.0,198417.0,199400.0
515042930519916902,7338,7443,7598,7675,7713,7757,7774,7834.0,7831.0,7875.0,7872.0,7888.0,7909.0,7918.0,7897.0
515042930548602902,2493,2512,2525,2547,2520,2502,2514,2502.0,2503.0,2476.0,2447.0,2407.0,2434.0,2422.0,2412.0
515142930476508902,6381,6348,6330,6245,6227,6217,6103,6012.0,6031.0,6001.0,5863.0,5736.0,5721.0,5697.0,5605.0
515242930464587302,1961,1925,1909,1886,1853,1835,1828,1803.0,1785.0,1770.0,1743.0,1678.0,1680.0,1660.0,1626.0
515442930527986401,23680,23813,23937,24021,23851,23725,23625,23706.0,23605.0,23704.0,23694.0,23638.0,23669.4,23669.4,23669.4
515542930461758002,1794,1828,1830,1817,1812,1811,1813,1748.0,1756.0,1738.0,1695.0,1684.0,1692.0,1674.0,1691.0
515542930522168902,8879,8864,8868,8849,8908,8911,8804,8565.0,8474.0,8482.0,8457.0,8425.0,8423.0,8366.0,8301.0
515642930516671402,14863,14929,15037,15099,15158,15148,15049,14909.0,14989.0,15116.0,15080.0,15053.0,14941.0,14953.0,14926.0
515642930545201102,4130,4307,4550,4624,4755,4861,4902,4865.0,4819.0,4843.0,4818.0,4833.0,4945.0,4920.0,4983.0
515742929303612002,4775,4750,4751,4748,4737,4751,4728,4557.0,4512.0,4461.0,4392.0,4352.0,4309.0,4269.0,4259.0
515742930508268002,18147,18167,18297,18464,18563,18703,18755,18612.0,18469.0,18328.0,18187.0,18307.0,18117.0,17987.0,17997.0
515742930516762801,2502,2501,2503,2571,2637,2634,2630,2603.0,2573.0,2541.0,2531.0,2517.0,2496.0,2532.0,2519.0
515742930519307902,12708,12692,12682,12672,12573,12065,11917,11759.0,11663.0,11615.0,11546.0,11328.0,11345.0,11283.0,11240.0
515842930509301901,760,768,772,779,799,783,773,798.0,760.0,766.0,765.0,739.0,739.0,752.0,733.0
515942930475211801,481,467,471,465,469,475,473,438.1428571428572,457.0,449.0,445.0,446.0,432.0,425.0,413.0
516142930459157302,1447,1475,1504,1507,1540,1570,1551,1555.0,1553.0,1559.0,1572.0,1543.0,1538.0,1549.0,1538.0
516242929991282201,509,496,497,484,473,481,492,472.0,467.0,472.0,464.0,467.0,464.0,471.0,479.0
516242930526581001,2990,2969,2983,3003,2980,2948,2964,2911.0,2880.0,2839.0,2790.0,2713.0,2682.0,2617.0,2578.0
516342930518380501,7755,7813,7859,7885,7898,7885,7874,7769.0,7700.0,7672.0,7663.0,7687.0,7729.0,7737.0,7822.0
516542930462044701,1014,995,989,982,983,948,925,902.0,905.0,894.0,848.0,819.0,802.0,781.0,782.0
516542930545901402,891,890,910,888,887,876,885,889.0,886.0,900.0,894.0,919.0,919.0,919.0,920.0
516642930538134302,1532,1555,1536,1537,1553,1549,1539,1538.0,1516.0,1547.0,1535.0,1488.0,1504.0,1496.0,1497.0
516942930536217702,328,327,325,329,313,307,316,301.0,296.0,304.0,294.0,302.0,293.0,285.0,297.0
517042930456397402,2000,2073,2065,2058,2116,2129,2095,2082.0,2111.0,2102.0,2096.0,2097.0,2058.0,2053.0,2057.0
517542930447311702,5799,5792,5806,5845,5819,5826,5825,5867.0,5893.0,5932.0,5925.0,5950.0,5985.0,5914.0,5932.0
517542930543913501,161,160,153,144,143,147,143,135.0,129.0,122.0,109.0,106.0,107.0,106.0,102.0
517642930456732001,810,809,793,787,784,786,771,768.0,772.0,765.0,761.0,761.0,757.0,762.0,776.0
517742929083253102,3136,3114,3094,3135,3160,3181,3182,3144.0,3109.0,3087.0,3114.0,3059.0,3067.0,3058.0,3077.0
517742930459785702,715,714,714,715,695,704,717,700.0,704.0,694.0,696.0,701.0,690.0,672.0,654.0
517842930545188702,12112,12066,11973,11975,11911,11844,11688,11440.0,11302.0,11191.0,11116.0,10945.0,10854.0,10735.0,10644.0
517942930509245701,1865,1885,1905,1894,1867,1852,1842,1806.0,1771.0,1760.0,1740.0,1693.0,1697.0,1688.0,1676.0
518142930464255502,8121,8168,8254,8343,8380,8394,8358,8309.0,8313.0,8290.0,8271.0,8285.0,8286.0,8307.0,8331.0
518242929696964301,1927,1947,1922,1960,1951,1929,1896,1823.0,1861.0,1925.0,1855.0,1801.0,1809.0,1822.0,1892.0
518242930460910601,1497,1493,1467,1438,1424,1411,1425,1390.0,1355.0,1320.0,1296.0,1234.0,1209.0,1178.0,1162.0
518242930480673301,1733,1681,1672,1683,1669,1654,1638,1625.0,1599.0,1594.0,1573.0,1543.0,1540.0,1544.0,1551.0
518242930524234402,902,876,869,859,842,826,790,764.0,753.0,745.0,732.0,722.0,713.0,702.0,699.0
518242930534219002,23741,23985,24197,24389,24422,24420,24313,23930.0,23852.0,23613.0,23548.0,23576.0,23726.0,23697.0,23735.0
518542930531123101,5779,5789,5795,5834,5790,5769,5703,5610.0,5539.0,5538.0,5504.0,5426.0,5349.0,5286.0,5248.0
518642930518090401,431,432,422,427,421,428,426,427.0,444.0,432.0,416.0,416.0,401.0,409.0,398.0
518842930459553101,917,906,904,889,862,864,860,853.0,857.0,829.0,825.0,808.0,802.0,797.0,792.0
518842930547093602,4743,4732,4754,4728,4707,4674,4654,4713.0,4729.0,4675.0,4656.0,4560.0,4549.0,4524.0,4551.0
518942930456292602,229,221,226,220,221,226,220,217.0,211.0,210.0,207.0,206.0,208.0,203.0,209.0
519142930450171602,928,922,925,912,934,895,873,836.0,840.0,815.0,800.0,778.0,755.0,751.0,756.0
519142930454298802,13261,13283,13275,13312,13405,13490,13477,13598.0,13576.0,13576.0,13544.0,13393.0,13307.0,13191.0,13203.0
519242930535055702,13541,13824,14057,14280,14589,14683,14847,15165.0,15266.0,15324.0,15448.0,15446.0,15449.0,15454.0,15485.0
519542930470388902,2627,2660,2678,2664,2651,2641,2574,2524.0,2540.0,2520.0,2492.0,2466.0,2438.0,2419.0,2400.0
519542930528475701,1566,1572,1586,1577,1546,1539,1518,1542.0,1533.0,1530.0,1533.0,1497.0,1465.0,1475.0,1457.0
519742930461844302,787,800,783,782,787,771,758,725.0,700.0,692.0,694.0,692.0,693.0,678.0,677.0
519842930451311602,1249,1226,1185,1158,1137,1125,1099,1006.2857142857144,1063.0,1042.0,1020.0,991.0,993.0,981.0,954.0
519842930473770402,838,819,837,821,817,816,819,803.0,769.0,745.0,747.0,721.0,714.0,709.0,696.0
519842930527443702,9527,9532,9480,9396,9362,9308,9239,9088.0,8996.0,8995.0,8922.0,8894.0,8898.0,8937.0,9010.0
521242930456422201,3738,3754,3698,3704,3713,3706,3765,3842.3333333333335,3799.0,3811.0,3837.0,3753.0,3851.0,4003.0,3842.3333333333335
521342929543705902,7885,7843,7822,7883,7880,7976,7983,7971.0,7925.0,7873.0,7814.0,7707.0,7698.0,7742.0,7773.0
521442930446384001,845,863,854,860,859,866,882,871.0,918.0,920.0,917.0,899.0,881.0,869.0,896.4285714285714
521442930516243902,992,975,981,953,953,928,898,927.0,881.0,848.0,858.0,853.0,832.0,837.0,843.0
521442930550695802,436,447,441,429,438,437,441,444.0,390.42857142857144,407.0,395.0,381.0,378.0,368.0,360.0
521642929820882502,596,612,611,588,583,554,568,565.0,571.0,569.0,548.0,546.0,537.0,525.0,523.0
521642930466537502,777,770,765,744,733,725,714,666.0,651.0,594.2857142857143,616.0,571.0,556.0,557.0,543.0
521642930529911802,1149,1121,1147,1131,1107,1095,1077,1043.0,1029.0,1003.0,1025.0,1025.0,1025.0,1025.0,1025.0
521742929248984702,560,549,559,554,566,557,563,582.0,586.0,583.0,588.0,592.0,582.0,579.0,588.0
521742930289474802,5314,5321,5321,5281,5221,5198,5174,5086.0,5068.0,5348.0,5184.0,4991.0,4607.0,4486.0,4389.0
521742930476572201,1728,1707,1672,1651,1663,1633,1611,1553.0,1535.0,1545.0,1535.0,1503.0,1497.0,1464.0,1453.0
521842930464664801,1266,1290,1295,1303,1292,1306,1269,1224.0,1216.0,1237.0,1239.0,1205.0,1174.0,1151.0,1199.0
521942930518970902,8102,8162,8189,8234,8243,8249,8215,8066.0,8038.0,7988.0,7997.0,7918.0,7965.0,8048.0,8074.0
522042930476800702,722,714,701,699,701,723,718,711.0,722.0,735.0,736.0,745.0,731.0,713.0,700.0
522142930469906601,9602,9697,9752,9755,9826,9787,9858,9827.0,9827.0,9786.0,9777.0,9834.0,9804.0,9751.0,9796.0
522142930516375802,987,1003,1037,1050,1048,1042,1038,1032.0,1030.0,1037.0,1065.0,1065.0,1088.0,1057.0,1089.0
522242930459711202,3097,3028,2963,2937,2920,2912,2868,2777.0,2724.0,2697.0,2682.0,2611.0,2624.0,2589.0,2570.0
522342930544686501,1856,1809,1782,1776,1740,1733,1711,1693.0,1705.0,1667.0,1583.0,1564.0,1561.0,1520.0,1500.0
522642930515876402,9472,9536,9530,9570,9512,9520,9491,9279.0,9214.0,9155.0,9128.0,9006.0,9148.0,9231.0,9315.0
522742930531960302,3938,4036,4110,4160,4221,4245,4289,4363.0,4431.0,4416.0,4430.0,4420.0,4470.0,4469.0,4476.0
523042930525975001,2978,2983,2978,2970,2961,3000,3007,2984.0,2976.0,2942.0,2961.0,2925.0,2996.0,2992.0,2996.0
523042930539813501,3490,3500,3500,3518,3468,3453,3401,3362.0,3362.0,3319.0,3253.0,3253.0,3246.0,3205.0,3226.0
523242930476453102,366,362,339,320,308,321,339,326.2857142857143,349.0,320.0,323.0,332.0,331.0,304.0,325.0
523242930533811701,2240,2195,2185,2169,2145,2120,2129,2099.0,2082.0,2088.0,2085.0,2050.0,2033.0,2006.0,1982.0
523242930549913201,634,657,650,652,647,650,659,603.7142857142857,632.0,605.0,618.0,594.0,591.0,595.0,591.0
523342930527468302,1270,1245,1229,1224,1207,1198,1206,1210.0,1190.0,1170.0,1153.0,1107.0,1088.0,1080.0,1098.0
523442930464798501,391,385,366,366,368,374,368,350.0,339.0,329.0,316.0,314.0,311.0,309.0,308.0
523442930543257102,2458,2432,2418,2393,2370,2323,2327,2318.0,2382.0,2348.0,2299.0,2246.0,2234.0,2194.0,2177.0
523542930517232102,2047,2059,2094,2113,2132,2155,2167,2160.0,2167.0,2159.0,2166.0,2165.0,2148.0,2146.0,2140.0
523542930542853201,1135,1149,1147,1112,1104,1092,1081,1021.0,1023.0,1038.0,1037.0,1008.0,1001.0,997.0,996.0
523742930476968902,9565,9665,9775,9903,10025,10084,10203,10314.0,10277.0,10431.0,10581.0,10599.0,10661.0,10765.0,10872.0
523742930530552602,2246,2340,2415,2507,2511,2495,2505,2547.0,2548.0,2597.0,2634.0,2642.0,2685.0,2676.0,2674.0
523942930477531001,2208,2153,2172,2173,2149,2143,2098,2045.0,2037.0,2054.0,2012.0,1985.0,2003.0,1999.0,2021.0
523942930545877502,3155,3177,3178,3210,3187,3187,3182,3191.0,3146.0,3101.0,3094.0,3133.0,3108.0,3068.0,3050.0
524042930530774101,4367,4356,4309,4251,4195,4190,4159,4051.0,4008.0,3961.0,3931.0,3930.0,3863.0,3868.0,3810.0
524242930532164301,19615,20076,20453,20636,20835,20958,21144,21449.0,21482.0,21592.0,21675.0,21486.0,21483.0,21572.0,21684.0
524342930456612601,7903,7998,8136,8245,8390,8453,8392,8360.0,8275.0,8261.0,8286.0,8424.0,8488.0,8485.0,8513.0
524442927921789101,9138,9191,9146,9181,9215,9237,9267,9192.0,9124.0,9147.0,9172.0,9045.0,8903.0,8905.0,9067.0
524442930457683001,4233,4293,4367,4409,4470,4509,4516,4471.0,4480.0,4518.0,4533.0,4563.0,4568.0,4591.0,4599.0
524542929644301002,4149,4243,4352,4396,4468,4509,4481,4498.0,4497.0,4464.0,4459.0,4424.0,4428.0,4424.0,4438.0
524542930448041102,4012,3996,3948,3950,3932,3863,3867,3817.0,3856.0,3855.0,3760.0,3663.0,3658.0,3634.0,3623.0
524542930453022401,21914,21882,21930,21941,21870,21904,21756,21538.0,21587.0,21589.0,21477.0,21202.0,21192.0,21066.0,21244.0
524542930510187201,707,715,697,671,674,674,666,659.0,645.0,626.0,605.0,595.0,585.0,566.0,556.0
524542930517113001,2762,2751,2760,2757,2763,2755,2694,2722.0,2763.0,2740.0,2727.0,2725.0,2655.0,2651.0,2677.0
524642929946600601,3063,3070,3088,3099,3131,3121,3109,3010.0,3033.0,2985.0,3018.0,3046.0,3070.0,3096.0,3100.0
524642930507929602,7459,7490,7570,7581,7601,7647,7604,7452.0,7440.0,7473.0,7411.0,7344.0,7388.0,7370.0,7374.0
524742930524493501,13595,13566,13571,13525,13375,13348,13303,13112.0,13075.0,12971.0,12899.0,12697.0,12620.0,12534.0,12539.0
524742930524888502,754,737,751,756,754,748,740,732.0,720.0,722.0,719.0,707.0,691.0,676.0,667.0
524842930468636502,6636,6629,6633,6576,6528,6444,6408,6346.0,6284.0,6267.0,6216.0,6104.0,6097.0,6056.0,5958.0
524842930525479102,30916,30988,31182,31482,31541,31782,31855,32203.0,32334.0,32437.0,32673.0,32665.0,32606.0,32614.0,32774.0
524842930532705901,1650,1638,1641,1662,1662,1680,1670,1664.0,1615.0,1624.0,1594.0,1586.0,1593.0,1580.0,1568.0
524942930528164202,1694,1714,1687,1681,1642,1608,1584,1528.0,1487.0,1472.0,1421.0,1392.0,1353.0,1326.0,1311.0
525242930456243101,20320,20296,20248,20010,19871,19918,19739,19307.0,19048.0,18503.85714285714,18691.0,18405.0,18258.0,17914.0,17904.0
525242930476598501,1709,1675,1666,1648,1624,1614,1609,1561.0,1535.5,1551.0,1552.0,1522.0,1518.0,1509.0,1535.5
525542929991226701,189,180,182,175,170,160,158,142.0,136.0,148.0,145.0,132.0,133.0,130.0,127.0
525542930519128501,570,569,579,583,564,557,540,502.0,497.0,483.0,485.0,482.0,481.0,469.0,463.0
525642930457580101,81998,82186,82274,82354,81658,81189,81163,80704.0,80215.0,79752.0,79407.0,77090.0,76952.0,76331.0,76211.0
525642930515445502,2655,2670,2676,2672,2685,2721,2712,2671.0,2661.0,2664.0,2632.0,2613.0,2662.0,2689.0,2709.0
525742930462141902,17915,18289,18519,18741,19021,19204,19298,19139.0,19137.0,19022.0,18890.0,18560.0,18543.0,18380.0,18516.0
525842930515830002,1421,1410,1402,1401,1367,1339,1320,1287.0,1267.0,1286.0,1288.0,1226.0,1209.0,1203.0,1219.0
525942929013002102,402,415,412,422,415,420,405,386.0,388.0,372.0,369.0,360.0,340.0,342.0,351.0
525942930534269801,767,754,753,748,752,769,785,790.6666666666666,790.6666666666666,780.0,791.0,792.0,782.0,802.0,797.0
526142930525745102,4303,4294,4282,4243,4224,4185,4173,4131.0,4115.0,4065.0,4027.0,3970.0,3930.0,3911.0,3860.0
526242930448845701,3839,3825,3777,3768,3737,3635,3607,3542.0,3491.0,3444.0,3396.0,3287.0,3227.0,3174.0,3115.0
526342930527313402,1206,1155,1127,1096,1098,1082,1064,1017.0,977.0,962.0,957.0,926.0,888.0,884.0,857.0
526442930528398402,1868,1879,1892,1900,1940,1946,1935,1984.0,1989.0,2039.0,2036.0,2051.0,2037.0,2047.0,2088.0
526442930545311801,960,965,944,897,898,890,879,857.0,853.0,864.0,877.0,866.0,859.0,842.0,853.0
526742927905068101,676,663,659,670,658,657,653,654.0,657.0,661.0,663.0,666.0,691.0,683.0,697.0
526942930453045801,1281,1276,1320,1332,1335,1310,1309,1313.0,1300.0,1296.0,1278.0,1259.0,1257.0,1217.0,1207.0
526942930507933602,467,467,479,466,448,449,447,416.1428571428572,427.0,439.0,418.0,403.0,410.0,403.0,413.0
527342930456726202,1208,1212,1204,1156,1174,1153,1147,1052.142857142857,1076.0,1069.0,1057.0,1064.0,1035.0,1016.0,1048.0
527342930533695601,2589,2591,2577,2600,2575,2579,2575,2494.0,2447.0,2413.0,2413.0,2378.0,2369.0,2315.0,2315.0
527442930528109502,5249,5287,5327,5283,5302,5282,5248,5189.0,5105.0,5044.0,5015.0,4931.0,4987.0,4967.0,4934.0
527542930452604902,1671,1668,1667,1645,1656,1641,1623,1599.0,1575.0,1551.0,1515.0,1491.0,1498.0,1489.0,1476.0
527542930455826401,17345,17477,17687,17909,17955,17922,17925,17830.0,17815.0,17660.0,17563.0,17653.0,17680.0,17531.0,17464.0
527542930530669502,271,266,275,270,253,260,241,257.0,247.0,236.0,216.0,213.0,215.0,212.0,205.0
527742930508942102,8628,8743,8811,8792,8784,8749,8769,8862.0,8863.0,8808.0,8786.0,8792.0,8785.0,8748.0,8716.0
527742930539602001,587,594,619,618,606,594,586,594.0,597.0,608.0,608.0,602.0,606.0,607.0,606.0
527842930519336902,1097,1068,1046,1018,1034,1056,1063,1059.0,891.5714285714286,896.0,879.0,871.0,849.0,845.0,842.0
527942930509473501,389,381,374,371,373,355,355,369.0,365.0,368.0,364.0,369.0,355.0,345.0,344.0
527942930519957502,1049,1070,1061,1025,994,982,989,972.0,943.0,940.0,937.0,914.0,883.0,860.0,839.0
527942930527946202,2306,2280,2257,2236,2227,2231,2225,2165.0,2144.0,2115.0,2087.0,2053.0,2028.0,2004.0,1979.0
528042930531882502,7231,7161,7152,7087,7105,7054,7022,6937.0,6962.0,6957.0,6959.0,6749.0,6739.0,6783.0,6723.0
528642930532677102,4017,3949,3946,3892,3889,3889,3872,3861.0,3857.0,3788.0,3729.0,3650.0,3605.0,3581.0,3539.0
528842930448825702,6425,6450,6527,6465,6434,6451,6445,6385.0,6338.0,6357.0,6316.0,6236.0,6229.0,6192.0,6182.0
528842930474056201,989,1016,987,965,961,971,982,967.0,958.0,936.0,925.0,921.0,923.0,900.0,929.0
528842930537470801,9082,9176,9166,9130,9114,9165,9120,9038.0,9005.0,8987.0,8953.0,8829.0,8823.0,8828.0,8848.0
528942930517857701,460,459,473,459,464,478,465,441.0,433.0,435.0,434.0,437.0,426.0,413.0,397.0
529042930452799502,3291,3319,3301,3313,3285,3224,3209,3066.0,3035.0,3038.0,2977.0,2851.0,2889.0,2864.0,2841.0
529142930528514802,1831,1844,1840,1879,1905,1904,1871,1869.0,1815.0,1802.0,1791.0,1770.0,1788.0,1798.0,1838.0
529242930549000602,5743,5778,5799,5792,5838,5855,5879,5800.0,5832.0,5822.0,5823.0,5715.0,5819.0,5845.0,5976.0
529342930474315402,1344,1341,1330,1329,1322,1302,1314,1276.0,1264.0,1258.0,1239.0,1208.0,1214.0,1194.0,1214.0
529342930527717402,19366,19577,19705,19759,19720,19602,19627,19345.0,19377.0,19464.0,19445.0,19250.0,19223.0,19223.0,19253.0
529442930477183002,844,858,874,897,909,907,909,909.0,914.0,888.0,887.0,882.0,881.0,886.0,899.0
529442930526829101,584,566,550,536,528,523,513,438.1428571428572,482.0,467.0,452.0,440.0,415.0,412.0,399.0
529542928990317602,1705,1697,1681,1638,1613,1591,1565,1590.0,1560.0,1541.0,1501.0,1459.0,1445.0,1455.0,1498.0
529642930518469401,985,1012,1008,997,1011,1032,1028,992.0,989.0,970.0,955.0,946.0,942.0,919.0,920.0
529742930460107701,1175,1147,1121,1114,1125,1110,1129,1128.0,1084.0,1074.0,1061.0,1045.0,1047.0,1059.0,1057.0
529742930532663702,1082,1089,1101,1112,1115,1121,1106,1088.0,1077.0,1064.0,1066.0,1042.0,1006.0,994.0,995.0
529842928135420501,20706,20905,21211,21215,21337,21303,21291,21361.0,21453.0,21480.0,21506.0,21077.0,21244.0,21298.0,21419.0
531142929684609602,7827,7885,7906,7937,7960,7939,7887,7929.0,7882.0,7874.0,7904.0,7968.0,7977.0,7987.0,8007.0
531142930526117402,663,637,645,655,647,661,647,629.0,626.0,598.0,600.0,594.0,580.0,578.0,579.0
531342930519090202,4053,4065,4078,4082,4094,4078,4036,3936.0,3882.0,3909.0,3856.0,3751.0,3677.0,3680.0,3706.0
531342930521353802,9663,9817,9927,10022,10083,10134,10231,10126.0,10101.0,10081.0,10009.0,9845.0,9975.0,9971.0,9999.0
531342930534825402,372,369,378,385,395,373,376,369.0,366.0,351.0,357.0,361.0,345.0,328.0,339.0
531442930509846501,54907,55681,56214,56966,57695,58274,58674,59561.0,59982.0,59133.0,59004.0,58334.0,58494.0,58322.0,58444.0
531442930549950602,35175,35652,36031,36419,37337,37658,37831,37922.0,37793.0,38001.0,38095.0,39308.0,39253.0,39444.0,39914.0
531542930461010801,4272,4227,4224,4254,4236,4230,4241,4203.0,4181.0,4147.0,4119.0,4065.0,4030.0,4048.0,4067.0
531542930542068501,496,507,509,518,528,542,550,517.0,509.0,505.0,508.0,502.0,506.0,524.0,512.0
531642930509346502,23315,23431,23607,23466,23567,23528,23343,22900.0,22790.0,22565.0,22477.0,23089.0,23235.0,23186.0,23175.0
531742930478634302,651,627,614,607,601,584,574,564.0,556.0,498.2857142857143,506.0,492.0,473.0,450.0,447.0
531742930525753001,2136,2177,2227,2213,2226,2243,2243,2222.0,2188.0,2190.0,2166.0,2161.0,2179.0,2165.0,2179.0
532042930548155202,13040,13138,13206,13324,13287,13517,13530,13529.0,13522.0,13484.0,13508.0,13395.0,13384.0,13318.0,13246.0
532242930478188602,1432,1427,1429,1422,1427,1418,1408,1353.0,1330.0,1308.0,1270.0,1246.0,1250.0,1241.0,1230.0
532242930542455601,2272,2262,2246,2214,2178,2169,2149,2087.0,2065.0,2067.0,2027.0,1932.0,1916.0,1908.0,1888.0
532442930459984001,1280,1285,1269,1237,1232,1231,1228,1209.0,1181.0,1180.0,1199.0,1174.0,1169.0,1185.0,1180.0
532442930472851202,2558,2559,2550,2542,2535,2525,2520,2445.0,2415.0,2386.0,2365.0,2315.0,2293.0,2241.0,2206.0
532542929118531402,4863,4978,4983,5027,5131,5187,5243,5281.0,5345.0,5345.0,5399.0,5341.0,5343.0,5333.0,5382.0
532542930543483502,13151,13349,13570,13706,13788,13785,13898,14054.0,14064.0,14093.0,14157.0,14148.0,14204.0,14215.0,14249.0
532642930524212001,7165,7209,7290,7248,7276,7306,7299,7396.0,7421.0,7406.0,7422.0,7396.0,7392.0,7401.0,7533.0
532642930527773702,3375,3400,3458,3430,3436,3416,3388,3312.0,3289.0,3257.0,3191.0,3205.0,3221.0,3211.0,3203.0
532742930508593502,1946,1946,1941,1971,1961,1973,1964,1928.0,1909.0,1901.0,1929.0,1896.0,1910.0,1892.0,1907.0
533042928257856601,1506,1516,1513,1523,1503,1516,1542,1477.0,1494.0,1490.0,1490.0,1500.0,1494.0,1503.0,1523.0
533042930464310102,398,390,379,394,398,394,413,381.0,373.0,349.0,363.0,358.0,348.0,348.0,359.0
533242930464522301,205,200,199,199,198,185,180,173.0,175.0,176.0,175.0,172.0,171.0,170.0,164.0
533342929269151302,31398,31416,31418,31369,31492,31471,31373,31181.0,30846.0,30634.0,30328.0,29484.0,29070.0,28918.0,28828.0
533342930461618601,3526,3559,3563,3525,3492,3491,3475,3411.0,3408.0,3391.0,3358.0,3334.0,3310.0,3326.0,3302.0
533442929501754601,4571,4574,4608,4664,4692,4701,4755,4832.0,4908.0,4884.0,4891.0,4891.0,4833.0,4793.0,4764.0
533642930461272401,1087,1092,1076,1084,1098,1130,1118,1084.0,1081.0,1072.0,1060.0,1062.0,1053.0,1036.0,1035.0
533742930528841102,1050,1038,1041,1016,1011,1032,986,1004.0,1014.0,1000.0,997.0,983.0,984.0,979.0,980.0
533842930450656002,1575,1579,1573,1580,1560,1561,1555,1550.0,1527.0,1487.0,1465.0,1429.0,1455.0,1449.0,1427.0
533842930532705502,3402,3354,3383,3342,3326,3247,3242,3229.0,3224.0,3193.0,3169.0,3082.0,3048.0,3028.0,3044.0
534142930462567801,272,260,269,267,272,260,266,272.0,260.0,250.0,239.0,244.0,241.0,241.0,244.0
534142930464536002,442,421,416,413,411,408,407,371.0,366.0,358.0,344.0,346.0,339.0,327.0,333.0
534242930449890701,2244,2209,2168,2144,2127,2094,2067,1991.0,1947.0,1900.0,1857.0,1809.0,1767.0,1752.0,1717.0
534342929528923002,9001,9117,9068,9078,9173,9229,9264,9133.0,9128.0,9124.0,9095.0,9181.0,9088.0,9114.0,9126.0
534342930472965901,655,645,636,625,620,620,604,653.0,639.0,598.0,581.0,559.0,575.0,565.0,572.0
534442928293182001,725,733,753,748,738,771,769,772.0,777.0,785.0,786.0,794.0,811.0,796.0,796.0
534642930541733801,1235,1246,1257,1251,1240,1241,1237,1233.0,1232.0,1249.0,1230.0,1192.0,1220.0,1198.0,1182.0
534742928716216301,799,807,808,793,770,757,757,738.0,737.0,726.0,711.0,713.0,710.0,705.0,699.0
534842928887104802,3249,3321,3346,3396,3492,3513,3546,3498.0,3490.0,3457.0,3545.0,3524.0,3556.0,3511.0,3526.0
534842930454500201,4216,4178,4154,4156,4129,4114,4050,3990.0,4010.0,3956.0,3933.0,3900.0,3878.0,3856.0,3821.0
534942930460349701,3517,3525,3529,3579,3612,3626,3650,3613.0,3569.0,3537.0,3553.0,3593.0,3567.0,3568.0,3625.0
535042930544297801,2166,2174,2172,2176,2167,2131,2135,2088.0,2087.0,2076.0,2056.0,2022.0,2007.0,1976.0,1966.0
535142930542720502,1417,1392,1332,1325,1315,1292,1272,1094.8,1094.8,1179.0,1121.0,1083.0,1045.0,1046.0,1094.8
535442930509897502,19287,19465,19499,19482,19732,19743,19719,19675.0,19712.0,19841.0,19827.0,20095.0,20123.0,20231.0,20350.0
535642929346340802,13599,13538,13523,13361,13401,13298,13153,13066.0,13016.0,12887.0,12729.0,12691.0,12648.0,12660.0,12766.0
535742930508737102,1232,1221,1236,1257,1243,1249,1269,1210.0,1199.0,1198.0,1206.0,1227.0,1245.0,1273.0,1312.0
535742930547538701,651,651,665,656,648,651,645,611.0,624.0,617.0,637.0,642.0,633.0,647.0,634.0
535842930475256801,575,581,574,562,548,546,538,512.0,506.0,499.0,490.0,474.0,470.0,465.0,447.0
535942930480358302,1245,1257,1253,1294,1320,1307,1321,1359.0,1370.0,1400.0,1400.0,1399.0,1403.0,1416.0,1444.0
536042930524260402,2375,2382,2323,2295,2283,2252,2234,2138.285714285714,2215.0,2202.0,2168.0,2116.0,2099.0,2084.0,2084.0
536242930479479502,719,729,720,712,698,693,684,662.0,660.0,638.0,612.0,603.0,588.0,570.0,582.0
536242930531045102,1991,1946,1903,1837,1840,1836,1806,1775.0,1754.0,1728.0,1711.0,1708.0,1693.0,1660.0,1633.0
536442930518004201,6568,6666,6697,6720,6773,6774,6782,6614.0,6603.0,6616.0,6655.0,6618.0,6610.0,6652.0,6788.0
536642928030238702,102,97,92,86,85,88,85,88.0,85.0,84.0,85.0,83.0,78.0,78.0,78.0
536742930477969701,3766,3802,3783,3732,3688,3713,3688,3625.0,3594.0,3601.0,3576.0,3504.0,3504.0,3479.0,3445.0
536842928096602302,12643,12622,12527,12447,12433,12421,12384,12310.0,12196.0,12157.0,11994.0,11705.0,11884.0,11724.0,11699.0
536842930517065202,630,640,638,639,658,667,659,606.5714285714286,636.0,622.0,622.0,599.0,595.0,594.0,578.0
536942930521186501,177,181,178,172,174,161,157,145.0,142.0,135.0,124.0,128.0,124.0,118.0,120.0
536942930546660802,720,722,712,700,701,728,738,724.0,725.0,726.0,715.0,714.0,689.0,670.0,693.0
537042930459870402,31198,31496,31720,31753,31629,31459,31443,31184.0,31114.0,30846.0,30847.0,30915.0,30836.0,30652.0,30762.0
537042930475994501,183,183,174,177,167,165,167,162.0,160.0,158.0,163.0,152.0,147.0,148.0,148.0
537042930515757301,4585,4548,4540,4513,4449,4395,4390,4378.0,4334.0,4377.0,4419.0,4365.0,4379.0,4418.0,4347.0
537242930472882002,710,691,672,662,644,629,606,514.4285714285714,558.0,552.0,541.0,522.0,494.0,479.0,455.0
537442930462553302,1555,1516,1496,1486,1489,1486,1496,1462.0,1434.0,1402.0,1348.0,1297.0,1283.0,1262.0,1288.0
537742930537487701,875,856,834,835,842,832,836,802.0,833.0,843.0,844.0,851.0,852.0,847.0,851.0
537842930472684901,3116,3073,3011,3045,2979,2967,2948,2847.0,2769.0,2750.0,2681.0,2653.0,2629.0,2623.0,2638.0
537842930539585501,1481,1460,1439,1439,1418,1397,1379,1332.0,1301.0,1278.0,1245.0,1201.0,1201.0,1189.0,1161.0
538242930527708102,9045,9057,9034,9129,9105,9111,9123,9076.0,9046.0,9054.0,9045.0,9025.0,8983.0,8889.0,8974.0
538742930051294101,7645,7762,7939,8024,8114,8263,8283,8318.0,8410.0,8494.0,8377.0,8364.0,8327.0,8341.0,8379.0
538742930544730402,1908,1922,1937,1885,1887,1841,1829,1798.0,1765.0,1720.0,1701.0,1679.0,1664.0,1682.0,1668.0
538842930458550301,3907,3859,3847,3821,3782,3759,3731,3636.0,3605.0,3595.0,3549.0,3434.0,3488.0,3426.0,3421.0
538942928601996601,3096,3147,3195,3190,3206,3241,3194,3266.0,3263.0,3277.0,3322.0,3286.0,3331.0,3307.0,3310.0
539142930531965102,7881,7981,8002,8005,8033,7991,8016,7918.0,7922.0,7903.0,7918.0,7830.0,7862.0,7770.0,7791.0
539142930533963502,3831,3832,3847,3917,3912,3918,3885,3880.0,3871.0,3846.0,3809.0,3788.0,3813.0,3794.0,3771.0
539242930080248202,1267,1284,1356,1406,1420,1429,1423,1422.0,1392.0,1411.0,1409.0,1417.0,1419.0,1427.0,1439.0
539242930452638301,136,135,127,119,124,112,111,106.0,103.0,106.0,108.0,104.0,97.0,97.0,103.0
539342930460514101,103,111,95,88,94,92,93,104.0,89.0,90.0,90.0,104.0,104.0,100.0,97.0
539342930534180401,2243,2245,2253,2219,2187,2226,2210,2221.0,2228.0,2226.0,2211.0,2220.0,2184.0,2194.0,2223.0
539442930457747202,2819,2823,2864,2870,2895,2924,2934,2912.0,2905.0,2938.0,2966.0,2935.0,2937.0,2961.0,2994.0
539542930524258101,5301,5372,5444,5487,5414,5408,5425,5415.0,5369.0,5304.0,5258.0,5205.0,5241.0,5266.0,5267.0
539542930529863002,2723,2757,2739,2772,2833,2817,2740,2781.0,2897.0,2748.0,2721.0,2627.0,2634.0,2639.0,2647.0
539642930547018201,1451,1425,1413,1405,1411,1390,1370,1322.0,1324.0,1325.0,1299.0,1258.0,1256.0,1234.0,1244.0
539742930456462402,2642,2654,2698,2707,2695,2674,2636,2549.0,2491.0,2490.0,2468.0,2480.0,2469.0,2429.0,2440.0
539742930542241701,2163,2206,2215,2232,2271,2286,2300,2298.0,2318.0,2346.0,2365.0,2343.0,2351.0,2325.0,2353.0
539842930509501001,1796,1778,1767,1745,1732,1715,1721,1699.0,1680.0,1677.0,1669.0,1631.0,1631.0,1608.0,1568.0
539842930544496001,54924,56433,57444,58223,59995,60810,60658,61025.0,61182.0,61227.0,61346.0,63767.0,64005.0,64119.0,64617.0
539942928887267601,9418,9419,9320,9352,9260,9277,9250,9296.0,9234.0,9195.0,9142.0,8916.0,8872.0,8734.0,8739.0
541342930547951202,1109,1106,1109,1091,1094,1088,1088,1083.0,1064.0,1050.0,1055.0,1022.0,1039.0,1023.0,1027.0
541442930463825901,14907,15029,15131,15153,15091,15009,14982,15033.0,14889.0,14764.0,14717.0,14529.0,14636.0,14610.0,14660.0
541542930479667301,1013,1009,1009,1010,990,986,964,957.0,928.0,918.0,913.0,910.0,896.0,899.0,888.0
541542930538712902,715,722,730,750,758,737,738,731.0,700.0,699.0,689.0,691.0,695.0,700.0,718.0
541642930526968002,3146,3108,3092,3043,2999,3017,2981,2863.0,2824.0,2690.0,2714.0,2663.0,2638.0,2585.0,2543.0
541642930549264901,4073,4035,4010,4011,3954,3930,3912,3854.0,3839.0,3770.0,3712.0,3623.0,3614.0,3558.0,3528.0
541742930456042502,31732,31840,32007,32166,32072,31878,31682,31170.0,30973.0,30785.0,30757.0,30775.0,30790.0,30747.0,30761.0
541742930475975601,2425,2428,2403,2373,2367,2332,2317,2241.0,2242.0,2217.0,2207.0,2144.0,2127.0,2137.0,2166.0
541742930544290302,899,896,887,878,877,868,853,829.0,804.0,796.0,779.0,787.0,789.0,767.0,769.0
541842930473594102,1599,1630,1616,1618,1603,1572,1563,1545.0,1514.0,1514.0,1510.0,1514.0,1516.0,1516.0,1521.0
541942930465491901,1520,1474,1473,1436,1406,1367,1343,1311.0,1305.0,1272.0,1234.0,1183.0,1180.0,1154.0,1114.0
541942930516487601,2555,2617,2678,2683,2679,2648,2704,2675.0,2695.0,2645.4285714285716,2609.0,2641.0,2654.0,2621.0,2623.0
542042930527285602,2751,2805,2813,2834,2875,2914,2922,2937.0,2939.0,2993.0,3041.0,3006.0,3020.0,3019.0,3027.0
542042930541493402,133314,133699,133922,133656,133674,133286,133747,132378.0,132889.0,132931.0,132899.0,131669.0,129872.0,129340.0,129555.0
542142930451723601,4495,4517,4506,4509,4510,4505,4508,4400.0,4362.0,4304.0,4259.0,4162.0,4181.0,4157.0,4131.0
542142930461059702,735,711,699,701,691,698,693,653.0,632.0,627.0,618.0,621.0,614.0,606.0,593.0
542142930550147302,7172,7188,7183,7165,7091,7030,6989,6927.0,6916.0,6895.0,6833.0,6678.0,6636.0,6581.0,6543.0
542242930460488801,3062,3075,3068,3050,3056,3003,2969,2964.0,2940.0,2919.0,2915.0,2860.0,2821.0,2801.0,2799.0
542342930463533802,2715,2696,2690,2651,2637,2610,2581,2516.0,2485.0,2419.0,2375.0,2279.0,2262.0,2223.0,2189.0
542442930459874901,396,403,411,405,399,413,397,399.0,394.0,384.0,394.0,394.0,389.0,379.0,367.0
542642930475186901,7772,7710,7706,7662,7656,7615,7529,7321.0,7225.0,7156.0,7111.0,7217.0,6943.0,6861.0,6753.0
542842930515348302,1149,1141,1137,1122,1129,1119,1134,1094.0,1091.0,1100.0,1096.0,1061.0,1067.0,1058.0,1048.0
542942928269661402,1406,1394,1360,1347,1314,1294,1262,1230.0,1189.0,1173.0,1129.0,1086.0,1070.0,1064.0,1050.0
542942930467896902,3585,3632,3678,3718,3730,3749,3772,3813.0,3808.0,3813.0,3787.0,3825.0,3881.0,3889.0,3893.0
543042930517155302,5491,5470,5460,5414,5350,5303,5254,5074.0,5020.0,4987.0,4928.0,4865.0,4788.0,4728.0,4651.0
543142930510592802,3276,3291,3285,3279,3279,3246,3205,3127.0,3096.0,3011.0,2984.0,2962.0,2939.0,2911.0,2908.0
543142930519755302,2039,2045,2019,2015,2006,1988,1975,1988.0,1967.0,1957.0,1938.0,1894.0,1867.0,1853.0,1833.0
543242930461378502,103,99,95,97,104,114,116,116.0,117.0,114.0,113.0,114.0,122.0,124.0,129.0
543242930463811702,615,618,615,606,602,617,609,580.0,580.0,577.0,585.0,591.0,596.0,594.0,581.0
543242930519274302,5079,5094,5145,5191,5152,5146,5116,5014.0,5050.0,4997.0,4989.0,4934.0,4928.0,4888.0,4935.0
543242930531815101,7060,7071,7047,6967,6897,6848,6772,6624.0,6503.0,6403.0,6298.0,6276.0,6216.0,6180.0,6140.0
543242930542042201,3375,3388,3399,3419,3429,3452,3432,3377.0,3373.0,3388.0,3483.0,3492.0,3512.0,3519.0,3589.0
543442930541462601,378,372,378,371,359,353,335,323.0,309.0,295.0,295.0,301.0,296.0,295.0,295.0
543542930467923101,3430,3429,3393,3408,3372,3370,3342,3338.0,3353.0,3352.0,3377.0,3356.0,3346.0,3374.0,3418.0
543742928086481802,10805,11084,11154,11240,11350,11370,11344,11369.0,11392.0,11409.0,11475.0,11530.0,11553.0,11572.0,11711.0
543742929568598802,7887,7867,7795,7773,7786,7796,7727,7745.0,7813.0,7798.0,7840.0,7750.0,7768.0,7732.0,7697.0
543842930470748101,2723,2696,2739,2788,2853,2868,2905,2990.0,3056.0,3074.0,3077.0,3069.0,3065.0,3093.0,3096.0
543942929861115802,6963,7001,7024,7081,7070,6996,7033,7017.0,7018.0,6988.0,6911.0,6785.0,6741.0,6723.0,6731.0
543942930454431102,785,766,740,725,706,721,709,688.0,640.0,645.0,637.0,622.0,614.0,604.0,587.0
544042930546906902,3323,3305,3276,3236,3245,3206,3153,3123.0,3130.0,3151.0,3123.0,3110.0,3125.0,3098.0,3071.0
544142930477290902,1635,1608,1605,1604,1596,1606,1574,1535.0,1514.0,1515.0,1498.0,1485.0,1466.0,1464.0,1437.0
544142930527736401,4485,4446,4440,4444,4420,4405,4384,4348.0,4300.0,4278.0,4246.0,4146.0,4191.0,4165.0,4148.0
544342930461160202,18636,18691,18715,18733,18748,18813,18855,18596.0,18409.0,18366.0,18244.0,18261.0,18212.0,18121.0,18124.0
544442930534290402,3129,3176,3179,3172,3122,3069,3094,3038.0,3049.0,3083.0,3052.0,2983.0,2943.0,2950.0,2960.0
544842929091483101,2130,2210,2250,2257,2261,2253,2295,2272.0,2265.0,2270.0,2271.0,2264.0,2235.0,2278.0,2280.0
544842930472859602,936,935,948,961,953,963,934,898.0,937.5714285714286,913.0,915.0,947.0,976.0,957.0,957.0
545142927968949301,471,454,440,427,419,410,401,385.0,381.0,372.0,364.0,361.0,358.0,354.0,355.0
545142930525857501,14060,14115,14174,14311,14382,14288,14270,14078.0,14095.0,14087.0,14107.0,14074.0,14249.0,14277.0,14312.0
545242930452170201,219,231,240,239,236,229,230,218.0,219.0,215.0,203.0,206.0,206.0,203.0,199.0
545442930516399001,984,966,971,956,937,917,905,901.0,871.0,858.0,871.0,843.0,814.0,800.0,782.0
545442930549864302,2265,2262,2246,2224,2205,2188,2170,2125.0,2103.0,2064.0,2051.0,2018.0,1995.0,1956.0,1932.0
545542929704005801,10564,10859,11038,11173,11272,11302,11407,11351.0,11297.0,11254.0,11215.0,10990.0,11092.0,10966.0,10993.0
545542930518725601,2548,2564,2535,2514,2514,2483,2441,2341.0,2300.0,2298.0,2287.0,2242.0,2268.0,2253.0,2223.0
545742930518330102,15450,15572,15732,15856,15862,15966,16001,16106.0,16115.0,16105.0,16046.0,15909.0,15877.0,15863.0,15906.0
545842930462759002,40010,40496,40784,41000,41277,41526,41703,41958.0,41974.0,42138.0,42250.0,41807.0,41664.0,41535.0,41883.0
545842930521406102,5651,5753,5826,5894,6035,6117,6124,6211.0,6259.0,6205.0,6248.0,6408.0,6500.0,6522.0,6492.0
545842930528948202,1224,1197,1165,1133,1105,1067,1054,1006.0,979.0,947.0,922.0,899.0,889.0,864.0,834.0
545942930531461501,566,556,564,568,569,562,565,547.0,534.0,525.0,510.0,514.0,498.0,471.0,481.0
546142930543021401,14907,15331,15684,15903,16148,16267,16377,16697.0,16762.0,16871.0,16947.0,16999.0,17390.0,17512.0,17833.0
546442930463560202,21536,21525,21547,21438,21262,21115,20967,20575.0,20401.0,20194.0,19937.0,19380.0,19127.0,18836.0,18574.0
546642930527206702,433,433,410,402,409,411,402,357.0,343.0,338.0,339.0,338.0,328.0,337.0,331.0
546842930522448401,1053,1036,1033,1042,1035,1046,1034,1038.0,1021.1428571428572,1025.0,1022.0,1016.0,1024.0,1011.0,1012.0
547042930474978302,294,300,273,268,255,255,246,240.0,227.0,220.0,221.0,213.0,214.0,219.0,215.0
547042930517487202,1043,1046,1029,1028,1019,1019,993,970.0,979.0,981.0,969.0,973.0,960.0,946.0,947.0
547042930531498801,1535,1576,1599,1581,1586,1594,1589,1575.0,1578.0,1560.0,1544.0,1525.0,1531.0,1522.0,1532.0
547642930532282601,2076,2070,2057,2078,2074,2067,2067,2092.0,2108.0,2088.0,2105.0,2077.0,2071.0,2079.0,2063.0
547742930526035202,770,773,777,778,758,744,744,725.0,723.0,710.0,710.0,671.0,667.0,657.0,651.0
547742930538261001,256,256,255,252,241,235,226,220.0,219.0,205.0,203.0,206.0,197.0,196.0,194.0
548142928074373402,1284,1276,1266,1239,1247,1250,1208,1190.0,1160.0,1139.0,1126.0,1134.0,1105.0,1114.0,1118.0
548242930550008501,1067,1059,1050,1056,1035,1035,1032,1005.0,988.0,982.0,946.0,949.0,958.0,970.0,975.0
548342930527872802,1915,1920,1899,1902,1922,1931,1946,1930.0,1976.0,1978.0,2010.0,2022.0,2023.0,2034.0,2076.0
548542928790834402,459,466,464,459,460,465,473,453.0,440.0,431.0,427.0,435.0,422.0,421.0,418.0
548642929800443002,5166,5147,5178,5154,5157,5190,5168,5112.0,5172.0,5192.0,5168.0,5185.0,5165.0,5124.0,5119.0
548842930519045702,1262,1261,1251,1218,1202,1177,1159,1117.0,1086.0,1066.0,1028.0,990.0,997.0,976.0,954.0
548842930524558501,102273,102980,103471,103448,103748,103893,103572,103350.0,103260.0,103278.0,103287.0,102225.0,101367.0,101257.0,102518.0
548842930531426702,9874,9943,10093,10160,10325,10450,10469,10409.0,10240.0,10144.0,9975.0,9465.0,9478.0,9385.0,9358.0
548942930459670202,4723,4733,4761,4769,4765,4797,4752,4718.0,4705.0,4643.0,4597.0,4553.0,4633.0,4588.0,4680.0
548942930468881502,217,226,233,224,213,214,215,218.0,215.0,203.0,203.0,207.0,205.0,203.0,203.0
549842930531368902,3786,3730,3719,3659,3597,3567,3525,3424.0,3368.0,3323.0,3301.0,3233.0,3231.0,3189.0,3129.0
551142930012217002,1515,1493,1471,1456,1433,1418,1401,1358.0,1326.0,1268.571428571429,1268.0,1242.0,1236.0,1227.0,1223.0
551142930534783602,1040,1019,1002,986,1013,1007,973,936.0,901.0,894.0,881.0,897.0,910.0,909.0,920.0
551142930546057701,2415,2390,2393,2375,2364,2393,2367,2304.0,2279.0,2243.0,2239.0,2209.0,2210.0,2185.0,2170.0
551242930516939202,1438,1387,1377,1373,1370,1352,1313,1289.0,1280.0,1268.0,1259.0,1194.0,1184.0,1162.0,1158.0
551242930525237102,2747,2756,2750,2773,2745,2765,2782,2805.0,2765.0,2718.0,2681.0,2674.0,2649.0,2641.0,2643.0
551342930475628502,9985,10198,10437,10656,10930,11204,11419,11972.0,12178.0,12335.0,12528.0,12589.0,12628.0,12690.0,12888.0
551342930510981301,3537,3544,3537,3538,3549,3535,3555,3495.0,3462.0,3447.0,3477.0,3434.0,3443.0,3460.0,3454.0
551442930461046401,741,733,731,735,722,720,753,779.0,760.0,748.0,748.0,733.0,725.0,716.0,715.0
551542930510651401,6092,6120,6155,6223,6266,6261,6238,6250.0,6277.0,6293.0,6328.0,6482.0,6574.0,6665.0,6718.0
551642930462492502,5594,5633,5596,5603,5589,5559,5492,5407.0,5340.0,5308.0,5286.0,5292.0,5259.0,5192.0,5145.0
551742930537219302,9297,9284,9314,9324,9475,9609,9517,9526.0,9504.0,9536.0,9487.0,9484.0,9480.0,9397.0,9470.0
551842930474095401,593,589,596,588,589,572,575,582.0,582.0,586.0,544.0,542.0,555.0,533.0,538.0
551942930461508601,178,181,181,179,181,167,167,159.0,149.0,154.0,151.0,152.0,143.0,142.0,139.0
552042930517985101,1366,1339,1339,1334,1316,1317,1322,1287.0,1270.0,1261.0,1235.0,1197.0,1174.0,1163.0,1147.0
552142930517714802,1705,1683,1659,1619,1598,1557,1541,1516.0,1524.0,1513.0,1509.0,1482.0,1469.0,1440.0,1412.0
552242928021779802,2631,2638,2643,2660,2663,2652,2619,2546.0,2540.0,2518.0,2503.0,2441.0,2431.0,2409.0,2395.0
552442930517302801,888,908,976,996,1006,1003,991,1086.8333333333333,1069.0,1086.8333333333333,1078.0,1074.0,1091.0,1092.0,1117.0
552542930469038101,7149,7214,7263,7256,7234,7279,7279,7278.0,7389.0,7474.0,7518.0,7339.0,7335.0,7285.0,7343.0
552642930476017702,10407,10549,10579,10623,10698,10785,10761,10725.0,10713.0,10789.0,10713.0,10704.0,10722.0,10693.0,10723.0
552742930511122301,5148,5241,5347,5410,5487,5543,5560,5550.0,5581.0,5615.0,5583.0,5580.0,5632.0,5651.0,5632.0
552742930519002501,853,872,877,883,892,885,871,877.0,882.0,865.0,872.0,845.0,852.0,836.0,837.0
552842930520109302,4850,4730,4623,4585,4548,4484,4420,4273.0,4224.0,4220.0,4154.0,4102.0,3997.0,3966.0,3944.0
552842930526058302,7386,7367,7347,7358,7331,7243,7140,7080.0,7018.0,6928.0,6881.0,6772.0,6771.0,6649.0,6639.0
552842930534076701,16230,16305,16309,16217,16108,16046,15884,15709.0,15631.0,15499.0,15521.0,15444.0,15227.0,15125.0,15149.0
553042930522335502,11331,11428,11497,11563,11542,11548,11576,11375.0,11409.0,11462.0,11388.0,11322.0,11326.0,11372.0,11417.0
553142927979773102,699,699,694,674,667,660,650,609.0,601.0,589.0,578.0,577.0,579.0,552.0,550.0
553142930519641901,6998,7083,7093,7144,7183,7211,7246,7150.571428571428,7197.0,7155.0,7168.0,7070.0,7147.0,7139.0,7178.0
553142930525095601,1993,2025,2055,2059,2114,2117,2114,2036.0,2020.0,2021.0,2001.0,1948.0,1942.0,1933.0,1911.0
553442930447528101,2780,2817,2812,2819,2811,2834,2823,2824.0,2820.0,2792.0,2785.0,2760.0,2741.0,2724.0,2712.0
553442930457344001,19878,19978,20078,20127,20287,20315,20277,20121.0,20238.0,20375.0,20322.0,20344.0,20042.0,20016.0,20207.0
553642930530697802,35339,35340,35516,35286,35170,34938,34705,34264.0,34037.0,33806.0,33596.0,32641.0,32399.0,32204.0,32217.0
553742928726828901,1901,1855,1844,1846,1840,1819,1790,1720.0,1698.0,1666.0,1626.0,1615.0,1591.0,1652.6666666666667,1652.6666666666667
553942930537403801,7393,7534,7708,7863,7945,7967,7982,8028.0,7976.0,7939.0,7951.0,7933.0,7877.0,7847.0,7852.0
554042930531433001,7033,7026,7107,7251,7226,7346,7479,7460.0,7500.0,7514.0,7470.0,7635.0,7525.0,7491.0,7519.0
554142930459817702,1700,1727,1741,1732,1738,1734,1729,1706.0,1716.0,1715.0,1644.0,1622.0,1617.0,1639.0,1617.0
554242930542090802,277,273,265,273,269,258,246,245.0,246.0,243.0,252.0,252.0,249.0,255.0,256.0
554242930543050701,350,355,361,352,356,351,358,330.0,354.0,365.0,351.0,363.0,367.0,380.0,365.0
554342930457428302,1743,1762,1737,1740,1833,1827,1819,1758.0,1716.0,1680.0,1659.0,1594.0,1594.0,1564.0,1572.0
554442929583904102,383,374,370,370,359,347,334,324.0,305.0,312.0,316.0,309.0,310.0,303.0,299.0
554442930480398002,2947,3027,3032,3025,3085,3156,3155,3125.0,3103.0,3131.0,3101.0,3173.0,3217.0,3243.0,3258.0
554542928560706302,335,333,330,333,345,338,350,334.0,322.0,320.0,323.0,319.0,314.0,307.0,300.0
554542928683902002,258,256,256,253,252,259,260,254.0,250.0,256.0,257.0,250.0,250.0,248.0,244.0
554542930523931701,1230,1231,1217,1183,1188,1183,1198,1166.0,1160.0,1152.0,1138.0,1094.0,1094.0,1093.0,1104.0
554642930527272401,3213,3201,3165,3139,3128,3103,3061,3030.0,3007.0,2966.0,2950.0,2897.0,2970.0,2970.0,2970.0
554842930541292702,1084,1092,1073,1081,1075,1066,1096,1094.0,1085.0,1071.0,1061.0,1051.0,1029.0,1022.0,1000.0
554942928088031901,2627,2622,2630,2631,2605,2609,2617,2542.0,2527.0,2500.0,2496.0,2493.0,2496.0,2528.0,2520.0
554942930477615202,50317,50352,50883,51308,51199,51301,51349,50740.0,50286.0,50193.0,49985.0,50535.0,50190.0,49985.0,50099.0
554942930525147302,11153,11107,11143,11119,11068,11020,10966,10803.0,10755.0,10699.0,10579.0,10324.0,10313.0,10186.0,10156.0
555042930460461801,5869,5874,5798,5825,5809,5769,5778,5742.0,5743.0,5661.0,5651.0,5592.0,5641.0,5695.0,5852.0
555142929726669102,3522,3538,3565,3557,3571,3570,3599,3437.8571428571427,3498.0,3460.0,3455.0,3418.0,3423.0,3422.0,3389.0
555142930521219102,298813,298391,296683,294467,296207,297387,298765,298452.0,297325.0,297752.0,296266.0,300356.0,301104.0,298762.0,298209.0
555542929774131802,1580,1583,1572,1579,1555,1598,1608,1615.0,1643.0,1638.0,1629.0,1522.0,1432.0,1444.0,1429.0
556042930456816801,17356,17313,17471,17349,17316,17364,17435,16972.5,16972.5,17229.0,17071.0,16884.0,16963.0,16842.0,16846.0
556342930477631501,913,916,920,903,872,857,846,826.0,823.0,770.0,768.0,766.0,763.0,752.0,741.0
556442930454854102,2015,2008,2019,2012,2004,2007,2031,2003.0,1992.0,1977.0,1998.0,2007.0,2011.0,2023.0,2040.0
556742930508706002,1416,1418,1441,1440,1418,1368,1354,1345.0,1379.0,1366.0,1356.0,1330.0,1306.0,1285.0,1286.0
556742930527870101,923,902,885,878,866,873,867,841.0,851.0,845.0,829.0,829.0,810.0,788.0,789.0
556742930538894801,2161,2161,2184,2183,2176,2165,2163,2146.0,2140.0,2069.714285714286,2082.0,2049.0,2044.0,2016.0,2011.0
556742930544434101,2955,2969,2969,3016,3040,3024,2940,2908.0,2971.0,2936.0,2871.0,2782.0,2781.0,2696.0,2684.0
556842930548802901,1270,1252,1255,1270,1273,1276,1270,1257.0,1189.6666666666667,1189.6666666666667,1211.0,1190.0,1163.0,1162.0,1155.0
557042930543946701,4691,4780,4837,4996,5119,5133,5225,5210.0,5244.0,5250.0,5295.0,5412.0,5415.0,5377.0,5351.0
557142930527185802,3573,3571,3639,3733,3719,3807,3843,3925.0,3910.0,3978.0,4011.0,4083.0,4184.0,4204.0,4216.0
557142930548186002,11288,11351,11439,11512,11574,11599,11666,11688.0,11761.0,11838.0,11948.0,11948.0,11923.0,11846.0,11908.0
557242928726103501,890,897,897,902,889,897,890,869.0,855.0,842.0,822.0,814.0,816.0,805.0,808.0
557242930515969802,2953,2912,2872,2840,2782,2752,2698,2621.0,2588.0,2560.0,2536.0,2456.0,2419.0,2358.0,2319.0
557342930519016702,874,885,855,861,841,838,841,801.0,789.0,790.0,786.0,767.0,760.0,754.0,752.0
557442930461953502,570,566,556,558,545,536,535,510.0,507.0,501.0,493.0,492.0,495.0,474.0,475.0
557842930459073502,151,145,143,142,134,131,125,118.0,111.0,109.0,108.0,107.0,102.0,101.0,97.0
557942930462279901,1351,1357,1358,1363,1398,1427,1423,1378.571428571429,1395.0,1379.0,1393.0,1399.0,1359.0,1357.0,1368.0
557942930533494001,185563,186854,187805,187735,190318,191810,190994,192974.0,192934.0,193723.0,194223.0,201410.0,195213.0,195736.0,198034.0
558042930452454801,16766,16798,16925,17176,17352,17566,17565,17565.0,17662.0,17730.0,17665.0,17629.0,17585.0,17537.0,17602.0
558142930464202002,3126,3169,3249,3251,3231,3169,3193,3126.0,3068.0,3053.0,3023.0,2987.0,3055.0,3058.0,3091.0
558142930542231401,2022,2065,2075,2093,2098,2072,2050,1998.8333333333333,2019.0,1998.8333333333333,2019.0,1994.0,2009.0,1982.0,1970.0
558342930459575501,2908,2886,2900,2878,2855,2830,2814,2756.0,2743.0,2697.0,2675.0,2634.0,2640.0,2636.0,2626.0
558442930469720701,1102,1099,1110,1120,1115,1115,1077,1052.0,1058.0,1073.0,1104.0,1091.0,1127.0,1136.0,1122.0
558442930509513301,272,274,278,277,261,268,269,259.0,244.0,252.0,242.0,221.0,205.0,218.0,214.0
558542930457990002,1846,1806,1783,1772,1770,1766,1767,1725.0,1678.0,1669.0,1651.0,1595.0,1575.0,1535.0,1500.0
558842930447952101,270,269,275,267,265,279,280,269.0,276.0,268.0,269.0,266.0,260.0,261.0,249.0
558842930527041001,4482,4505,4490,4461,4489,4480,4448,4323.0,4270.0,4286.0,4250.0,4216.0,4181.0,4142.0,4117.0
559042929514327501,56328,56714,56945,57253,57106,57057,57054,57165.0,56777.0,56964.0,56737.0,56319.0,56193.0,56117.0,55923.0
559042930459904901,3145,3148,3140,3160,3146,3139,3092,3087.0,3095.0,3084.0,3078.0,3038.0,3039.0,3035.0,3050.0
559042930540567602,1380,1394,1400,1376,1366,1371,1361,1316.0,1305.0,1295.0,1262.0,1241.0,1215.0,1202.0,1179.0
559142930449974901,54677,54673,54485,54023,53876,53671,53493,52741.0,52305.0,51929.0,51588.0,50617.0,50580.0,50124.0,49726.0
559342930474453902,8451,8585,8666,8896,9189,9181,9135,9084.0,9107.0,9232.0,9216.0,9081.0,9055.0,9065.0,9097.0
559442928242647001,14777,14934,14968,14955,14948,15102,15072,15079.0,15118.0,15134.0,15105.0,15213.0,15399.0,15485.0,15608.0
559442930531483002,8437,8483,8492,8551,8557,8545,8529,8566.0,8543.0,8648.0,8578.0,8475.0,8489.0,8452.0,8433.0
559542930523324601,1994,1987,1988,1983,2008,2006,1985,2026.0,1988.0,2024.0,2022.0,1955.0,1926.0,1901.0,1904.0
559642930035056801,1732,1758,1759,1787,1801,1805,1778,1779.571428571429,1809.0,1778.0,1769.0,1778.0,1788.0,1771.0,1764.0
559642930456132201,1707,1681,1676,1647,1614,1604,1576,1407.2857142857142,1468.0,1444.0,1445.0,1392.0,1355.0,1358.0,1389.0
559742930525871201,613,608,605,598,594,590,590,558.0,556.0,577.0,544.0,531.0,507.0,495.0,503.0
559842930517085602,10374,10456,10500,10476,10410,10315,10258,9896.0,9762.0,9610.0,9444.0,9260.0,9175.0,9062.0,9022.0
561142930458888302,1814,1762,1720,1707,1640,1611,1557,1482.0,1443.0,1410.0,1377.0,1310.0,1287.0,1265.0,1224.0
561242930460817802,5443,5518,5531,5570,5578,5546,5588,5527.0,5477.0,5476.0,5491.0,5474.0,5577.0,5566.0,5611.0
561342930508219601,19180,19266,19343,19389,19345,19279,19151,19006.0,18817.0,18664.0,18523.0,18327.0,18307.0,18220.0,18198.0
561542928897699201,979,973,961,941,953,952,937,917.0,904.0,891.0,883.0,872.0,859.0,847.0,823.0
561542930473946302,3972,3988,3991,3976,3979,3987,3971,4012.0,4046.0,3982.0,4039.0,3980.0,4025.0,4082.0,4161.0
561742930458343901,1575,1573,1552,1567,1585,1596,1585,1550.0,1546.0,1553.0,1540.0,1518.0,1506.0,1514.0,1491.0
561742930527745402,2305,2262,2223,2208,2174,2173,2162,2157.0,2134.0,2090.0,2072.0,2055.0,2056.0,2075.0,2125.0
561842930508624602,565,553,544,532,535,534,542,519.0,509.0,488.0,478.0,469.0,463.0,457.0,450.0
562142930457999401,2316,2402,2452,2526,2546,2572,2601,2582.0,2595.0,2591.0,2600.0,2614.0,2643.0,2680.0,2685.0
562242930516762201,1850,1855,1883,1875,1878,1901,1882,1868.0,1838.0,1834.0,1830.0,1822.0,1813.0,1780.0,1782.0
562542927901384601,11392,11562,11727,11870,11934,12012,12098,12102.0,12034.0,11991.0,11939.0,11767.0,11794.0,11767.0,11748.0
562542930524733502,3986,3975,4036,4000,3936,3986,3974,3966.0,3905.0,3884.0,3850.0,3798.0,3798.0,3778.0,3797.0
562642929859057801,5438,5434,5431,5387,5402,5370,5332,5299.0,5238.0,5212.0,5207.0,5133.0,5143.0,5125.0,5077.0
562642930533395402,1969,1937,1895,1912,1872,1853,1868,1838.0,1810.0,1792.0,1765.0,1755.0,1743.0,1737.0,1744.0
562742928592805401,13593,13548,13497,13604,13606,13428,13424,13324.0,11932.0,11937.0,11907.0,11773.0,11827.0,11773.0,11723.0
562842930535224101,1617,1593,1565,1555,1526,1503,1463,1403.0,1410.0,1394.0,1368.0,1326.0,1336.0,1311.0,1310.0
562942930400107802,1575,1551,1577,1561,1535,1516,1538,1491.0,1492.0,1474.0,1474.0,1441.0,1449.0,1444.0,1470.0
562942930472538801,7046,7059,7192,7251,7320,7376,7347,7448.0,7424.0,7349.0,7416.0,7529.0,7596.0,7594.0,7606.0
562942930524087901,1760,1772,1785,1782,1764,1719,1684,1595.0,1553.0,1526.0,1513.0,1513.0,1462.0,1487.0,1514.0
563042930447412502,1748,1738,1720,1714,1707,1734,1724,1693.0,1686.0,1651.0,1640.0,1598.0,1568.0,1557.0,1537.0
563242930523466202,23541,23799,23943,23955,24005,23906,23668,23430.0,23369.0,23160.0,23123.0,23221.0,23058.0,22865.0,22724.0
563342930517166701,6886,6941,6933,6954,6979,7059,7152,7229.0,7236.0,7280.0,7247.0,7157.0,7128.0,7118.0,7191.0
563442930478766302,10615,10751,10969,11012,11081,11249,11241,11237.0,11286.0,11394.0,11466.0,11457.0,11488.0,11592.0,11643.0
563842930518338801,565,547,548,541,526,528,528,493.0,483.0,468.0,441.0,440.0,439.0,440.0,437.0
563842930519687902,859,875,868,851,859,862,852,805.0,817.0,830.0,836.0,838.0,830.0,866.0,872.0
563942929879951101,2664,2711,2714,2707,2719,2768,2782,2803.0,2823.0,2872.0,2916.0,2957.0,2986.0,3018.0,3040.0
563942930518265001,4230,4210,4214,4196,4176,4165,4134,4044.0,4028.0,3985.0,3957.0,3823.0,3822.0,3763.0,3746.0
564042930467698902,295,297,308,292,307,304,304,283.0,288.0,265.0,245.0,254.0,247.0,255.0,255.0
564042930474130202,8362,8442,8550,8623,8723,8703,8716,8808.0,8931.0,9013.0,9167.0,9221.0,9353.0,9458.0,9539.0
564042930545302301,1388,1359,1360,1353,1338,1346,1353,1360.0,1337.0,1299.0,1293.0,1304.0,1322.0,1309.0,1307.0
564142930473610102,21934,21998,22076,22101,21919,21847,21762,21733.0,21636.0,21472.0,21613.666666666668,21613.666666666668,21613.666666666668,21613.666666666668,21613.666666666668
564142930541405401,12891,12929,12908,12892,12961,12957,12930,12768.0,12605.0,12492.0,12388.0,12228.0,12139.0,12009.0,11982.0
564242930479823502,910,898,908,898,905,911,917,914.0,941.0,930.0,946.0,908.0,940.0,948.0,958.0
564242930548268301,2712,2777,2814,2822,2823,2904,2897,2870.0,2923.0,2935.0,2939.0,2898.0,2869.0,2893.0,2849.0
564442930461651601,15769,15908,15979,15968,16086,16110,16041,16278.0,16298.0,16286.0,16262.0,16170.0,16109.0,16142.0,16338.0
564542930474770502,5446,5470,5488,5518,5483,5480,5489,5569.0,5602.0,5724.0,5860.0,5812.0,5631.0,5603.0,5669.0
564542930518717701,1220,1219,1206,1210,1225,1229,1252,1219.0,1252.0,1272.0,1276.0,1303.0,1310.0,1322.0,1327.0
564642930546316601,1358,1358,1353,1351,1333,1323,1355,1314.0,1310.0,1319.0,1324.0,1278.0,1280.0,1268.0,1264.0
564842930451772701,8942,8857,8820,8886,8891,8931,8960,8981.0,9041.0,8951.0,8850.0,8647.0,8593.0,8577.0,8633.0
564942930476944301,5712,5649,5663,5651,5580,5512,5439,5299.0,5230.0,5175.0,5077.0,4960.0,4948.0,4967.0,5015.0
564942930510791302,6002,6031,6125,6221,6285,6352,6329,6359.0,6362.0,6341.0,6310.0,6254.0,6236.0,6256.0,6283.0
564942930545163102,1583,1586,1611,1613,1572,1571,1547,1513.0,1538.0,1532.0,1512.0,1475.0,1433.0,1419.0,1423.0
565042929230337001,16299,16415,16527,16607,16692,16749,16670,16470.0,16549.0,16591.0,16534.0,16488.0,16439.0,16517.0,16597.0
565142930531312102,8152,8241,8433,8490,8549,8535,8527,8571.0,8608.0,8577.0,8556.0,8494.0,8524.0,8472.0,8502.0
565242929417347501,7611,7618,7704,7775,7861,7915,7923,7903.0,7893.0,7873.0,7897.0,7794.0,7812.0,7780.0,7785.0
565542930466898901,3607,3581,3543,3503,3473,3480,3525,3470.0,3431.0,3407.0,3395.0,3282.0,3225.0,3171.0,3173.0
565742930510705701,176,170,170,158,153,142,135,126.0,121.0,120.0,120.0,119.0,117.0,117.0,123.0
565742930510970501,1278,1309,1307,1288,1294,1330,1341,1358.0,1371.0,1381.0,1399.0,1390.0,1428.0,1404.0,1403.0
565742930533556001,7047,7069,7130,7117,7152,7168,7121,7081.0,7104.0,7126.0,7195.0,7131.0,7171.0,7127.0,7151.0
565842930455500602,2267,2262,2225,2213,2195,2183,2139,2130.0,2140.0,2190.0,2184.0,2196.0,2224.0,2245.0,2296.0
565942930532283302,3320,3361,3396,3418,3412,3434,3437,3437.0,3404.0,3406.0,3385.0,3358.0,3354.0,3323.0,3309.0
566042930480045402,9937,9963,9996,10037,9960,9979,10013,10020.0,9984.0,10012.0,10007.0,10047.0,10045.0,10052.0,10052.0
566242930517841701,1369,1366,1340,1314,1295,1270,1240,1223.0,1214.0,1210.0,1197.0,1167.0,1155.0,1160.0,1158.0
566342930464201901,16077,16178,16379,16777,17124,17286,17436,17745.0,18020.0,18063.0,18122.0,18420.0,18041.0,18084.0,18130.0
566342930534237701,5207,5291,5374,5561,5683,5713,5730,5847.0,5866.0,5952.0,5951.0,6036.0,6067.0,6055.0,6108.0
566842928663876202,7377,7384,7328,7326,7141,7100,7108,7067.0,6975.0,7015.0,6932.0,6813.0,6848.0,6907.0,6989.0
566842930455650202,7401,7508,7503,7611,7690,7717,7694,7843.6,7843.6,7843.6,7884.0,7738.0,7832.0,7824.0,7940.0
566842930471587602,17142,17220,17379,17582,17586,17621,17596,17571.0,17579.0,17395.0,17268.0,17196.0,17109.0,17092.0,17031.0
566842930521696602,309,308,309,312,305,290,272,248.0,246.0,245.0,232.0,221.0,225.0,221.0,220.0
566842930527942301,2400,2391,2367,2334,2311,2260,2253,2212.0,2209.0,2178.0,2122.0,2032.0,2013.0,1974.0,1958.0
566842930546245201,1967,2029,2072,2064,2079,2103,2097,2015.0,2037.0,1991.0,2001.0,2007.0,2021.0,2017.0,2031.0
566942930474848802,5082,5057,5045,5018,5013,4987,4934,4854.0,4795.0,4748.0,4666.0,4540.0,4511.0,4432.0,4371.0
567042930474703002,619,639,638,632,642,653,685,654.0,671.0,659.0,661.0,646.0,642.0,648.0,651.0
567242930525117701,1558,1554,1569,1548,1558,1548,1487,1452.0,1401.0,1395.0,1372.0,1370.0,1350.0,1348.0,1352.0
567242930534208901,5047,4972,4910,4917,4903,4884,4892,4852.0,4872.0,4910.0,4940.0,4865.0,4949.0,5002.0,5093.0
567242930538634301,1464,1433,1431,1429,1413,1399,1387,1361.0,1342.0,1357.0,1347.0,1297.0,1306.0,1282.0,1273.0
567342930478576802,3365,3345,3314,3311,3324,3345,3345,3309.0,3279.0,3276.0,3263.0,3226.0,3244.0,3190.0,3208.0
567442929268241802,2224,2261,2271,2314,2321,2315,2311,2300.0,2297.0,2280.0,2318.0,2267.0,2312.0,2335.0,2338.0
567442930519118001,2529,2563,2597,2610,2594,2558,2539,2505.0,2487.0,2495.0,2493.0,2454.0,2441.0,2449.0,2442.0
567542930477190301,1086,1099,1070,1041,1008,1003,1012,1004.0,973.0,934.0,924.0,891.0,894.0,885.0,870.0
567742930536589701,2469,2470,2489,2488,2495,2476,2468,2420.0,2371.0,2333.0,2324.0,2308.0,2279.0,2265.0,2252.0
567842930533979901,2140,2154,2139,2154,2142,2085,2040,1953.0,1843.857142857143,1942.0,1940.0,1779.0,1748.0,1752.0,1793.0
567942930449203501,43840,44020,44380,44656,44919,44706,44719,44415.0,44371.0,44413.0,44330.0,44323.0,44245.0,44019.0,44053.0
567942930477467801,7542,7481,7459,7453,7444,7482,7432,7264.0,7249.0,7174.0,7240.0,7165.0,7118.0,7100.0,7054.0
568142930509898301,5343,5300,5264,5275,5284,5284,5271,5198.0,5159.0,5229.0,5226.0,5371.0,5272.0,5246.0,5268.0
568242930474081501,9158,9219,9278,9283,9246,9282,9267,9200.0,9153.0,9063.0,9015.0,8950.0,8963.0,8892.0,8868.0
568542928888035401,6168,6203,6163,6043,6060,6058,5992,5947.0,5839.0,5808.0,5779.0,5681.0,5628.0,5542.0,5563.0
568642930448284102,3427,3423,3425,3410,3383,3357,3331,3402.0,3360.0,3195.4285714285716,3272.0,3137.0,3101.0,3053.0,3043.0
568642930517970701,3570,3526,3530,3525,3519,3497,3501,3423.0,3385.0,3358.0,3306.0,3256.0,3202.0,3183.0,3173.0
568642930549098001,857,858,828,1031,965,917,828,744.0,713.0,695.0,661.0,637.0,610.0,580.0,576.0
568742930508158102,3868,3925,4018,4073,4133,4193,4200,4241.0,4232.0,4271.0,4295.0,4264.0,4279.0,4317.0,4451.0
568842930508896801,6466,6472,6515,6503,6613,6661,6694,6676.0,6662.0,6630.0,6630.0,6613.0,6629.0,6650.0,6683.0
568842930526668401,1668,1678,1696,1682,1655,1652,1645,1600.0,1585.0,1556.0,1554.0,1523.0,1518.0,1504.0,1479.0
568842930535912902,13741,13890,14083,14241,14508,14562,14561,14823.0,14914.0,15003.0,15102.0,15070.0,15154.0,15216.0,15356.0
568942930521809401,647,652,650,638,644,654,663,635.0,626.0,633.0,625.0,586.0,604.0,605.0,604.0
569042929989643102,1112,1105,1082,1072,1051,1019,1012,962.0,928.0,907.0,874.0,850.0,845.0,832.0,819.0
569042930474384601,2731,2717,2727,2702,2700,2693,2637,2599.0,2578.0,2553.0,2542.0,2525.0,2498.0,2487.0,2461.0
569042930522915601,565,560,556,552,540,531,535,513.0,497.0,488.0,478.0,480.0,470.0,466.0,459.0
569042930532748602,2418,2456,2460,2473,2528,2576,2569,2599.0,2607.0,2590.0,2598.0,2601.0,2602.0,2593.0,2618.0
569142930524772701,2902,2945,2995,3010,3039,3059,3030,3029.0,3035.0,3044.0,3078.0,3044.0,3048.0,3051.0,3003.0
569242930448533202,391,395,413,414,415,421,423,411.0,413.0,390.0,381.0,383.0,387.0,397.0,408.0
569242930518886302,2688,2685,2718,2684,2690,2787,2782,2731.0,2715.0,2669.0,2643.0,2626.0,2592.0,2522.0,2521.0
569242930520724301,6221,6216,6148,6137,6096,6070,6084,6049.0,6015.0,5965.0,5991.0,6021.0,6025.0,5862.0,5822.0
569242930544909101,429,422,426,441,436,422,408,403.0,404.0,391.0,397.0,409.0,409.0,425.0,443.0
569342930546613702,388,382,388,383,395,393,388,393.0,376.0,382.0,370.0,369.0,368.0,367.0,358.0
569442930455416802,3707,3764,3775,3844,3888,3880,3906,3886.0,3879.0,3935.0,3969.0,3946.0,3932.0,4001.0,4045.0
569442930534471901,11711,11767,11817,11891,11897,11847,11741,11647.0,11552.0,11499.0,11482.0,11682.0,11607.0,11547.0,11535.0
569742930520040302,3253,3221,3200,3169,3155,3123,3041,2998.0,2955.0,2931.0,2884.0,2777.0,2731.0,2700.0,2660.0
571142930478703301,264,265,269,264,254,238,226,229.0,218.0,212.0,197.0,191.0,191.0,195.0,190.0
571242930462540901,6368,6645,7009,7087,7251,7298,7426,7468.0,7469.0,7568.0,7611.0,7568.0,7560.0,7646.0,7691.0
571442928168238301,2368,2369,2359,2327,2297,2295,2253,2202.0,2197.0,2197.0,2197.0,2187.0,2151.0,2154.0,2205.0
571442930518125902,6457,6392,6431,6381,6345,6303,6274,6225.0,6158.0,6101.0,6051.0,5895.0,5922.0,5865.0,5808.0
571542928191310502,777,769,746,735,724,712,707,705.0,695.0,693.0,680.0,671.0,673.0,677.0,683.0
571642930517592301,468,467,458,455,469,455,436,457.0,451.0,443.0,444.0,429.0,443.0,441.0,454.0
571642930525404001,2916,2871,2894,2912,2933,2929,2915,2868.0,2825.0,2820.0,2794.0,2787.0,2797.0,2803.0,2819.0
571642930529436001,19248,19214,19197,19094,19150,19095,19117,18930.0,18896.0,18710.0,18647.0,18589.0,18635.0,18581.0,18597.0
571842930449526801,5791,5869,5890,5960,5996,6069,6085,6098.0,6161.0,6240.0,6293.0,6173.0,6146.0,6138.0,6139.0
571942930519538402,11685,11854,12071,12225,12256,12275,12265,12308.0,12383.0,12384.0,12363.0,12350.0,12433.0,12447.0,12478.0
572042930477638502,10613,10822,11014,11044,11144,11245,11297,11367.0,11312.0,11217.0,11172.0,11147.0,11108.0,11080.0,11128.0
572242930476538501,1466,1441,1411,1369,1363,1333,1304,1254.0,1198.0,1173.0,1135.0,1102.0,1087.0,1057.0,1043.0
572442930520255801,1631,1619,1618,1610,1579,1564,1563,1489.6666666666667,1514.0,1489.6666666666667,1509.0,1476.0,1486.0,1487.0,1466.0
572542930519030002,1208,1228,1232,1240,1222,1226,1236,1231.0,1216.0,1222.0,1209.0,1197.0,1200.0,1217.0,1196.0
572642930456622302,505,493,482,462,458,437,424,416.0,397.0,382.0,379.0,370.0,357.0,336.0,333.0
572642930468538502,6171,6152,6163,6155,6128,6133,6116,5967.0,5898.0,5833.0,5783.0,5621.0,5618.0,5592.0,5573.0
572742930509858301,1945,1859,1775,1722,1608,1548,1447,1254.0,1204.0,1196.0,1169.0,1126.0,1103.0,1086.0,1060.0
572742930525592201,2088,2059,2066,2057,2019,2000,1994,1903.0,1876.0,1877.0,1862.0,1847.0,1862.0,1849.0,1854.0
573042929681101202,4717,4706,4624,4584,4536,4513,4502,4409.0,4327.0,4301.0,4248.0,4182.0,4156.0,4124.0,4161.0
573042930464326101,55301,55486,55765,55942,55933,55863,56144,55921.0,55836.0,55610.0,55405.0,54848.0,55035.0,54941.0,54953.0
573242930529251302,2559,2544,2583,2571,2529,2532,2513,2490.0,2479.0,2412.0,2426.0,2400.0,2372.0,2367.0,2351.0
573342929456888301,4639,4744,4801,4828,4841,4930,4948,4938.0,4992.0,5015.0,5010.0,4956.0,4928.0,4919.0,4946.0
573542930474819301,1944,1926,1907,1896,1850,1813,1793,1724.0,1729.0,1712.0,1686.0,1634.0,1626.0,1620.0,1626.0
573642930517772902,4213,4299,4340,4316,4385,4409,4405,4466.0,4448.0,4507.0,4504.0,4514.0,4528.0,4530.0,4536.0
573742930451856301,2055,2022,1991,2009,2044,2058,2068,2081.0,2125.0,2113.0,2149.0,2110.0,2165.0,2180.0,2224.0
573842929155647901,438,413,413,407,389,384,359,335.0,334.0,325.0,327.0,335.0,335.0,334.0,317.0
573842930453679001,6618,6601,6658,6641,6652,6693,6683,6659.0,6650.0,6714.0,6647.0,6596.0,6567.0,6545.0,6526.0
573842930464965301,745,736,732,759,776,747,752,772.0,796.0,768.0,794.0,814.0,869.0,861.0,926.0
573842930542908001,4444,4452,4443,4439,4429,4452,4456,4395.0,4394.0,4373.0,4362.0,4267.0,4247.0,4195.0,4204.0
574042930462561401,1539,1533,1534,1554,1542,1510,1535,1568.0,1648.0,1647.0,1598.0,1599.0,1594.0,1531.0,1636.0
574142930464398002,6021,5990,6005,5948,5954,5913,5901,5823.0,5827.0,5810.0,5736.0,5669.0,5627.0,5546.0,5517.0
574142930517773901,7043,7103,7209,7222,7229,7283,7264,7266.0,7298.0,7217.0,7176.0,7103.0,7138.0,7122.0,7169.0
574642930461515002,8941,9001,9076,9039,8957,8868,8798,8658.0,8558.0,8425.0,8376.0,8072.0,8068.0,7943.0,7951.0
574642930461999801,5507,5515,5567,5595,5602,5583,5517,5389.0,5347.0,5323.0,5250.0,5223.0,5242.0,5243.0,5355.0
574942930517405201,413,409,408,400,392,387,383,371.0,360.0,350.0,337.0,328.0,324.0,317.0,314.0
575342930459315802,817,819,829,817,809,809,802,779.0,770.0,763.0,746.0,748.0,761.0,762.0,771.0
575542930456924902,1955,1976,1982,1953,1902,1886,1871,1842.0,1817.0,1810.0,1757.0,1736.0,1683.0,1687.0,1657.0
575742929649255602,1044,1029,1034,1019,1015,1029,1027,1008.0,980.0,983.0,994.0,1000.0,988.0,970.0,963.0
575742930543431602,1033,1035,1021,1008,1021,1015,1015,984.0,946.0,922.0,890.0,895.0,878.0,891.0,883.0
575942929642387902,714,735,740,749,743,748,764,764.0,767.0,741.0,737.0,752.0,753.0,742.0,748.0
575942930519477602,888,888,885,873,869,887,891,886.0,865.0,862.0,846.0,838.0,827.0,810.0,804.0
575942930530011001,1685,1721,1779,1811,1816,1742,1696,1752.0,1732.0,1735.0,1726.0,1734.0,1708.0,1708.0,1725.0
576142929047937501,1999,2019,2021,2027,2043,2001,2031,2015.0,2017.0,2002.0,1982.0,1965.0,1948.0,1917.0,1888.0
576242930508191701,1131,1087,1097,1121,1122,1110,1114,1086.0,1072.0,1065.0,1031.0,1009.0,1005.0,993.0,991.0
576342929644467501,503,502,493,509,495,466,467,485.0,493.0,464.0,452.0,451.0,464.0,479.0,493.0
577042930529391901,749,727,741,740,733,738,735,744.0,745.0,736.0,721.0,721.0,709.0,699.0,670.0
577342930460467902,12537,12672,12770,12749,12775,12753,12740,12538.0,12530.0,12468.0,12456.0,12554.0,12494.0,12446.0,12432.0
577642930456314401,722,706,694,662,656,665,660,619.0,621.0,627.0,605.0,587.0,573.0,564.0,559.0
577642930542833502,3495,3520,3584,3571,3633,3732,3835,3825.0,3784.0,3760.0,3716.0,3632.0,3618.0,3547.0,3553.0
577842930517373302,5216,5142,5138,5081,5042,5015,4974,4941.0,4870.0,4608.571428571428,4627.0,4459.0,4441.0,4449.0,4473.0
577842930525195102,1324,1315,1304,1310,1312,1326,1332,1321.0,1320.0,1312.0,1321.0,1305.0,1308.0,1314.0,1311.0
578242930461628901,1970,2001,2081,2141,2151,2166,2189,2164.0,2208.0,2183.0,2197.0,2164.0,2184.0,2206.0,2240.0
578342930453531001,14644,14827,14951,15212,15304,15298,15389,15410.0,15395.0,15422.0,15386.0,15167.0,15199.0,15247.0,15146.0
578442930477795202,5570,5617,5589,5568,5557,5492,5470,5430.0,5421.0,5457.0,5472.0,5410.0,5410.0,5444.0,5429.0
578542930449771801,8906,9127,9469,9703,9973,10073,10152,10040.0,10100.0,10112.0,10099.0,10005.0,10105.0,10135.0,10103.0
578542930477348802,2134,2148,2164,2145,2132,2130,2145,2112.0,2086.0,2087.0,2083.0,2070.0,2094.0,2119.0,2115.0
578542930538582801,5207,5280,5263,5314,5355,5349,5379,5319.0,5198.0,5202.0,5162.0,5189.0,5175.0,5162.0,5166.0
578642928247046702,6239,6271,6347,6374,6482,6494,6553,6538.0,6549.0,6609.0,6571.0,6613.0,6645.0,6656.0,6658.0
578642930450407501,557,586,564,552,565,579,573,545.0,556.0,556.0,544.0,541.0,561.0,573.0,570.0
578742930456531402,2249,2273,2270,2233,2183,2149,2085,2023.0,1971.0,1935.0,1893.0,1762.0,1731.0,1679.0,1674.0
578842930544158201,2897,2916,2929,2913,2908,2936,2902,2895.0,2886.0,2875.0,2847.0,2802.0,2810.0,2763.0,2757.0
578942930527274801,9065,9030,9036,8994,8941,8878,8929,8882.0,8934.0,8974.0,8963.0,9244.0,9274.0,9248.0,9248.0
579142930524604301,3582,3534,3543,3538,3572,3584,3569,3544.0,3530.0,3514.0,3464.0,3383.0,3345.0,3253.0,3227.0
579142930543145301,3784,3747,3813,3800,3811,3773,3706,3611.0,3554.0,3532.0,3521.0,3419.0,3389.0,3395.0,3356.0
579342930462972902,3916,3912,3919,3947,3918,3877,3834,3797.0,3739.0,3721.0,3763.0,3710.0,3741.0,3782.0,3810.0
579342930530210801,20676,20801,20853,20488,20306,19990,19977,19772.0,19699.0,19752.0,20001.0,20452.0,20468.0,20690.0,21180.0
579542930533839801,2485,2447,2433,2428,2437,2407,2386,2385.0,2331.0,2301.0,2268.0,2204.0,2178.0,2153.0,2153.0
579742930464612902,2187,2163,2120,2080,2063,1994,1960,1902.0,1849.0,1813.0,1766.0,1713.0,1692.0,1661.0,1643.0
579842929543736402,722,696,687,692,672,666,657,638.0,585.0,588.0,565.0,553.0,567.0,562.0,567.0
581142928021939101,569,588,562,555,555,559,540,531.0,563.0,574.0,558.0,555.0,563.0,575.0,578.0
581142929514065002,4076,4063,4061,4086,4134,4172,4226,4303.0,4349.0,4387.0,4405.0,4438.0,4429.0,4411.0,4406.0
581142930456597102,17025,17099,17135,17123,17253,17277,17221,17357.0,17418.0,17343.0,17401.0,17493.0,17610.0,17601.0,17593.0
581142930550197802,11744,11966,12096,12269,12395,12456,12470,12645.0,12661.0,12754.0,12735.0,12845.0,12865.0,12825.0,12929.0
581342930458767201,1680,1676,1684,1710,1694,1700,1687,1682.0,1648.0,1620.0,1607.0,1571.0,1565.0,1552.0,1576.0
581342930517552302,8246,8351,8564,8756,8817,8936,8861,8847.0,8741.0,8690.0,8677.0,8842.0,8791.0,8773.0,8787.0
581342930542448702,735,718,696,688,679,680,672,648.0,635.0,621.0,623.0,611.0,608.0,598.0,598.0
581542930464865602,285,271,268,273,257,260,250,236.0,224.0,205.0,196.0,191.0,191.0,194.0,199.0
581542930519191201,5472,5490,5484,5500,5506,5503,5492,5538.0,5524.0,5553.0,5595.0,5624.0,5577.0,5527.0,5485.0
581542930531076401,2219,2214,2227,2239,2211,2152,2118,2060.0,2009.0,2019.0,2038.0,2013.0,2023.0,1908.0,1925.0
581842930541975902,9736,9722,9734,9788,9751,9619,9502,9412.0,9336.0,9285.0,9234.0,9123.0,9093.0,9013.0,9096.0
581942930529283101,353,359,351,356,361,359,349,340.0,353.0,340.0,326.0,318.0,310.0,305.0,298.0
582142930517224801,606,616,634,647,632,634,616,598.0,589.0,587.0,600.0,619.0,628.0,620.0,625.0
582142930517408502,6178,6228,6243,6235,6203,6237,6189,6222.0,6212.0,6202.0,6174.0,6055.0,6073.0,6031.0,6063.0
582342930449478601,26686,26687,26804,26851,26744,26737,26686,26501.0,26339.0,26122.0,25926.0,25827.0,25870.0,25713.0,25735.0
582442930543160701,4350,4371,4352,4316,4314,4292,4259,4254.0,4255.0,4241.0,4243.0,4255.0,4278.0,4288.0,4307.0
582442930544226302,3200,3183,3125,3098,3048,3012,2957,2847.0,2798.0,2752.0,2693.0,2651.0,2612.0,2570.0,2593.0
582742930465726302,3077,3185,3252,3279,3275,3222,3219,3225.0,3211.0,3176.0,3175.0,3117.0,3147.0,3126.0,3166.0
582842930220790102,967,978,962,971,987,976,962,962.0,941.0,946.0,932.0,942.0,937.0,932.0,925.0
582842930527808601,964314,965996,963214,961773,962435,964313,963521,959433.0,957571.0,954318.0,948850.0,922094.0,921142.0,913462.0,911697.0
582842930538678201,526,528,520,522,519,517,518,513.0,508.0,506.0,494.0,489.0,493.0,501.0,499.0
582942930480100701,3196,3215,3214,3269,3281,3209,3128,3037.0,3020.0,3000.0,2981.0,2955.0,2930.0,2932.0,2946.0
582942930527405202,234,242,236,229,234,231,217,217.0,210.0,222.0,219.0,216.0,207.0,208.0,206.0
583142930542128701,3355,3388,3410,3424,3406,3421,3390,3404.0,3381.0,3421.0,3426.0,3471.0,3465.0,3461.0,3443.0
583242930458535402,14825,14433,14453,14367,14436,14486,14574,14372.0,14251.0,14164.0,14137.0,14561.0,14639.0,14369.0,14437.0
583342930515495901,1209,1174,1177,1175,1178,1161,1141,1104.0,1115.0,1097.0,1109.0,1089.0,1090.0,1073.0,1051.0
583442930447834902,9367,9457,9540,9607,9689,9689,9778,9745.0,9780.0,9737.0,9779.0,9803.0,9829.0,9940.0,10018.0
583442930515472902,6873,7028,7194,7375,7419,7372,7408,7379.0,7379.0,7379.0,7379.0,7379.0,7379.0,7379.0,7379.0
583542930452714702,1542,1582,1597,1593,1625,1612,1624,1671.0,1670.0,1698.142857142857,1681.0,1687.0,1730.0,1737.0,1711.0
583642930534574102,4050,4064,4049,4038,4022,4015,3950,3827.0,3796.0,3742.0,3684.0,3613.0,3598.0,3599.0,3557.0
583742930462041502,787,785,766,744,729,720,704,661.0,662.0,648.0,652.0,647.0,638.0,639.0,637.0
583742930524576502,1613,1604,1602,1605,1581,1560,1531,1447.0,1437.0,1411.0,1438.0,1442.0,1427.0,1402.0,1432.0
583742930549754102,1543,1545,1546,1521,1529,1508,1491,1457.0,1451.0,1435.0,1417.0,1393.0,1369.0,1366.0,1360.0
583842930523464402,1310,1299,1279,1267,1251,1218,1196,1205.0,1184.0,1166.0,1133.0,1117.0,1120.0,1123.0,1114.0
584042930474517201,1683,1679,1655,1673,1699,1692,1676,1655.0,1626.0,1612.0,1604.0,1603.0,1579.0,1580.0,1546.0
584042930515521701,3945,3957,3980,3990,4009,3974,4000,3961.0,3915.0,3828.0,3814.0,3817.0,3814.0,3797.0,3815.0
584042930525849001,1382,1371,1368,1348,1315,1287,1255,1210.0,1182.0,1150.0,1119.0,1087.0,1049.0,1036.0,1016.0
584142930509593402,1976,2033,2143,2164,2188,2230,2228,2250.0,2256.0,2257.0,2255.0,2219.0,2192.0,2178.0,2187.0
584242930527056502,780,776,763,773,788,770,759,777.0,772.0,779.0,784.0,777.0,788.0,795.0,810.0
584342929439542302,1633,1744,1816,1932,2011,2078,2099,2199.0,2221.0,2232.0,2233.0,2249.0,2283.0,2302.0,2310.0
584442930456661802,7674,7683,7694,7652,7659,7649,7620,7605.0,7600.0,7583.0,7598.0,7603.0,7634.0,7577.0,7566.0
584542930460728101,10742,10986,11206,11277,11373,11481,11494,11439.0,11404.0,11384.0,11480.0,11586.0,11643.0,11585.0,11652.0
584642929069856702,2706,2700,2686,2672,2671,2663,2670,2637.0,2608.0,2604.0,2567.0,2536.0,2534.0,2485.0,2480.0
584742930548988402,8961,8956,8958,8955,9038,9088,9133,9127.0,9164.0,9088.0,9120.0,8882.0,8878.0,8766.0,8764.0
584842930532016401,10702,10791,11011,11108,11182,11224,11274,11156.0,11302.0,11311.0,11289.0,11284.0,11158.0,11101.0,11061.0
584842930549536902,6797,6942,7110,7191,7296,7284,7306,7375.0,7327.0,7324.0,7227.0,7202.0,7161.0,7122.0,7083.0
584942929166082202,2803,2758,2734,2690,2635,2599,2594,2515.0,2474.0,2439.0,2394.0,2318.0,2303.0,2262.0,2290.0
585042929816225002,1709,1725,1698,1698,1654,1629,1620,1613.0,1613.0,1566.0,1557.0,1516.0,1504.0,1475.0,1470.0
585042930524706102,809,819,811,778,800,799,798,790.0,792.0,807.0,814.0,809.0,779.0,803.0,795.0
585142929494098001,676,666,637,609,584,557,542,497.0,490.0,468.0,453.0,437.0,434.0,408.0,386.0
585142930455279902,11102,11058,10997,10983,10896,10827,10691,10403.0,10288.0,10170.0,9982.0,9830.0,9696.0,9537.0,9484.0
585342930476207401,1260,1268,1253,1257,1243,1240,1226,1234.0,1189.428571428571,1196.0,1187.0,1184.0,1197.0,1169.0,1159.0
585342930525444502,8824,8989,9320,9508,9713,9849,9955,9926.0,10083.0,10183.0,10259.0,10249.0,10220.0,10229.0,10308.0
585542930470647202,2184,2180,2148,2115,2113,2071,2065,1988.0,1963.0,1946.0,1931.0,1882.0,1875.0,1852.0,1838.0
585642930015479602,1792,1771,1747,1727,1717,1708,1672,1640.0,1630.0,1619.0,1579.0,1529.0,1525.0,1532.0,1524.0
585642930507653402,743,732,730,727,728,723,726,717.0,716.0,715.0,699.0,677.0,667.0,644.0,630.0
585742930455366802,1208,1219,1252,1262,1320,1309,1322,1344.0,1356.0,1363.0,1339.0,1303.0,1322.0,1338.0,1333.0
585942930469500002,2408,2429,2427,2398,2411,2409,2373,2353.0,2309.0,2326.0,2306.0,2313.0,2313.0,2322.0,2299.0
586142929321228501,2775,2748,2731,2650,2589,2507,2437,2318.0,2260.0,2192.0,2158.0,2107.0,2064.0,2048.0,2024.0
586242930528427301,1272,1275,1279,1286,1270,1240,1201,1138.0,1148.0,1138.0,1133.0,1121.0,1095.0,1089.0,1080.0
586342930521266002,3417,3413,3392,3410,3349,3324,3284,3198.0,3157.0,3140.0,3135.0,3068.0,3069.0,3016.0,3000.0
586342930546496302,29719,29705,29673,29516,29460,29373,29277,28859.0,28714.0,28625.0,28542.0,28293.0,28167.0,27960.0,27806.0
586442930515845701,6395,6396,6418,6348,6327,6353,6370,6262.0,6157.0,6067.0,6008.0,5930.0,5920.0,5896.0,5837.0
586442930542132202,2228,2307,2336,2367,2387,2344,2314,2316.0,2319.0,2274.0,2269.0,2257.0,2241.0,2235.0,2253.0
586542930542625602,695,663,641,659,649,640,624,642.0,602.0,607.0,585.0,538.0,523.0,508.0,518.0
586642930459044301,16961,16988,16951,17088,17165,17206,17130,16944.0,16783.0,16773.0,16800.0,16637.0,16644.0,16571.0,16485.0
586642930509511902,5272,5328,5361,5370,5412,5447,5478,5446.0,5425.0,5419.0,5426.0,5513.0,5535.0,5549.0,5643.0
586642930547111102,10895,10931,11058,11032,11041,10996,10937,10727.0,10624.0,10540.0,10487.0,10640.0,10640.0,10552.0,10606.0
586742930472476902,2761,2738,2704,2695,2690,2692,2671,2632.0,2657.0,2629.0,2622.0,2612.0,2599.0,2595.0,2598.0
586742930473877602,4637,4614,4564,4564,4537,4491,4463,4265.0,4395.0,4387.0,4362.0,4226.0,4199.0,4150.0,4136.0
586742930539668202,2939,2935,2934,2903,2894,2888,2872,2808.0,2855.0,2822.0,2795.0,2722.0,2762.0,2729.0,2783.0
586842930526323702,793,784,771,776,750,752,757,732.0,703.0,695.0,699.0,678.0,683.0,678.0,683.0
587042930509703002,734,701,687,652,652,665,665,560.7142857142857,616.0,593.0,576.0,555.0,547.0,522.0,516.0
587142930461747102,7554,7565,7581,7713,7731,7779,7803,7981.0,8004.0,8061.0,8048.0,8113.0,8107.0,8137.0,8161.0
587742928281527002,416,400,400,391,393,380,381,401.0,396.0,386.0,395.0,416.0,407.0,391.0,400.0
587742930460346402,12989,12998,13094,13241,13345,13444,13621,13733.0,13799.0,13840.0,13913.0,13920.0,13941.0,13948.0,13931.0
587742930472337201,219,225,224,223,217,215,216,210.71428571428572,217.0,212.0,217.0,209.0,209.0,209.0,202.0
587942929417447601,6661,6740,6721,6842,6888,6917,6932,6915.0,7015.0,7022.0,6947.0,6877.0,6875.0,6859.0,6946.0
587942930524650302,4279,4392,4510,4577,4650,4733,4764,4843.0,4936.0,4951.0,4978.0,4923.0,4992.0,5011.0,4947.714285714285
587942930529959002,3235,3292,3311,3336,3339,3302,3269,3253.0,3212.0,3180.0,3149.0,3072.0,3048.0,3041.0,3047.0
588042929417233502,784,779,780,768,763,762,766,735.0,738.0,780.0,768.0,784.0,797.0,801.0,834.0
588042930534336502,2179,2171,2163,2163,2146,2078,2106,2075.0,2044.0,2012.0,1984.0,1910.0,1947.0,1995.3333333333333,1995.3333333333333
588142929231894901,1364,1364,1369,1352,1335,1303,1309,1289.0,1270.0,1242.0,1240.0,1218.0,1226.0,1207.0,1183.0
588142930449937102,1325,1326,1326,1328,1336,1337,1336,1352.0,1355.0,1361.0,1374.0,1366.0,1334.0,1313.0,1306.0
588142930529250001,1783,1777,1777,1797,1818,1842,1886,1896.0,1862.0,1865.0,1843.0,1809.0,1792.0,1823.0,1841.0
588142930534105601,69471,69812,70056,70013,69556,69036,68739,67657.0,66888.0,66289.0,65841.0,65378.0,56293.0,55559.0,55218.0
588242930462767202,1181,1165,1132,1131,1144,1152,1160,1119.0,1133.0,1142.0,1111.0,1057.0,1050.0,1043.0,1049.0
588242930510749901,1766,1766,1798,1819,1796,1822,1800,1721.0,1679.0,1692.0,1718.0,1741.0,1735.0,1715.0,1732.0
588642930455895302,690,692,689,695,682,672,661,647.0,639.0,603.0,604.0,585.0,576.0,555.0,567.0
588642930473831901,27483,27505,27829,27902,27863,27813,27699,26903.0,26563.0,26247.0,25853.0,25180.0,25179.0,25987.5,25987.5
588642930543710601,924,930,936,927,904,902,892,899.0,867.0,852.0,821.0,796.0,795.0,772.0,777.0
588642930546161702,1170,1115,1090,1080,1093,1100,1082,1057.0,1040.0,1015.0,988.0,955.0,962.0,962.0,967.0
588742930541310501,1932,1949,1943,1954,2001,2005,2007,1985.0,1989.0,2021.0,2012.0,1987.0,1968.0,1941.0,1965.0
588842930526032001,355,345,334,321,308,310,316,298.0,266.2857142857143,277.0,265.0,257.0,255.0,262.0,250.0
588842930530071501,1231,1228,1227,1218,1175,1170,1152,1113.0,1083.0,1063.0,1060.0,1047.0,1035.0,1015.0,1025.0
588842930531093601,887,885,905,911,913,912,895,907.0,913.0,917.0,908.0,919.0,931.0,935.0,935.0
588942930454522301,588,590,577,571,580,593,605,621.1666666666666,621.1666666666666,611.0,600.0,602.0,636.0,635.0,643.0
588942930460786702,20066,20218,20497,20626,20876,21025,21085,21141.0,21083.0,21210.0,21198.0,20906.0,20842.0,20979.0,21157.0
588942930509288502,8245,8260,8283,8278,8343,8326,8260,8278.0,8312.0,8255.0,8260.0,8210.0,8231.0,8238.0,8337.0
589142930533897302,1054,1037,1052,1044,1035,1041,1045,1016.0,1007.0,1023.0,1019.0,995.0,973.0,965.0,961.0
589242930509826302,45515,45584,45581,45770,45709,45598,45515,45356.0,45431.0,45192.0,45025.0,44741.0,44719.0,44569.0,44683.0
589342930458575501,598,585,584,577,574,583,578,558.0,559.0,556.0,543.0,541.0,544.0,535.0,548.0
589342930543595001,4395,4511,4591,4612,4616,4622,4615,4536.0,4553.0,4605.0,4555.0,4486.0,4449.0,4418.0,4443.0
589642930477663402,795,782,787,759,767,772,746,754.0,742.0,736.0,727.0,706.0,692.0,690.0,691.0
589642930522282001,1562,1589,1612,1617,1626,1650,1682,1692.0,1699.0,1741.0,1750.0,1765.0,1725.0,1737.0,1739.0
589742930477775701,15043,15276,15505,15818,16044,16036,16055,16141.0,16265.0,16373.0,16495.0,16721.0,16794.0,16856.0,17014.0
589842930532627701,2523,2477,2467,2475,2478,2451,2419,2348.0,2307.0,2268.0,2231.0,2166.0,2149.0,2075.0,2037.0
589942930461929202,12724,12638,12589,12572,12179,11998,11859,11541.0,11361.0,11173.0,10985.0,10574.0,10500.0,10349.0,10259.0
591142930517656102,7173,7209,7189,7194,7114,7079,7073,6986.0,7003.0,6952.0,6911.0,6766.0,6698.0,6694.0,6623.0
591242930459409302,9732,9841,9917,9887,9961,9934,9895,9770.0,9754.0,9709.0,9714.0,9554.0,9491.0,9541.0,9623.0
591242930525928101,709,698,701,707,719,741,735,730.0,708.0,731.0,710.0,692.0,696.0,709.0,717.0
591442930460881901,1367,1362,1360,1369,1353,1344,1347,1306.0,1290.0,1275.0,1265.0,1237.0,1239.0,1220.0,1228.0
591442930542682902,1512,1494,1502,1517,1491,1477,1492,1454.0,1471.0,1464.0,1453.0,1432.0,1463.0,1455.0,1419.0
591542929861064502,22603,22794,22943,23119,22852,22645,22522,21954.0,21671.0,21533.0,21359.0,21561.0,21471.0,21182.0,21533.0
591642929696689202,3471,3459,3420,3407,3387,3376,3344,3343.0,3327.0,3275.0,3249.0,3138.0,3142.0,3124.0,3143.0
591642930520245202,4496,4510,4443,4516,4521,4507,4513,4541.0,4529.0,4528.0,4488.0,4505.0,4468.0,4494.0,4488.0
591742930528396801,428,427,424,417,413,406,401,391.0,385.0,375.0,365.0,366.0,364.0,368.0,359.0
591842930466935302,804,788,782,780,785,776,780,779.0,781.0,772.0,771.0,775.0,781.0,774.0,790.0
591942930475826602,556,554,546,547,545,526,512,498.0,491.0,484.0,478.0,471.0,476.0,472.0,466.0
592142930449312802,1334,1296,1247,1212,1206,1198,1202,1157.0,1157.0,1146.0,1146.0,1111.0,1099.0,1075.0,1082.0
592242930477337602,5375,5298,5333,5348,5308,5279,5285,5230.0,5232.0,5290.0,5223.0,5177.0,5174.0,5102.0,5103.0
592342929488844701,2145,2141,2173,2166,2140,2113,2074,2016.0,1997.0,1968.0,1934.0,1917.0,1916.0,1899.0,1899.0
592342930459708602,666,657,648,649,629,610,599,586.0,571.0,586.0,575.0,584.0,575.0,576.0,589.0
592442930463877002,4015,4224,4304,4350,4449,4517,4540,4597.0,4582.0,4568.0,4625.0,4584.0,4601.0,4582.0,4593.0
592542929272083201,1126,1114,1113,1090,1125,1152,1148,1137.0,1141.0,1160.0,1151.0,1159.0,1147.0,1194.0,1195.0
592542930458683501,1313,1193,1204,1208,1194,1195,1181,1176.0,1180.0,1157.0,1141.0,1123.0,1098.0,1099.0,1093.0
592542930471919401,14487,14460,14384,14364,14292,14133,14089,13801.0,13751.0,13581.0,13447.0,13412.0,13317.0,13184.0,13105.0
592542930473120501,246,252,254,246,249,240,249,255.0,241.0,234.0,219.0,223.0,219.0,217.0,225.0
592642930456067102,2523,2507,2488,2451,2401,2375,2334,2279.0,2261.0,2227.0,2191.0,2188.0,2159.0,2127.0,2107.0
592842930526388301,59371,59485,59813,60059,60352,60433,60434,60346.0,60427.0,60540.0,60530.0,59794.0,59748.0,59685.0,59620.0
593042930472567801,3598,3616,3613,3646,3658,3690,3679,3696.0,3641.0,3645.0,3634.0,3660.0,3600.0,3571.0,3568.0
593042930525941702,17736,17725,17820,17762,17713,17660,17553,17541.0,17610.0,17574.0,17664.0,17824.0,17788.0,17817.0,17946.0
593242930475730801,4220,4278,4286,4311,4300,4284,4212,4117.0,4054.0,4015.0,3961.0,3820.0,3812.0,3772.0,3804.0
593342930477133702,5010,5099,5176,5223,5235,5392,5316,5272.0,5244.0,5263.0,5250.0,5208.0,5297.0,5326.0,5312.0
593342930550723402,279,286,284,273,274,260,243,222.0,219.0,214.0,199.0,201.0,203.0,208.0,202.0
593442930515371502,204,218,191,170,160,156,200,203.0,154.0,153.0,143.0,135.0,130.0,128.0,123.0
593442930549666501,172,172,170,175,166,162,154,141.0,134.0,138.0,134.0,125.0,113.0,118.0,113.0
593542929061068602,5522,5508,5501,5566,5615,5571,5413,5417.0,5350.0,5310.0,5255.0,5130.0,5067.0,5007.0,4987.0
593542930521351902,2644,2601,2597,2600,2580,2541,2522,2461.0,2426.0,2400.0,2392.0,2349.0,2325.0,2305.0,2259.0
593542930527158301,2785,2840,2857,2915,2917,2923,2951,2988.0,3020.0,3027.0,3033.0,3070.0,3078.0,3071.0,3135.0
593742930508002202,1117,1081,1061,1106,1108,1084,1098,1078.0,1056.0,1060.0,1067.0,1049.0,1048.0,1054.0,1064.0
593742930521614202,266,263,255,247,246,242,226,218.0,204.0,194.0,187.0,179.0,175.0,171.0,174.0
593942930528641901,10790,10849,10896,10979,10992,11018,11004,10906.0,10943.0,10882.0,10787.0,10634.0,10743.0,10738.0,10715.0
594142930457190501,1177,1186,1198,1198,1185,1186,1201,1200.0,1233.0,1240.0,1263.0,1269.0,1253.0,1277.0,1291.0
594442930508177201,2766,2778,2816,2808,2844,2797,2760,2687.0,2683.0,2710.0,2725.0,2688.0,2684.0,2681.0,2638.0
594542930541697702,3706,3679,3682,3612,3603,3549,3540,3431.0,3411.0,3415.0,3342.0,3326.0,3275.0,3255.0,3202.0
594642930449328501,8811,8907,9024,9118,9103,9140,9138,9130.0,9087.0,9086.0,9094.0,9120.0,9127.0,9143.0,9140.0
594642930515594001,477,483,478,464,476,470,470,448.0,446.0,428.0,420.0,403.0,408.0,400.0,403.0
594642930531581601,355,366,360,356,365,363,357,339.0,335.0,312.0,316.0,314.0,322.0,308.0,301.0
595342930546098901,23381,23632,23815,23837,23834,23777,23654,23592.0,23575.0,23465.0,23500.0,22981.0,23064.0,23115.0,23288.0
595642930465653401,94989,95506,96317,96634,96930,97006,96684,96344.0,96736.0,97421.0,97465.0,96520.0,96168.0,95778.0,96145.0
595642930532404801,6105,6190,6196,6190,6181,6171,6157,6137.0,6115.0,6124.0,6121.0,6114.0,6047.0,6034.0,5964.0
595942930518746201,3014,3029,2985,3012,2970,2957,2931,2799.0,2767.0,2760.0,2699.0,2649.0,2623.0,2577.0,2568.0
596042930526196402,837,846,840,859,850,862,861,857.0,840.0,846.0,840.0,834.0,822.0,819.0,833.0
596142930529081401,505,506,510,507,510,501,490,456.0,465.0,466.0,464.0,463.0,459.0,442.0,448.0
596142930531579402,2867,2853,2850,2810,2813,2793,2778,2711.0,2682.0,2662.0,2654.0,2577.0,2548.0,2523.0,2502.0
596142930546348202,1520,1544,1539,1537,1527,1515,1522,1504.0,1518.0,1540.0,1533.0,1553.0,1546.0,1580.0,1583.0
596242930523059101,1820,1804,1752,1748,1737,1738,1732,1692.0,1699.0,1674.0,1671.0,1647.0,1655.0,1667.0,1671.0
596342928865348301,4822,4916,4996,5006,5072,5133,5175,5246.0,5273.0,5391.0,5479.0,5459.0,5433.0,5460.0,5529.0
596342930458865101,9170,9112,9083,9139,9120,9102,9142,9111.0,9031.0,9036.0,8935.0,8731.0,8718.0,8706.0,8708.0
596342930519682902,3259,3242,3238,3236,3202,3201,3203,3191.0,3188.0,3184.0,3165.0,3069.0,3054.0,3000.0,2948.0
596342930530862902,855,855,862,851,843,833,833,825.0,844.0,828.0,847.0,841.0,837.0,826.0,837.0
596442930460384102,28083,28355,28515,28716,28803,28944,29339,29737.0,29794.0,30106.0,30445.0,30557.0,30567.0,30683.0,31095.0
596442930475623901,634,618,624,625,607,602,597,572.0,598.0,568.0,552.0,541.0,522.0,511.0,509.0
596542928666175601,3403,3364,3341,3297,3255,3213,3151,3067.0,3037.0,3004.0,2952.0,2872.0,2878.0,2830.0,2817.0
596542930459563002,5330,5264,5201,5183,5208,5183,5168,5042.0,5031.0,4952.0,4924.0,4867.0,4796.0,4714.0,4657.0
596542930459823601,2870,2857,2905,2918,2919,2903,2950,2874.0,2847.0,2810.0,2834.0,2822.0,2773.0,2787.0,2787.0
596542930478696401,7419,7393,7370,7406,7406,7395,7333,7263.0,7245.0,7254.0,7203.0,7237.0,7212.0,7131.0,7162.0
596842930531387001,566,565,563,544,536,543,533,513.0,524.0,527.0,528.0,506.0,486.0,503.0,511.0
597042930457165401,760,739,728,724,724,716,698,700.0,719.0,722.0,724.0,731.0,716.0,709.0,719.0
597242930449725302,2750,2765,2778,2734,2725,2689,2711,2667.0,2648.0,2622.285714285714,2623.0,2636.0,2610.0,2572.0,2600.0
597542930525509602,190,196,192,192,187,183,182,181.0,182.0,178.0,176.0,183.0,175.0,174.0,163.0
597542930540997201,1739,1738,1768,1768,1760,1723,1748,1754.0,1733.0,1745.0,1741.0,1720.0,1707.0,1680.0,1684.0
597842927910570102,2635,2627,2591,2548,2506,2482,2457,2338.0,2314.0,2271.0,2228.0,2135.0,2121.0,2094.0,2064.0
598042930480248302,575,591,596,600,612,611,621,611.0,571.0,559.0,524.0,536.0,554.0,544.0,550.0
598342930464702101,4592,4578,4565,4508,4464,4419,4412,4314.428571428572,4365.0,4318.0,4335.0,4270.0,4318.0,4293.0,4302.0
598542930461791302,444,440,419,398,399,402,390,392.0,386.0,359.0,357.0,357.0,343.0,327.0,327.0
598542930475870101,4403,4317,4301,4275,4221,4173,4165,4036.0,4016.0,3971.0,3918.0,3836.0,3801.0,3724.0,3684.0
598542930533871601,2043,2071,2087,2082,2068,2052,2069,2073.0,2041.0,2019.0,1999.0,1972.0,1975.0,1979.0,2009.0
598642929013099802,3451,3443,3416,3383,3390,3440,3415,3376.0,3349.0,3328.0,3252.0,3166.0,3231.0,3168.0,3177.0
598642930477505101,3093,3114,3110,3099,3097,3113,3145,3157.0,3147.0,3176.0,3149.0,3122.0,3115.0,3086.0,3110.0
598742930519103702,564,558,546,526,507,489,487,460.0,454.0,444.0,423.0,420.0,419.0,412.0,406.0
598742930532516401,620,605,622,629,641,627,612,586.0,581.0,573.0,557.0,550.0,543.0,544.0,539.0
598942930524473502,5152,5163,5167,5153,5123,5078,5035,4749.714285714285,4910.0,4886.0,4834.0,4751.0,4697.0,4617.0,4553.0
598942930528649802,6320,6339,6359,6402,6459,6395,6326,6212.0,6207.0,6256.0,6170.0,6092.0,6080.0,6050.0,6059.0
599242930479376201,11513,11686,11849,12040,11977,11978,11988,12141.0,12233.0,12361.0,12390.0,12483.0,12706.0,12833.0,12961.0
599242930523902202,2790,2747,2713,2697,2702,2678,2657,2597.0,2560.0,2499.0,2492.0,2443.0,2448.0,2460.0,2455.0
599242930530515602,951,959,924,951,953,956,947,930.0,921.0,882.0,850.0,852.0,852.0,868.0,851.0
599442930455207201,470,510,530,540,546,541,529,529.0,532.0,532.0,527.0,526.0,532.0,551.0,546.0
599442930479292302,2299,2312,2288,2257,2227,2224,2215,2201.0,2140.0,2088.0,2050.0,2058.0,2031.0,2008.0,2004.0
599542930517704302,2231,2203,2170,2175,2156,2165,2170,2090.0,2063.0,2017.0,1985.0,1955.0,1947.0,1929.0,1915.0
599642930529222701,7205,7255,7204,7120,7120,7091,7118,7185.0,7120.0,7133.0,7167.0,7176.0,7096.0,7018.0,7097.0
599742930537896002,588,573,577,561,562,557,569,564.0,554.0,558.0,543.0,526.0,526.0,500.0,487.0
599742930543267201,4143,4100,4076,4081,4074,4017,4015,3959.0,3921.0,3871.0,3886.0,3799.0,3774.0,3728.0,3719.0
599842930469507701,6848,6850,6863,6928,6965,6956,6875,6808.0,6855.0,6789.0,6841.0,6855.0,6846.0,6870.0,7005.0
599942930477494401,17093,17151,17150,17220,17134,17090,17103,16963.0,17025.0,16987.0,16827.0,16690.0,16643.0,16456.0,16436.0
599942930517386201,2280,2232,2256,2239,2185,2179,2200,2220.0,2171.0,2134.0,2090.0,2056.0,2037.0,2065.0,2106.0
601142930530304601,1269,1288,1317,1340,1358,1362,1351,1332.0,1365.0,1375.0,1409.0,1380.0,1370.0,1365.0,1365.0
601142930532628902,9682,9826,9953,10007,9965,9972,9977,10030.0,10013.0,10031.0,9958.0,9936.0,9890.0,9835.0,9844.0
601342930534500301,1240,1247,1231,1225,1200,1182,1172,1167.0,1172.0,1148.0,1149.0,1112.0,1120.0,1108.0,1108.0
601542930548744701,1997,1952,1944,1952,1958,1935,1933,1921.0,1908.0,1899.0,1898.0,1860.0,1858.0,1833.0,1807.0
601742929704138702,557,582,583,580,578,566,542,535.1666666666666,548.0,535.1666666666666,535.0,526.0,529.0,538.0,535.0
601842930531541802,7280,7429,7558,7714,7829,7878,7862,7847.0,7906.0,7922.0,7953.0,7957.0,7931.0,7983.0,7939.0
601942930477296302,347,340,365,354,360,365,373,370.0,363.0,361.0,354.0,359.0,364.0,354.0,361.0
601942930545625601,4465,4525,4509,4537,4549,4549,4500,4524.0,4485.0,4461.0,4425.0,4455.0,4510.0,4541.0,4550.0
602042930459604702,3322,3305,3276,3256,3211,3195,3178,3124.0,3071.0,3058.0,2997.0,2962.0,2945.0,2923.0,2907.0
602042930533617202,344,348,362,355,340,346,324,345.0,327.0,313.0,299.0,312.0,312.0,326.0,337.0
602142930459145702,81003,80691,80453,80258,80245,80484,80520,80701.0,80686.0,80876.0,80724.0,79350.0,78740.0,78409.0,78819.0
602142930463647002,63775,63951,64149,63721,63630,63851,63675,63056.0,63348.0,63072.0,62808.0,61861.0,62198.0,61712.0,61586.0
602442930461109002,45034,45430,45856,46000,46157,46264,46015,45952.857142857145,45349.0,45449.0,45497.0,46389.0,46390.0,46253.0,46343.0
602442930476369502,11227,11256,11388,11492,11633,11754,11789,11839.0,11880.0,11867.0,11950.0,12052.0,12002.0,12016.0,12059.0
602442930543862902,129,124,116,112,121,115,116,114.0,109.0,114.0,115.0,116.0,115.0,114.0,110.0
602542930516182701,1231,1179,1150,1164,1161,1189,1155,1145.0,1132.0,1139.0,1123.0,1124.0,1121.0,1135.0,1143.0
602642930517270801,1269,1288,1317,1340,1358,1362,1351,406.0,399.0,400.0,392.0,389.0,388.0,386.0,389.0
602742928923797302,6534,6486,6401,6430,6422,6401,6397,6388.0,6433.0,6417.0,6346.0,6292.0,6304.0,6214.0,6203.0
602842930465367401,2503,2538,2557,2570,2569,2560,2566,2547.0,2558.0,2538.0,2547.0,2505.0,2492.0,2472.0,2520.0
602842930550309601,1157,1160,1137,1129,1101,1102,1077,1049.0,1013.0,1006.0,974.0,956.0,923.0,898.0,901.0
603042930517565201,43994,44108,44251,44214,44243,43981,43717,43359.0,43248.0,43083.0,42919.0,42895.0,42915.0,42703.0,42376.0
603042930517800901,16196,16257,16285,16310,16403,16468,16477,16629.0,16560.0,16656.0,16679.0,16644.0,16751.0,16801.0,16915.0
603142930464879901,61522,61715,61953,61948,61785,61777,62103,62132.0,61760.0,61252.0,60294.0,59864.0,59245.0,58532.0,58342.0
603142930536135501,482,494,489,486,475,453,473,477.0,472.0,470.0,474.0,477.0,476.0,498.0,491.0
603242929528873402,6047,6075,6047,6105,6078,5973,5903,5801.0,5825.0,5805.0,5918.0,5989.0,6066.0,5992.0,6045.0
603242930453273701,4541,4606,4611,4561,4535,4540,4504,4481.0,4421.0,4456.0,4432.0,4368.0,4257.0,4198.0,4136.0
603442930540543902,1250,1227,1220,1197,1167,1147,1119,1074.0,1060.0,1019.0,1009.0,992.0,970.0,939.0,922.0
603542930459425401,20964,20806,20516,20429,20224,20185,20106,19769.0,19609.0,19599.0,19513.0,19175.0,19118.0,18924.0,18821.0
603542930461122101,7709,7670,7642,7588,7484,7468,7406,7273.0,7229.0,7177.0,7162.0,7250.0,7198.0,7135.0,7135.0
603642930473938801,3627,3593,3561,3521,3493,3517,3529,3511.0,3462.0,3410.0,3372.0,3327.0,3267.0,3210.0,3217.0
603742930532254401,1368,1398,1401,1417,1407,1426,1412,1430.0,1393.0,1400.0,1387.0,1403.0,1414.0,1394.0,1404.0
603942928288395502,3656,3658,3687,3700,3695,3690,3712,3658.0,3657.0,3687.0,3678.0,3634.0,3643.0,3650.0,3657.0
604042930533456501,489,460,440,427,410,402,403,387.0,373.0,363.0,350.0,343.0,325.0,319.0,308.0
604442930516714501,3848,3873,3890,3870,3859,3840,3836,3807.0,3759.0,3737.0,3731.0,3710.0,3694.0,3644.0,3667.0
604442930524119801,2338,2303,2289,2251,2213,2172,2167,2081.0,2057.0,2055.0,2042.0,2017.0,2000.0,2004.0,2009.0
604542930549186401,14615,14638,14680,14702,14635,14608,14552,14362.0,14265.0,14189.0,14082.0,13911.0,13782.0,13731.0,13757.0
604742930527736902,546,535,531,534,527,515,512,515.0,499.0,484.0,481.0,482.0,471.0,461.0,446.0
604942930455731001,101,92,92,81,83,84,84,78.0,79.0,76.0,78.0,83.0,79.0,76.0,78.0
604942930518583101,3112,3092,3079,3021,3005,2994,2996,2980.0,2944.0,2942.0,2966.0,2951.0,2941.0,2943.0,2973.0
605042930463498402,258,258,260,263,252,246,241,240.0,227.0,223.0,221.0,224.0,220.0,210.0,201.0
605142928043599202,2582,2539,2550,2549,2521,2447,2463,2422.0,2375.0,2356.0,2306.0,2265.0,2241.0,2204.0,2205.0
605242928247165901,208,212,207,208,203,197,194,192.0,195.0,187.0,179.0,178.0,178.0,184.0,191.0
605242929514279101,3954,4057,4167,4323,4411,4435,4471,4462.0,4436.0,4369.0,4382.0,4385.0,4379.0,4384.0,4467.0
605442930523496602,5592,5626,5635,5668,5633,5635,5652,5706.0,5659.0,5573.0,5568.0,5618.0,5523.0,5499.0,5481.0
605542930518208001,91,89,85,81,80,76,70,60.0,59.0,60.0,59.0,59.0,53.0,58.0,55.0
605642930462346002,24757,24731,24690,24605,24688,24648,24455,24011.0,23908.0,23939.0,23911.0,23131.0,23018.0,22851.0,22927.0
605842927909613602,65470,65284,65287,65082,64778,64194,63732,62284.0,61984.0,61561.0,61314.0,60833.0,60185.0,59905.0,59793.0
605842929488900701,421,411,399,400,399,388,394,381.0,371.0,368.0,359.0,346.0,345.0,344.0,347.0
606042930459235902,12962,13035,13063,13093,13343,13240,13489,13522.0,13539.0,13469.0,13461.0,13366.0,13295.0,13229.0,13302.0
606042930524723102,2492,2451,2439,2412,2386,2354,2340,2302.0,2309.0,2300.0,2321.0,2232.0,2245.0,2238.0,2223.0
606042930533821802,13216,13213,13339,13301,13291,13301,13254,13116.0,13010.0,12877.0,12792.0,12585.0,12538.0,12429.0,12416.0
606142930530396101,471,472,469,455,455,443,440,420.0,410.0,401.0,404.0,391.0,396.0,389.0,372.0
606242930529461702,994,977,968,947,916,912,887,844.0,847.0,813.0,793.0,793.0,776.0,774.0,776.0
606342930473257802,996,1009,1026,1025,1009,1016,986,948.0,941.0,932.0,921.0,946.0,936.0,926.0,903.0
606342930520935601,5456,5402,5351,5381,5398,5377,5323,5265.0,5181.0,5154.0,5152.0,5046.0,5001.0,4964.0,5001.0
606342930525324901,8700,8640,8633,8655,8612,8591,8575,8538.0,8386.0,8245.0,8152.0,8096.0,8061.0,8031.0,8009.0
606442930266044402,804,821,832,832,827,840,831,855.0,841.0,854.0,827.0,831.0,830.0,818.0,815.0
606442930509031902,885,868,860,845,835,825,822,795.0,793.0,773.0,758.0,744.0,727.0,710.0,705.0
606542930474426001,1153,1178,1175,1213,1276,1280,1279,1303.0,1306.0,1321.571428571429,1320.0,1278.0,1335.0,1350.0,1359.0
606542930508410601,1399,1382,1363,1335,1321,1314,1295,1293.0,1300.0,1307.0,1265.0,1215.0,1237.0,1187.0,1221.0
606742930451742602,10103,10278,10483,10612,10720,10790,10815,10861.0,10916.0,10914.0,11000.0,11073.0,11230.0,11265.0,11324.0
607042929816234301,1591,1614,1628,1656,1654,1671,1668,1686.0,1686.0,1703.0,1703.0,1686.0,1703.0,1723.0,1734.0
607042930523355301,2681,2736,2750,2798,2841,2800,2765,2741.0,2736.0,2678.0,2618.0,2638.0,2584.0,2522.0,2509.0
607342928096763401,17285,17334,17325,17353,17587,17583,17568,17426.0,17411.0,17295.0,17050.0,16645.0,16579.0,16507.0,16465.0
607342930517964902,1610,1605,1564,1552,1537,1516,1486,1472.0,1450.0,1431.0,1394.0,1365.0,1350.0,1330.0,1328.0
607542930518974101,23589,23657,23698,23768,23739,23517,23334,22926.0,22694.0,22481.0,22340.0,22287.0,22305.0,22209.0,22101.0
607642930454021201,7268,7290,7301,7293,7293,7266,7197,7091.0,7131.0,7145.0,7084.0,7064.0,6962.0,6934.0,7007.0
607642930463621501,167,167,163,166,179,182,174,167.0,163.0,169.0,157.0,161.0,158.0,147.0,146.0
607642930468169701,1128,1101,1077,1070,1095,1090,1109,1098.0,1101.0,1084.0,1078.0,1065.0,1067.0,1067.0,1061.0
607642930537271102,982,990,974,961,923,923,914,918.0,921.0,879.0,861.0,857.0,868.0,851.0,838.0
607742930533867501,3542,3578,3617,3642,3603,3566,3582,3632.0,3665.0,3647.0,3677.0,3615.0,3597.0,3637.0,3647.0
608142929309521301,15229,15436,15608,15604,15694,15611,15628,15548.0,15618.0,15736.0,15688.0,15544.0,15546.0,15598.0,15787.0
608242929166128302,88947,89256,89572,89737,89362,88917,88270,87014.0,86028.0,85397.0,84465.0,83690.0,83317.0,82694.0,82268.0
608342930460180901,1813,1771,1773,1774,1772,1777,1726,1603.0,1563.0,1522.0,1492.0,1474.0,1473.0,1541.0,1580.0
608342930466842201,916,907,925,934,949,931,930,929.0,922.0,915.0,920.0,902.0,895.0,908.0,908.0
608442930450561601,8841,8779,8787,8713,8590,8509,8411,8251.0,8190.0,8084.0,8049.0,7889.0,7838.0,7732.0,7718.0
608442930544190202,2779,2752,2769,2744,2768,2761,2748,2701.0,2669.0,2632.0,2604.0,2554.0,2511.0,2460.0,2460.0
608642930550485002,2222,2232,2181,2158,2169,2150,2111,2072.0,2054.0,2012.0,1977.0,1929.0,1914.0,1893.0,1885.0
608742930527235302,17614,17950,18182,18378,18528,18617,18646,18910.0,19002.0,19060.0,19087.0,19113.0,19117.0,19207.0,19377.0
608842930448699501,577,578,547,537,540,534,536,513.0,491.0,483.0,478.0,494.0,504.0,508.0,518.0
608942930519744202,1986,2031,2037,2036,2056,2037,2065,1958.0,1929.0,1910.0,1898.0,1877.0,1835.0,1827.0,1840.0
609142930478083502,5364,5322,5249,5234,5292,5262,5239,5234.0,5253.0,5227.0,5193.0,5097.0,5057.0,5028.0,5001.0
609142930545018002,2916,2899,2934,2886,2859,2835,2831,2748.0,2745.0,2730.0,2703.0,2629.0,2637.0,2589.0,2612.0
609242930475241401,93,94,79,78,75,76,76,72.0,75.0,75.0,76.0,75.0,72.0,71.0,74.0
609342930519980402,357,346,356,348,350,339,338,319.0,319.0,317.0,301.0,295.0,292.0,280.0,280.0
609442929613635201,1645,1662,1650,1621,1549,1539,1517,1546.0,1545.0,1511.0,1506.0,1466.0,1470.0,1442.0,1452.0
609542928176021402,21355,21220,21105,21024,20880,20775,20812,20558.0,20150.285714285714,20259.0,20189.0,20184.0,20087.0,19938.0,19837.0
609742930471752701,12048,12044,12137,12140,12130,12083,12047,11996.0,11897.0,11943.0,11980.0,12220.0,12293.0,12278.0,12237.0
609942930510039901,3672,3813,3841,3873,3919,3914,3878,3793.0,3778.0,3729.0,3705.0,3668.0,3692.0,3654.0,3644.0
609942930528550401,6463,6676,6872,6862,6894,6914,6885,6829.0,6795.0,6792.0,6802.0,6838.0,6815.0,6781.0,6876.0
611142930519056902,11618,12093,12491,12860,13207,13394,13662,13804.0,14026.0,13967.0,13943.0,14174.0,14258.0,14331.0,14412.0
611242930456564601,1263,1262,1255,1258,1255,1248,1241,1227.0,1223.0,1206.0,1182.0,1139.0,1144.0,1129.0,1106.0
611242930544170802,8807,8836,9025,9026,9249,9342,9351,9360.0,9440.0,9449.0,9467.0,9441.0,9451.0,9408.0,9416.0
611442929236057902,7383,7541,7729,7857,7876,7925,7964,7956.0,8093.0,8041.0,8118.0,8160.0,8190.0,8144.0,8242.0
611442930536252502,1551,1502,1509,1474,1457,1464,1484,1470.0,1445.0,1457.0,1458.0,1443.0,1435.0,1428.0,1423.0
611542928135643301,521,498,480,464,448,448,436,428.0,429.0,419.0,406.0,395.0,400.0,406.0,399.0
611542930463206002,1618,1612,1617,1648,1703,1726,1748,1765.0,1758.0,1743.0,1705.0,1711.0,1757.0,1752.0,1751.0
611542930465552501,1353,1344,1327,1279,1269,1255,1233,1195.0,1157.0,1124.0,1110.0,1091.0,1078.0,1051.0,1013.0
611842930525086802,2076,2061,2066,2036,2006,2030,2044,1961.0,1965.0,1941.0,1895.0,1846.0,1810.0,1803.0,1858.0
611842930528062002,1565,1567,1570,1621,1620,1642,1607,1569.0,1565.0,1542.0,1542.0,1510.0,1503.0,1493.0,1479.0
611942930458139602,2697,2675,2674,2641,2612,2604,2581,2474.0,2409.0,2385.0,2370.0,2298.0,2264.0,2162.0,2337.4285714285716
611942930516991901,239,224,220,222,212,214,206,189.0,188.0,175.0,168.0,160.0,163.0,165.0,161.0
611942930525522002,3974,3917,3896,3872,3893,3852,3787,3702.0,3639.0,3577.0,3587.0,3542.0,3508.0,3488.0,3461.0
612142929514163102,5601,5740,5832,5932,5946,5956,6024,6058.0,6026.0,6074.0,6077.0,6070.0,6043.0,6036.0,6080.0
612342928108786601,5467,5463,5431,5405,5384,5300,5227,5132.0,5122.0,5043.0,5137.0,5133.0,5113.4,5113.4,5113.4
612342930457889302,2347,2316,2291,2280,2211,2184,2160,2121.0,2114.0,2076.0,2064.0,2034.0,1998.0,1949.0,1961.0
612342930543404502,1667,1670,1652,1654,1633,1635,1623,1579.0,1560.0,1547.0,1530.0,1489.0,1479.0,1467.0,1459.0
612442930473165602,3029,2998,3049,3079,3060,3038,2997,3012.0,3003.0,3020.0,2986.0,2977.0,2992.0,2995.0,2978.0
612542928601833902,977,981,993,1008,1012,1016,1009,1017.0,1016.0,986.0,994.0,1019.0,1008.0,1007.0,1014.0
612742930457760601,612,643,644,648,623,628,607,548.0,544.0,535.0,512.0,493.0,480.0,476.0,463.0
612742930473475701,235,226,225,227,227,231,233,204.0,204.0,207.0,203.0,198.0,193.0,197.0,192.0
612742930509766401,1480,1463,1465,1469,1454,1442,1454,1468.0,1456.0,1459.0,1460.0,1437.0,1423.0,1395.0,1372.0
612942930464604802,3044,3026,3032,3005,3009,2986,2969,2924.0,2901.0,2886.0,2785.0,2753.0,2760.0,2719.0,2671.0
613142930522255301,8814,8882,8932,9026,9026,9027,9021,8847.0,8761.0,8656.0,8585.0,8521.0,8508.0,8477.0,8539.0
613142930527786601,19419,19431,19502,19466,19433,19268,19234,18976.0,18853.0,18768.0,18651.0,18541.0,18444.0,18361.0,18231.0
613142930541713601,20934,20991,21185,21170,21004,20860,20780,20677.0,20532.0,20418.0,20241.0,19679.0,19561.0,19353.0,19112.0
613242930469281302,1864,1849,1849,1830,1813,1835,1809,1815.0,1766.0,1697.0,1667.0,1637.0,1629.0,1613.0,1572.0
613342930527812301,233,218,222,218,211,216,212,199.0,191.0,185.0,185.0,173.0,174.0,171.0,164.0
613642930458178401,1222,1225,1223,1234,1280,1249,1224,1180.0,1160.0,1159.0,1154.0,1148.0,1173.0,1194.0,1173.0
613742930531180301,12487,12571,12643,12648,12683,12725,12662,12344.0,12494.0,12429.0,12072.0,12204.0,12397.0,12391.0,12457.0
613842930474030501,305,290,280,275,271,261,249,245.0,251.0,249.0,247.0,244.0,236.0,236.0,224.0
613842930529166701,2719,2732,2721,2682,2638,2628,2616,2523.0,2513.0,2497.0,2476.0,2505.0,2474.0,2404.0,2353.0
613842930530935001,2234,2255,2210,2214,2239,2281,2283,2225.0,2201.0,2204.0,2194.0,2184.0,2208.0,2194.0,2206.0
614042930510485702,612,628,625,642,652,638,653,715.0,618.0,626.0,615.0,605.0,593.0,580.0,585.0
614142930449855601,49597,49938,50076,50366,50593,50404,50249,50431.0,50468.0,50047.0,50053.0,50742.0,50618.0,50299.0,50847.0
614142930545162802,4303,4359,4330,4273,4254,4189,4179,4056.0,3958.0,3943.0,3933.0,3891.0,3869.0,3856.0,3882.0
614242930526869301,1311,1302,1322,1321,1319,1281,1258,1251.0,1256.0,1225.0,1197.0,1182.0,1196.0,1193.0,1210.0
614342930316630702,1059,1060,1049,1040,1021,969,944,946.0,941.0,950.0,918.0,920.0,886.0,869.0,847.0
614442930529223002,4916,5004,5037,5038,5027,5057,5029,4991.0,5035.0,5062.0,5097.0,5152.0,5112.0,5090.0,5067.0
614642930460835202,43890,43642,43500,43414,43063,42715,42290,42072.0,41870.0,41778.0,41355.0,40674.0,40523.0,40153.0,40051.0
614942930520133301,3264,3298,3315,3305,3298,3278,3255,3191.0,3167.0,3163.0,3145.0,3117.0,3114.0,3101.0,3095.0
615042930535854102,1002,993,1018,1036,1006,985,986,981.0,956.0,935.0,931.0,924.0,916.0,911.0,897.0
615242930529026902,2896,2877,2851,2845,2808,2796,2792,2747.0,2724.0,2687.0,2662.0,2591.0,2542.0,2523.0,2518.0
615242930534894001,5621,5645,5644,5680,5660,5646,5614,5486.0,5479.0,5391.0,5367.0,5333.0,5308.0,5343.0,5340.0
615542930453514002,2555,2562,2559,2523,2523,2455,2471,2435.0,2407.0,2362.5714285714284,2369.0,2325.0,2306.0,2317.0,2379.0
615542930472245601,2036,2022,2024,1990,2000,2000,2012,1969.0,1963.0,1945.0,1932.0,1854.0,1882.0,1846.0,1841.0
615542930472598101,784,769,766,746,765,745,724,707.0,684.0,676.0,656.0,648.0,655.0,643.0,650.0
615542930524160001,1269,1270,1258,1249,1236,1230,1213,1179.0,1182.0,1154.0,1155.0,1152.0,1140.0,1131.0,1115.0
615642928791241702,447,445,446,454,469,459,443,434.0,417.0,398.0,390.0,395.0,390.0,391.0,382.0
615642930453924201,3478,3416,3417,3423,3451,3426,3356,3254.0,3225.0,3181.0,3176.0,3133.0,3094.0,3072.0,3070.0
615642930548013602,2459,2430,2345,2260,2219,2197,2168,2097.0,2040.0,1945.0,1943.0,1915.0,1871.0,1836.0,1949.571428571429
615742930472569902,4926,4924,4892,4926,4894,4789,4743,4697.0,4610.0,4590.0,4540.0,4522.0,4513.0,4506.0,4534.0
615742930517542101,2820,2852,2852,2846,2856,2800,2757,2744.0,2729.0,2715.0,2716.0,2642.0,2634.0,2610.0,2601.0
615842930452120801,59932,60746,61308,61467,61960,62387,62631,62878.0,62443.0,62912.0,62969.0,62340.0,62201.0,62076.0,62614.0
615842930464614501,5545,5637,5655,5740,5687,5654,5658,5679.0,5657.0,5602.0,5609.0,5612.0,5609.0,5562.0,5642.0
615842930540550801,380,393,380,375,372,369,374,355.0,342.0,319.0,311.0,311.0,312.0,313.0,313.0
616142930535327501,3695,3776,3833,3801,3784,3757,3781,3744.0,3726.0,3683.0,3686.0,3701.0,3642.0,3639.0,3644.0
616342928009789001,1381,1352,1354,1336,1330,1316,1320,1301.0,1265.0,1238.0,1207.0,1181.0,1179.0,1134.0,1131.0
616342930540564901,3226,3248,3277,3280,3292,3274,3242,3238.0,3218.0,3227.0,3214.0,3172.0,3182.0,3195.0,3156.0
616542930525105801,760,756,766,752,762,752,757,718.0,705.0,684.0,671.0,663.0,649.0,648.0,633.0
616842929189316902,266,274,273,267,258,255,247,228.0,218.0,218.0,208.0,223.0,222.0,220.0,219.0
616842930524612002,4781,4775,4786,4740,4726,4674,4681,4612.0,4590.0,4587.0,4531.0,4453.0,4428.0,4379.0,4374.0
616942930507685202,1235,1215,1216,1224,1212,1207,1193,1158.0,1138.0,1117.0,1087.0,1044.0,1042.0,1036.0,1018.0
617242930472545102,680,660,653,654,633,625,622,583.0,569.0,568.0,559.0,540.0,533.0,524.0,514.0
617542930461420101,1071,1060,1029,1002,967,969,968,951.0,952.0,920.0,894.0,877.0,883.0,891.0,873.0
617742930535217001,3015,3121,3158,3222,3349,3402,3424,3395.0,3371.0,3341.0,3364.0,3271.0,3324.0,3337.0,3378.0
617942930460510202,796,773,777,768,759,741,758,733.0,728.0,720.0,711.0,709.0,709.0,694.0,677.0
618042930451043001,1507,1518,1509,1490,1479,1455,1462,1407.0,1376.0,1354.0,1346.0,1341.0,1320.0,1323.0,1369.0
618042930525354301,14714,14883,14992,15079,14985,14902,15014,14997.0,16736.0,16612.0,16007.0,16618.0,16223.0,16221.0,16232.0
618342930517732602,1540,1531,1494,1466,1403,1376,1357,1276.0,1241.0,1192.0,1156.0,1137.0,1116.0,1109.0,1112.0
618442930479187302,1469,1467,1474,1485,1456,1450,1432,1381.0,1366.0,1331.0,1311.0,1296.0,1271.0,1280.0,1288.0
618642930476813602,518,513,508,527,529,522,522,513.0,516.0,515.0,500.0,504.0,508.0,491.0,489.0
618842930525478901,4971,4961,4893,4938,4887,4897,4905,4828.0,4764.0,4736.0,4760.0,4678.0,4665.0,4602.0,4590.0
619042930458308802,4109,4146,4125,4125,4086,4128,4130,4127.0,4109.0,4112.0,4125.0,4022.0,4092.0,4135.0,4153.0
619442930456902601,2374,2382,2434,2442,2434,2454,2415,2347.0,2316.0,2330.0,2285.0,2252.0,2249.0,2239.0,2261.0
619642930461679002,1321,1321,1317,1312,1308,1296,1292,1289.0,1280.0,1282.0,1269.0,1245.0,1261.0,1274.0,1292.0
619642930467832502,34620,34752,34951,34885,34711,34524,34269,33926.0,33694.0,33360.0,33180.0,32648.0,32304.0,32194.0,32443.0
619842930518854401,1473,1442,1442,1415,1405,1375,1357,1328.0,1316.0,1283.0,1258.0,1259.0,1255.0,1236.0,1250.0
621242930519112201,1118,1138,1133,1133,1170,1176,1165,1193.0,1124.0,1112.0,1091.0,1079.0,1065.0,1049.0,1064.0
621342930458041402,1285,1311,1337,1343,1347,1342,1332,1298.0,1311.0,1283.0,1288.0,1266.0,1271.0,1281.0,1286.0
621342930460442702,42719,42648,43173,43187,43301,43364,43219,43109.0,43052.0,42874.0,42773.0,42527.0,42334.0,42395.0,42434.0
621442930509631801,3783,3856,3877,3918,3899,3917,3933,3876.0,3827.0,3795.0,3785.0,3720.0,3716.0,3715.0,3715.0
621442930533515701,3520,3532,3544,3581,3600,3562,3554,3566.0,3588.0,3565.0,3561.0,3548.0,3534.0,3525.0,3525.0
621442930542426801,1281,1266,1242,1221,1207,1197,1195,1136.0,1131.0,1127.0,1125.0,1101.0,1105.0,1083.0,1079.0
621842928305365001,241,239,244,235,238,240,242,225.71428571428572,247.0,229.0,225.0,218.0,218.0,221.0,222.0
621942930527380301,1669,1670,1649,1657,1606,1582,1564,1522.0,1506.0,1498.0,1492.0,1448.0,1443.0,1431.0,1431.0
622142930525597202,744,734,721,722,724,711,698,700.0,694.0,692.0,682.0,662.0,661.0,653.0,657.0
622342930454373401,1962,1948,1939,1911,1886,1869,1852,1815.0,1784.0,1742.0,1699.0,1624.0,1624.0,1596.0,1583.0
622342930530575101,9883,9849,9820,9756,9837,9874,9858,9768.0,9746.0,9782.0,9686.0,9636.0,9641.0,9615.0,9656.0
622542930524635402,2236,2331,2380,2448,2464,2489,2463,2455.0,2498.0,2536.0,2566.0,2521.0,2530.0,2517.0,2516.0
623042930453137202,1021,992,978,990,960,937,914,900.0,890.0,889.0,873.0,887.0,859.0,838.0,876.5714285714286
623042930474490501,4150,4181,4235,4250,4288,4301,4256,4144.0,4142.0,4092.0,4108.0,4081.0,4103.0,4084.0,4089.0
623042930476919301,1892,1875,1867,1844,1844,1833,1840,1838.0,1853.0,1818.0,1782.0,1758.0,1771.0,1764.0,1749.0
623142930537296402,609,624,613,596,586,579,559,552.0,557.0,541.0,531.0,509.0,520.0,511.0,501.0
623342930473502501,2780,2771,2766,2733,2681,2698,2698,2676.0,2648.0,2609.0,2576.0,2503.0,2531.0,2488.0,2474.0
623742930507962602,740,719,713,724,716,724,721,772.0,822.0,776.5714285714286,726.0,778.0,808.0,733.0,797.0
623742930536195201,553,546,549,548,561,548,548,548.0,534.0,515.0,502.0,490.0,497.0,491.0,494.0
623942928258542701,1272,1292,1294,1289,1300,1257,1233,1196.0,1178.0,1171.0,1184.0,1146.0,1156.0,1148.0,1141.0
623942930530823901,5383,5393,5366,5372,5412,5407,5379,5336.0,5344.0,5300.0,5289.0,5238.0,5233.0,5209.0,5150.0
624142929684805401,6250,6258,6326,6295,6277,6215,6209,6195.0,6156.0,6143.0,6120.0,6055.0,6010.0,5980.0,5993.0
624142930451687501,368,356,330,327,324,319,305,317.0,322.0,310.0,296.0,291.0,286.0,280.0,284.0
624242930455754701,80,82,78,78,77,74,74,75.0,75.0,77.0,75.0,75.0,74.0,67.0,71.0
624242930475530502,11577,11563,11530,11510,11462,11362,11285,11107.0,10922.0,10753.0,10604.0,10373.0,10308.0,10158.0,10060.0
624342930529722402,1667,1678,1659,1669,1648,1668,1677,1639.0,1647.0,1670.0,1652.0,1618.0,1620.0,1605.0,1619.0
624342930532757901,233,221,213,210,202,202,199,193.0,187.0,178.0,171.0,170.0,175.0,178.0,165.0
624442928726031502,623,612,600,595,589,569,570,563.0,556.0,558.0,552.0,534.0,530.0,525.0,523.0
624442930464003901,17162,17156,17236,17243,17314,17259,17261,17094.0,17012.0,16975.0,16970.0,16973.0,16928.0,16864.0,16902.0
624542930530514701,27857,28103,28546,28745,28859,29018,28890,28778.0,28646.0,28575.0,28485.0,28399.0,28313.0,28182.0,28126.0
624742930142486002,962,964,935,929,908,892,883,880.0,886.0,862.0,859.0,872.0,835.0,811.0,801.0
624742930530714801,4393,4360,4345,4350,4329,4319,4331,4364.0,4325.0,4316.0,4301.0,4188.0,4164.0,4133.0,4113.0
624942930479378202,2920,2909,2871,2804,2772,2756,2687,2619.0,2609.0,2596.0,2540.0,2431.0,2440.0,2416.0,2451.0
624942930509974501,7432,7542,7634,7720,7803,7816,7815,7811.0,7901.0,7925.0,7980.0,7989.0,8026.0,8105.0,8236.0
625042930475269601,7587,7719,7702,7666,7593,7578,7543,7490.0,7474.0,7421.0,7405.0,7372.0,7398.0,7367.0,7412.0
625142930460858601,4691,4722,4735,4719,4749,4764,4741,4808.0,4781.0,4796.0,4800.0,4768.0,4766.0,4801.0,4793.0
625342929466954002,4057,4195,4255,4331,4372,4439,4484,4444.0,4481.0,4511.0,4520.0,4529.0,4516.0,4496.0,4507.0
625442930530055402,12664,12618,12718,12762,12700,12706,12611,12627.0,12671.0,12640.0,12604.0,12334.0,12311.0,12263.0,12338.0
625542930533010301,10016,10102,10317,10505,10686,10705,10723,10752.0,10786.0,10780.0,10789.0,10804.0,10751.0,10845.0,10887.0
625742930470569001,181,180,195,199,198,208,202,199.0,194.0,195.0,192.0,201.0,202.0,200.0,215.0
625842930518152502,56633,57363,57780,58082,58284,58500,58165,58216.0,58118.0,58173.0,58288.0,59063.0,58899.0,58710.0,58844.0
626142930480164301,4503,4508,4591,4559,4559,4581,4573,4576.0,4579.0,4578.0,4540.0,4717.0,4531.0,4553.0,4557.0
626142930540691101,2630,2639,2680,2740,2748,2730,2765,2867.714285714286,2831.0,2810.0,2836.0,2909.0,2820.0,2805.0,3063.0
626142930545055902,6602,6575,6585,6545,6484,6504,6570,6498.0,6491.0,6518.0,6496.0,6462.0,6478.0,6404.0,6447.0
626442930541959602,4159,4208,4164,4161,4187,4160,4149,4109.0,4117.0,4114.0,4118.0,4075.0,4072.0,4055.0,4066.0
626642930534157502,3013,3085,3123,3245,3342,3396,3402,3436.0,3471.0,3462.4285714285716,3477.0,3426.0,3441.0,3483.0,3503.0
626742930469978402,606,592,587,596,587,571,554,546.0,542.0,541.0,540.0,523.0,523.0,524.0,516.0
626742930547755901,4906,4948,5011,4973,4963,4975,4988,4880.0,4839.0,4840.0,4832.0,4766.0,4782.0,4803.0,4835.0
626942930531391002,2645,2663,2657,2620,2588,2572,2515,2466.0,2448.0,2401.0,2374.0,2320.0,2274.0,2224.0,2206.0
626942930550762501,4653,4628,4613,4605,4613,4579,4569,4546.0,4519.0,4517.0,4487.0,4373.0,4343.0,4342.0,4301.0
627142930477846402,1795,1787,1799,1824,1856,1862,1841,1828.0,1805.0,1826.0,1839.0,1805.0,1824.0,1835.0,1877.0
627142930519283702,1353,1360,1380,1374,1383,1373,1389,1389.0,1375.0,1376.0,1344.0,1312.0,1341.0,1340.0,1304.0
627242930521030802,16523,16828,17268,17576,17947,18109,18094,18281.0,18213.0,18399.0,18463.0,18600.0,18763.0,18778.0,18934.0
627242930530633202,1356,1409,1461,1521,1537,1530,1571,1557.0,1537.0,1553.0,1555.0,1546.0,1530.0,1545.0,1533.0
627742930535001801,2201,2234,2232,2248,2238,2258,2196,2143.0,2129.0,2109.0,2114.0,2086.0,2103.0,2093.0,2128.0
627742930542430902,5189,5165,5061,5068,5080,5059,4987,4948.0,4906.0,4860.0,4831.0,4850.0,4814.0,4809.0,4801.0
627842930454353502,3093,3092,3125,3115,3090,3079,3083,3082.0,3126.0,3128.0,3088.0,3119.0,3160.0,3177.0,3159.0
627842930455116302,4188,4205,4230,4250,4223,4140,4068,4044.0,4018.0,4009.0,4011.0,4002.0,3981.0,3923.0,3889.0
627842930527026502,38053,38301,38878,39100,38977,38686,38539,38139.0,38382.0,37982.0,37556.0,37002.0,36539.0,36224.0,36152.0
627942930468002802,1015,998,996,1018,1024,1044,1061,1001.0,1051.0,1063.0,1057.0,1120.0,1076.0,1094.0,1101.0
628042930476683502,3379,3364,3313,3361,3362,3368,3362,3405.0,3414.0,3428.0,3393.0,3387.0,3376.0,3353.0,3358.0
628242930463571801,6085,6003,5991,5911,5866,5859,5811,5689.0,5571.0,5550.0,5543.0,5562.0,5551.0,5554.0,5599.0
628242930528148101,3509,3540,3635,3691,3745,3744,3737,3657.0,3690.0,3661.0,3634.0,3577.0,3524.0,3482.0,3458.0
628442930546282602,879,856,828,818,812,829,818,777.0,766.0,764.0,739.0,740.0,727.0,709.0,708.0
628542930529940802,2678,2738,2735,2722,2636,2662,2641,2567.0,2526.0,2454.0,2448.0,2414.0,2390.0,2384.0,2432.0
628742930447174202,39170,39338,39259,39355,39472,39461,39362,39106.0,38998.0,39150.0,38971.0,38635.0,38533.0,38580.0,38848.0
629142930462199101,1020,988,990,1001,1014,1016,1012,986.0,992.0,983.0,954.0,937.0,930.0,919.0,914.0
629342930476512301,2833,2847,2842,2844,2819,2804,2753,2706.0,2678.0,2618.0,2587.0,2573.0,2511.0,2471.0,2488.0
629342930509172202,1710,1677,1668,1656,1668,1676,1638,1629.0,1617.0,1610.0,1583.0,1558.0,1544.0,1544.0,1533.0
629442930454891802,2897,2912,2899,2895,2945,2937,2896,2872.0,2848.0,2809.0,2793.0,2766.0,2794.0,2827.0,2850.0
629442930546221601,1944,1946,1951,1900,1893,1946,2015,2084.0,2085.0,2107.0,2084.0,2075.0,2055.0,2079.0,2071.0
629542930524103602,1854,1860,1864,1801,1764,1756,1791,1755.0,1756.0,1720.7142857142858,1709.0,1722.0,1701.0,1713.0,1689.0
629942930465575701,494,490,488,463,468,462,447,454.0,440.0,424.0,409.0,398.0,386.0,380.0,372.0
631342930544564001,3979,4029,4105,4150,4078,4042,4048,4032.0,4064.0,4055.0,4035.0,3927.0,3926.0,3898.0,3900.0
631442930453559201,5646,5650,5749,5759,5697,5689,5732,5754.0,5735.0,5741.0,5696.0,5740.0,5700.0,5631.0,5636.0
631442930465223901,7163,7194,7297,7230,7136,7029,7068,7021.0,7043.0,6962.0,7030.0,6960.0,6997.0,7051.0,7161.0
631442930478758802,7539,7591,7723,7658,7716,7636,7618,7570.0,7521.0,7522.0,7468.0,7475.0,7509.0,7535.0,7630.0
631442930534697501,5311,5217,5194,5114,5007,4961,4885,4781.0,4716.0,4607.0,4528.0,4457.0,4417.0,4362.0,4299.0
631442930544035201,1827,1818,1802,1789,1784,1811,1818,1760.0,1781.0,1761.0,1761.0,1746.0,1780.0,1797.0,1783.0
631542930137891201,2760,2760,2725,2717,2708,2702,2673,2702.0,2680.0,2656.0,2635.0,2640.0,2679.0,2651.0,2659.0
631642930515728402,3950,3956,4007,3968,4039,4061,4026,4009.0,4004.0,3977.0,3995.0,3956.0,4017.0,3987.0,4044.0
631742929269314901,3055,3036,3007,3019,2977,2998,3016,2923.0,2879.0,2865.0,2836.0,2801.0,2775.0,2765.0,2761.0
631842930544615602,1449,1464,1481,1471,1457,1445,1419,1397.0,1387.0,1388.0,1394.0,1406.0,1419.0,1429.0,1436.0
631842930546616102,5907,5974,6070,6134,6241,6303,6288,6123.0,6134.0,6070.0,6024.0,5962.0,6002.0,6000.0,6039.0
632142929417331502,6344,6346,6400,6509,6512,6513,6506,6461.0,6444.0,6438.0,6386.0,6411.0,6336.0,6304.0,6250.0
632142930475451901,561,586,597,586,577,579,566,552.0,548.0,551.0,520.0,548.0,559.0,547.0,547.0
632142930529489601,2281,2289,2306,2317,2331,2298,2303,2337.0,2355.0,2298.0,2272.0,2244.0,2256.0,2260.0,2253.0
632242928242485402,1526,1481,1465,1455,1438,1376,1364,1318.0,1296.0,1265.0,1243.0,1203.0,1184.0,1142.0,1112.0
632242928726267002,3810,3839,3907,3897,3923,3910,3896,3947.0,3996.0,4031.0,4013.0,4026.0,4002.0,4003.0,4007.0
632242930528090201,3794,3788,3767,3796,3761,3691,3751,3663.0,3644.0,3595.0,3564.0,3401.0,3427.0,3384.0,3372.0
632542930460063802,19426,19353,19350,19134,19164,19180,19341,19516.0,18939.0,19190.0,19295.0,19463.0,19551.0,19514.0,19562.0
632742928602899402,6322,6645,6763,6828,6926,6964,6957,6977.0,6874.0,6922.0,6890.0,6898.0,6847.0,6871.0,6862.0
632742930471641102,858,841,832,839,832,836,808,813.0,807.0,804.0,802.0,765.0,753.0,743.0,745.0
632842930545035902,606,628,630,632,649,646,632,596.0,589.0,593.0,585.0,542.0,523.0,509.0,509.0
633042930524124402,527,530,524,527,545,560,566,566.8571428571429,597.0,577.0,567.0,555.0,556.0,557.0,559.0
633142930479439902,2317,2308,2289,2301,2269,2233,2227,2182.0,2169.0,2162.0,2131.0,2146.0,2140.0,2131.0,2180.0
633142930480181601,84,77,72,67,66,74,76,67.0,65.0,63.0,62.0,67.0,62.0,63.0,68.0
633142930546696501,1655,1666,1691,1719,1777,1805,1816,1785.0,1763.0,1748.0,1750.0,1763.0,1753.0,1746.0,1744.0
633742930519064501,32023,32202,32460,32697,32730,32665,32686,32465.0,32320.0,32117.0,32063.0,32168.0,32116.0,31960.0,31949.0
634042930454923601,1703,1678,1691,1697,1670,1657,1661,1635.0,1653.0,1671.0,1662.0,1633.0,1632.0,1643.0,1677.0
634142930378995901,1651,1652,1655,1607,1595,1573,1555,1484.2857142857142,1531.0,1509.0,1512.0,1470.0,1451.0,1465.0,1452.0
634242930480300802,2018,1982,1959,1952,1928,1925,1909,1891.0,1891.0,1889.0,1876.0,1838.0,1823.0,1787.0,1812.0
634342930517827402,8738,8700,8703,8699,8644,8566,8564,8613.0,8588.0,8574.0,8610.0,8537.0,8510.0,8537.0,8629.0
634342930538918502,4847,4802,4780,4783,4754,4692,4642,4605.0,4549.0,4492.0,4434.0,4318.0,4291.0,4250.0,4209.0
634442928570877701,19149,19082,19158,19065,18876,18766,18651,18317.0,18313.0,18328.0,18335.0,18787.0,18869.0,18833.0,18912.0
634442928601879102,4502,4458,4469,4444,4469,4492,4489,4380.0,4298.0,4267.0,4275.0,4172.0,4160.0,4025.0,4073.0
634442930509229101,444,446,448,436,429,406,409,420.0,413.0,408.0,405.0,407.0,397.0,421.0,419.0
634542930516387001,3857,3852,3894,3909,3873,3936,3879,3825.0,3796.0,3795.0,3774.0,3761.0,3747.0,3733.0,3722.0
634542930518933602,8799,8779,8743,8725,8707,8678,8501,8325.0,8279.0,8294.0,8281.0,8169.0,8124.0,8139.0,8182.0
634542930547167301,4048,4007,3984,3978,3956,3896,3801,3762.0,3771.0,3727.0,3706.0,3729.0,3681.0,3650.0,3580.0
635042930475778201,1813,1790,1753,1733,1712,1711,1687,1653.0,1623.0,1620.0,1606.0,1536.0,1536.0,1522.0,1510.0
635242930466868001,6616,6608,6611,6647,6624,6652,6672,6617.0,6664.0,6620.0,6632.0,6616.0,6587.0,6603.0,6558.0
635242930523886601,4094,4054,4073,4033,3969,3918,3866,3691.0,3651.0,3637.0,3562.0,3499.0,3482.0,3438.0,3398.0
635342930529573401,2688,2700,2697,2691,2653,2615,2594,2589.0,2546.0,2513.0,2485.0,2423.0,2404.0,2344.0,2337.0
635442930450110302,16326,16310,16280,16254,16182,16090,16043,15785.0,15734.0,15726.0,15618.0,15545.0,15419.0,15310.0,15225.0
635442930457627902,1975,1974,1979,1978,2000,1987,1963,1925.0,1888.0,1882.0,1899.0,1866.0,1868.0,1834.0,1817.0
635542930533071202,12333,12405,12552,12726,12796,12823,12690,12448.0,12417.0,12209.0,12209.0,12279.0,12318.0,12202.0,12309.0
635842930448036901,531,522,535,536,547,531,536,519.0,493.0,478.0,478.0,484.0,480.0,467.0,474.0
635942930457087702,3440,3505,3506,3563,3640,3673,3701,3782.0,3823.0,3807.0,3802.0,3802.0,3768.0,3766.0,3810.0
636142930528352101,1574,1538,1574,1544,1546,1576,1584,1611.0,1650.0,1626.0,1600.0,1590.0,1572.0,1541.0,1593.0
636342930526638701,693,688,701,689,715,727,726,749.0,738.7142857142857,719.0,715.0,727.0,736.0,754.0,771.0
636442930460092501,2808,2861,2918,2906,3006,3030,3024,3056.0,3023.0,3049.0,3009.0,2999.0,3050.0,3036.0,3061.0
636442930520175701,201,204,196,192,192,189,183,175.0,172.0,168.0,165.0,164.0,165.0,172.0,164.0
636542930536561801,9034,9019,8946,8867,8779,8689,8524,8469.0,8371.0,8328.0,8242.0,8122.0,8109.0,8106.0,8045.0
636742928865301501,214,213,209,208,200,197,200,193.0,195.0,191.0,188.0,182.0,175.0,171.0,168.0
636742929020918202,4000,4007,4052,4022,3996,3998,3926,3862.0,3821.0,3810.0,3786.0,3739.0,3713.0,3685.0,3706.0
636842930510820302,1859,1849,1848,1846,1834,1846,1860,1879.0,1848.0,1839.0,1858.0,1801.0,1817.0,1810.0,1794.0
636842930525655902,3981,3976,3936,3903,3879,3852,3810,3750.0,3729.0,3692.0,3640.0,3588.0,3533.0,3475.0,3436.0
636942930472736801,948,944,939,944,957,957,965,957.0,920.0,907.0,883.0,874.0,883.0,873.0,875.0
637142930511097902,489,475,462,465,476,470,470,491.0,487.0,475.0,482.0,483.0,467.0,470.0,453.0
637542930466070001,5599,5695,5755,5802,5861,5818,5716,5572.0,5566.0,5578.0,5553.0,5581.0,5497.0,5487.0,5484.0
637642930474869901,2407,2517,2579,2620,2729,2756,2787,2842.0,2847.0,2858.0,2865.0,2853.0,2801.0,2792.0,2781.0
637642930550717001,8057,8131,8182,8303,8278,8309,8314,8315.0,8340.0,8350.0,8308.0,8268.0,8240.0,8132.0,8140.0
637742930532452802,26327,26404,26722,27218,27516,27727,28008,28641.0,28786.0,29002.0,29250.0,29208.0,29093.0,29106.0,29251.0
637842928603015501,3570,3559,3536,3516,3490,3491,3490,3411.0,3388.0,3358.0,3326.0,3283.0,3271.0,3238.0,3226.0
637842930510482502,21674,22229,23016,23868,24409,24766,25123,25489.0,25588.0,25699.0,25874.0,26441.0,26642.0,26890.0,27144.0
637942930548982002,4989,5055,5022,4938,4939,4884,4821,4760.0,4704.0,4734.0,4709.0,4573.0,4614.0,4628.0,4670.0
638042930450992201,516,521,527,519,509,501,500,497.0,496.0,496.0,494.0,494.0,486.0,474.0,473.0
638042930509034601,3818,3804,3763,3697,3715,3692,3685,3648.0,3635.0,3575.0,3528.0,3376.0,3370.0,3347.0,3277.0
638042930529760102,3185,3209,3215,3199,3190,3152,3161,3072.0,3016.0,2932.285714285714,2972.0,2905.0,2883.0,2834.0,2844.0
638042930538055401,5415,5502,5529,5470,5503,5436,5388,5310.0,5358.0,5411.0,5421.0,5427.0,5470.0,5476.0,5511.0
638142930447921202,3560,3648,3666,3689,3583,3517,3552,3577.0,3562.0,3520.0,3454.0,3436.0,3392.0,3359.0,3367.0
638142930450063801,8928,9035,9089,9172,9050,8946,8865,8760.0,8687.0,8581.0,8477.0,8404.0,8326.0,8215.0,8278.0
638142930455866601,332,330,330,318,317,320,333,348.0,349.0,350.0,342.0,342.0,338.0,342.0,352.0
638142930540569102,1713,1770,1772,1759,1817,1785,1813,1826.0,1824.0,1788.0,1798.0,1867.0,1850.0,1838.0,1877.0
638242930455311801,931,909,891,878,873,857,841,849.0,836.0,828.0,807.0,785.0,773.0,772.0,786.0
638242930533781801,3089,3074,3082,3079,3087,3082,3120,3100.0,3098.0,3035.0,2996.0,2902.0,2897.0,2878.0,2886.0
638542930476079201,81254,81474,81934,82339,82253,82141,82034,82008.0,81461.0,81123.0,80713.0,80661.0,80474.0,79809.0,79833.0
638642930519829201,2006,2048,2063,2070,2064,2030,2020,1994.0,1967.0,1980.0,1958.0,1948.0,1949.0,1940.0,1954.0
638742930527718701,446,438,432,431,430,422,419,410.0,392.0,382.0,377.0,386.0,380.0,377.0,369.0
638842930452336902,5438,5498,5502,5532,5542,5492,5526,5483.0,5454.0,5520.0,5504.0,5564.0,5562.0,5592.0,5624.0
639042930529309401,11995,12074,12118,12098,12106,12164,12195,12259.0,12244.0,12297.0,12204.0,12043.0,12114.0,12110.0,12156.0
639142930518547302,24285,24720,25091,25159,25467,25727,25881,25687.0,25650.0,25499.0,25292.0,24966.0,25008.0,25074.0,25166.0
639142930529139001,137652,139213,140887,141678,143893,145232,146021,147393.0,147870.0,148981.0,149335.0,150240.0,149169.0,149211.0,150272.0
639342930454898101,12707,12696,12771,12938,13090,13111,12974,13011.0,12961.0,13015.0,13034.0,13035.0,13104.0,13143.0,13181.0
639342930461614402,1828,1813,1823,1844,1824,1813,1829,1858.0,1884.0,1914.0,1910.0,1880.0,1902.0,1900.0,1955.0
639342930465207602,3273,3239,3265,3298,3327,3317,3399,3339.0,3299.0,3284.0,3263.0,3210.0,3167.0,3162.0,3178.0
639442928988290801,3974,4025,4068,4045,4050,4026,4014,3915.0,3920.0,3888.0,3849.0,3769.0,3777.0,3749.0,3723.0
639442930538235001,1178,1151,1134,1119,1102,1068,1052,1007.0,989.0,971.0,963.0,967.0,961.0,951.0,947.0
639542930532563901,41607,41799,42008,42010,41796,41628,41498,41098.0,40820.0,40625.0,40499.0,39945.0,40029.0,39885.0,40414.42857142857
639642930530084702,750,759,773,769,763,752,734,724.0,706.0,688.0,678.0,665.0,649.0,637.0,621.0
641142930477278001,3545,3595,3601,3590,3578,3537,3515,3457.0,3405.0,3425.0,3404.0,3398.0,3323.0,3309.0,3278.0
641242930464771301,6253,6357,6458,6590,6645,6691,6754,6824.0,6880.0,6932.0,7028.0,7113.0,7118.0,7120.0,7223.0
641242930528742302,2251,2237,2269,2242,2236,2211,2198,2169.0,2110.0,2074.0,2054.0,2023.0,2022.0,2032.0,2045.0
641242930548136302,9960,9794,9859,9868,9602,9530,9487,9397.0,9403.0,9328.0,9357.0,9318.0,9338.0,9351.0,9271.0
641342930545059402,133,127,125,127,121,123,114,110.0,107.0,107.0,107.0,107.0,111.0,105.0,102.0
641442929528823102,10149,10304,10465,10543,10513,10533,10461,10417.0,10462.0,10496.0,10388.0,10344.0,10371.0,10357.0,10425.0
641442930464779301,6549,6628,6644,6730,6747,6807,6873,6951.0,6902.0,6939.0,6960.0,6940.0,6882.0,6835.0,6821.0
641442930524145502,3513,3547,3645,3697,3760,3801,3799,3793.0,3766.0,3788.0,3832.0,3867.0,3839.0,3796.0,3788.0
641742930516236501,239,242,238,232,240,240,248,242.0,236.0,226.0,226.0,229.0,244.0,247.0,247.0
641842928570742801,453,446,444,439,449,434,429,417.0,413.0,404.0,419.0,417.0,404.0,408.0,417.0
641942930474911501,1167,1180,1160,1154,1148,1148,1125,1095.0,1085.0,1072.0,1070.0,1067.0,1060.0,1046.0,1058.0
641942930534201702,5631,5639,5649,5621,5611,5611,5604,5526.0,5485.0,5417.0,5428.0,5365.0,5396.0,5391.0,5356.0
642042930525103802,267,270,269,255,247,243,237,235.0,237.0,221.0,221.0,219.0,218.0,213.0,222.0
642142930542004602,5458,5576,5725,5755,5747,5790,5794,5738.0,5751.0,5773.0,5793.0,5854.0,5857.0,5899.0,5940.0
642242930456211802,2055,2044,2031,2018,2017,1969,1950,1878.0,1840.0,1807.0,1777.0,1727.0,1702.0,1659.0,1643.0
642342930453637401,921,919,900,898,879,878,862,849.0,837.0,828.0,809.0,797.0,795.0,783.0,769.0
642342930457120101,4393,4350,4433,4559,4696,4650,4629,4658.0,4632.0,4554.0,4567.0,4613.0,4627.0,4631.0,4644.0
642542930456223802,325,314,309,307,294,299,295,268.0,263.0,253.0,251.0,242.0,251.0,248.0,234.0
642642930474766001,2742,2799,2797,2811,2807,2843,2868,2887.0,2859.0,2907.0,2930.0,2906.0,2880.0,2902.0,2906.0
642742930526624501,789,804,824,846,855,849,870,870.0,894.0,906.0,904.0,914.0,920.0,922.0,937.0
643142930459533201,1499,1483,1468,1439,1426,1411,1382,1398.0,1388.0,1371.0,1350.0,1300.0,1295.0,1282.0,1322.0
643142930519928302,5244,5302,5360,5363,5433,5449,5523,5530.0,5526.0,5549.0,5575.0,5536.0,5556.0,5608.0,5663.0
643242929821047101,211,203,193,190,187,194,194,192.0,205.0,199.0,195.0,196.0,196.0,194.0,207.0
643442930550034201,2304,2340,2293,2259,2250,2272,2243,2271.0,2317.0,2317.0,2284.0,2185.0,2142.0,2151.0,2116.0
643742930454947202,101,108,111,101,100,102,99,93.0,88.0,84.0,81.0,80.0,79.0,82.0,83.0
643742930476853602,1904,1955,1920,1927,1942,1909,1897,1873.0,1835.0,1800.0,1790.0,1735.0,1724.0,1717.0,1691.0
643742930524019802,487,495,485,493,494,500,482,451.0,452.0,461.0,462.0,463.0,451.0,446.0,436.0
643742930542962201,36671,37313,38318,39492,40452,41087,41877,43248.0,43819.0,44210.0,44744.0,45321.0,46048.0,46347.0,46514.0
643942930525309802,10358,10491,10360,10428,10517,10498,10494,10368.0,10306.0,10267.0,10285.0,10128.0,10094.0,10101.0,10056.0
644142930446451802,146,141,126,119,112,111,112,112.0,110.0,108.0,105.0,99.0,99.0,96.0,100.0
644142930474924401,9192,9232,9260,9310,9339,9268,9317,9396.0,9363.0,9352.0,9351.0,9267.0,9208.0,9074.0,9287.285714285714
644642930474099402,719,731,723,725,710,690,685,668.0,658.0,642.0,627.0,611.0,598.0,597.0,590.0
644642930510593801,1259,1246,1223,1217,1202,1159,1139,1098.0,1089.0,1092.0,1101.0,1054.0,1056.0,1045.0,1076.428571428571
644742929681216001,1275,1276,1253,1248,1273,1259,1272,1241.0,1235.0,1199.0,1185.0,1156.0,1166.0,1183.0,1169.0
644742930477479302,10073,10126,10243,10316,10364,10455,10548,10591.0,10764.0,10733.0,10771.0,10819.0,10857.0,10781.0,10845.0
644942930511287101,1646,1645,1673,1639,1642,1636,1641,1596.0,1596.0,1602.0,1586.0,1589.0,1597.0,1614.0,1645.0
644942930516721002,2502,2501,2516,2524,2492,2433,2418,2447.0,2382.0,2349.0,2344.0,2378.0,2335.0,2345.0,2340.0
645042930468804501,1761,1750,1699,1648,1626,1601,1560,1495.0,1473.0,1427.0,1376.0,1351.0,1368.0,1406.0,1414.0
645242930524530001,2417,2407,2386,2349,2312,2329,2293,2236.0,2203.0,2138.0,2114.0,2113.0,2109.0,2087.0,2058.0
645342930532493602,8218,8226,8217,8213,8133,8055,8009,7832.0,7730.0,7650.0,7554.0,7221.0,7186.0,7056.0,7030.0
645542930453093001,684,676,680,674,652,627,616,582.8571428571429,603.0,591.0,582.0,582.0,591.0,570.0,561.0
645742930461298301,1054,1053,1045,1027,1010,982,982,957.0,964.0,950.0,938.0,928.0,901.0,888.0,865.0
646142930516997802,358,354,346,338,333,335,333,313.0,302.0,297.0,296.0,302.0,301.0,301.0,292.0
646442930476673001,526,511,512,490,473,470,465,458.0,446.0,454.0,424.0,457.0,472.0,464.0,457.0
646442930515735902,6462,6531,6601,6706,6702,6676,6666,6546.0,6519.0,6532.0,6448.0,6357.0,6377.0,6302.0,6374.0
646742928967163401,4550,4572,4582,4611,4654,4646,4661,4626.0,4626.0,4586.0,4556.0,4522.0,4528.0,4553.0,4579.0
646742930464184902,41520,42380,43340,44619,45537,46754,47523,48194.0,48312.0,48450.0,48715.0,48667.0,48864.0,49057.0,50116.0
646742930527254501,4176,4158,4125,4109,4025,3999,4018,4137.0,4047.0,4000.0,3968.0,3923.0,3932.0,3868.0,3855.0
647042929800407201,1721,1716,1695,1686,1660,1656,1624,1567.0,1582.0,1546.0,1525.0,1512.0,1467.0,1440.0,1444.0
647042930457784202,136,150,154,166,162,165,166,165.0,163.0,177.0,175.0,180.0,181.0,189.0,199.0
647142930520231302,1432,1417,1434,1387,1400,1393,1383,1333.0,1304.0,1293.0,1286.0,1258.0,1232.0,1206.0,1211.0
647242930515716702,4190,4278,4311,4370,4391,4402,4448,4476.0,4507.0,4478.0,4463.0,4416.0,4429.0,4363.0,4414.0
647242930529731001,1102,1098,1088,1083,1071,1047,1029,866.7142857142857,954.0,943.0,910.0,845.0,826.0,804.0,785.0
647542927963609202,5746,5782,5839,5872,5939,5884,5881,5731.0,5768.0,5763.0,5786.0,5742.0,5753.0,5736.0,5739.0
647642930462303702,3212,3228,3231,3195,3163,3143,3136,3193.0,3185.0,3202.0,3179.0,3166.0,3168.0,3174.0,3146.0
647942930515080402,1393,1409,1404,1389,1392,1396,1397,1375.0,1350.0,1335.0,1318.0,1252.0,1225.0,1198.0,1142.0
648042930528529302,2884,2919,2995,2992,3092,3152,3165,3143.0,3124.0,3110.0,3083.0,3017.0,3036.0,3019.0,2997.0
648342930459509102,9291,9279,9279,9186,9130,9094,9059,9074.0,8964.0,8803.0,8857.0,8643.0,8594.0,8533.0,8502.0
648342930463022901,33501,33564,33684,33719,34050,34357,34930,35768.0,36021.0,36349.0,36201.0,35418.0,35235.0,35092.0,35039.0
648342930527411001,2902,3071,3230,3312,3415,3387,3375,3426.0,3501.0,3535.0,3604.0,3551.0,3659.0,3679.0,3734.0
648342930534785301,1396,1397,1382,1415,1451,1448,1428,1421.0,1417.0,1424.0,1405.0,1389.0,1382.0,1362.0,1365.0
648342930547014502,1917,1943,1979,2040,2054,2077,2140,2183.0,2137.0,2186.0,2211.0,2194.0,2173.0,2139.0,2154.0
648442930449073502,16360,16448,16524,16603,16612,16537,16631,16533.0,16317.0,16222.0,16075.0,15809.0,15600.0,15407.0,15297.0
648442930526664902,223,214,200,190,191,186,180,172.0,167.0,165.0,157.0,156.0,154.0,151.0,150.0
648442930547127301,1390,1411,1435,1446,1472,1433,1434,1438.0,1487.0,1435.0,1424.0,1424.0,1432.0,1414.0,1421.0
648642930531693201,7909,7989,7981,8001,7993,8030,7978,7981.0,7959.0,7936.0,7903.0,7899.0,7849.0,7761.0,7788.0
648742930454987101,2117,2111,2093,2101,2070,2075,2080,2013.0,1991.0,1947.0,1920.0,1925.0,1952.0,1951.0,1917.0
648742930478797202,854,870,864,865,845,857,834,800.0,806.0,798.0,831.0,829.0,852.0,840.0,848.0
648742930524846701,960,971,978,964,981,983,995,1009.0,1020.0,1015.0,1053.0,1051.0,1048.0,1060.0,1065.0
648842930460023301,5148,5164,5110,5133,5146,5089,5106,5048.0,5037.0,5127.0,5146.0,5182.0,5111.0,5062.0,5127.0
648942929567799701,8947,8928,8889,8879,8822,8800,8768,8659.0,8586.0,8511.0,8406.0,8188.0,8097.0,8026.0,7928.0
648942930449110702,1598,1599,1596,1624,1652,1630,1636,1602.0,1588.0,1565.0,1587.0,1593.0,1544.0,1546.0,1520.0
649042930527078002,3783,3747,3729,3677,3658,3619,3571,3472.0,3401.0,3297.0,3236.0,3149.0,3114.0,3089.0,3060.0
649142930518226402,21596,21710,21728,21685,21735,21596,21439,21256.0,21100.0,21011.0,20924.0,20698.0,20664.0,20536.0,20487.0
649342930117707001,770,751,755,756,736,736,717,741.0,746.0,731.0,751.0,742.25,742.25,742.25,742.25
649442930480047802,9816,9865,9962,10060,10132,10189,10212,10140.0,10028.0,10133.0,10169.0,10145.0,10130.0,10083.0,10132.0
649642930467947801,7772,7814,7864,7847,7873,7852,7848,7768.0,7732.0,7705.0,7670.0,7623.0,7711.0,7636.0,7675.0
649742930539647002,1370,1385,1364,1355,1329,1326,1344,1332.0,1316.0,1291.0,1289.0,1276.0,1268.0,1257.0,1258.0
649942930476139101,892,876,856,856,850,824,820,787.0,779.0,760.0,740.0,729.0,712.0,696.0,698.0
649942930479236002,1048,1066,1059,1082,1101,1095,1081,1077.0,1066.0,1061.0,1060.0,1065.0,1077.0,1112.0,1118.0
651142930450359001,5384,5383,5367,5394,5384,5400,5392,5254.0,5238.0,5229.0,5234.0,5254.0,5153.0,5184.0,5171.0
651342928887918302,5613,5650,5759,5713,5770,5649,5535,5517.0,5487.0,5516.0,5541.0,5439.0,5443.0,5454.0,5569.0
651442930479445702,1836,1832,1800,1768,1750,1733,1715,1643.0,1615.0,1591.0,1554.0,1496.0,1478.0,1472.0,1464.0
651642930515551701,1382,1395,1361,1331,1284,1285,1262,1206.0,1185.0,1167.0,1146.0,1120.0,1122.0,1108.0,1073.0
651742930533814901,4327,4280,4244,4240,4205,4218,4168,4112.0,4078.0,4043.0,4007.0,3884.0,3832.0,3763.0,3762.0
651842930526320601,5750,5702,5733,5746,5673,5689,5742,5717.0,5769.0,5782.0,5822.0,5814.0,5834.0,5784.0,5824.0
651942930454825201,1494,1482,1466,1451,1455,1466,1447,1476.0,1447.0,1426.0,1402.0,1382.0,1360.0,1364.0,1367.0
651942930478231102,1298,1304,1334,1380,1437,1438,1440,1378.0,1398.0,1437.0,1437.0,1407.0,1410.0,1402.0,1410.0
652142930447137102,1485,1503,1485,1458,1430,1427,1429,1406.0,1372.0,1371.0,1370.0,1331.0,1314.0,1295.0,1293.0
652142930509584901,7131,7078,7036,6958,6927,6868,6842,6628.0,6528.0,6471.0,6376.0,6276.0,6243.0,6127.0,6056.0
652442930515802601,1590,1565,1523,1501,1480,1464,1439,1411.0,1387.0,1326.142857142857,1357.0,1306.0,1289.0,1272.0,1261.0
652542930454752501,235,224,230,225,219,224,221,227.0,232.0,226.0,222.0,226.0,223.0,227.0,228.0
652542930546548902,1724,1707,1707,1696,1706,1666,1622,1603.0,1573.0,1579.0,1577.0,1546.0,1516.0,1500.0,1452.0
652642930533782602,5413,5449,5479,5468,5453,5442,5396,5342.0,5323.0,5296.0,5261.0,5265.0,5218.0,5155.0,5153.0
652842930516145901,3241,3197,3165,3156,3148,3138,3093,3004.0,2952.0,2904.0,2851.0,2830.0,2803.0,2830.0,2907.0
652842930529521401,2647,2611,2633,2644,2630,2621,2632,2587.0,2562.0,2505.0,2454.0,2411.0,2389.0,2370.0,2367.0
653042927963768501,2618,2656,2648,2641,2651,2688,2690,2804.0,2800.0,2809.0,2799.0,2765.0,2758.0,2724.0,2753.0
653042930542015202,7279,7295,7396,7409,7476,7521,7535,7717.0,7716.0,7794.0,7808.0,7774.0,7799.0,7790.0,7732.0
653142930459478902,2520,2488,2476,2491,2480,2417,2398,2314.0,2267.0,2239.0,2227.0,2157.0,2148.0,2144.0,2125.0
653142930479524002,8183,8197,8260,8280,8247,8267,8353,8440.0,8466.0,8602.0,8731.0,8660.0,8709.0,8860.0,9011.0
653342930508972101,1227,1224,1223,1213,1198,1199,1187,1136.0,1129.0,1112.0,1088.0,1036.0,1026.0,999.0,976.0
653342930533725301,4296,4309,4322,4299,4286,4291,4263,4166.0,4154.0,4105.0,4092.0,4000.0,4004.0,3945.0,3875.0
653542930529153902,86,76,80,84,74,82,78,67.0,86.0,80.0,81.0,68.0,60.0,49.0,45.0
653642930462867801,1061,1065,1068,1079,1088,1063,1074,1081.0,1077.0,1084.0,1085.0,1102.0,1074.0,1053.0,1069.0
653742930510384802,1593,1574,1572,1541,1550,1535,1488,1480.0,1500.0,1500.0,1502.0,1472.0,1483.0,1497.0,1489.0
653842929400256501,3951,4113,4187,4320,4454,4536,4589,4703.0,4672.0,4683.0,4696.0,4795.0,4831.0,4837.0,4864.0
653842929696743002,2713,2808,2872,2923,2990,3070,3104,3172.0,3147.0,3124.0,3144.0,3111.0,3088.0,3062.0,3027.0
653842930453388901,2114,2072,2076,2110,2122,2102,2062,1988.0,1939.0,1940.0,1902.0,1858.0,1855.0,1805.0,1815.0
653842930473075901,3326,3269,3219,3228,3174,3138,3106,3038.0,2986.0,2951.0,2925.0,2879.0,2834.0,2794.0,2788.0
653942930509065402,688,682,685,667,675,666,695,666.0,663.0,653.0,672.0,686.0,679.0,691.0,676.0
654042930449629701,775,768,770,748,769,767,762,751.0,753.0,754.0,759.0,767.0,764.0,767.0,774.0
654042930470916901,1036,1032,1015,1016,1011,981,967,913.0,918.0,924.0,934.0,907.0,900.0,899.0,929.0
654242930542632701,3182,3163,3166,3155,3107,3080,3046,2996.0,3030.0,2981.0,2919.0,2889.0,2872.0,2784.0,2745.0
654342930546863601,5387,5384,5385,5392,5340,5271,5217,5107.0,5058.0,5001.0,4962.0,4892.0,4868.0,4827.0,4772.0
654542930474824902,2190,2314,2264,2249,2216,2185,2163,2123.0,2071.0,1980.0,1935.0,1863.0,1849.0,1814.0,1763.0
654542930477661102,5152,5221,5301,5284,5271,5184,5158,5126.0,5147.0,5212.0,5154.0,5122.0,5115.0,5015.0,5007.0
654642930453465602,687,679,688,686,661,652,637,670.0,682.0,665.0,674.0,634.0,622.0,584.0,672.0
654642930454790701,396,387,385,391,390,379,377,363.0,351.0,350.0,332.0,333.0,336.0,333.0,331.0
654642930460302701,16900,17072,17060,17187,17275,17316,17295,17233.0,17141.0,17183.0,17161.0,17253.0,17174.0,17213.0,17177.0
654942930509543701,1491,1488,1467,1464,1447,1435,1405,1366.0,1333.0,1312.0,1297.0,1270.0,1288.0,1268.0,1241.0
655042930472188302,1432,1444,1450,1426,1475,1483,1506,1508.0,1507.0,1481.0,1455.0,1453.0,1455.0,1444.0,1443.0
655042930479484502,8756,8866,8905,8978,8997,9062,9051,9032.0,9012.0,9034.0,8986.0,8941.0,8963.0,9003.0,9007.0
655142928726124202,1725,1756,1710,1704,1743,1734,1710,1698.0,1674.0,1647.0,1663.0,1646.0,1644.0,1653.0,1667.0
655342930509983701,1388,1389,1389,1397,1395,1370,1369,1426.0,1453.0,1421.0,1362.0,1325.0,1319.0,1278.0,1255.0
655342930543181102,218,212,213,212,208,201,192,186.0,185.0,179.0,178.0,171.0,173.0,167.0,162.0
655442930469818502,1393,1397,1377,1385,1362,1372,1366,1328.0,1304.0,1267.0,1244.0,1210.0,1200.0,1159.0,1134.0
655442930510824702,5465,5552,5605,5689,5798,5751,5756,5652.0,5622.0,5608.0,5585.0,5583.0,5549.0,5560.0,5623.0
655842928887872002,46447,46774,47271,47525,47835,48201,48250,48628.0,48675.0,48783.0,48611.0,48674.0,48397.0,48844.0,49003.0
655842930523085001,13106,13087,13210,13260,13233,13254,13232,13167.0,13180.0,13138.0,13133.0,13034.0,13102.0,13031.0,13105.0
656042930475018502,5451,5498,5514,5553,5559,5589,5611,5617.0,5573.0,5528.0,5492.0,5394.0,5377.0,5334.0,5277.0
656242930456953401,11849,11910,11993,12074,12038,11985,12014,11909.0,11827.0,11673.142857142857,11762.0,11560.0,11602.0,11520.0,11532.0
656242930473377402,4104,4110,4105,4107,4063,4035,4017,3868.0,3790.0,3745.0,3724.0,3639.0,3653.0,3660.0,3652.0
656342930342691002,9104,9236,9244,9450,9633,9728,9773,9625.0,9632.0,9550.0,9515.0,9455.0,9444.0,9407.0,9433.0
656442930472250401,37554,38125,38534,38516,38829,38988,39359,39398.0,39705.0,39553.0,39584.0,40160.0,40593.0,40658.0,40876.0
656542928592761601,462,466,455,452,426,437,419,399.0,396.0,377.0,391.0,390.0,398.0,396.0,392.0
656542930543599602,1239,1287,1290,1306,1294,1266,1259,1269.0,1288.0,1271.0,1282.0,1256.0,1263.0,1254.0,1288.0
656642930474235001,3180,3049,3056,3043,2999,3010,3021,2993.0,3006.0,2980.0,2951.0,2794.0,2762.0,2731.0,2735.0
656642930517305401,1031,1023,1020,1020,1012,996,974,942.0,929.0,910.0,902.0,887.0,873.0,859.0,850.0
656742928789992001,1693,1654,1628,1599,1571,1542,1533,1509.0,1490.0,1448.0,1423.0,1368.0,1334.0,1306.0,1285.0
656842930475431902,15284,15276,15332,15301,15306,15335,15272,15164.0,15221.0,15118.0,15075.0,15067.0,14985.0,14971.0,14945.0
657242928887312101,263,271,267,274,268,257,252,245.0,246.0,256.0,261.0,272.0,269.0,267.0,264.0
657342930541170002,48747,48583,48499,48418,48245,48122,48013,47762.0,47467.0,47189.0,46957.0,46512.0,46458.0,46244.0,46098.0
657442930477734402,1939,1901,1889,1864,1824,1831,1794,1775.0,1753.0,1801.0,1783.0,1741.0,1749.0,1718.0,1728.0
657742930465781302,1445,1415,1424,1443,1418,1426,1424,1436.0,1411.0,1419.0,1411.0,1374.0,1353.0,1357.0,1340.0
657742930474796002,7328,7317,7392,7497,7467,7428,7411,7251.166666666667,7251.166666666667,7226.0,7218.0,7239.0,7268.0,7259.0,7297.0
657742930532598501,1383,1372,1347,1317,1271,1249,1227,1218.0,1205.0,1191.0,1172.0,1113.0,1116.0,1097.0,1110.0
658142930473567902,2156,2193,2187,2208,2163,2123,2154,2212.0,2237.0,2229.0,2227.0,2182.0,2149.0,2144.0,2160.0
658142930546394001,1303,1331,1341,1321,1316,1318,1315,1287.0,1282.0,1300.0,1309.0,1300.0,1317.0,1291.0,1292.0
658642929303719501,5677,5674,5654,5634,5603,5616,5607,5623.0,5568.0,5496.0,5434.0,5295.0,5254.0,5204.0,5305.0
658942930456879602,1245,1227,1206,1214,1170,1136,1119,1048.0,1005.0,985.0,969.0,971.0,968.0,969.0,952.0
658942930479038602,1994,2013,2037,2063,2134,2140,2148,2099.0,2057.0,1975.0,1966.0,1945.0,1927.0,1908.0,1924.0
659142928232753901,2023,1988,1983,1951,1919,1872,1872,1853.0,1823.0,1790.0,1750.0,1701.0,1704.0,1689.0,1657.0
659142930532505601,1115,1101,1092,1108,1104,1078,1060,1035.0,1026.0,999.0,995.0,983.0,972.0,971.0,976.0
659542930519222201,26985,27109,27440,27665,27867,27840,27969,28033.0,27990.0,27928.0,27952.0,28004.0,27880.0,27605.0,27549.0
659742930464854101,5063,5059,5032,4990,5003,4941,4893,4725.0,4691.0,4731.0,4666.0,4632.0,4609.0,4533.0,4502.0
659742930544352401,4945,4963,4971,4956,4969,4956,4898,4850.0,4837.0,4818.0,4841.0,4719.0,4704.0,4641.0,4647.0
659842930534373901,6058,6114,6162,6329,6414,6465,6488,6407.0,6455.0,6430.0,6448.0,6371.0,6421.0,6534.0,6611.0
659942929259428501,405,407,402,392,391,377,388,374.0,384.0,384.0,387.0,384.0,372.0,369.0,373.0
659942930461469101,270,273,263,252,251,248,247,237.0,235.0,234.0,225.0,216.0,210.0,210.0,204.0
659942930519363301,1136,1133,1137,1141,1124,1141,1140,1128.0,1154.0,1151.0,1167.0,1173.0,1153.0,1150.0,1157.0
661142930533758202,6419,6464,6506,6545,6535,6505,6489,6451.0,6349.0,6387.0,6353.0,6287.0,6273.0,6227.0,6283.0
661242930541930402,3413,3342,3352,3352,3356,3344,3337,3254.0,3263.0,3284.0,3221.0,3196.0,3131.0,3154.0,3135.0
661342930531787402,6422,6463,6492,6539,6557,6558,6530,6517.0,6453.0,6436.0,6381.0,6514.0,6504.0,6496.0,6508.0
661542930458841401,3368,3454,3426,3421,3408,3406,3421,3300.0,3243.0,3168.0,3132.0,3057.0,3035.0,2985.0,2951.0
661542930526107101,4274,4262,4279,4232,4172,4188,4181,4115.0,4049.0,3981.0,3932.0,3878.0,3804.0,3785.0,3762.0
661642928062746602,1166,1132,1122,1138,1151,1146,1159,1117.0,1134.0,1151.0,1155.0,1138.0,1143.0,1124.0,1133.0
662142928255461701,1737,1705,1721,1739,1699,1645,1735,1818.0,1806.0,1769.0,1751.0,1777.0,1779.0,1768.0,1806.0
662142930529150601,354,342,337,341,333,329,321,306.0,305.0,300.0,297.0,295.0,299.0,294.0,292.0
662242930517506301,788,790,764,737,737,707,707,703.0,694.0,688.0,661.0,646.0,640.0,631.0,628.0
662342930463195201,2840,2883,2857,2850,2879,2933,2940,2886.0,2901.0,2882.0,2858.0,2864.0,2834.0,2839.0,2843.0
662342930464993502,8962,9031,9090,9074,9068,9079,9139,9025.0,8966.0,8926.0,8834.0,8793.0,8756.0,8711.0,8772.0
662542930461143901,2918,2881,2836,2855,2842,2839,2816,2698.714285714286,2800.0,2771.0,2761.0,2734.0,2615.0,2602.0,2608.0
662542930525213101,4054,4085,4154,4200,4293,4337,4324,4263.0,4179.0,4210.0,4206.0,4173.0,4201.0,4278.0,4367.0
662742929621897902,11953,12080,12187,12171,12094,12006,11961,11896.0,11881.0,11930.0,11902.0,11914.0,11864.0,11797.0,11808.0
662742930474015002,58708,58499,58638,58866,58623,58586,58450,58319.0,58101.0,58248.0,58132.0,57700.0,58042.0,57777.0,57726.0
662942930534037001,684,687,680,675,684,695,676,676.0,665.0,659.0,643.0,633.0,632.0,639.0,626.0
663042930479679601,7583,7758,7996,8193,8325,8334,8411,8642.285714285714,8440.0,8583.0,8673.0,8575.0,8705.0,8722.0,8798.0
663042930524347201,1155,1157,1150,1139,1151,1145,1137,1138.0,1146.0,1128.0,1132.0,1119.0,1155.0,1163.0,1142.0
663142929839447601,7621,7680,7682,7826,7846,7883,7815,7761.0,7715.0,7727.0,7688.0,7673.0,7625.0,7645.0,7646.0
663342930451105601,6037,5990,5990,5976,5983,5966,6021,5954.0,5948.0,5948.0,5963.0,5871.0,5879.0,5893.0,5892.0
663542930529957101,2798,2789,2730,2725,2676,2620,2621,2586.0,2532.0,2531.0,2504.0,2490.0,2485.0,2490.0,2496.0
663642930480208101,833,830,830,820,823,819,813,823.0,809.0,804.0,809.0,813.0,798.0,791.0,788.0
663742930515497202,1885,1884,1882,1886,1863,1865,1852,1806.0,1787.0,1758.0,1751.0,1700.0,1707.0,1705.0,1718.0
663842930455452701,8266,8207,8206,8162,8128,8078,7934,7760.0,7656.0,7604.0,7505.0,7306.0,7318.0,7180.0,7098.0
664042930448245002,71384,72029,72547,72942,72614,72436,72276,72061.0,71883.0,71374.0,71438.0,72579.0,72779.0,73159.0,73684.0
664042930459310502,2986,2973,2970,2990,3023,3058,3090,3108.0,3089.0,3116.0,3113.0,3103.0,3144.0,3175.0,3222.0
664042930542970902,1582,1582,1595,1604,1585,1586,1589,1578.0,1601.0,1572.0,1563.0,1587.0,1595.0,1576.0,1596.0
664242930518346602,2220,2175,2186,2163,2140,2108,2074,1977.0,1962.0,1946.0,1903.0,1859.0,1867.0,1849.0,1850.0
664642930528521401,742,733,745,724,719,705,675,658.0,652.0,642.0,640.0,633.0,629.0,622.0,608.0
664742929309406402,6291,6384,6465,6480,6481,6534,6582,6578.0,6555.0,6558.0,6585.0,6609.0,6533.0,6582.0,6562.0
664742930179843902,1777,1759,1747,1752,1752,1716,1708,1724.0,1713.0,1676.0,1662.0,1698.0,1671.0,1678.0,1671.0
664742930518939202,3325,3263,3235,3202,3164,3133,3093,2974.0,2962.0,2849.0,2826.0,2769.0,2745.0,2730.0,2767.0
664742930532198301,2600,2590,2584,2592,2544,2472,2431,2335.0,2315.0,2230.0,2191.0,2212.0,2204.0,2165.0,2114.0
664942930450522402,527,529,526,528,523,543,540,595.0,574.0,509.0,477.0,475.0,472.0,467.0,453.0
665142930474649402,6018,6135,6264,6565,6825,6862,6974,7254.166666666667,7254.166666666667,7097.0,7180.0,7217.0,7308.0,7338.0,7385.0
665242930463609802,6540,6527,6534,6515,6546,6498,6455,6431.0,6384.0,6380.0,6370.0,6361.0,6254.0,6256.0,6235.0
665342930460685202,3711,3788,3847,3904,4008,4081,4049,4048.0,4055.0,4046.0,4010.0,4025.0,4020.0,3930.0,3951.0
665342930528787802,10102,9994,9849,9772,9687,9617,9471,9231.0,9126.0,9019.0,8906.0,8724.0,8575.0,8515.0,8452.0
665642930550842201,1838,1825,1855,1855,1881,1910,1931,1897.0,1862.571428571429,1869.0,1862.0,1819.0,1854.0,1863.0,1874.0
665742930527645201,1167,1178,1174,1182,1185,1185,1225,1194.571428571429,1310.0,1283.0,1217.0,1161.0,1141.0,1121.0,1129.0
665842929380279101,4138,4205,4254,4343,4398,4400,4428,4359.0,4334.0,4324.0,4290.0,4202.0,4205.0,4171.0,4169.0
665842930471889901,6180,6206,6184,6180,6205,6218,6223,6211.0,6179.0,6124.0,6189.0,6133.0,6175.0,6174.0,6222.0
665842930528854901,2087,2104,2126,2098,2105,2078,2068,2009.0,2008.0,1964.0,1947.0,1910.0,1895.0,1899.0,1901.0
665942929400362701,157,153,153,147,134,136,135,143.0,139.0,137.0,120.0,121.0,124.0,119.0,116.0
665942930515546002,890,936,922,906,894,884,892,885.0,883.0,868.0,871.0,883.0,848.0,835.0,845.0
665942930524702001,896,892,897,901,897,917,929,899.0,891.0,878.0,870.0,850.0,854.0,859.0,858.0
665942930543219101,3362,3351,3362,3374,3329,3343,3429,3548.0,3586.0,3599.0,3629.0,3667.0,3734.0,3803.0,3856.0
666042930475028101,3935,3897,3859,3871,3724,3587,3525,3351.0,3240.0,3174.0,3108.0,3062.0,3021.0,2963.0,2912.0
666042930525712202,616,629,614,627,610,601,576,582.0,541.0,522.0,537.0,522.0,532.0,514.0,509.0
666142930462109402,6895,6930,6988,6987,7027,7038,7030,6983.0,6936.0,6876.0,6878.0,6796.0,6762.0,6773.0,6766.0
666142930464828901,850,824,816,790,792,782,771,747.0,719.0,689.0,688.0,674.0,662.0,637.0,615.0
666142930533023602,1587,1605,1601,1555,1544,1517,1497,1497.0,1485.0,1446.0,1426.0,1388.0,1394.0,1339.0,1314.0
666242928113204401,3010,3078,3101,3151,3165,3164,3136,3111.0,3139.0,3093.0,3148.0,3102.0,3092.0,3100.0,3131.0
666242930516082801,2643,2609,2606,2597,2583,2572,2557,2543.0,2539.0,2506.0,2491.0,2425.0,2416.0,2395.0,2430.0
666242930525492302,16713,16737,17000,17195,17381,17400,17435,17523.0,17515.0,17500.0,17561.0,17785.0,17749.0,17767.0,17784.0
666342930519029801,7010,6979,6941,6883,6776,6762,6741,6655.0,6708.0,6659.0,6544.0,6401.0,6415.0,6335.0,6275.0
666342930544643602,754,738,743,734,757,752,743,728.0,709.0,707.0,700.0,689.0,697.0,681.0,687.0
666442930480433801,11911,11925,11972,12045,12044,12012,11963,12011.0,12034.0,11992.0,11995.0,11942.0,11826.0,11833.0,11793.0
666442930546688702,625,613,616,608,595,586,566,563.0,554.0,547.0,538.0,530.0,526.0,514.0,505.0
666942930531738801,4832,4890,4873,4869,4860,4881,4832,4783.0,4817.0,4832.0,4815.0,4752.0,4748.0,4751.0,4789.0
667042929885514702,2682,2644,2602,2595,2556,2544,2527,2478.0,2465.0,2448.0,2419.0,2370.0,2350.0,2314.0,2281.0
667042930450950202,423,421,410,401,400,387,375,380.0,365.0,355.0,356.0,350.0,340.0,345.0,328.0
667142927966337801,140,135,134,135,128,120,124,116.28571428571428,111.0,120.0,116.0,119.0,117.0,116.0,115.0
667142930518229601,4519,4556,4621,4650,4615,4641,4640,4603.0,4647.0,4619.0,4599.0,4561.0,4582.0,4567.0,4579.0
667242930457538102,5017,5145,5129,5132,5165,5209,5172,5185.0,5267.0,5343.0,5302.0,5296.0,5274.0,5294.0,5322.0
667342928113248801,79443,79346,79122,78998,78102,77579,77051,76363.0,75857.0,75432.0,74949.0,74115.0,74394.0,74021.0,73807.0
667442930464212402,12387,12587,12777,12843,12931,13035,13029,13217.0,13145.0,13146.0,13106.0,12864.0,12910.0,12830.0,12842.0
667442930515645402,1259,1282,1299,1340,1337,1318,1321,1287.0,1265.0,1261.0,1266.0,1293.0,1297.0,1295.0,1307.0
667442930549503402,135,130,125,120,118,119,121,117.0,112.0,109.0,105.0,105.0,107.0,107.0,99.0
667942930528227902,7377,7341,7327,7381,7335,7339,7324,7268.0,7233.0,7226.0,7229.0,7063.0,6942.0,6923.0,6855.0
667942930530965901,3026,3077,3081,3067,3085,3078,3125,3142.0,3181.0,3121.0,3193.0,3176.0,3208.0,3183.0,3195.0
668042928091088502,31114,31006,31124,31059,30761,30599,30494,29966.0,29657.0,29348.0,28973.0,28422.0,28187.0,27943.0,27680.0
668142930526970101,3717,3812,3873,3899,3984,3978,4009,4034.0,4044.0,4040.0,4082.0,4069.0,4096.0,4097.0,4085.0
668242930533365502,20071,20098,20240,20349,20383,20329,20302,19920.0,19898.0,19878.0,19845.0,19223.0,19043.0,18967.0,18955.0
668442930532995202,509,496,510,507,489,484,486,486.0,487.0,464.0,469.0,478.0,482.0,471.0,479.0
668642930527433401,436,427,433,434,430,438,436,429.0,436.0,438.0,461.0,474.0,485.0,487.0,490.0
668642930544536701,4066,4034,4027,4011,3978,3903,3854,3780.0,3752.0,3741.0,3661.0,3536.0,3517.0,3447.0,3444.0
668742928235978602,1017,1010,1009,1008,987,969,950,942.0,913.0,853.4285714285714,868.0,852.0,830.0,790.0,779.0
668842930538829901,7926,8014,8042,8146,8268,8267,8331,8290.0,8331.0,8275.0,8316.0,8307.0,8314.0,8316.0,8317.0
668942930527960502,957,984,957,966,968,955,956,963.0,968.0,950.0,940.0,968.0,962.0,950.0,959.0
668942930529847002,1366,1382,1380,1394,1444,1458,1460,1516.0,1480.0,1451.0,1394.0,1366.0,1411.0,1375.0,1352.0
669142930289529202,556,542,541,537,535,528,522,527.0,514.0,501.0,503.0,501.0,490.0,507.0,510.0
669142930450104201,877,825,811,803,802,799,806,769.0,764.0,769.0,746.0,738.0,741.0,722.0,712.0
669242930527333102,31593,31470,31463,31389,31299,31317,31154,30987.0,30907.0,30935.0,30708.0,30723.0,30653.0,30363.0,30273.0
669242930529373802,159,152,145,144,144,151,141,153.0,149.0,140.0,138.0,136.0,133.0,131.0,125.0
669342930526060301,3835,3875,3936,3948,3983,3981,3978,4023.0,4064.0,4041.0,4083.0,3992.0,4046.0,4029.0,4021.0
669442930474293901,385,395,389,390,378,376,370,374.0,364.0,358.0,354.0,355.0,349.0,351.0,360.0
669642930539906702,6486,6471,6533,6537,6506,6452,6365,6206.0,6198.0,6199.0,6158.0,6183.0,6237.0,6296.0,6308.0
669842930542477401,2708,2743,2783,2825,2867,2841,2819,2846.0,2803.0,2825.0,2803.0,2801.0,2752.0,2778.0,2799.0
671142930534395002,683,675,668,654,669,654,641,624.0,616.0,596.0,593.0,578.0,575.0,572.0,557.0
671242930455919502,352,349,342,340,333,328,324,312.0,311.0,297.0,293.0,294.0,286.0,278.0,274.0
671542930478300201,8211,8239,8269,8390,8485,8630,8705,8719.0,8709.0,8721.0,8774.0,8631.0,8620.0,8694.0,8736.0
671642928739595002,2080,2046,2045,2059,2045,2076,2076,2083.0,2101.0,2053.0,2025.0,1996.0,1962.0,1923.0,1918.0
671742930528968102,636,657,646,646,637,643,656,639.0,634.0,632.0,642.0,626.0,622.0,630.0,623.0
671842927929385701,5488,5465,5492,5501,5516,5499,5485,5366.0,5386.0,5329.0,5393.0,5334.0,5388.0,5412.0,5515.0
671942930546143302,2595,2604,2606,2630,2645,2596,2588,2509.0,2487.0,2471.0,2459.0,2455.0,2423.0,2459.0,2498.0
672042929801894901,3341,3375,3374,3462,3501,3483,3500,3454.0,3438.0,3420.0,3403.0,3433.0,3458.0,3431.0,3451.0
672142928726429701,174,179,163,167,162,160,156,138.0,137.0,142.0,143.0,153.0,145.0,141.0,141.0
672142929373030202,15321,15379,15473,15641,15692,15634,15644,15564.0,15427.0,15419.0,15465.0,15548.0,15490.0,15539.0,15674.0
672442930530787602,2161,2135,2212,2184,2197,2246,2240,2215.0,2249.0,2281.0,2293.0,2287.0,2299.0,2326.0,2333.0
672542930080417901,5362,5386,5383,5418,5443,5452,5457,5492.0,5463.0,5507.0,5445.0,5409.0,5482.0,5515.0,5561.0
672742930531909101,11015,11346,11625,11853,11983,12111,12248,12401.0,12470.0,12587.0,12652.0,12700.0,12711.0,12738.0,12822.0
673042930517612002,1894,1880,1882,1895,1941,1952,1996,1961.0,1934.0,1859.0,1899.0,1878.0,1873.0,1880.0,1866.0
673042930529893101,5005,5112,5277,5339,5454,5572,5623,5728.0,5755.0,5719.0,5678.0,5712.0,5707.0,5772.0,5773.0
673142930477769301,1560,1544,1535,1534,1510,1486,1451,1400.0,1380.0,1355.0,1330.0,1312.0,1294.0,1289.0,1268.0
673142930516487402,3006,3009,2995,2959,2905,2923,2926,2851.0,2824.0,2777.0,2745.0,2648.0,2628.0,2608.0,2614.0
673242930461406401,1798,1780,1761,1763,1758,1739,1710,1735.0,1711.0,1695.0,1700.0,1664.0,1667.0,1698.0,1743.0
673342930467794802,6572,6581,6674,6651,6631,6623,6638,6523.285714285715,6538.0,6545.0,6462.0,6420.0,6529.0,6573.0,6596.0
673342930518841002,14900,15070,15272,15203,15451,15448,15468,15508.0,15481.0,15496.0,15565.0,15516.0,15551.0,15587.0,15715.0
673342930534726802,1894,1926,1948,1942,1979,1976,1981,1944.0,1973.0,1922.0,1927.0,1937.0,1953.0,1948.0,1989.0
673442930531133301,2825,2838,2832,2828,2844,2796,2775,2734.0,2721.0,2669.0,2610.0,2551.0,2569.0,2524.0,2485.0
673542930463546502,3855,3907,3931,3887,4005,4013,4045,4031.0,4035.0,4065.0,4009.0,3980.0,4010.0,4030.0,4031.0
673742930533903301,37574,38268,38974,39326,39885,40228,40412,40520.0,40139.0,39774.0,39611.0,39672.0,39674.0,39718.0,39753.0
673842930475061702,33378,33550,33543,33423,33112,32981,32703,32341.0,32156.0,31806.0,31451.0,31753.0,31480.0,31092.0,31032.0
674042930461682601,1355,1351,1330,1314,1278,1262,1260,1168.857142857143,1240.0,1216.0,1175.0,1163.0,1158.0,1122.0,1108.0
674142930516069702,30770,30728,30614,30164,30081,29808,29796,29239.0,29063.0,28909.0,28735.0,28828.0,28721.0,28492.0,28592.0
674242930435870002,2894,2868,2844,2798,2740,2703,2660,2584.0,2374.4285714285716,2467.0,2409.0,2361.0,2328.0,2261.0,2211.0
674242930473017302,2496,2483,2471,2480,2461,2424,2419,2418.0,2239.285714285714,2315.0,2277.0,2203.0,2181.0,2132.0,2149.0
674342930457227401,3062,3081,3062,3059,3032,3019,3019,3016.0,2947.0,2912.0,2894.0,2843.0,2853.0,2823.0,2784.0
674342930524419701,1104,1109,1104,1113,1113,1110,1093,1086.0,1077.0,1056.0,1034.0,993.0,1020.0,1020.0,987.0
674542930458635101,1786,1756,1743,1767,1755,1738,1733,1682.0,1668.0,1623.0,1606.0,1596.0,1595.0,1562.0,1547.0
674542930480126701,1871,1889,1861,1890,1901,1892,1918,1928.0,1891.0,1880.0,1878.0,1870.0,1859.0,1887.0,1884.7142857142856
674742930528798301,17354,17426,17630,17713,17797,17976,18221,18477.0,18214.0,18002.0,17811.0,17482.0,17256.0,17211.0,17271.0
675142930451155701,1999,1962,1917,1921,1957,1955,1930,1884.0,1879.0,1853.0,1843.0,1829.0,1785.0,1784.0,1816.0
675142930540256901,4256,4267,4324,4300,4275,4232,4197,4177.0,4119.0,4096.0,4056.0,4014.0,4021.0,4010.0,4009.0
675242928055989402,1242,1257,1289,1329,1350,1370,1401,1382.0,1373.0,1371.0,1364.0,1376.0,1386.0,1395.0,1395.0
675342930525185901,3190,3248,3365,3475,3514,3511,3521,3534.0,3512.0,3489.0,3512.0,3498.0,3480.0,3516.0,3538.0
675442930516295301,2184,2184,2146,2129,2143,2100,2109,2040.0,2026.0,2036.0,2026.0,1995.0,1964.0,1939.0,1970.0
675542930448864102,4282,4248,4230,4206,4190,4157,4113,4020.0,3964.0,3959.0,3943.0,3953.0,3914.0,3940.0,4064.0
675642929321111502,13949,14093,14209,14398,14564,14696,14825,15149.0,15361.0,15457.0,15552.0,15581.0,15664.0,15726.0,15744.0
675642930451386202,288,274,283,280,279,278,278,267.0,264.0,253.0,263.0,257.0,248.0,238.0,237.0
675642930524949302,138,135,128,124,127,132,131,136.0,133.0,128.0,130.0,131.0,130.0,129.0,131.0
675742930526577702,4174,4195,4142,4205,4224,4206,4186,4145.0,4109.0,4094.0,4123.0,4169.0,4181.0,4241.0,4269.0
675742930528981401,280,260,251,254,252,265,260,237.0,244.0,236.0,231.0,228.0,227.0,225.0,218.0
675842930459007402,8791,8880,8874,8880,8840,8837,8823,8758.0,8722.0,8838.0,8857.0,8768.0,8746.0,8678.0,8776.0
675942930475206502,801,773,773,769,767,757,746,705.0,711.0,695.0,689.0,672.0,662.0,667.0,665.0
676142929194519602,675,652,636,620,628,637,626,622.0,613.0,601.0,592.0,570.0,562.0,549.0,528.0
676142930524860502,607,619,621,602,601,589,585,568.0,565.0,567.0,545.0,533.0,525.0,536.0,552.0
676242930220737602,26130,26226,26517,26740,26882,26932,26939,27023.0,27035.0,26921.0,26817.0,27015.0,26912.0,26822.0,26664.0
676242930469479001,412,395,399,399,396,397,389,393.0,383.0,373.0,381.0,381.0,381.0,381.0,381.0
676242930473283902,653,638,634,619,599,594,589,573.0,569.0,536.0,517.0,503.0,490.0,484.0,470.0
676242930542299602,187,182,180,167,175,177,178,170.0,167.0,169.0,165.0,165.0,167.0,162.0,159.0
676342930012382501,1700,1671,1669,1671,1678,1655,1637,1588.0,1541.0,1557.0,1540.0,1500.0,1493.0,1441.0,1450.0
676442930461411002,1926,1954,1973,1988,1995,1975,1963,1915.0,1900.0,1822.857142857143,1827.0,1768.0,1794.0,1786.0,1770.0
676442930464954101,1965,1989,2055,2086,2138,2159,2161,2159.0,2197.0,2164.0,2156.0,2147.0,2143.0,2137.0,2145.0
676442930546368201,1400,1430,1453,1448,1463,1458,1443,1441.0,1407.0,1436.0,1414.0,1426.0,1429.0,1417.0,1415.0
676542930477748601,14298,14416,14396,14583,14703,14804,14853,14854.0,14821.0,14825.0,14772.0,14869.0,14765.0,14680.0,14757.0
676542930517857402,1041,1051,1090,1100,1092,1096,1087,1063.0,1038.0,1032.0,1030.0,1038.0,1038.0,1039.0,1039.7142857142858
676742930475025802,11917,11917,11904,11848,11823,11812,11719,11662.0,11662.0,11770.0,11710.0,11622.0,11555.0,11526.0,11487.0
676842930545340301,3585,3556,3541,3511,3479,3395,3326,3252.0,3190.0,3102.0,3052.0,2946.0,2919.0,2860.0,2829.0
676942930479197201,2776,2771,2732,2691,2630,2597,2580,2332.1428571428573,2469.0,2467.0,2427.0,2331.0,2271.0,2205.0,2155.0
676942930533687801,9922,9972,9978,9974,9954,9964,9987,10004.0,9980.0,9951.0,9842.0,9667.0,9695.0,9674.0,9789.0
677042930478874701,11321,11256,11250,11260,11278,11332,11229,11104.0,11142.0,11162.0,11155.0,11048.0,11006.0,10852.0,10786.0
677142930527521402,13140,13152,13207,13225,13152,13024,12968,12744.0,12630.0,12561.0,12428.0,11952.0,11929.0,11845.0,11832.0
677242928932243302,5761,5819,5852,5836,5869,5899,5835,5688.0,5650.0,5599.0,5598.0,5538.0,5575.0,5543.0,5525.0
677242928988167902,1457,1448,1426,1427,1412,1396,1362,1339.0,1323.0,1306.0,1280.0,1251.0,1205.0,1214.0,1214.0
677242930517222601,1498,1498,1520,1504,1502,1490,1477,1512.0,1478.0,1461.0,1501.0,1520.0,1512.0,1498.0,1509.0
677242930544609802,9142,9131,9153,9145,9088,9071,9065,9087.0,9038.0,9012.0,8925.0,8808.0,8814.0,8748.0,8733.0
677242930547631701,3547,3522,3489,3444,3444,3427,3430,3394.0,3392.0,3401.0,3357.0,3307.0,3260.0,3237.0,3214.0
677742930447987101,10979,10975,10941,10905,10840,10859,10766,10628.0,10646.0,10555.0,10424.0,10023.0,9935.0,9836.0,9775.0
677742930519472901,5584,5529,5498,5493,5454,5452,5380,5339.0,5321.0,5297.0,5250.0,5226.0,5178.0,5111.0,5158.0
677842930461361101,3782,3763,3721,3759,3762,3798,3770,3772.0,3803.0,3807.0,3819.0,3779.0,3759.0,3743.0,3782.0
677942930525818002,38573,38616,38742,38758,38559,38344,38412,37803.0,37734.0,37630.0,37389.0,36914.0,36467.0,36271.0,36186.0
678142930479964501,270,274,275,265,263,265,267,265.0,270.0,267.0,258.0,252.0,258.0,254.0,249.0
678142930521363801,724,715,716,718,721,709,726,704.0,703.0,698.0,706.0,706.0,710.0,712.0,712.0
678242930530196802,8534,8661,8722,8720,8710,8694,8630,8712.0,8731.0,8695.0,8628.0,8615.0,8566.0,8504.0,8563.0
678542930476045002,1150,1161,1086,1065,1040,1030,1035,1013.0,1009.0,993.0,973.0,986.0,959.0,925.0,956.0
678642930458165102,4135,4146,4104,4194,4155,4161,4177,4102.0,4068.0,4051.0,4041.0,4064.0,4058.0,4086.0,4040.0
678742930222068601,110,110,105,102,96,92,85,75.0,71.0,65.0,65.0,70.0,73.0,70.0,67.0
678742930462308501,567,545,559,554,543,534,535,509.0,513.0,495.0,478.0,486.0,486.0,494.0,478.0
678742930528119502,534,514,499,510,500,499,491,502.0,485.0,485.0,473.0,467.0,437.0,436.0,448.0
678842930547371802,1861,1836,1805,1835,1813,1858,1871,1895.0,1873.0,1903.0,1929.0,1955.0,1935.0,1938.0,1931.0
679042928030516801,6534,6540,6593,6644,6721,6726,6731,6715.0,6707.0,6692.0,6698.0,6598.0,6649.0,6643.0,6668.0
679142930464344202,3814,3802,3797,3778,3746,3694,3643,3594.0,3572.0,3533.0,3489.0,3436.0,3455.0,3441.0,3403.0
679242930478303301,1489,1497,1482,1455,1438,1438,1412,1356.0,1347.0,1327.0,1320.0,1271.0,1243.0,1250.0,1214.0
679342930519642702,3159,3176,3175,3192,3275,3321,3287,3323.0,3368.0,3378.0,3319.0,3264.0,3293.0,3273.0,3283.0
679442930456249102,2586,2550,2554,2545,2515,2518,2523,2494.0,2449.0,2465.0,2442.0,2395.0,2350.0,2372.0,2355.0
679442930546701301,470,472,475,478,488,488,477,482.0,483.0,479.0,494.0,481.0,470.0,470.0,464.0
679742929946486602,625,642,642,631,643,645,632,580.0,589.0,562.0,564.0,564.0,565.0,575.0,568.0
679942930541716201,7290,7353,7288,7239,7206,7203,7191,7016.0,6989.0,6980.0,6964.0,6921.0,6888.0,6858.0,6876.0
681142930454118401,14050,14043,13957,13912,13852,13729,13550,13267.0,13052.0,12930.0,12818.0,12583.0,12930.0,12930.0,12930.0
681342930534908101,1583,1600,1569,1565,1571,1544,1564,1573.0,1544.0,1511.0,1526.0,1534.0,1529.0,1525.0,1544.0
681442930464803501,7073,7175,7226,7278,7355,7353,7395,7298.0,7279.0,7210.0,7242.0,7160.0,7107.0,7084.0,7070.0
681742930510597001,326,336,322,333,330,325,324,315.0,309.0,300.0,294.0,297.0,314.0,303.0,297.0
682042930525009502,1739,1739,1739,1732,1714,1706,1716,1726.0,1755.0,1783.0,1773.0,1769.0,1761.0,1760.0,1750.0
682442928121580101,36105,36399,36833,37389,37714,37729,37682,37686.0,37457.0,37782.0,38060.0,38983.0,39042.0,39310.0,39549.0
682442930509273402,30485,30833,31228,31320,31836,32080,32150,32377.0,32567.0,32473.0,32568.0,32476.0,32383.0,32425.0,32629.0
682542930478153201,3975,3930,3944,3935,3928,3917,3904,3877.0,3875.0,3851.0,3814.0,3761.0,3746.0,3703.0,3695.0
682542930521194702,12040,12105,12211,12256,12391,12391,12445,12446.0,12427.0,12578.0,12611.0,12351.0,12350.0,12370.0,12228.0
682542930523950602,15799,15902,15857,15973,15963,15946,15986,15797.0,15796.0,15811.0,15902.0,15652.0,15515.0,15402.0,15503.0
682542930531441302,2371,2399,2425,2441,2491,2477,2467,2501.0,2498.0,2497.0,2514.0,2472.0,2527.0,2539.0,2534.0
682642930545320202,5013,5108,5118,5214,5210,5209,5293,5286.0,5301.0,5279.0,5257.0,5169.0,5139.0,5094.0,5091.0
682842928064987401,3923,3980,3980,4020,4026,4050,4076,4125.0,4095.0,4131.0,4133.0,4041.0,4039.0,4010.0,3987.0
682842930526003901,70033,70085,70375,70327,70664,70384,70210,69583.0,69434.0,68851.0,68283.0,68640.0,68853.0,68585.0,68463.0
683042930455966702,1878,1894,1933,2033,2114,2152,2178,2150.8571428571427,2183.0,2135.0,2110.0,2134.0,2167.0,2144.0,2183.0
683142930518339501,4761,4744,4740,4698,4645,4671,4653,4634.0,4650.0,4643.0,4597.0,4538.0,4479.0,4455.0,4434.0
683342930517481102,2999,3039,3036,3053,3030,3015,2992,2922.0,2839.0,2811.0,2797.0,2801.0,2763.0,2760.0,2783.0
683342930549650701,2286,2222,2185,2131,2076,2064,2033,1963.2857142857144,2017.0,1974.0,1957.0,1957.0,1947.0,1932.0,1959.0
683442930464374402,892,896,894,888,864,858,861,840.0,823.0,807.0,799.0,796.0,781.0,775.0,752.0
683542930530462101,2589,2577,2596,2573,2567,2563,2563,2521.0,2506.0,2518.0,2501.0,2463.0,2470.0,2446.0,2467.0
683642929780713401,1968,1980,1994,1982,1987,1970,1945,1953.0,1945.0,1931.0,1920.0,1894.0,1876.0,1876.0,1869.0
683742930461427702,9309,9465,9459,9534,9610,9681,9709,9719.0,9659.0,9689.0,9683.0,9628.0,9540.0,9556.0,9589.0
683842930531713201,1221,1223,1214,1216,1205,1194,1192,1173.0,1167.0,1152.0,1138.0,1122.0,1101.0,1126.0,1115.0
684142930516547701,427,430,419,409,404,414,408,374.1428571428572,413.0,407.0,392.0,378.0,352.0,342.0,335.0
684342930519896201,1943,1959,1986,2001,2002,2004,1974,2022.0,2039.0,2073.0,2038.0,2005.0,1992.0,1991.0,1975.0
684342930526179301,1418,1407,1388,1380,1357,1350,1329,1277.0,1252.0,1238.0,1207.0,1184.0,1166.0,1156.0,1158.0
684342930538673401,570,561,528,518,512,509,503,516.0,514.0,479.0,474.0,448.0,448.0,437.0,436.0
684342930549015902,747,729,734,731,721,725,729,745.0,721.0,706.0,698.0,693.0,691.0,678.0,686.0
684742928878191202,3688,3722,3703,3729,3735,3712,3637,3559.0,3590.0,3579.0,3564.0,3487.0,3417.0,3408.0,3422.0
684942930529277701,2647,2613,2556,2502,2439,2414,2424,2308.8571428571427,2311.0,2315.0,2306.0,2291.0,2306.0,2322.0,2311.0
685042930523351301,1955,1984,1959,1974,1941,1928,1916,1870.0,1870.0,1876.0,1884.0,1920.0,1928.0,1891.0,1875.0
685142930474884601,11932,11996,12185,12303,12350,12358,12417,12397.0,12429.0,12567.714285714286,12542.0,12585.0,12599.0,12671.0,12751.0
685142930523762602,1280,1213,1174,1170,1132,1157,1109,1052.0,1027.0,983.0,963.0,952.0,971.0,952.0,930.0
685142930546857301,558,565,564,560,551,545,536,490.0,483.0,479.0,482.0,478.0,479.0,503.0,496.0
685242928725986102,651,662,661,661,655,646,645,643.0,657.0,650.0,660.0,666.0,655.0,638.0,623.0
685542930545717101,1676,1706,1680,1658,1636,1616,1603,1519.0,1505.0,1503.0,1468.0,1446.0,1428.0,1394.0,1383.0
685642930473229702,1987,1995,2004,1988,1978,1964,1952,1888.0,1866.0,1869.0,1840.0,1827.0,1807.0,1794.0,1809.0
685642930480066702,11457,11430,11516,11599,11665,11663,11616,11618.0,11606.0,11649.0,11642.0,11664.0,11742.0,11740.0,11835.0
686142928159082502,385,379,370,345,350,346,347,319.0,317.0,316.0,310.0,300.0,282.0,263.0,256.0
686142930516730902,1311,1293,1301,1309,1296,1297,1273,1235.0,1217.0,1196.0,1176.0,1219.0,1209.0,1201.0,1190.0
686242930478176701,988,957,941,932,909,911,902,917.0,925.0,924.0,921.0,904.0,906.0,940.0,924.0
686242930534114102,509,527,513,524,530,547,540,467.8333333333333,503.0,467.8333333333333,474.0,465.0,458.0,452.0,455.0
686442930474073202,241,237,236,241,237,235,234,237.0,229.0,231.0,232.0,234.0,237.0,236.0,239.0
686442930536461201,3282,3296,3304,3347,3430,3424,3442,3398.0,3431.0,3406.0,3411.0,3318.0,3360.0,3364.0,3372.0
686442930544290302,880,879,875,869,847,834,816,788.0,769.0,742.0,743.0,733.0,733.0,723.0,705.0
686542930549153402,9127,9184,9239,9298,9340,9362,9278,9217.0,9250.0,9309.0,9358.0,9271.0,9337.0,9335.0,9266.0
686642930530558201,2572,2551,2527,2503,2490,2483,2485,2438.0,2438.0,2360.0,2310.0,2285.0,2259.0,2233.0,2220.0
686742930460247802,7150,7214,7296,7345,7256,7149,7058,6934.0,6922.0,6867.0,6816.0,6715.0,6723.0,6716.0,6748.0
686742930471518302,569,640,689,752,762,762,742,749.0,751.0,718.0,711.0,723.0,736.0,726.0,707.0
686742930480404201,4602,4552,4524,4508,4476,4514,4479,4459.0,4516.0,4468.0,4378.0,4292.0,4283.0,4218.0,4224.0
686742930530161202,664,648,659,662,671,679,670,659.0,656.0,668.0,656.0,644.0,659.0,665.0,665.0
686942930508038502,113866,115037,116522,117014,117245,117423,117526,119019.0,119648.0,120569.0,120783.0,119993.0,119476.0,119534.0,120504.0
687042930454546001,2550,2556,2582,2574,2565,2609,2600,2531.0,2503.0,2549.0,2530.0,2548.0,2502.0,2487.0,2533.0
687142930472558801,13535,13452,13472,13396,13360,13482,13507,13599.0,13751.0,13845.0,13963.0,14100.0,14152.0,14245.0,14376.0
687242930525582202,124,119,116,125,126,125,126,130.0,137.0,138.0,141.0,144.0,144.0,139.0,138.0
687342930521812002,310,307,307,310,322,336,332,355.0,366.0,338.0,316.0,311.0,310.0,307.0,304.0
687442930545692702,13301,13338,13495,13542,13437,13374,13378,13235.0,13136.0,13047.0,12961.0,12788.0,12802.0,12699.0,12699.0
687542930516092602,9546,9461,9507,9579,9508,9486,9391,9361.0,9372.0,9439.0,9377.0,9389.0,9361.0,9291.0,9269.0
687742930448383602,586,583,584,570,579,577,590,593.0,578.0,569.0,575.0,571.0,584.0,591.0,579.0
687842930528045202,2685,2668,2669,2653,2681,2657,2655,2600.0,2584.0,2571.0,2538.0,2547.0,2529.0,2502.0,2477.0
687942930478920301,1663,1649,1662,1675,1681,1684,1688,1744.0,1745.0,1757.0,1778.0,1755.0,1758.0,1755.0,1780.0
688042930519267601,7928,8079,8208,8293,8408,8444,8527,8729.0,8853.0,8947.0,9089.0,9048.0,9163.0,9376.0,9502.0
688242930479600701,1134,1130,1122,1162,1205,1206,1177,1090.0,1052.0,1019.0,1002.0,1000.0,978.0,970.0,970.0
688242930479708301,1961,1948,1941,1946,1931,1898,1891,1868.0,1857.0,1848.0,1842.0,1825.0,1820.0,1820.0,1819.0
688342930454573002,95,94,92,90,88,84,80,79.0,77.0,74.0,71.0,70.0,70.0,73.0,66.0
688442930478551502,3432,3420,3391,3414,3419,3398,3389,3363.0,3346.0,3309.0,3286.0,3258.0,3283.0,3264.0,3250.0
688542930547601101,1672,1685,1708,1697,1685,1695,1672,1692.0,1662.0,1641.0,1621.0,1619.0,1631.0,1613.0,1609.0
688742928087825902,22751,23255,23615,23660,23792,24208,24409,24592.0,25047.0,25540.0,26174.0,26737.0,27804.0,28436.0,29466.0
688842930462822501,1115,1128,1152,1135,1157,1186,1174,1137.0,1107.0,1120.0,1142.0,1129.0,1118.0,1086.0,1075.0
689042929230287301,139,142,132,125,129,131,128,109.0,109.0,104.0,104.0,101.0,100.0,98.0,93.0
689142930539934701,2492,2485,2494,2484,2456,2422,2431,2397.0,2367.0,2334.0,2316.0,2302.0,2291.0,2280.0,2250.0
689242930533588202,347,336,317,311,308,304,301,293.0,303.0,306.0,302.0,300.0,286.0,285.0,278.0
689442930543590601,8654,8675,8724,8802,8846,8861,8796,8795.0,8695.0,8734.0,8729.0,8626.0,8615.0,8550.0,8579.0
689542930547519802,2606,2675,2733,2869,2881,2891,2892,2853.0,2900.0,2946.0,2971.0,2974.0,3000.0,3017.0,3009.0
689642930516857701,5059,5074,5136,5112,5206,5225,5172,5106.0,5111.0,5052.0,5044.0,4969.0,5020.0,4983.0,4958.0
689842929800307001,8267,8281,8424,8498,8687,8687,8710,8723.0,8796.0,8838.0,8834.0,8871.0,8808.0,8698.0,8732.0
689842930445443202,6078,6037,5958,5931,5859,5826,5767,5699.0,5671.0,5601.0,5528.0,5377.0,5303.0,5240.0,5180.0
689842930531065801,1529,1534,1568,1562,1543,1567,1534,1492.0,1490.0,1466.0,1457.0,1454.0,1457.0,1438.0,1428.0
691142930454716601,6252,6363,6635,6880,6902,6914,6802,6662.0,6605.0,6593.0,6538.0,6583.0,6543.0,6516.0,6518.0
691142930459899401,151,191,236,262,263,251,255,254.0,255.0,247.0,241.0,242.0,240.0,239.0,246.0
691142930477836702,2243,2186,2209,2198,2217,2249,2211,2156.0,2132.0,2102.0,2083.0,2071.0,2076.0,2055.0,2058.0
691142930520228202,2169,2175,2143,2110,2131,2133,2128,2071.0,2082.0,2067.0,2055.0,2021.0,1985.0,1966.0,1970.0
691142930545181902,4887,4943,5054,5016,4981,4965,5007,4997.0,4972.0,4966.0,4974.0,4969.0,4946.0,4886.0,4913.0
691242930471865101,200,194,190,189,193,195,195,192.0,188.0,185.0,190.0,191.0,182.0,177.0,175.0
691242930519659401,1095,1121,1134,1134,1129,1084,1057,1084.0,1070.0,1072.0,1075.0,1032.0,1061.0,1055.0,1057.0
691242930521321801,2851,2864,2934,2956,2978,3009,3047,3082.0,3080.0,3042.0,3018.0,2949.0,2899.0,2884.0,2879.0
691242930545521202,1493,1499,1489,1494,1484,1492,1469,1420.0,1375.0,1348.0,1331.0,1285.0,1244.0,1245.0,1263.0
691742930461913501,9363,9411,9644,9893,10104,10108,10089,10049.0,10067.0,10060.0,10070.0,10142.0,10144.0,10167.0,10267.0
691742930480379601,2957,2933,2915,2901,2904,2873,2867,2879.0,2885.0,2863.0,2884.0,2834.0,2886.0,2875.0,2881.0
691842930446404902,1616,1583,1598,1588,1584,1567,1581,1630.0,1651.0,1685.0,1652.0,1632.0,1638.0,1620.0,1637.0
691942930460283802,8930,9035,9102,9158,9161,9162,9165,9153.0,9157.0,9149.0,9164.0,9130.0,9061.0,9047.0,9113.0
691942930461252602,3137,3136,3096,3087,3057,3068,3051,2984.0,2957.0,2918.0,2919.0,2878.0,2887.0,2876.0,2912.0
691942930544112801,194,187,188,188,179,181,177,196.0,184.0,195.0,174.0,185.0,185.0,159.0,157.0
692042930455091602,1175,1173,1158,1146,1143,1148,1137,1112.0,1086.0,1079.0,1062.0,1018.0,1020.0,1008.0,990.0
692042930476840302,2422,2416,2407,2387,2377,2370,2356,2298.0,2302.0,2268.0,2261.0,2224.0,2199.0,2164.0,2171.0
692042930526194602,94413,94800,94724,94477,94371,94323,94189,94548.0,94795.0,94896.0,95152.0,95950.0,95670.0,95376.0,95580.0
692142930465080401,9881,9893,9989,10063,10098,10166,10159,10166.0,10191.0,10216.0,10213.0,10083.0,10062.0,10033.0,10050.0
692242928258200901,1356,1320,1299,1296,1266,1247,1230,1144.0,1117.0,1091.0,1061.0,1040.0,1013.0,973.0,940.0
692242930461896101,3294,3297,3309,3332,3359,3323,3292,3262.0,3231.0,3272.0,3265.0,3228.0,3240.0,3198.0,3185.0
692242930478049202,1821,1811,1774,1766,1745,1711,1652,1646.0,1595.0,1584.0,1532.0,1491.0,1457.0,1468.0,1497.0
692342930460767302,1692,1716,1716,1714,1684,1692,1671,1628.0,1621.0,1593.0,1577.0,1569.0,1542.0,1517.0,1511.0
692342930530025502,295,302,302,302,292,285,294,290.0,287.0,309.0,316.0,321.0,306.0,307.0,308.0
692442930461132602,15822,15875,16009,16002,16089,16132,16253,16207.0,16188.0,16231.0,16128.0,15972.0,15773.0,15801.0,15806.0
692542930461026101,3346,3358,3363,3369,3391,3412,3495,3456.0,3468.0,3467.0,3497.0,3491.0,3449.0,3440.0,3431.0
692542930464877602,3200,3184,3200,3179,3137,3094,3048,2969.0,2954.0,2906.0,2843.0,2819.0,2815.0,2768.0,2742.0
692642930474182301,3206,3220,3227,3253,3256,3243,3236,3196.0,3119.0,3074.0,3068.0,3038.0,3038.0,3015.0,3000.0
692742930515987001,9817,9835,9979,10057,10088,10167,10144,10292.0,10250.0,10231.0,10247.0,10328.0,10413.0,10401.0,10420.0
692942930479854902,29764,29873,30009,29936,30003,30020,29887,29307.0,29220.0,29214.0,29178.0,29148.0,29107.0,29103.0,29420.0
693342928042043202,2948,2921,2902,2855,2892,2866,2851,2840.0,2831.0,2826.0,2841.0,2830.0,2882.0,2887.0,2880.0
693342930521784902,6469,6546,6509,6534,6512,6502,6542,6488.0,6492.0,6464.0,6446.0,6450.0,6319.0,6321.0,6340.0
693442930478861301,4313,4317,4393,4370,4367,4359,4398,4262.0,4247.0,4246.0,4169.0,4060.0,4064.0,4071.0,4090.0
693642930542975801,215,217,208,218,208,191,196,185.0,182.0,178.0,182.0,184.0,182.0,174.0,173.0
693642930549537501,25294,25290,25268,25235,25310,25287,25126,24976.0,24770.0,24669.0,24632.0,24592.0,24488.0,24314.0,24356.0
693842930526783301,207,215,212,217,218,220,211,195.0,193.0,179.0,168.0,178.0,177.0,182.0,183.0
693942930517351702,4653,4663,4646,4631,4650,4637,4589,4438.0,4434.0,4427.0,4356.0,4389.0,4435.0,4461.0,4458.0
694042930471569902,10614,10662,10663,10748,10821,10849,10906,10887.0,10891.0,10963.0,10954.0,10703.0,10693.0,10687.0,10761.0
694342930515665501,874,870,883,878,883,880,881,860.0,853.0,841.0,831.0,832.0,828.0,831.0,841.0
694342930533946902,2064,2076,2087,2103,2118,2117,2157,2139.0,2145.0,2163.0,2131.0,2097.0,2098.0,2109.0,2118.0
694542930474143501,1978,1974,1943,1932,1940,1952,1936,1895.0,1905.0,1829.0,1881.0,1826.0,1791.0,1804.0,1790.0
694542930527930802,3034,3030,3039,3021,2983,2986,2990,2993.0,2916.0,2885.0,2829.0,2734.0,2743.0,2695.0,2661.0
694642930542427401,1023,1012,1026,998,989,1002,991,983.0,988.0,1004.0,1002.0,987.0,992.0,998.0,1002.0
694842928181430002,686,657,650,652,652,634,622,595.0,593.0,569.0,551.0,540.0,532.0,517.0,525.0
694842930547250201,716,704,703,702,693,698,701,722.0,701.0,691.0,686.0,673.0,684.0,695.0,694.0
694942930509632101,4154,4105,4104,4088,4033,3952,3916,3849.0,3830.0,3762.0,3790.0,3692.0,3652.0,3606.0,3728.0
695042930476106001,2438,2479,2510,2562,2566,2587,2595,2662.0,2690.0,2769.0,2796.0,2847.0,2838.0,2838.0,2860.0
695142930529650002,669,674,661,654,647,639,630,590.1428571428571,597.0,605.0,602.0,589.0,589.0,576.0,573.0
695242930446942902,310,302,293,292,294,286,287,273.0,269.0,265.0,260.0,251.0,249.0,243.0,236.0
695242930468155102,7668,7805,7853,7922,7988,8011,8029,8052.0,8047.0,8067.0,8152.0,8219.0,8194.0,8202.0,8246.0
695342930458421202,4280,4293,4385,4441,4436,4509,4577,4655.0,4667.0,4746.0,4779.0,4772.0,4820.0,4814.0,4801.0
695642929248923802,28100,28184,28233,28201,28260,28318,28193,28257.0,28172.0,27765.14285714286,28200.0,27683.0,27449.0,27252.0,27343.0
695842930524152402,814,808,804,792,815,816,803,778.0,764.0,735.0,725.0,720.0,704.0,708.0,699.0
696042930517018501,33216,33220,33201,33209,33220,33092,33236,33372.0,33444.0,33544.0,33459.0,33357.0,33056.0,32935.0,33103.0
696142928633821702,7851,7793,7845,7881,7906,7834,7725,7675.0,7589.571428571428,7629.0,7641.0,7635.0,7582.0,7512.0,7453.0
696642930474802301,36623,37685,38208,38548,38714,38494,38494,37946.0,37608.0,37260.0,37211.0,38226.0,38665.0,38698.0,38776.0
696642930541606002,381,393,386,384,383,370,364,370.0,362.0,342.0,340.0,348.0,336.0,336.0,324.0
696642930544942101,1518,1493,1494,1491,1491,1478,1457,1411.0,1368.0,1377.0,1376.0,1360.0,1338.0,1326.0,1308.0
696842928030437801,16684,16543,16647,16816,16860,16992,17022,17160.0,17099.0,17048.0,16996.0,16723.0,16569.0,16543.0,16620.0
696942930473808002,919,916,914,916,894,887,864,828.0,800.0,757.0,737.0,735.0,738.0,729.0,727.0
697042930473910301,5410,5434,5355,5437,5445,5397,5336,5226.0,5250.0,5226.0,5201.0,5185.0,5112.0,5079.0,5168.0
697242930479552002,735,743,743,749,757,759,773,793.0,780.0,807.0,795.0,794.0,795.0,788.0,789.0
697342929012746502,1431,1452,1426,1434,1412,1385,1368,1335.0,1346.0,1327.0,1320.0,1311.0,1261.0,1234.0,1221.0
697342930534528301,6296,6310,6264,6235,6165,6190,6143,6095.0,6044.0,5992.0,6011.0,5915.0,5900.0,5885.0,5891.0
697442930527780301,3380,3402,3386,3380,3317,3319,3271,3251.0,3248.0,3188.0,3158.0,3102.0,3105.0,3039.0,3032.0
697642930537356401,6370,6322,6295,6219,6204,6147,6065,5999.0,5903.0,5800.0,5730.0,5785.0,5761.0,5733.0,5727.0
697742930508268501,1976,1972,1957,1965,1949,1946,1926,1930.0,1905.0,1869.0,1832.0,1775.0,1764.0,1768.0,1790.0
697942930448206801,2849,2838,2886,2896,2872,2850,2855,2768.0,2763.0,2724.0,2653.0,2630.0,2589.0,2528.0,2516.0
697942930532346202,32199,32611,32842,32891,32986,33163,33213,33241.0,33273.0,33463.0,33579.0,33265.0,33044.0,32997.0,32993.0
697942930534180601,2951,2908,2879,2875,2822,2778,2719,2642.0,2615.0,2606.0,2558.0,2526.0,2511.0,2485.0,2483.0
698142930476799201,6894,7007,7021,7001,6986,7025,6947,6802.0,6724.0,6703.0,6597.0,6479.0,6407.0,6368.0,6291.0
698142930519445901,13356,13466,13601,13734,13785,13783,13807,13900.0,13861.0,13800.0,13762.0,13756.0,13859.0,14053.0,14129.0
698442930520214102,2007,1973,1975,1950,1936,1923,1892,1914.0,1937.0,1897.0,1870.0,1778.0,1765.0,1741.0,1710.0
698542928135348302,1188,1235,1257,1249,1257,1242,1237,1253.0,1264.0,1244.0,1223.0,1222.0,1267.0,1286.0,1270.0
698542930517150901,46753,46486,46566,46435,46861,47142,47266,47027.0,46929.0,46839.0,47000.0,47208.0,46633.0,46707.0,47043.0
698642930472207101,896,883,910,898,895,868,854,860.0,859.0,852.0,841.0,829.0,822.0,823.0,822.0
698642930518661301,273,268,262,267,246,245,249,228.0,219.0,216.0,212.0,217.0,213.0,211.0,211.0
698642930527561602,1436,1419,1398,1375,1348,1339,1335,1279.0,1269.0,1249.0,1252.0,1230.0,1202.0,1171.0,1162.0
698842930453783402,498,479,472,461,446,433,440,439.0,435.0,419.0,409.0,398.0,400.0,393.0,401.0
698942930522124802,3433,3492,3586,3652,3703,3695,3721,3681.0,3688.0,3693.0,3615.0,3647.0,3674.0,3649.0,3639.0
699142928159330601,599,572,537,525,505,499,476,433.0,426.0,411.0,384.0,375.0,362.0,357.0,352.0
699742930449276401,999,1009,1022,1199,1020,935,902,847.0,827.0,813.0,783.0,762.0,751.0,733.0,721.0
699742930529576902,12832,13322,13736,14140,14582,14731,14783,15344.0,15368.0,15628.0,15746.0,15714.0,15960.0,15988.0,16241.0
699742930529711202,2102,2071,2060,2046,2035,2008,1981,1952.0,1931.0,1915.0,1869.0,1848.0,1841.0,1863.0,1870.0
699842928265614001,1071,1053,1040,1033,1025,1016,998,980.0,975.0,948.0,936.0,943.0,929.0,940.0,918.0
699842929800132601,14241,14158,14302,14470,14557,14691,14848,14746.0,14581.0,14462.0,14387.0,14207.0,14128.0,14128.0,14190.0
699842930526989702,7539,7555,7495,7509,7485,7455,7398,7243.0,7157.0,7150.0,7096.0,7078.0,7014.0,6963.0,6968.0
699942930472631801,6084,6149,6141,6182,6191,6230,6293,6252.0,6242.0,6203.0,6238.0,6159.0,6104.0,6044.0,6053.0
701442930518355201,811,809,810,800,804,813,806,788.0,775.0,771.0,760.0,753.0,731.0,722.0,737.0
701542930477281501,1812,1829,1897,1872,1874,1865,1837,1954.0,2019.0,1961.0,1960.0,2004.0,1953.0,1913.0,1992.0
701542930525900501,1282,1289,1278,1266,1246,1260,1271,1273.0,1256.0,1262.0,1265.0,1258.0,1270.0,1259.0,1248.0
701642928043515102,266,267,248,246,242,233,225,211.0,205.0,199.0,194.0,191.0,189.0,182.0,170.0
701642930527873402,815,816,792,778,768,757,746,722.0,716.0,699.0,696.0,669.0,661.0,660.0,645.0
701742930453720802,30,33,33,32,34,37,37,40.0,40.0,37.0,37.0,36.0,35.0,37.0,35.0
701742930526291201,3118,3155,3227,3273,3317,3305,3282,3249.0,3169.0,3146.0,3133.0,3084.0,3075.0,3055.0,3097.0
701742930526811201,390,383,383,383,374,385,368,360.0,347.0,336.0,328.0,325.0,317.0,306.0,295.0
701942930508392401,544,558,539,533,534,533,529,511.0,510.0,489.0,477.0,475.0,458.0,444.0,424.0
702142930534562902,11223,11256,11255,11285,11431,11505,11564,11665.0,11716.0,11816.0,11861.0,11978.0,12076.0,12040.0,12024.0
702242930521210002,1415,1391,1386,1375,1353,1352,1336,1267.0,1250.0,1243.0,1235.0,1213.0,1219.0,1210.0,1210.0
702442930463800001,34121,34503,34831,35084,35190,35092,35144,35054.0,34956.0,34949.0,34697.0,34446.0,34820.4,34820.4,34820.4
702542930464549202,860,852,845,846,830,841,823,798.0,801.0,797.0,784.0,784.0,787.0,793.0,787.0
702542930469787202,800,781,757,738,735,734,728,738.0,734.0,721.0,710.0,662.0,663.0,666.0,679.0
702742930465685701,2086,2062,2035,2009,2005,1977,1941,1890.0,1868.0,1826.0,1807.0,1766.0,1791.0,1798.0,1780.0
702742930472798502,11576,11685,11748,11787,11824,11765,11740,11548.0,11545.0,11518.0,11495.0,11407.0,11352.0,11360.0,11348.0
702942930457151702,534,519,518,489,475,471,451,437.0,427.0,432.0,435.0,406.0,407.0,415.0,407.0
703042930532533001,8502,8641,8736,8807,8906,8898,8883,8856.0,8861.0,8835.0,8840.0,8743.0,8788.0,8817.0,8892.0
703242930461794801,3754,3839,3894,3951,4019,4049,4086,4146.0,4152.0,4182.0,4212.0,4199.0,4191.0,4229.0,4235.0
703242930527544401,12431,12628,12669,12731,12762,12743,12756,12798.0,12881.0,12977.0,12966.0,12858.0,12802.0,12799.0,12813.0
703342930472057401,1998,1993,2028,1987,1986,1990,1999,1918.0,1858.0,1833.0,1829.0,1821.0,1819.0,1796.0,1790.0
703342930542327302,1167,1175,1132,1104,1085,1043,1021,996.0,981.0,973.0,960.0,975.0,961.0,965.0,946.0
703542930447435902,4926,4931,4972,5005,5045,4984,4994,4954.0,4974.0,4951.0,4934.0,4985.0,4967.0,4936.0,4961.0
703542930529683202,11691,11751,11694,11756,11850,11973,11956,12068.0,12027.0,12107.0,12089.0,12188.0,12217.0,12305.0,12343.0
703642929467003402,8677,8767,8777,8769,8714,8674,8695,8585.0,8496.0,8496.0,8453.0,8408.0,8260.0,8116.0,8031.0
703742929341560901,5806,5888,5973,6003,6027,6015,5976,5977.0,6022.0,5981.142857142857,6018.0,5990.0,5961.0,5933.0,5967.0
703842930465284901,9164,9245,9291,9422,9561,9464,9477,9384.0,9364.0,9397.0,9406.0,9299.0,9265.0,9252.0,9241.0
703942930456878301,3206,3202,3250,3248,3283,3230,3207,3144.0,3124.0,3074.0,3084.0,3064.0,3054.0,3036.0,3070.0
704042930480086002,53336,53919,54119,54213,54700,54723,54918,54548.0,54517.0,54326.0,54366.0,55150.0,55176.0,54916.0,55201.0
704042930516438602,1076,1055,1033,1002,976,962,954,912.0,887.0,882.0,868.0,876.0,837.0,818.0,811.0
704142929091942401,2008,1991,1988,2024,2014,2068,2077,2006.0,1968.0,1972.0,1928.0,1914.0,1915.0,1877.0,1889.0
704342930462932901,1569,1532,1509,1483,1460,1405,1401,1326.0,1291.0,1256.0,1240.0,1142.0,1131.0,1101.0,1066.0
704342930464054902,7043,7262,7360,7529,7669,7703,7748,7758.0,7844.0,7819.0,7864.0,7892.0,7896.0,7924.0,8034.0
704442930446654802,1526,1524,1560,1552,1571,1553,1540,1586.0,1552.0,1552.0,1547.0,1588.0,1604.0,1605.0,1599.0
704542930546364601,3141,3150,3159,3179,3172,3198,3222,3215.0,3257.0,3297.0,3296.0,3238.0,3230.0,3205.0,3225.0
704842930473832701,11700,11864,12139,12304,12480,12625,12655,12813.0,12859.0,12947.0,13048.0,13249.0,13481.0,13614.0,13765.0
704842930518386102,7673,7762,7819,7891,8007,8078,8117,8135.0,8196.0,8244.0,8282.0,8222.0,8336.0,8373.0,8371.0
704842930543354302,755,746,748,752,756,719,733,741.0,726.0,743.0,742.0,749.0,741.0,739.0,740.0
704942930550367501,195,199,194,196,194,185,183,173.28571428571428,179.0,177.0,173.0,170.0,171.0,172.0,171.0
705042930517986502,10039,10041,10070,10159,10130,10139,10182,10079.0,10052.0,10018.0,10023.0,10009.0,9912.0,9892.0,9880.0
705042930520388601,35720,35791,35986,36176,36365,36559,36526,36394.0,36440.0,36487.0,36413.0,36001.0,35916.0,35883.0,35947.0
705042930542945301,8320,8345,8434,8448,8528,8517,8470,8378.0,8378.0,8391.0,8300.0,8483.0,8350.0,8293.0,8304.0
705142930446317302,6088,6078,6042,6002,5949,5956,5947,5795.0,5796.0,5842.0,5887.0,5939.0,6005.0,6429.0,6911.0
705142930511073702,2500,2479,2486,2457,2476,2491,2542,2555.0,2547.0,2539.0,2510.0,2469.0,2478.0,2454.0,2477.0
705142930518615901,6960,6978,6926,6861,6770,6772,6671,6682.0,6674.0,6646.0,6588.0,6498.0,6402.0,6356.0,6331.0
705342928043798601,1065,1080,1075,1086,1081,1090,1100,1104.0,1116.0,1108.0,1083.0,1070.0,1062.0,1062.0,1068.0
705342929013067401,1004,987,974,958,932,927,915,922.0,914.0,887.0,872.0,859.0,822.0,788.0,808.0
705342930474395702,2173,2147,2126,2163,2134,2100,2081,2154.0,2142.0,2106.4285714285716,2138.0,2060.0,2056.0,2064.0,2131.0
705542930478356501,13014,13215,13402,13502,13587,13571,13502,13406.0,13351.0,13307.0,13247.0,13199.0,13132.0,13129.0,13210.0
705542930543915002,6372,6450,6503,6531,6689,6781,6839,6872.0,6828.0,6727.0,6690.0,6870.0,6833.0,6842.0,6875.0
705642930467932701,3737,3731,3714,3712,3692,3657,3730,3708.0,3727.0,3724.0,3709.0,3706.0,3636.0,3622.0,3579.0
705642930523995501,824,819,818,823,817,812,804,741.0,763.0,759.0,750.0,743.0,719.0,689.0,754.0
705842930446977101,9677,9627,9638,9653,9664,9706,9638,9394.0,9354.0,9337.0,9259.0,9034.0,8986.0,8917.0,8891.0
705842930539803201,10792,10799,10775,10732,10617,10547,10502,10393.0,10339.0,10262.0,10243.0,10140.0,10002.0,9973.0,9958.0
706142929047821502,494,487,478,485,504,523,512,504.0,505.0,498.0,499.0,489.0,494.0,487.0,496.0
706342930476820301,79,88,76,84,78,77,76,81.0,82.0,86.0,90.0,84.0,85.0,85.0,88.0
706542930549790602,7317,7384,7392,7401,7428,7400,7371,7237.0,7164.0,7136.0,7092.0,7001.0,6935.0,6857.0,6842.0
706642929449864401,8929,8924,9029,9089,9124,9160,9200,9122.0,9099.0,9158.0,9184.0,9199.0,9274.0,9378.0,9411.0
706742930461573101,3716,3753,3724,3681,3670,3669,3630,3574.0,3565.0,3535.0,3492.0,3501.0,3482.0,3364.0,3336.0
706742930509540002,11968,12121,12301,12422,12652,12802,12931,13130.0,13066.0,13152.0,13287.0,13300.0,13370.0,13184.0,13244.0
706842930534709802,5180,5085,5021,4956,4890,4802,4738,4608.0,4558.0,4483.0,4435.0,4341.0,4278.0,4243.0,4183.0
706942930524806002,1798,1830,1837,1851,1868,1862,1852,1889.0,1868.0,1863.0,1859.0,1867.0,1849.0,1919.0,1921.0
707242930509951101,3004,2971,3000,3057,3059,3065,3084,3043.0,3151.0,3192.0,3170.0,3187.0,3188.0,3228.0,3274.0
707242930533645202,931,923,911,918,914,879,877,852.0,850.0,859.0,865.0,849.0,836.0,819.0,809.0
707342928043758401,14926,14906,14895,14760,14708,14530,14347,13946.0,13721.0,13581.0,13302.0,13181.0,12962.0,12741.0,12272.0
707342930464718201,2348,2332,2332,2363,2366,2367,2381,2378.0,2342.0,2362.0,2379.0,2380.0,2366.0,2342.0,2345.0
707442930447015301,945,960,960,951,970,991,957,946.0,918.0,898.0,900.0,915.0,909.0,926.0,923.0
707542930534451302,3470,3480,3466,3403,3398,3341,3344,3220.0,3177.0,3127.0,3065.0,3027.0,3043.0,3033.0,2990.0
707642930519538401,4045,4132,4142,4135,4128,4108,4108,4044.0,4045.0,4069.0,4078.0,4075.0,4064.0,4054.0,4072.0
707642930544005001,2241,2251,2293,2292,2335,2374,2359,2348.0,2340.0,2309.0,2313.0,2307.0,2290.0,2311.0,2346.0
707742930524510001,762,751,753,759,753,752,737,707.0,716.0,716.0,710.0,696.0,705.0,707.0,705.0
707842930455442102,1464,1437,1398,1370,1364,1324,1314,1252.0,1250.0,1165.428571428571,1171.0,1119.0,1133.0,1120.0,1113.0
707842930524286802,26223,26617,27076,27438,27632,27882,28063,28158.0,28378.0,28548.0,29076.0,28915.0,28474.0,28622.0,28820.0
707842930543553902,7575,7802,8024,8156,8284,8340,8363,8345.0,8303.0,8399.0,8473.0,8609.0,8546.0,8549.0,8632.0
708242930527684101,899,891,896,882,886,904,899,863.0,857.0,859.0,857.0,852.0,844.0,834.0,827.0
708242930532709102,297,300,309,304,306,324,312,297.3333333333333,297.3333333333333,299.0,297.0,290.0,297.0,304.0,297.0
708342930456371102,578,578,574,555,547,553,537,532.0,546.0,540.0,528.0,526.0,516.0,514.0,517.0
708442930518563602,1746,1751,1765,1785,1753,1730,1741,1745.0,1739.0,1760.0,1724.0,1694.0,1698.0,1682.0,1698.0
708542929644415901,681,667,650,640,647,645,638,586.0,576.0,561.0,558.0,546.0,528.0,519.0,533.0
708642930508236301,2506,2551,2523,2512,2492,2478,2463,2425.0,2460.0,2438.0,2460.0,2486.0,2456.0,2451.0,2435.0
708742930529787502,11390,11555,11735,11678,11724,11769,11772,11695.0,11752.0,11772.0,11893.0,11685.0,11689.0,11682.0,11734.0
708942930545115602,1356,1363,1362,1358,1352,1361,1341,1297.0,1282.0,1264.0,1261.0,1240.0,1241.0,1269.0,1273.0
709142930454722902,9804,9729,9686,9648,9596,9531,9428,9271.0,9149.0,9043.0,8917.0,8699.0,8642.0,8550.0,8423.0
709142930529107902,2996,3005,2967,2928,2894,2859,2850,2789.0,2733.0,2682.0,2641.0,2595.0,2575.0,2523.0,2483.0
709342930462657202,5826,5956,5991,6056,6072,6103,6174,6226.0,6226.0,6291.0,6353.0,6440.0,6504.0,6557.0,6557.0
709342930463189902,22207,22095,22241,22710,22982,23101,23287,23277.0,23346.0,23348.0,23284.0,23061.0,23044.0,23061.0,23025.0
709342930523776902,828,828,890,872,846,835,815,772.0,779.0,763.0,731.0,730.0,723.0,713.0,685.0
709342930543115601,2855,2879,2888,2889,2849,2816,2790,2700.0,2658.0,2669.0,2676.0,2655.0,2636.0,2621.0,2602.0
709442929476579602,678,655,668,677,658,648,661,665.0,660.0,672.0,657.0,652.0,657.0,659.0,695.0
709442930480607601,1230,1161,1105,1075,1054,1041,1037,998.0,964.0,950.0,926.0,919.0,893.0,876.0,862.0
709542928119272102,898,950,995,1019,1002,997,1002,968.0,953.0,965.0,951.0,913.0,913.0,896.0,893.0
709542930527752701,1139,1115,1103,1099,1090,1059,1043,1031.0,1037.0,989.0,945.0,946.0,925.0,911.0,919.0
709742929321275401,3427,3462,3568,3627,3692,3797,3821,3917.0,4002.0,4117.0,4225.0,4315.0,4402.0,4559.0,4705.0
709742930463751901,2261,2326,2346,2308,2313,2323,2313,2346.0,2325.0,2358.0,2365.0,2369.0,2387.0,2428.0,2453.0
709842930457914302,15875,15967,16048,16041,16091,16084,16086,16043.0,16036.0,15992.0,15927.0,15776.0,15788.0,15785.0,15726.0
711142928043716701,2136,2160,2167,2151,2135,2106,2085,2085.0,2039.0,2008.0,1934.0,1848.0,1834.0,1824.0,1808.0
711142928623619902,1021,1013,995,1001,974,949,948,953.0,934.0,919.0,903.0,886.0,878.0,870.0,879.0
711142930529725002,1944,1934,1932,1928,1910,1904,1916,1885.0,1868.0,1835.0,1826.0,1797.0,1811.0,1801.0,1792.0
711542930534089201,1449,1461,1447,1442,1448,1458,1437,1390.0,1396.0,1370.0,1360.0,1296.0,1309.0,1307.0,1304.0
711842930537906902,1628,1614,1649,1640,1609,1660,1645,1561.0,1546.0,1519.0,1510.0,1491.0,1512.0,1518.0,1493.0
711942930467776401,7666,7864,8104,8239,8350,8491,8556,8631.0,8669.0,8653.0,8704.0,8602.0,8671.0,8686.0,8674.0
711942930530934902,2296,2309,2347,2389,2420,2406,2394,2397.0,2399.0,2414.0,2397.0,2396.0,2387.0,2408.0,2479.0
712142930518571101,4362,4441,4481,4571,4691,4681,4670,4636.0,4617.0,4627.0,4581.0,4643.0,4633.0,4710.0,4797.0
712142930547855301,179,183,188,182,187,174,179,175.0,178.0,177.0,168.0,171.0,166.0,162.0,171.0
712342930544714301,468,465,438,429,439,439,428,408.0,413.0,405.0,393.0,395.0,397.0,404.0,392.0
712442930521584402,728,720,702,710,685,675,655,653.0,636.0,620.0,602.0,596.0,601.0,586.0,572.0
712542930529577101,475,493,500,498,493,504,502,484.0,475.0,488.0,487.0,489.0,475.0,488.0,486.0
712542930531904702,5166,5156,5138,5140,5146,5135,5111,5085.0,5057.0,5027.0,4978.0,4911.0,4898.0,4886.0,4853.0
712542930547080001,2019,2013,2001,1973,1971,1975,1986,1940.0,1935.0,1908.0,1886.0,1855.0,1864.0,1866.0,1869.0
712942929303552002,2347,2317,2301,2308,2301,2287,2268,2204.0,2175.0,2145.0,2154.0,2121.0,2094.0,2064.0,2083.0
712942930459172101,6707,6696,6692,6642,6643,6615,6576,6531.0,6503.0,6461.0,6440.0,6364.0,6337.0,6332.0,6337.0
713042930460573101,4251,4216,4212,4206,4221,4245,4238,4252.0,4254.0,4271.0,4246.0,4270.0,4193.0,4179.0,4168.0
713042930547421102,1815,1800,1789,1762,1745,1736,1717,1708.0,1692.0,1689.0,1672.0,1596.0,1564.0,1526.0,1496.0
713342930479106802,9837,10005,9975,10104,10145,10097,10106,10022.0,9967.0,9963.0,9935.0,9897.0,9884.0,9804.0,9834.0
713342930515708601,4989,4954,5039,5034,5025,4961,4906,4794.0,4756.0,4629.0,4668.0,4629.0,4597.0,4574.0,4593.0
713542930457938602,674,622,587,561,528,498,484,480.0,508.0,525.0,511.0,500.0,514.0,528.0,534.0
713542930543641801,27944,27900,27833,27758,27822,27659,27651,27752.0,27734.0,27670.0,27751.0,27561.0,27626.0,27722.0,27922.0
713642930520847002,20418,20539,20624,20688,20663,20538,20505,20467.0,20493.0,20463.0,20451.0,20491.0,20451.0,20369.0,20468.0
713842928716168701,651,657,662,657,650,637,641,629.0,622.0,613.0,609.0,594.0,592.0,589.0,595.0
713842930455618501,625,593,581,560,551,523,510,450.7142857142857,475.0,462.0,453.0,451.0,443.0,439.0,432.0
713842930546729101,3349,3422,3468,3465,3475,3498,3503,3544.0,3569.0,3543.0,3579.0,3650.0,3627.0,3626.0,3667.0
714042930508735101,5572,5526,5529,5552,5605,5662,5609,5522.0,5498.0,5523.0,5533.0,5470.0,5474.0,5461.0,5439.0
714242930509730002,457,450,457,451,450,434,442,418.0,417.0,408.0,407.0,394.0,381.0,373.0,376.0
714242930519201201,465,459,468,464,464,452,446,419.0,427.0,431.0,413.0,406.0,401.0,394.0,395.0
714342930474663402,2371,2427,2440,2462,2491,2495,2464,2503.0,2534.0,2565.0,2581.0,2579.0,2603.0,2614.0,2650.0
714442930532459401,3028,3012,2976,2993,3015,2978,2955,2924.0,2917.0,2918.0,2851.0,2779.0,2734.0,2732.0,2713.0
714542930476876001,5818,5826,5895,5960,5948,5959,5954,6002.0,5998.0,6040.0,6081.0,6047.0,5996.0,5912.0,5929.0
714542930509917201,2458,2444,2449,2466,2477,2490,2527,2484.0,2432.0,2428.0,2406.0,2396.0,2372.0,2327.0,2287.0
714642928243104701,2177,2212,2243,2232,2243,2257,2258,2238.0,2198.0,2201.0,2184.0,2176.0,2192.0,2175.0,2177.0
714742930546759701,987,1015,997,984,989,991,983,956.0,952.0,926.0,925.0,912.0,912.0,907.0,894.0
715042930457003501,5882,5812,5761,5804,5828,5820,5803,5730.0,5716.0,5717.0,5671.0,5654.0,5657.0,5662.0,5709.0
715042930476333602,15274,15309,15469,15628,15674,15660,15651,15594.0,15586.0,15561.0,15562.0,15702.0,15660.0,15681.0,15750.0
715042930526729701,3038,3018,3027,3033,3057,3051,3011,2912.0,2868.0,2884.0,2858.0,2860.0,2818.0,2820.0,2805.0
715242930535188001,11357,11423,11519,11606,11637,11612,11651,11592.0,11721.0,11759.0,11777.0,11830.0,11812.0,11801.0,11849.0
715242930541662702,798,780,768,755,747,734,739,709.0,697.0,695.0,706.0,700.0,683.0,681.0,699.0
715342930530796402,49698,49850,50076,49777,49670,49552,49317,48801.0,48380.0,48132.0,47716.0,47489.0,47428.0,46992.0,46892.0
715542930516326301,1500,1491,1480,1475,1434,1407,1414,1411.0,1410.0,1413.0,1393.0,1357.0,1336.0,1320.0,1322.0
715642930458588702,1027,1019,995,984,969,949,953,931.0,917.0,919.0,931.0,921.0,911.0,885.0,873.0
715842930453973101,270,275,279,285,293,317,300,272.0,257.0,230.0,229.0,237.0,225.0,229.0,220.0
715942930462479201,2306,2308,2273,2261,2268,2262,2222,2157.0,2161.0,2150.0,2131.0,2110.0,2072.0,2058.0,2072.0
715942930517913801,7405,7468,7516,7468,7527,7489,7476,7282.0,7423.0,7379.0,7308.0,7275.0,7218.0,7158.0,7213.0
716042930452054202,2797,2823,2818,2821,2813,2789,2758,2744.0,2718.0,2716.0,2687.0,2631.0,2643.0,2638.0,2630.0
716142930474628101,819,839,810,787,802,802,794,779.0,768.0,753.0,742.0,729.0,745.0,740.0,739.0
716242930455354902,3983,4008,3992,4012,4036,4021,3997,3922.0,3887.0,3815.0,3734.0,3676.0,3624.0,3561.0,3540.0
716342930453440202,1288,1295,1273,1285,1273,1245,1269,1265.0,1245.0,1239.0,1229.0,1232.0,1237.0,1238.0,1225.0
716342930547575302,1448,1501,1519,1545,1545,1518,1494,1472.0,1472.0,1480.0,1465.0,1470.0,1451.0,1455.0,1460.0
716342930548795201,5238,5281,5240,5185,5145,5140,5074,5002.0,4974.0,4925.0,4820.0,4701.0,4682.0,4687.0,4648.0
716542930524372901,1419,1453,1478,1488,1518,1529,1527,1488.0,1457.0,1436.0,1424.0,1418.0,1405.0,1391.0,1417.0
716542930538702501,901,875,900,896,887,888,873,885.0,882.0,870.0,863.0,868.0,826.0,849.0,855.0
716842930527589702,878,861,841,807,776,762,740,706.0,691.0,666.0,661.0,652.0,634.0,630.0,604.0
716942930510570001,1036,1010,1017,1010,1001,1001,987,984.0,953.0,915.0,894.0,863.0,849.0,846.0,853.0
716942930548060802,702,694,688,686,693,687,702,702.0,719.0,751.0,730.0,749.0,719.0,749.0,771.0
717042930524936602,2238,2230,2292,2323,2339,2358,2401,2433.0,2461.0,2458.0,2457.0,2412.0,2426.0,2392.0,2427.0
717142930142250702,2826,2830,2893,2917,2902,2930,2962,2948.0,3011.0,2939.0,2942.0,2902.0,2885.0,2880.0,2895.0
717142930448680702,810,807,812,816,820,810,814,797.1666666666666,832.0,797.1666666666666,812.0,804.0,799.0,775.0,761.0
717342930462710901,5108,5148,5153,5126,5201,5219,5255,5193.0,5198.0,5164.0,5131.0,5049.0,5084.0,5040.0,5019.0
717342930516923801,5727,5719,5739,5731,5689,5717,5658,5756.0,5774.0,5700.0,5711.0,5648.0,5652.0,5603.0,5578.0
717442930526366001,4312,4313,4259,4249,4206,4180,4155,4140.0,4096.0,4075.0,4064.0,4076.0,4078.0,4061.0,4085.0
717642929528798602,383,362,360,367,353,339,342,346.0,346.0,328.0,318.0,317.0,311.0,302.0,299.0
717642930474342302,713,745,745,768,759,783,803,811.0,780.0,777.0,792.0,783.0,787.0,793.0,784.0
717942929704056301,1695,1683,1659,1652,1633,1590,1568,1478.0,1458.0,1435.0,1405.0,1355.0,1335.0,1298.0,1292.0
717942930545697601,3919,3877,3829,3829,3829,3822,3795,3704.0,3658.0,3645.0,3610.0,3527.0,3483.0,3433.0,3443.0
718042930542624402,1079,1063,1073,1078,1076,1051,1034,1027.0,1036.0,1016.0,1015.0,992.0,989.0,998.0,998.0
718042930542813302,993,996,1007,1016,1037,1029,1036,990.0,944.0,928.0,896.0,880.0,891.0,889.0,892.0
718242930547462902,225,225,214,211,210,201,204,194.0,178.0,170.0,165.0,165.0,162.0,168.0,182.0
718442930464314901,6559,6571,6638,6655,6702,6679,6686,6664.0,6695.0,6711.0,6716.0,6663.0,6708.0,6784.0,6805.0
718942930448650001,1894,1849,1851,1873,1848,1849,1836,1814.0,1785.0,1796.0,1737.0,1699.0,1741.0,1710.0,1704.0
719042930517652301,485,472,458,448,464,476,467,460.0,445.0,448.0,430.0,429.0,426.0,423.0,410.0
719042930532077502,3473,3569,3628,3645,3661,3648,3686,3735.857142857142,3771.0,3765.0,3807.0,3772.0,3689.0,3674.0,3673.0
719042930546226002,2954,3055,3017,3090,3100,3126,3148,3250.0,3323.0,3289.8571428571427,3284.0,3271.0,3269.0,3293.0,3339.0
719142930508420101,120,120,123,123,120,118,111,110.0,113.0,110.0,117.0,116.0,118.0,117.0,120.0
719142930528578601,11567,11730,11890,12035,12095,12221,12234,12337.0,12376.0,12399.0,12358.0,12258.0,12237.0,12177.0,12208.0
719342929575458001,1338,1337,1318,1329,1306,1303,1298,1303.0,1297.0,1284.0,1276.0,1246.0,1256.0,1237.0,1222.0
719642930457602102,10226,10186,10118,10045,10005,9980,9931,9779.0,9695.0,9582.0,9449.0,9203.0,9135.0,9031.0,8877.0
719642930515572502,1651,1633,1642,1641,1646,1624,1642,1597.0,1593.0,1565.0,1565.0,1557.0,1551.0,1532.0,1532.0
719642930522915302,5465,5436,5387,5296,5226,5170,5112,4673.333333333333,4673.333333333333,4830.0,4770.0,4697.0,4661.0,4569.0,4513.0
719642930529291802,3167,3150,3159,3126,3094,3081,3074,3001.0,3046.0,3032.0,3017.0,3001.0,2994.0,2955.0,2996.0
719742930478003601,23239,23424,23616,23682,23731,23791,23924,24356.0,24505.0,24727.0,24851.0,25214.0,25182.0,25258.0,25425.0
721342930461532101,2277,2238,2226,2187,2134,2123,2112,2013.0,1987.0,1956.0,1919.0,1906.0,1857.0,1841.0,1837.0
721342930476968801,42708,43178,43616,43732,43990,43969,44002,44214.0,44130.0,44687.0,44928.0,44815.0,44716.0,44709.0,45192.0
721642930525564601,3248,3229,3249,3251,3263,3280,3287,3294.0,3315.0,3326.0,3313.0,3309.0,3308.0,3317.0,3357.0
721742930464967901,11195,11146,11109,11081,10971,10792,10743,10421.0,10320.0,10232.0,10141.0,10021.0,9932.0,9838.0,9822.0
721942929155598201,26883,26768,26662,26612,26832,26881,26934,27068.0,27028.0,27263.0,27080.0,26771.0,26792.0,26793.0,27019.0
721942930537211101,2089,2072,2085,2079,2079,2104,2066,2047.0,2016.0,2026.0,2009.0,2006.0,2015.0,2046.0,2039.0
722042930460960701,2400,2439,2417,2412,2373,2334,2293,2261.0,2231.0,2199.0,2129.0,2073.0,2050.0,2035.0,2040.0
722042930532045801,9793,9839,9841,9870,9861,9801,9756,9661.0,9638.0,9570.0,9503.0,9411.0,9353.0,9332.0,9291.0
722042930545968602,6554,6574,6535,6468,6473,6411,6300,6085.0,5985.0,5890.0,5813.0,5769.0,5719.0,5604.0,5590.0
722242930463139302,12360,12443,12659,12801,12993,13051,12990,13012.0,13062.0,13110.0,13184.0,13346.0,13339.0,13484.0,13653.0
722542930531607802,2635,2641,2627,2615,2608,2586,2560,2524.0,2578.0,2554.1428571428573,2563.0,2591.0,2551.0,2535.0,2537.0
722742929861282501,18521,18696,18921,19063,19185,19231,19332,19337.714285714286,19547.0,19521.0,19494.0,19133.0,19254.0,19179.0,19236.0
722742930508588502,1543,1553,1567,1583,1581,1579,1544,1527.0,1511.0,1496.0,1497.0,1526.0,1523.0,1512.0,1512.0
722842930456337501,4367,4318,4295,4289,4211,4163,4104,4063.0,4017.0,3932.0,3866.0,3851.0,3762.0,3724.0,3668.0
722942930518085401,7136,7116,7078,7046,7003,6934,6835,6649.0,6538.0,6475.0,6436.0,6317.0,6311.0,6277.0,6199.0
723042930142431802,987,974,965,959,953,951,952,929.0,917.0,910.0,897.0,883.0,882.0,885.0,883.0
723142929505807502,6172,6180,6149,6137,6120,6119,6118,6051.0,6097.0,6101.0,6124.0,6122.0,6132.0,6127.0,6109.0
723342930479511702,14581,14498,14545,14511,14375,14222,14077,13767.0,13652.0,13575.0,13421.0,13191.0,13136.0,12917.0,12800.0
723342930519547602,1171,1219,1218,1264,1296,1313,1318,1305.0,1301.0,1266.0,1265.0,1276.0,1286.0,1289.0,1268.0
723342930522941101,1891,1879,1860,1847,1837,1826,1812,1803.0,1813.0,1800.0,1722.0,1656.0,1655.0,1648.0,1626.0
723342930548142402,2690,2710,2738,2746,2774,2755,2792,2851.0,2880.0,2968.0,2962.0,3025.0,3049.0,3032.0,3080.0
723442930454249601,165,155,140,139,141,135,137,133.0,128.0,122.0,118.0,119.0,111.0,106.0,108.0
723442930529973901,1116,1095,1079,1071,1047,1025,998,938.0,950.0,926.0,938.0,938.0,938.0,938.0,938.0
723642930526466502,2808,2809,2729,2734,2736,2705,2683,2626.0,2598.0,2582.0,2540.0,2517.0,2509.0,2506.0,2486.0
723742930543772201,2641,2642,2616,2594,2612,2598,2659,2645.5714285714284,2642.0,2719.0,2689.0,2637.0,2610.0,2598.0,2624.0
723942928577741801,2480,2478,2484,2482,2489,2468,2429,2393.0,2336.0,2303.0,2295.0,2243.0,2214.0,2192.0,2204.0
724042930455904601,20450,20513,20868,21236,21506,21665,21796,21988.0,22038.0,22091.0,22203.0,22624.0,22705.0,22794.0,22849.0
724142930534294101,3673,3683,3659,3657,3618,3573,3538,3437.0,3370.0,3334.0,3295.0,3200.0,3150.0,3111.0,3116.0
724142930536224301,1834,1829,1797,1780,1760,1742,1730,1697.0,1667.0,1658.0,1647.0,1572.0,1554.0,1554.0,1525.0
724242928955424601,360,353,351,335,326,315,312,326.0,320.0,312.0,308.0,322.0,321.0,321.0,330.0
724242929621924102,1303,1297,1311,1303,1297,1295,1287,1244.0,1233.0,1216.0,1199.0,1196.0,1180.0,1175.0,1175.0
724242930452538101,1302,1295,1262,1249,1244,1237,1249,1225.0,1222.0,1202.0,1186.0,1172.0,1163.0,1157.0,1137.0
724242930460547301,1714,1717,1662,1646,1630,1604,1583,1558.0,1530.0,1506.0,1493.0,1461.0,1458.0,1418.0,1427.0
724342930479595301,27653,27911,28100,28497,28638,28778,29023,29016.0,28904.0,28935.0,29187.0,29270.0,29284.0,29393.0,29670.0
724542930470416402,7757,7791,7816,7818,7827,7873,7953,8094.0,8147.0,8083.0,8072.0,7976.0,7962.0,8055.666666666667,8055.666666666667
724542930518199302,13535,13754,13987,14030,14192,14203,14292,14555.0,14625.0,14711.0,14683.0,14634.0,14556.0,14684.0,14794.0
724542930543143101,1070,1043,1043,1025,1023,1020,1007,962.0,934.0,938.0,915.0,891.0,869.0,861.0,853.0
724642930518447602,1894,1837,1825,1784,1761,1732,1690,1641.0,1607.0,1594.0,1567.0,1493.0,1459.0,1440.0,1445.0
724742930510510502,594,598,595,608,587,570,579,579.0,553.0,542.0,539.0,534.0,525.0,530.0,528.0
724742930541235102,1646,1642,1652,1647,1629,1601,1562,1527.0,1518.0,1461.428571428571,1491.0,1438.0,1436.0,1414.0,1406.0
724842930543942001,2633,2613,2563,2551,2508,2474,2449,2409.0,2425.0,2412.0,2363.0,2290.0,2304.0,2269.0,2215.0
724942929331638002,727,708,717,714,703,694,693,703.0,711.0,722.0,720.0,708.0,710.0,702.0,689.0
725042930477408302,2480,2495,2470,2482,2434,2428,2398,2359.0,2320.0,2342.0,2338.0,2283.0,2250.0,2221.0,2226.0
725142930454394001,490,503,500,511,518,565,574,545.0,573.0,581.0,587.0,598.0,588.0,592.0,604.0
725142930518660101,25108,25697,26057,26363,26572,26758,26595,26822.0,26898.0,26801.0,26730.0,26497.0,26275.0,26224.0,26201.0
725442930528155802,858,868,866,855,869,854,856,832.0,829.0,813.2857142857143,805.0,811.0,811.0,795.0,810.0
725542929230123302,13991,14185,14396,14675,14774,14926,14909,14776.0,14760.0,14856.0,14904.0,14728.0,14711.0,14607.0,14688.0
725542930523879402,1325,1305,1313,1283,1268,1253,1231,1182.0,1166.0,1156.0,1139.0,1119.0,1110.0,1058.0,1040.0
725642930527444301,2575,2515,2439,2394,2342,2299,2273,2172.0,2091.0,2034.0,1987.0,1921.0,1885.0,1833.0,1815.0
725842930474771402,11229,11203,11122,11029,10970,10881,10781,10662.0,10498.0,10338.0,10205.0,10059.0,10011.0,9913.0,9919.0
726042927901222702,675,674,670,667,673,665,651,690.0,678.0,688.0,684.0,686.0,682.0,691.0,690.0
726042927945167401,5981,6069,6133,6272,6364,6484,6451,6435.0,6451.0,6467.0,6510.0,6439.0,6384.0,6390.0,6452.0
726042930525993201,534,550,537,544,548,557,552,539.0,533.0,534.0,535.0,539.0,539.0,568.0,595.0
726042930548509302,7802,7861,7918,7966,8072,8060,8072,8105.0,8095.0,8105.0,8142.0,8138.0,8183.0,8176.0,8257.0
726142930466752102,965,976,957,941,929,907,896,892.0,876.0,853.0,846.0,834.0,815.0,803.0,791.0
726342929331582102,1376,1364,1420,1453,1478,1509,1482,1556.0,1526.0,1638.0,1640.0,1649.0,1671.0,1684.0,1778.0
726342930479757802,10863,10901,11046,11129,11073,10976,10955,10817.0,10801.0,10883.0,10855.0,10741.0,10679.0,10697.0,10824.0
726442930511203801,1182,1165,1175,1181,1172,1153,1174,1166.0,1172.0,1170.0,1144.0,1134.0,1146.0,1133.0,1147.0
726542930527959101,969,1008,1029,1031,1059,1048,1066,1082.0,1086.0,1095.0,1106.0,1095.0,1101.0,1114.0,1162.0
726542930530133101,2108,2125,2121,2108,2109,2077,2067,2078.0,2078.0,2079.0,2067.0,2057.0,2060.0,2044.0,2022.0
726642930537169902,7822,7841,7925,7966,7945,7961,7970,7981.0,7951.0,7961.0,7978.0,8044.0,8137.0,8199.0,8243.0
726742930335253302,12953,13132,13253,13408,13465,13450,13554,13471.0,13389.0,13293.142857142857,13353.0,13257.0,13227.0,13171.0,13184.0
726742930446891001,276,270,270,266,261,258,245,227.0,220.0,210.0,204.0,204.0,206.0,198.0,198.0
726942930544834401,717,723,713,687,664,660,651,632.0,623.0,611.0,606.0,584.0,586.0,574.0,561.0
727142930454666401,529,513,500,487,477,472,457,432.0,419.0,402.0,384.0,374.0,366.0,353.0,346.0
727142930516918701,10549,10666,10738,10825,10883,10967,11033,10821.0,10813.0,10731.0,10769.0,10969.0,11024.0,10953.0,10976.0
727542928577623102,12119,12308,12371,12494,12528,12518,12438,12442.0,12442.0,12553.0,12535.0,12466.0,12499.0,12491.0,12565.0
727542930509628102,8694,9039,9525,9964,10233,10481,10490,10816.0,10846.0,10817.0,10898.0,10620.0,10581.0,10576.0,10458.0
727542930526079601,892,881,902,884,866,861,842,834.0,799.0,803.0,819.0,795.0,796.0,775.0,781.0
727642930520165201,12552,12716,13050,13213,13316,13381,13340,13183.0,13227.0,13252.0,13258.0,13419.0,13460.0,13541.0,13635.0
727642930524987001,296,297,298,306,301,293,285,263.0,251.0,249.0,243.0,227.0,222.0,218.0,204.0
727642930544262202,9848,10042,10073,10112,10228,10291,10331,10449.0,10451.0,10531.0,10653.0,10798.0,10733.0,10731.0,10966.0
727742930458207302,513,492,481,469,445,439,429,391.0,373.0,348.0,325.0,311.0,312.0,303.0,287.0
727942930478773002,523,516,511,517,517,488,494,481.0,474.0,482.0,477.0,480.0,481.0,483.0,486.0
728042930518785901,1787,1840,1852,1879,2005,2055,2091,2124.0,2145.0,2119.0,2143.0,2154.0,2131.0,2155.0,2173.0
728142930541764201,3286,3380,3440,3487,3529,3538,3521,3553.0,3539.0,3578.0,3568.0,3516.0,3513.0,3551.0,3542.0
728242930448434602,2637,2634,2701,2696,2656,2594,2585,2530.0,2500.0,2501.0,2465.0,2412.0,2393.0,2377.0,2391.0
728242930519752501,3493,3424,3459,3429,3424,3379,3378,3314.0,3242.0,3168.0,3122.0,3046.0,2992.0,2968.0,2908.0
728442930520123101,16270,16438,16529,16537,16501,16485,16463,16375.0,16288.0,16230.0,16257.0,16168.0,16214.0,16223.0,16333.0
728442930529061501,4894,5010,5063,5063,5060,5162,5183,5081.0,5051.0,5091.0,5072.0,5077.0,5064.0,5061.0,5055.0
728442930545119902,5141,5191,5256,5259,5288,5282,5241,5194.0,5143.0,5121.0,5088.0,5030.0,4968.0,4912.0,4923.0
728542930522298301,391,396,393,389,394,382,391,383.0,390.0,384.0,377.0,385.0,386.0,376.0,369.0
728642930529333901,846,857,859,879,881,877,873,850.0,845.0,837.0,840.0,819.0,818.0,804.0,800.0
728742930522733101,2861,2846,2823,2822,2804,2792,2776,2728.0,2697.0,2679.0,2677.0,2606.0,2596.0,2578.0,2587.0
728742930525038602,2648,2651,2666,2671,2696,2695,2640,2590.0,2614.0,2619.0,2613.0,2609.0,2602.0,2635.0,2660.0
728842930460376401,1426,1426,1461,1478,1483,1470,1444,1402.0,1388.0,1382.0,1363.0,1375.0,1343.0,1341.0,1353.0
728842930549897002,7408,7501,7595,7659,7674,7692,7716,7845.0,7885.0,7952.0,7979.0,7986.0,8062.0,8052.0,8156.0
728942930459500901,18888,18766,18753,18631,18584,18511,18499,18567.0,18670.0,18605.0,18546.0,18146.0,18282.0,18209.0,18174.0
728942930508830501,112,105,109,103,92,106,109,108.0,117.0,104.0,100.0,105.0,103.0,101.0,102.0
728942930523743302,576,591,617,613,631,648,648,634.0,644.0,632.0,621.0,638.0,660.0,676.0,703.0
729442928202993902,1537,1523,1510,1498,1472,1440,1428,1388.0,1377.0,1374.0,1367.0,1345.0,1342.0,1346.0,1340.0
729642930509316501,1405,1409,1409,1409,1436,1454,1456,1392.0,1365.0,1345.0,1355.0,1329.0,1337.0,1341.0,1321.0
729742930473396301,653,652,641,649,648,652,627,601.0,594.0,601.0,579.0,560.0,554.0,554.0,555.0
729842928664038701,9102,9169,9192,9203,9201,9204,9186,9311.0,9347.0,9255.0,9224.0,9051.0,9052.0,9076.0,9131.0
729942930528741801,5331,5266,5249,5248,5241,5253,5223,5113.0,5084.0,5024.0,4958.0,4895.0,4869.0,4835.0,4792.0
729942930531735002,4232,4229,4178,4156,4157,4116,4064,3905.0,3901.0,3882.0,3832.0,3757.0,3739.0,3708.0,3671.0
729942930538749302,2789,2776,2746,2710,2675,2643,2644,2597.0,2585.0,2557.0,2525.0,2448.0,2439.0,2405.0,2395.0
731342930509055901,873,897,917,935,957,930,913,899.0,919.0,899.0,892.0,894.0,915.0,905.0,913.0
731342930529588602,2836,2826,2797,2792,2778,2778,2704,2702.0,2641.0,2604.0,2574.0,2514.0,2470.0,2426.0,2412.0
731542929861231001,5935,5925,5890,5895,5862,5877,5801,5815.0,5767.0,5768.0,5722.0,5832.0,5693.0,5688.0,5682.0
731642930474993502,13133,13119,13072,12890,12864,12895,12937,12930.0,12990.0,13030.0,13167.0,13216.0,13163.0,13319.0,13484.0
731842930529884101,887,881,889,885,871,835,852,831.0,800.0,771.0,763.0,748.0,734.0,701.0,707.0
732242930455101101,706,710,675,667,654,653,643,609.0,615.0,604.0,614.0,597.0,583.0,576.0,592.0
732342930527132002,4548,4718,4852,5010,5153,5170,5196,5234.0,5186.0,5197.0,5207.0,5234.0,5249.0,5256.0,5255.0
732442930462972101,681,701,677,654,645,640,628,641.0,627.0,606.0,613.0,606.0,615.0,597.0,605.0
732542930475142002,19295,19340,19507,19537,19246,19587,19864,20062.0,20019.0,19975.0,19582.0,19814.0,19674.0,19589.0,19779.0
732642930509335302,666,654,639,624,638,628,640,642.0,639.0,645.0,650.0,665.0,682.0,692.0,703.0
732742930531854702,3916,3929,3955,3944,3940,3955,3935,3881.0,3852.0,3855.0,3818.0,3746.0,3755.0,3761.0,3782.0
732942930460657301,7474,7522,7475,7522,7528,7498,7426,7433.0,7392.0,7493.0,7512.0,7402.0,7356.0,7291.0,7307.0
733042930527487301,3452,3534,3509,3510,3524,3556,3542,3602.0,3592.0,3585.0,3606.0,3656.0,3674.0,3677.0,3703.0
733342930510619002,8566,8660,8638,8649,8712,8756,8695,8600.0,8462.0,8478.0,8467.0,8452.0,8423.0,8360.0,8434.0
733542929012617102,4446,4395,4316,4278,4234,4215,4171,4114.0,4087.0,4057.0,3987.0,3854.0,3853.0,3813.0,3795.0
733642930466511702,6998,7086,7067,7053,7069,7008,6991,6949.0,6950.0,6943.0,6921.0,6858.0,6746.0,6751.0,6751.0
733642930507971802,3764,3737,3829,3812,3795,3747,3742,3721.0,3671.0,3624.0,3601.0,3671.0,3755.0,3789.0,3752.0
733742930515525102,1023,1040,1048,1040,1059,1064,1067,1028.0,1015.0,993.0,952.0,957.0,983.0,947.0,946.0
733742930546339002,7812,7746,7635,7615,7567,7590,7505,7316.0,7302.0,7253.0,7262.0,7096.0,7162.0,7163.0,7162.0
733842929800091802,693,680,686,685,657,647,634,618.0,606.0,586.0,563.0,532.0,526.0,527.0,528.0
734242930457519401,1537,1532,1539,1531,1547,1534,1498,1504.0,1508.0,1476.0,1480.0,1430.0,1430.0,1407.0,1405.0
734342930549901602,1564,1555,1568,1551,1536,1531,1540,1534.0,1544.0,1504.0,1458.0,1435.0,1440.0,1435.0,1477.0
734442930534817002,1125,1101,1098,1091,1083,1059,1060,1044.0,1038.0,1010.0,998.0,990.0,981.0,951.0,938.0
734742930076008601,649,633,612,588,600,601,604,580.0,563.0,558.0,552.0,553.0,541.0,526.0,517.0
734742930543673001,1249,1222,1242,1246,1249,1214,1192,1157.0,1125.142857142857,1130.0,1123.0,1097.0,1135.0,1118.0,1116.0
734842930479746102,8112,8215,8382,8429,8414,8347,8274,8190.0,8131.0,8088.0,7987.0,7880.0,7912.0,7883.0,7889.0
734942930518880301,2171,2083,2016,2012,1980,1929,1899,1844.0,1802.0,1708.142857142857,1728.0,1673.0,1651.0,1625.0,1634.0
735042930545828002,3471,3550,3557,3560,3586,3601,3591,3614.0,3624.0,3595.0,3582.0,3554.0,3522.0,3505.0,3536.0
735142930522300602,458,457,457,448,445,442,456,443.0,435.0,425.0,416.0,420.0,432.0,443.0,449.0
735142930522899001,24561,24672,24789,24797,24782,24811,24879,24811.0,24666.0,24612.0,24658.0,24333.0,24242.0,24190.0,24218.0
735342930472325001,4223,4275,4296,4265,4254,4198,4150,4083.0,4073.0,4019.0,4043.0,4078.0,4117.0,4078.0,4123.0
735342930520929801,675,660,670,673,674,681,670,666.0,663.0,654.0,631.0,633.0,627.0,613.0,617.0
735442929800456501,811,785,766,739,747,724,711,675.0,659.0,653.0,628.0,610.0,591.0,585.0,584.0
735442930475264201,258,271,264,258,251,246,249,236.0,226.0,226.0,220.0,219.0,215.0,210.0,205.0
735542930460016202,4762,4826,4886,4958,5023,5030,5033,5006.0,4971.0,4910.0,4888.0,4836.0,4769.0,4729.0,4691.0
735642928015149902,301,293,285,274,260,248,232,214.0,216.0,210.0,208.0,208.0,207.0,217.0,213.0
735742930524567701,228,219,218,217,227,232,231,214.0,227.0,213.0,204.0,203.0,195.0,201.0,197.0
735742930533007802,15015,15111,15162,15092,15029,14926,14892,14809.0,14681.0,14655.0,14640.0,14450.0,14352.0,14292.0,14186.0
735942930521494601,1086,1087,1098,1122,1117,1115,1123,1117.0,1119.0,1106.0,1123.0,1124.0,1118.0,1104.0,1108.0
736042930543201701,6278,6214,6151,6143,6120,6073,6002,5881.0,5818.0,5772.0,5745.0,5589.0,5623.0,5495.0,5459.0
736142928096645402,2765,2773,2752,2742,2717,2669,2684,2661.0,2611.0,2521.0,2510.0,2502.0,2541.0,2498.0,2541.0
736142930467949601,9105,9200,9266,9329,9420,9449,9487,9437.0,9346.0,9337.0,9358.0,9351.0,9282.0,9201.0,9324.0
736242930538538202,1515,1504,1500,1506,1498,1500,1487,1461.0,1445.0,1434.0,1435.0,1407.0,1400.0,1388.0,1374.0
736342930518400701,11463,11482,11506,11499,11508,11531,11567,11543.0,11494.0,11496.0,11493.0,11762.0,11528.0,11567.0,11637.0
736442930477504102,1273,1284,1304,1278,1303,1268,1258,1281.0,1276.0,1288.0,1265.0,1250.0,1255.0,1246.0,1257.0
736442930515792202,5304,5370,5462,5458,5530,5622,5630,5652.0,5708.0,5686.0,5685.0,5443.0,5511.0,5559.0,5677.0
736442930549875302,1142,1110,1097,1081,1066,1078,1093,1053.0,1065.0,1031.0,1042.0,1031.0,1055.0,1039.0,1043.0
736642930446691002,626,618,626,622,615,602,598,594.0,587.0,574.0,556.0,549.0,547.0,557.0,560.0
736742930546638901,385,401,390,380,378,357,354,350.0,350.0,347.0,344.0,340.0,328.0,317.0,325.0
736942930542401802,2132,2162,2149,2114,2111,2104,2083,1979.0,1949.0,1915.0,1816.0,1745.0,1761.0,1745.0,1760.0
737142930543350701,861,854,843,841,833,821,806,792.0,809.0,798.0,763.0,760.0,736.0,729.0,721.0
737142930549156801,1678,1673,1696,1693,1685,1669,1630,1623.0,1630.0,1629.0,1600.0,1586.0,1564.0,1555.0,1540.0
737242928633983801,1692,1670,1696,1692,1713,1704,1706,1638.0,1612.0,1603.0,1595.0,1569.0,1552.0,1528.0,1515.0
737542929476623601,694,698,694,685,689,678,687,666.0,654.0,641.0,624.0,627.0,610.0,622.0,639.0
737542930531384801,14953,14854,14881,14908,14797,14694,14698,14611.0,14587.0,14466.0,14312.0,14070.0,14015.0,13929.0,13869.0
737742930453612901,866,853,824,805,787,761,742,702.0,679.0,679.0,643.0,624.0,602.0,601.0,586.0
737742930526022401,3675,3682,3651,3661,3677,3677,3674,3615.0,3592.0,3560.0,3531.0,3461.0,3434.0,3372.0,3336.0
737942930097616401,3932,3947,3921,3891,3897,3870,3859,3784.0,3742.0,3702.0,3620.0,3580.0,3613.0,3593.0,3607.0
738042930527178102,2969,2928,2913,2921,2899,2864,2846,2799.0,2763.0,2770.0,2751.0,2694.0,2683.0,2657.0,2644.0
738142930451961401,7520,7618,7675,7681,7745,7779,7868,7956.0,7995.0,8058.0,8121.0,8349.0,8257.0,8248.0,8312.0
738142930533054302,3227,3196,3165,3170,3159,3122,3099,3028.714285714286,3037.0,3055.0,3050.0,3036.0,3012.0,2997.0,3014.0
738242930540616501,6249,6303,6299,6324,6374,6302,6290,6282.0,6343.333333333333,6343.333333333333,6241.0,6301.0,6352.0,6438.0,6446.0
738242930543621201,6892,6945,6945,6926,6889,6847,6831,6706.0,6660.0,6682.0,6665.0,6483.0,6536.0,6536.0,6559.0
738342930473904902,703,709,683,683,698,680,673,670.0,674.0,662.0,657.0,656.0,632.0,632.0,621.0
738442930524781601,16743,16896,16994,17075,17108,17170,17204,17115.0,17156.0,17156.0,17091.0,16773.0,16543.0,16503.0,16505.0
738542930474153702,251,241,233,231,230,226,211,189.0,185.0,185.0,187.0,182.0,182.0,173.0,178.0
738642930477169202,9815,9761,9657,9604,9526,9461,9459,9273.0,9140.0,9076.0,8999.0,8754.0,8796.0,8772.0,8726.0
738642930527516801,640,609,577,549,524,500,487,456.0,443.0,422.0,402.0,387.0,367.0,340.0,316.0
738742930544018201,430,435,435,435,421,407,398,383.0,380.0,370.0,366.0,365.0,357.0,347.0,352.0
738842930544021902,1388,1371,1346,1342,1323,1305,1297,1275.0,1251.0,1233.0,1197.0,1170.0,1155.0,1145.0,1123.0
739042930473663702,8651,8732,8730,8730,8697,8652,8559,8450.0,8556.0,8608.0,8523.0,8557.0,8584.0,8581.0,8581.0
739142930525380301,7009,6998,6987,6932,6944,6822,6700,6586.0,6497.0,6423.0,6326.0,6281.0,6211.0,6131.0,6066.0
739242928653524301,4984,5091,5138,5173,5168,5188,5125,5143.0,5236.0,5283.0,5272.0,5292.0,5292.0,5300.0,5352.0
739242930475291601,768,771,761,779,795,779,782,804.0,797.0,820.0,812.0,819.0,816.0,790.0,774.0
739242930521845301,642,669,662,644,661,672,673,671.0,678.0,677.0,653.0,649.0,687.0,684.0,694.0
739342930534811301,453,447,430,427,424,423,418,415.0,412.0,411.0,399.0,398.0,391.0,383.0,375.0
739542930518662002,1847,1812,1838,1844,1860,1866,1869,1856.0,1888.0,1887.0,1883.0,1872.0,1883.0,1903.0,1896.0
739842930528586602,226,221,220,217,222,225,239,233.0,231.0,231.0,228.0,214.0,214.0,222.0,233.0
739942930474247801,443,437,433,428,441,442,435,427.0,438.0,439.0,423.0,413.0,420.0,434.0,432.0
739942930475675602,575,562,576,566,557,558,553,553.0,545.0,531.0,525.0,518.0,522.0,518.0,532.0
739942930509665302,1403,1386,1392,1426,1445,1457,1500,1559.0,1552.0,1535.0,1549.0,1589.0,1564.0,1576.0,1539.0
741142930450133202,4981,4972,4978,4936,4924,4928,4821,4808.0,4889.0,4913.0,4873.0,4946.0,4914.0,4884.0,4849.0
741242930464967602,921,885,886,881,892,887,861,862.0,857.0,860.0,880.0,868.0,844.0,833.0,842.0
741342930471659901,741,729,729,715,683,656,653,626.0,618.0,609.0,622.0,600.0,590.0,601.0,598.0
741342930507683502,1590,1636,1628,1646,1651,1649,1644,1663.0,1667.0,1678.0,1689.0,1707.0,1744.0,1731.0,1732.0
741542930473974002,1021,995,990,979,956,946,936,925.0,912.0,883.0,872.0,866.0,841.0,810.0,790.0
741642930526223702,773,771,763,773,773,787,783,756.0,742.0,736.0,728.0,708.0,700.0,665.0,664.0
741642930532255502,1717,1691,1679,1670,1657,1650,1629,1589.0,1575.0,1576.0,1536.0,1484.0,1471.0,1453.0,1438.0
741842930534899702,3010,3019,2949,2954,2932,2901,2869,2785.0,2752.0,2721.0,2684.0,2639.0,2582.0,2549.0,2541.0
741942930460427001,3309,3321,3295,3264,3252,3304,3276,3247.0,3249.0,3242.0,3224.0,3418.0,3415.0,3420.0,3421.0
742142927988856202,370,366,358,358,358,346,341,327.0,311.0,301.0,299.0,289.0,286.0,285.0,282.0
742342930453758302,6549,6529,6524,6427,6425,6440,6366,6287.0,6225.0,6163.0,6127.0,6016.0,6031.0,5976.0,5931.0
742542930471723202,2381,2466,2490,2557,2656,2701,2696,2687.0,2735.0,2698.0,2780.0,2761.0,2764.0,2755.0,2779.0
742742930471636501,12871,13044,13133,13129,13242,13286,13296,13286.0,13381.0,13346.0,13291.0,13341.0,13345.0,13337.0,13475.0
742742930510071001,2874,2881,2853,2868,2846,2833,2789,2688.0,2647.0,2626.0,2599.0,2572.0,2594.0,2583.0,2562.0
742942930184370202,485,489,482,494,492,486,511,499.0,497.0,485.0,474.0,467.0,464.0,486.0,490.0
742942930465440001,2508,2556,2531,2544,2567,2591,2569,2482.0,2416.0,2429.0,2394.0,2349.0,2345.0,2319.0,2284.0
743142930464727701,1071,1050,1046,1043,1042,1028,1015,1001.0,988.0,969.0,963.0,980.0,967.0,963.0,956.0
743242930536606001,2339,2357,2319,2310,2299,2292,2270,2249.0,2229.0,2179.0,2174.0,2112.0,2087.0,2087.0,2105.0
743442930541434601,2748,2737,2740,2722,2716,2698,2684,2623.0,2580.0,2568.0,2522.0,2442.0,2416.0,2376.0,2335.0
743542930524091302,144,143,143,134,134,128,123,128.0,128.0,127.0,124.0,130.0,134.0,129.0,124.0
743542930544765102,1234,1227,1268,1285,1266,1263,1271,1295.0,1292.0,1299.0,1296.0,1265.0,1279.0,1284.0,1298.0
743542930547574501,1731,1723,1696,1697,1687,1703,1678,1663.0,1624.0,1602.0,1587.0,1556.0,1516.0,1496.0,1484.0
743842930456424802,22684,22729,22598,22635,22732,23007,22939,22985.0,23123.0,23379.0,23317.0,23083.0,23070.0,23027.0,23144.0
743942930479775402,505,499,498,533,514,513,508,490.0,481.0,470.0,482.0,477.0,465.0,457.0,448.0
743942930522308902,1332,1354,1342,1297,1319,1329,1331,1365.0,1333.0,1348.0,1363.0,1340.0,1362.0,1382.0,1360.0
744042929543889402,1488,1477,1451,1427,1413,1380,1359,1307.0,1286.0,1257.0,1235.0,1175.0,1159.0,1132.0,1104.0
744042930532707001,5107,5117,5071,5075,5077,5039,5043,4977.0,4978.0,4990.0,4926.0,4818.0,4805.0,4740.0,4717.0
744142930521176202,4125,4065,4115,4128,4119,4126,4155,4114.0,4083.0,4078.0,4117.0,4072.0,4108.0,4098.0,4134.0
744142930534687902,4219,4312,4313,4323,4324,4344,4321,4327.0,4273.0,4247.0,4260.0,4297.0,4288.0,4224.0,4251.0
744642930462634201,99155,99440,100044,100352,100345,100212,100236,99713.0,99110.0,98712.0,98414.0,97489.0,97588.0,97146.0,96873.0
744742930475299301,1994,1996,2010,1981,1950,1911,1888,1848.0,1890.0,1886.0,1886.0,1833.0,1816.0,1793.0,1817.0
744842929800342902,2038,2026,1985,1983,1966,1972,1960,1914.0,1865.0,1811.0,1792.0,1795.0,1777.0,1744.0,1742.0
744942930472424402,429,433,430,428,415,410,391,377.0,376.0,370.0,364.0,353.0,367.0,367.0,359.0
745042930456188002,1260,1253,1236,1230,1236,1260,1254,1237.0,1168.857142857143,1211.0,1198.0,1156.0,1139.0,1118.0,1123.0
745042930478192601,125289,125636,126343,126593,126764,126643,126633,126520.0,125815.0,125998.0,125273.0,122506.0,122159.0,121021.0,120875.0
745242930526604202,21814,22006,22213,22183,21742,21754,21649,21336.0,21280.0,21188.0,21268.0,21268.0,21268.0,21268.0,21268.0
745342930451956402,517,519,517,507,502,504,502,502.0,504.0,486.0,486.0,473.0,466.0,462.0,456.0
745442930200242001,2030,2017,2023,2030,2019,2016,2031,1965.0,1931.0,1917.0,1898.0,1842.0,1875.0,1858.0,1849.0
745642928091208001,854,828,814,794,765,758,758,717.0,702.0,695.0,682.0,700.0,703.0,700.0,688.0
745642930454699602,974,974,971,962,943,950,939,941.0,934.0,929.0,924.0,934.0,937.0,930.0,901.0
745842930461008802,5112,5143,5140,5154,5155,5102,5085,5018.0,5118.0,5189.0,5210.0,5178.0,5218.0,5196.0,5196.0
745842930543313301,2687,2712,2748,2800,2818,2842,2857,2805.0,2830.0,2851.0,2855.0,2808.0,2806.0,2754.0,2770.0
746042930142328302,42225,42309,42327,42323,42407,42499,42699,42149.0,41635.0,41340.0,41047.0,41079.0,40503.0,40496.0,40553.0
746042930476625101,499,494,471,474,468,449,448,424.0,423.0,416.0,412.0,413.0,419.0,420.0,421.0
746142930460295001,10757,10657,10653,10603,10707,10657,10517,10318.0,10251.0,10224.0,10097.0,10053.0,10020.0,10068.0,10209.0
746142930524520202,194,184,190,184,196,190,184,194.0,194.0,186.0,181.0,180.0,185.0,186.0,179.0
746242930463776001,5284,5307,5261,5292,5286,5284,5274,5301.0,5272.0,5265.0,5206.0,5122.0,5089.0,5029.0,5005.0
746342930457665402,1136,1121,1117,1089,1109,1099,1088,1061.0,1051.0,1036.0,1025.0,993.0,1001.0,995.0,974.0
746342930463878801,2646,2694,2706,2740,2757,2738,2747,2651.0,2645.0,2570.0,2537.0,2506.0,2503.0,2484.0,2511.0
746642927966216502,14951,15430,16068,16570,17030,17210,17321,17631.0,17745.0,17857.0,17973.0,18035.0,18116.0,18133.0,18284.0
746742929372946401,196,189,191,195,191,193,193,183.0,176.0,172.0,172.0,166.0,171.0,177.0,172.0
746742930469050901,10755,10774,10769,10888,10948,10955,11059,11082.0,11112.0,11052.0,11105.0,11055.0,10969.0,10975.0,10977.0
746742930477841502,1101,1085,1091,1086,1109,1118,1121,1132.0,1137.0,1143.0,1133.0,1120.0,1106.0,1115.0,1104.0
746742930530543702,470,469,479,478,488,479,483,477.0,498.0,515.0,527.0,521.0,529.0,535.0,541.0
746742930543821902,8524,8643,8720,8802,8988,9109,9220,9383.0,9512.0,9807.0,9935.0,9836.0,9837.0,9849.0,10116.0
747042930524642501,1150,1132,1127,1103,1090,1077,1081,1032.0,988.0,965.0,950.0,947.0,923.0,918.0,918.0
747242930477155201,4315,4303,4305,4292,4257,4287,4273,4201.0,4176.0,4147.0,4117.0,3987.0,3985.0,3943.0,3890.0
747442930467088501,3319,3359,3339,3325,3315,3261,3218,3103.0,3037.0,2971.0,2958.0,2898.0,2890.0,2856.0,2868.0
747742930541866701,7662,7708,7702,7675,7621,7553,7527,7357.0,7336.0,7321.0,7276.0,7164.0,7156.0,7140.0,7049.0
748042930531543202,154058,153483,152857,152360,152643,151866,151959,151352.0,151171.0,151504.0,151005.0,149572.0,149092.0,148117.0,147378.0
748242930454229802,46371,46366,46372,46544,46324,46211,46091,45586.0,45387.0,45211.0,44969.0,44377.0,44331.0,44037.0,43808.0
748242930518778501,7633,7646,7651,7682,7631,7678,7692,7496.0,7480.0,7424.0,7462.0,7495.0,7453.0,7492.0,7537.0
748342928967256601,3300,3285,3336,3369,3375,3330,3372,3360.0,3349.0,3297.0,3314.0,3333.0,3295.0,3312.0,3322.0
748342930464625102,282,264,257,264,287,282,275,273.0,297.0,283.85714285714283,292.0,275.0,270.0,292.0,288.0
748342930546884901,646,674,666,685,699,693,710,707.0,734.0,725.0,712.0,719.0,708.0,712.0,734.0
748542930454194802,367,378,387,385,374,380,374,374.0,369.0,350.0,355.0,367.0,373.0,373.0,363.0
748542930459519002,2256,2272,2246,2258,2248,2235,2225,2159.0,2141.0,2149.0,2148.0,2106.0,2097.0,2081.0,2075.0
748542930509083001,2124,2177,2175,2219,2220,2257,2240,2243.0,2237.0,2233.0,2195.0,2165.0,2179.0,2192.0,2207.0
748542930524919801,5600,5744,5801,5928,5926,5862,5841,5912.0,5912.0,5956.0,6011.0,5975.0,6020.0,6072.0,6160.0
748942928979759201,3589,3542,3598,3625,3651,3666,3682,3699.0,3705.0,3771.0,3868.0,3873.0,3933.0,3974.0,3973.0
748942930524024102,403,390,380,380,380,376,366,354.0,342.0,333.0,323.0,339.0,340.0,332.0,331.0
748942930528259001,835,841,869,854,854,819,818,802.0,785.0,780.0,763.0,759.0,755.0,749.0,755.0
749042930535188201,347,353,313,280,258,261,259,236.0,233.0,228.0,224.0,224.0,220.0,219.0,229.0
749142930533508002,66079,65967,66018,66072,65857,65699,65625,65281.0,65129.0,64903.0,64466.0,63694.0,63330.0,62772.0,62367.0
749142930545493601,2727,2750,2721,2685,2706,2680,2697,2638.0,2600.0,2565.0,2519.0,2527.0,2496.0,2490.0,2497.0
749342928043475002,658,667,669,677,671,672,676,674.0,669.0,671.0,660.0,639.0,643.0,641.0,644.0
751142930473745402,9104,9207,9255,9279,9323,9271,9278,9293.0,9283.0,9230.0,9199.0,9101.0,9088.0,9072.0,9168.0
751142930535995802,720,699,678,667,668,649,620,630.0,636.0,609.0,611.0,604.0,592.0,601.0,592.0
751242930462920302,322,322,315,316,305,308,311,301.0,301.0,299.0,302.0,302.0,292.0,290.0,281.0
751242930540585502,7383,7591,7956,8201,8402,8560,8641,8855.0,8972.0,8998.0,9132.0,9349.0,9462.0,9506.0,9582.0
751342930468117401,25730,25751,25628,25478,25408,25404,25444,25283.0,25323.0,25203.0,25115.0,24233.0,24098.0,23910.0,23807.0
751542930516435202,1241,1252,1278,1239,1247,1228,1228,1228.0,1214.0,1225.0,1214.0,1209.0,1207.0,1191.0,1184.0
751542930536437302,2391,2388,2418,2460,2475,2492,2477,2448.0,2420.0,2395.0,2391.0,2369.0,2337.0,2299.0,2283.0
751742930473859501,741,742,734,730,698,684,672,686.0,684.0,671.0,647.0,646.0,633.0,620.0,632.0
751842930476377802,5338,5440,5384,5360,5343,5312,5314,5223.0,5208.0,5203.0,5154.0,5092.0,5141.0,5134.0,5117.0
752042930469315501,6752,6804,6896,6963,7070,7095,7040,7131.0,7165.0,7180.0,7188.0,7219.0,7225.0,7215.0,7273.0
752142930526027902,2247,2298,2394,2434,2450,2460,2478,2573.0,2605.0,2606.0,2605.0,2549.0,2536.0,2571.0,2618.0
752442930525788701,958,949,937,917,911,900,894,875.0,855.0,843.0,831.0,818.0,812.0,789.0,765.0
752842930473388502,5729,5799,5905,6057,6194,6233,6251,6392.0,6384.0,6418.0,6371.0,6333.0,6449.0,6465.0,6448.0
753142930528832802,1567,1556,1540,1546,1556,1538,1562,1506.0,1537.0,1521.0,1503.0,1535.0,1534.0,1555.0,1651.0
753242927904948402,8117,8154,8288,8448,8521,8554,8609,8587.0,8601.0,8581.0,8638.0,8798.0,8701.0,8680.0,8691.0
753242930475495502,1232,1246,1252,1266,1265,1239,1196,1125.0,1187.0,1144.0,1122.0,1096.0,1130.0,1098.0,1098.0
753242930525301802,3768,3757,3719,3635,3682,3662,3594,3562.0,3507.0,3520.0,3463.0,3471.0,3451.0,3483.0,3501.0
753342930458410102,3980,3948,3912,3947,3871,3851,3793,3698.0,3658.0,3651.0,3612.0,3540.0,3517.0,3493.0,3509.0
753342930517172002,694,710,724,706,700,715,709,729.0,709.0,693.0,689.0,688.0,687.0,695.0,695.0
753442930458177702,1693,1675,1669,1654,1627,1595,1581,1478.0,1465.0,1442.0,1415.0,1345.0,1313.0,1304.0,1283.0
753442930546984902,3861,3827,3842,3822,3775,3781,3747,3638.0,3607.0,3586.0,3577.0,3530.0,3525.0,3513.0,3484.0
753742930508107502,1723,1724,1735,1742,1747,1730,1702,1647.0,1656.0,1640.0,1639.0,1634.0,1642.0,1656.0,1662.0
753842929284173502,6505,6605,6556,6520,6573,6506,6508,6484.0,6426.0,6442.0,6385.0,6373.0,6370.0,6430.0,6425.0
753942930458126802,2054,2027,1979,1948,1928,1883,1858,1772.0,1732.0,1712.0,1676.0,1642.0,1625.0,1597.0,1565.0
754042930474411501,4814,4776,4726,4647,4676,4738,4678,4494.0,4424.0,4344.0,4206.0,4021.0,3944.0,3882.0,3843.0
754142930510380702,1389,1414,1448,1475,1472,1478,1479,1481.0,1455.0,1454.0,1433.0,1416.0,1443.0,1428.0,1435.0
754242930539056601,3116,3153,3104,3096,3085,3076,3063,3019.0,3006.0,2981.0,2969.0,2982.0,3016.0,2996.0,2955.0
754242930546328902,1872,1914,1950,1991,2062,2113,2100,2074.714285714286,2100.0,2095.0,2132.0,2113.0,2063.0,2024.0,1996.0
754342930508346001,6623,6621,6697,6759,6721,6727,6702,6606.0,6588.0,6613.0,6597.0,6607.0,6639.0,6671.0,6744.0
754542930450506301,4176,4142,4134,4068,4153,4108,4040,3948.0,3887.0,3884.0,3821.0,3723.0,3740.0,3621.0,3609.0
754542930521328001,9147,9157,9113,9030,9024,9060,9028,8823.0,8820.0,8939.0,8897.0,8854.0,8866.0,8948.0,8986.0
754542930534566901,7618,7582,7579,7559,7585,7543,7612,7581.0,7532.0,7544.0,7543.0,7494.0,7478.0,7383.0,7419.0
754642930411668402,1756,1750,1720,1693,1702,1700,1692,1651.0,1609.0,1593.0,1606.0,1583.0,1584.0,1558.0,1544.0
754642930448728702,11673,11920,12153,12200,12214,12214,12089,12171.0,12163.0,12161.0,12185.0,12136.0,12107.0,12190.0,12297.0
754642930468904202,13140,13426,13634,13722,13822,13984,14055,14297.0,14412.0,14456.0,14546.0,14338.0,14651.0,14743.0,14957.0
754742930509141001,759,756,744,725,724,728,713,717.0,709.0,712.0,715.0,720.0,718.0,710.0,704.0
754742930519092101,774,763,745,725,702,702,685,651.0,642.0,610.0,583.0,575.0,565.0,563.0,559.0
754842929194568002,998,1001,972,956,944,920,902,857.0,845.0,830.0,799.0,776.0,763.0,751.0,732.0
754842930531037201,725,728,687,686,653,679,629,641.0,622.0,606.0,587.0,571.0,581.0,575.0,575.0
754942929091873102,2942,2961,3024,3029,3015,3010,2991,3072.0,3102.0,3070.0,3076.0,3052.0,3018.0,3027.0,2983.0
754942930510146201,2944,2940,2917,2928,2907,2924,2939,2931.0,2927.0,2909.0,2879.0,2844.0,2807.0,2772.0,2794.0
754942930519302201,2557,2538,2554,2537,2547,2554,2560,2504.0,2468.0,2436.0,2405.0,2331.0,2339.0,2335.0,2320.0
754942930537316102,4670,4724,4751,4777,4774,4754,4702,4660.0,4635.0,4643.0,4642.0,4638.0,4623.0,4582.0,4600.0
755042930463252802,9569,9751,9980,10295,10493,10526,10620,10798.0,10866.0,10916.0,11080.0,10937.0,11108.0,11086.0,11126.0
755142930525235801,1506,1473,1423,1410,1407,1379,1365,1339.0,1285.0,1274.0,1239.0,1189.0,1152.0,1118.0,1116.0
755342930469345301,1710,1712,1697,1674,1684,1660,1658,1611.0,1583.0,1572.0,1569.0,1567.0,1563.0,1573.0,1575.0
755342930538800701,1024,1028,1057,1058,1063,1071,1087,1060.0,1068.0,1064.0,1076.0,1089.0,1088.0,1086.0,1111.0
755442930475572701,7157,7193,7256,7260,7245,7256,7268,7260.0,7233.0,7226.0,7185.0,7064.0,7106.0,7125.0,7105.0
755542930526175202,4899,4927,4941,4928,4943,4937,4881,4618.0,4603.0,4575.0,4585.0,4567.0,4572.0,4628.0,4690.0
755642930446488302,1688,1661,1678,1685,1675,1628,1595,1645.0,1673.0,1649.0,1623.0,1570.0,1565.0,1572.0,1576.0
755842930447690702,7651,7623,7533,7551,7640,7673,7680,7614.0,7617.0,7664.0,7634.0,7543.0,7599.0,7523.0,7556.0
756242930458599801,256,236,226,235,234,231,222,219.0,208.0,223.0,217.0,201.0,207.0,206.0,210.0
756442928726364102,9616,9597,9571,9560,9570,9535,9474,9391.0,9351.0,9319.0,9151.0,8892.0,8860.0,8766.0,9104.285714285714
756642930480195101,1398,1398,1405,1372,1347,1363,1350,1344.0,1338.0,1334.0,1300.0,1272.0,1256.0,1245.0,1221.0
756742930543284001,166,152,156,155,142,144,133,124.0,125.0,121.0,124.0,126.0,123.0,129.0,120.0
756942930532631301,2814,2783,2794,2761,2771,2781,2776,2741.0,2694.0,2669.0,2679.0,2657.0,2637.0,2610.0,2607.0
757042930456484001,1296,1298,1285,1251,1258,1236,1215,1173.0,1147.0,1139.0,1106.0,1094.0,1100.0,1091.0,1071.0
757042930526438702,784,786,808,815,817,800,782,778.0,757.0,739.0,758.0,746.0,752.0,743.0,708.0
757142930515607701,3786,3854,3844,3842,3944,3955,3923,3876.0,3801.0,3814.0,3776.0,3748.0,3759.0,3786.0,3877.0
757442930466583202,11095,10956,10893,10838,10805,10849,10805,10791.0,10649.0,10621.0,10603.0,10594.0,10694.0,10603.0,10705.0
757542930529923202,6440,6449,6447,6462,6562,6647,6725,6895.0,6905.0,6947.571428571428,6922.0,7057.0,6891.0,6967.0,6996.0
757742928757969001,576,567,563,548,549,541,528,505.0,497.0,492.0,480.0,475.0,470.0,453.0,458.0
757842928258270602,2406,2438,2435,2464,2476,2480,2475,2498.0,2478.0,2482.0,2469.0,2440.0,2447.0,2451.0,2463.0
758042928602853002,1866,1874,1841,1835,1811,1783,1791,1713.3333333333333,1713.3333333333333,1730.0,1721.0,1718.0,1708.0,1694.0,1709.0
758042930474086402,1669,1652,1638,1605,1598,1559,1568,1527.0,1527.0,1516.0,1479.0,1469.0,1457.0,1408.0,1384.0
758142930530827302,5182,5237,5277,5207,5277,5317,5336,5362.0,5316.0,5395.0,5425.0,5419.0,5439.0,5457.0,5479.0
758242930159219901,540,543,574,571,581,574,573,554.0,543.0,514.0,507.0,515.0,513.0,513.0,510.0
758242930459609201,15368,15418,15428,15471,15503,15432,15425,14993.0,14977.0,14841.0,14771.0,15160.0,15193.0,15137.0,15134.0
758242930524619902,1861,1902,1997,2028,2062,2065,2097,2105.0,2131.0,2136.0,2133.0,2148.0,2165.0,2140.0,2162.0
758342930532955101,1006,982,996,1006,992,1001,985,933.0,909.0,930.0,908.0,898.0,878.0,882.0,869.0
758542930538871101,55541,55345,55318,55083,54309,53725,53374,51778.0,51032.0,50012.0,49496.0,50284.0,49843.0,49328.0,49174.0
758742930509973401,1568,1548,1519,1514,1503,1477,1462,1430.0,1396.0,1370.0,1361.0,1322.0,1293.0,1264.0,1250.0
758842930516754702,5764,5814,5850,5938,5960,6003,5965,5893.0,5908.0,5904.0,5896.0,5909.0,5878.0,5864.0,5928.0
759142930517837001,759,741,725,719,707,687,678,637.0,618.0,606.0,588.0,571.0,541.0,523.0,513.0
759442928967092902,808,823,835,825,823,852,829,828.0,800.0,767.0,762.0,773.0,777.0,776.0,785.0
759442930475081701,401,438,415,408,421,408,394,374.0,375.0,378.0,383.0,382.0,404.0,391.0,396.0
759742930475779602,2675,2688,2679,2706,2691,2674,2692,2653.0,2639.0,2632.0,2631.0,2635.0,2634.0,2595.0,2657.0
759742930518516101,1479,1458,1448,1452,1434,1424,1415,1370.0,1335.0,1347.0,1364.0,1338.0,1292.0,1268.0,1288.0
759742930531826402,4725,4750,4740,4770,4752,4698,4703,4691.0,4678.0,4567.0,4549.0,4517.0,4515.0,4443.0,4398.0
759842930342859001,7022,7118,7175,7272,7314,7354,7298,7297.0,7309.0,7314.0,7352.0,7366.0,7370.0,7413.0,7459.0
761142930529910401,4814,4852,4855,4855,4807,4782,4703,4642.0,4624.0,4603.0,4617.0,4502.0,4495.0,4483.0,4508.0
761342929839451902,15470,15523,15597,15668,15799,15852,15916,16072.0,16100.0,16023.0,16063.0,15960.0,15925.0,15814.0,15890.0
761342930534268601,2052,2055,2060,2073,2046,2016,2010,1990.0,1978.0,1956.0,1911.0,1895.0,1853.0,1857.0,1872.0
761442929901274502,4423,4589,4702,4856,4918,4904,5015,5087.0,5180.0,5267.0,5280.0,5297.0,5323.0,5291.0,5288.0
761442930456868501,3336,3273,3221,3161,3110,3076,3043,2942.0,2899.0,2822.0,2760.0,2654.0,2655.0,2600.0,2535.0
761442930509005001,3290,3298,3320,3292,3296,3260,3283,3230.0,3229.0,3216.0,3181.0,3172.0,3114.0,3141.0,3201.0
761642929372779502,1465,1458,1465,1444,1431,1420,1434,1424.0,1420.0,1403.0,1371.0,1345.0,1344.0,1330.0,1284.0
761742928878266802,900,908,892,885,900,905,897,896.0,890.0,872.0,885.0,872.0,861.0,861.0,860.0
761742930516272301,18697,18706,18805,18818,18967,19000,19125,19266.0,19393.0,19466.0,19501.0,19602.0,19542.0,19598.0,19594.0
761842930539848401,1629,1626,1588,1582,1587,1563,1537,1491.0,1497.0,1460.0,1474.0,1495.0,1476.0,1449.0,1432.0
762142930519940701,4710,4694,4669,4622,4572,4532,4490,4497.0,4449.0,4434.0,4409.0,4285.0,4241.0,4175.0,4126.0
762242929309570201,164,151,141,134,122,117,120,122.0,115.0,103.0,102.0,99.0,99.0,97.0,101.0
762242930460430702,7667,7821,7896,7903,7992,7931,7928,8037.0,7943.0,7884.0,7725.0,7556.0,7578.0,7513.0,7536.0
762242930536443802,1351,1356,1325,1305,1284,1290,1283,1236.0,1224.0,1223.0,1242.0,1272.0,1261.0,1237.0,1242.0
762442930475939001,14145,14177,14214,14263,14279,14238,14233,14090.0,14106.0,14111.0,14106.0,14066.0,13978.0,13930.0,13901.0
762742930459418802,9653,9828,9930,10049,10145,10161,10198,10232.0,10187.0,10164.0,10119.0,10140.0,10183.0,10140.0,10221.0
762742930459632601,6301,6295,6322,6387,6415,6431,6480,6494.0,6543.0,6550.0,6501.0,6446.0,6469.0,6525.0,6517.0
762942930455609302,3096,3080,3009,2979,2971,2918,2890,2800.0,2746.0,2697.0,2635.0,2537.0,2498.0,2448.0,2422.0
762942930549462102,5823,5994,6036,6160,6327,6380,6415,6473.0,6468.0,6531.0,6566.0,6533.0,6574.0,6601.0,6600.0
763342930012331001,22617,22516,22572,22527,22434,22351,22309,22120.0,21980.0,21855.0,21666.0,21088.0,20932.0,20821.0,20643.0
763442930459100501,1445,1423,1396,1359,1348,1344,1338,1301.0,1278.0,1255.0,1243.0,1218.0,1178.0,1155.0,1138.0
763442930520624602,642,652,621,623,625,640,630,614.0,606.0,606.0,607.0,587.0,577.0,572.0,556.0
763742930468785601,17300,17544,17709,18004,18201,18482,18859,19215.0,19460.0,19682.0,19770.0,19881.0,20137.0,20331.0,20512.0
763742930522540202,5161,5184,5198,5248,5236,5177,5083,4988.0,4855.666666666667,4855.666666666667,4907.0,4821.0,4820.0,4809.0,4789.0
763742930549198901,353,346,356,347,348,339,325,324.0,305.0,291.2857142857143,291.0,289.0,290.0,269.0,271.0
763942928739548802,2810,2830,2899,2962,3020,3072,3124,3138.0,3129.0,3106.0,3127.0,3164.0,3204.0,3260.0,3267.0
763942930527556701,5413,5431,5549,5572,5617,5718,5742,5788.0,5804.0,5867.0,5899.0,6009.0,6015.0,6066.0,6086.0
764142930542767902,97,94,94,91,84,86,84,72.0,79.0,72.0,76.0,74.0,73.0,71.0,68.0
764242930531902702,490,498,485,500,523,518,521,484.2857142857143,491.0,504.0,481.0,483.0,472.0,478.0,481.0
764342929735780202,3825,3856,3825,3829,3791,3772,3796,3743.0,3732.0,3696.0,3665.0,3673.0,3648.0,3661.0,3668.0
764642930543133502,243,260,259,250,251,253,252,237.0,223.0,219.0,211.0,213.0,217.0,226.0,231.0
764742930550657701,1648,1629,1617,1608,1605,1613,1612,1581.0,1622.0,1613.0,1605.0,1573.0,1552.0,1563.0,1564.0
764842930458088902,1687,1698,1692,1667,1630,1615,1602,1498.142857142857,1554.0,1540.0,1522.0,1513.0,1483.0,1445.0,1430.0
764842930524609801,2027,2007,1996,2027,2037,1998,1977,1953.0,1927.0,1911.0,1889.0,1885.0,1893.0,1869.0,1878.0
764942930451690902,91,84,80,83,73,74,78,88.0,82.0,79.0,83.0,85.0,87.0,81.0,86.0
764942930476892201,4480,4518,4574,4656,4707,4711,4689,4697.0,4669.0,4622.0,4587.0,4509.0,4518.0,4530.0,4526.0
765242928990481001,2251,2232,2221,2215,2204,2178,2150,2153.0,2069.0,1960.571428571429,2015.0,1913.0,1880.0,1851.0,1843.0
765342930451224102,3956,3893,3888,3920,3911,3934,3878,3873.0,3878.0,3859.0,3862.0,3859.0,3850.0,3816.0,3793.0
765342930532594302,2089,2072,2028,2000,1955,1970,1943,1846.0,1835.0,1830.0,1842.0,1800.0,1804.0,1818.0,1869.0
765442930450956601,1200,1206,1217,1200,1188,1174,1176,1197.0,1198.0,1169.0,1149.0,1151.0,1153.0,1160.0,1152.0
765442930461657301,5373,5384,5379,5375,5404,5420,5407,5401.0,5382.0,5387.0,5401.0,5355.0,5402.0,5441.0,5378.0
765542930544129601,229,235,229,230,231,226,218,204.0,199.0,194.0,192.0,184.0,189.0,195.0,183.0
765642929456721202,193,197,190,195,183,176,176,177.0,173.0,166.0,165.0,156.0,156.0,152.0,153.0
765642930541715502,4390,4409,4448,4375,4356,4395,4404,4330.0,4267.0,4304.0,4268.0,4172.0,4196.0,4150.0,4169.0
765742930454226601,571,571,570,558,560,555,555,526.0,516.0,511.0,513.0,505.0,503.0,493.0,480.0
765742930468090501,1765,1761,1755,1724,1690,1677,1656,1621.0,1594.0,1567.0,1523.0,1480.0,1446.0,1407.0,1390.0
765942930479079402,3490,3504,3534,3520,3545,3563,3591,3526.0,3523.0,3523.0,3540.0,3577.0,3615.0,3614.0,3641.0
766042930526573601,4741,4819,4830,4879,4956,4929,4901,4835.0,4796.0,4751.0,4741.0,4640.0,4640.0,4633.0,4618.0
766242930524092001,2234,2193,2143,2150,2188,2215,2248,2234.285714285714,2287.0,2277.0,2255.0,2273.0,2198.0,2178.0,2172.0
766442930461358101,440,422,414,423,414,405,398,387.0,379.0,374.0,370.0,362.0,354.0,346.0,344.0
766442930542604801,2357,2347,2367,2415,2452,2472,2464,2480.0,2508.0,2498.0,2480.0,2434.0,2452.0,2415.0,2406.0
766542927975285601,3848,3842,3800,3833,3868,3875,3861,3855.0,3827.0,3840.0,3837.0,3797.0,3809.0,3822.0,3827.0
766542930525683902,614,630,636,626,630,626,628,633.0,630.0,639.0,645.0,648.0,626.0,620.0,609.0
766542930544795501,3118,3137,3088,3049,3045,2976,3005,2970.0,2936.0,2892.0,2881.0,2800.0,2833.0,2830.0,2800.0
766642929456991301,487,467,459,449,455,452,465,472.0,474.0,475.0,468.0,455.0,463.0,473.0,478.0
766642930533177401,3943,3900,3864,3874,3852,3810,3803,3720.0,3709.0,3696.0,3620.0,3627.0,3616.0,3559.0,3513.0
766842930480172401,2525,2523,2539,2508,2474,2484,2445,2436.0,2448.0,2492.0,2508.0,2461.0,2438.0,2316.0,2351.0
766842930546929202,21916,22051,22368,22552,22707,22655,22547,22717.0,22743.0,22711.0,22793.0,23336.0,23649.0,23725.0,23096.285714285714
766942930532052102,520,512,504,504,505,500,509,493.0,488.0,462.0,454.0,463.0,451.0,429.0,425.0
766942930533452502,1579,1571,1559,1559,1557,1578,1557,1516.0,1495.0,1473.0,1464.0,1439.0,1433.0,1432.0,1410.0
767042928789923501,3321,3308,3282,3321,3349,3352,3356,3380.0,3326.0,3308.0,3273.0,3259.0,3214.0,3174.0,3189.0
767142930545023602,665,643,621,624,632,629,630,598.0,600.0,594.0,593.0,590.0,596.0,601.0,616.0
767342930474126302,867,904,907,889,886,874,861,848.0,848.0,851.0,844.0,848.0,856.0,866.0,856.0
767742930527127401,11317,11587,11700,11766,11817,11890,12012,12073.0,11989.0,12052.0,12168.0,12313.0,12298.0,12242.0,12350.0
767942930517197501,4814,4856,4861,4956,4994,5059,5135,5168.0,5186.0,5136.0,5109.0,4995.0,5026.0,4993.0,4989.0
768142928607058202,20942,21109,21151,21215,21395,21463,21425,21428.0,21469.0,21543.0,21506.0,21394.0,21279.0,21108.0,21244.0
768142929012910901,2490,2466,2509,2497,2497,2500,2518,2510.0,2513.0,2509.0,2485.0,2403.0,2395.0,2390.0,2372.0
768142930479507402,627,612,608,606,589,590,577,569.0,553.0,537.0,535.0,537.0,531.0,506.0,498.0
768342930549072102,3172,3185,3197,3184,3163,3192,3176,3124.0,3109.0,3093.0,3082.0,3023.0,3044.0,3066.0,3070.0
768442929543790002,922,907,906,922,910,886,856,863.0,851.0,829.0,815.0,826.0,845.0,829.0,807.0
768442930453312102,2725,2725,2729,2709,2722,2694,2667,2644.0,2616.0,2609.0,2564.0,2497.0,2460.0,2440.0,2417.0
768442930516932402,1922,1893,1888,1862,1857,1857,1843,1832.0,1832.0,1827.0,1797.0,1751.0,1742.0,1722.0,1690.0
768742930459748301,24020,24272,24527,24614,24557,24426,24349,24159.0,23948.0,23683.0,23494.0,23227.0,23159.0,23033.0,22949.0
768742930519976801,6071,6082,6050,6081,6029,5977,5946,5963.0,5910.0,5905.0,5886.0,5840.0,5834.0,5771.0,5747.0
768742930532593301,2745,2729,2738,2709,2745,2685,2668,2637.0,2627.0,2587.0,2603.0,2596.0,2586.0,2600.0,2564.0
768742930546262102,381,373,369,380,378,379,377,387.0,381.0,366.0,371.0,379.0,375.0,389.0,391.0
768942930477568501,1466,1489,1503,1494,1496,1474,1467,1480.0,1471.0,1460.0,1459.0,1476.0,1483.0,1484.0,1504.0
769042929721548401,24202,24042,23958,23929,23907,23820,23512,23495.0,23509.0,23303.0,23215.0,22839.0,22604.0,22357.0,22484.0
769042930454948301,2257,2335,2407,2485,2536,2553,2541,2592.0,2588.0,2602.0,2644.0,2621.0,2633.0,2634.0,2605.0
769042930510266802,712,717,719,731,713,706,687,677.0,680.0,670.0,659.0,657.0,656.0,675.0,682.0
769142930524552902,2218,2257,2228,2222,2220,2236,2213,2222.0,2227.0,2216.0,2224.0,2182.0,2170.0,2166.0,2200.0
769242930465461002,3694,3662,3635,3596,3534,3514,3463,3394.0,3339.0,3294.0,3206.0,3118.0,3097.0,3038.0,3021.0
769342930515814002,3355,3327,3313,3298,3254,3249,3229,3118.0,3141.0,3103.0,3084.0,3036.0,3021.0,3021.0,3041.0
769542930449226601,982,990,989,995,1001,999,992,969.0,951.0,954.0,944.0,943.0,937.0,931.0,918.0
769542930478713902,11386,11418,11429,11372,11330,11262,11208,10587.42857142857,11080.0,10921.0,10785.0,10426.0,10388.0,10282.0,10230.0
769742929839403502,4614,4595,4608,4583,4539,4508,4430,4356.0,4323.0,4326.0,4262.0,4228.0,4226.0,4190.0,4154.0
769742930524787902,328,337,320,316,311,306,311,293.0,285.0,284.0,284.0,272.0,259.0,266.0,267.0
769742930529503102,2028,2002,1996,2038,2039,2025,2000,1992.0,1933.0,1928.0,1884.0,1881.0,1873.0,1845.0,1822.0
769942930533553002,780,781,781,777,780,790,760,769.0,754.0,744.0,730.0,730.0,713.0,680.0,668.0
771242930517918102,8203,8314,8358,8388,8383,8389,8285,8222.0,8140.0,8332.0,8281.0,8423.0,8587.0,8567.0,8622.0
771242930549734802,4880,4945,4952,4883,4821,4817,4805,4697.0,4735.0,4687.0,4593.0,4583.0,4554.0,4545.0,4561.0
771442927975242201,6550,6658,6783,6887,6978,7056,7065,7024.0,7007.0,6885.0,6755.0,6677.0,6663.0,6583.0,6532.0
771442930531741101,2887,2915,2920,2893,2877,2847,2833,2811.0,2797.0,2763.0,2753.0,2663.0,2666.0,2625.0,2612.0
771542930475690702,3833,3843,3856,3861,3839,3852,3837,3791.0,3761.0,3777.0,3784.0,3738.0,3743.0,3728.0,3736.0
771542930530420301,11622,11599,11680,11610,11612,11572,11565,11437.0,11426.0,11350.0,11248.0,11219.0,11163.0,11074.0,11144.0
771642929269267201,1743,1759,1803,1804,1776,1779,1772,1750.0,1744.0,1741.0,1719.0,1764.0,1723.0,1743.0,1725.0
771742930526615202,1455,1434,1439,1443,1434,1405,1398,1361.0,1363.0,1316.0,1303.0,1292.0,1285.0,1297.0,1289.0
771842928932571602,17878,17840,17870,17826,17744,17745,17652,17371.0,17191.0,17211.0,17339.0,17437.0,17364.0,17220.0,17293.0
772042930518296002,5905,5865,5860,5822,5782,5770,5787,5653.0,5613.0,5570.0,5492.0,5403.0,5430.0,5439.0,5387.0
772142930460642302,20500,20562,20606,20655,20605,20449,20279,20130.0,20012.0,19901.0,19732.0,19404.0,19372.0,19220.0,19132.0
772442927901338901,3740,3699,3671,3638,3593,3598,3596,3519.0,3495.0,3478.0,3408.0,3314.0,3282.0,3248.0,3236.0
772442930525244601,1130,1120,1127,1127,1131,1108,1121,1122.0,1142.0,1109.0,1097.0,1055.0,1071.0,1057.0,1058.0
772442930529133601,1146,1141,1149,1159,1174,1163,1116,1113.0,1099.0,1059.0,1025.0,1008.0,986.0,952.0,945.0
772842930524188301,1000,961,960,913,926,918,948,948.0,931.0,936.0,934.0,929.0,927.0,938.0,947.0
772842930533471901,4334,4290,4246,4188,4123,4087,4074,3956.0,3908.0,3823.0,3754.0,3663.0,3631.0,3573.0,3533.0
772842930534651101,1998,2035,2014,1980,1956,1971,1950,1911.0,1913.0,1914.0,1912.0,1838.0,1849.0,1847.0,1850.0
772842930545597801,16522,16765,16983,17170,17398,17531,17597,17834.0,18006.0,18174.0,18171.0,18178.0,18183.0,18162.0,18430.0
773042930474939502,4343,4295,4298,4281,4224,4223,4213,4269.0,4325.0,4301.0,4289.0,4270.0,4468.0,4525.0,4513.0
773042930517042102,3977,3945,3996,3988,4036,4017,4018,3896.0,3839.0,3843.0,3811.0,3797.0,3807.0,3799.0,3824.0
773142928258122402,1963,1976,2002,2049,2066,2052,2016,2022.0,2041.0,1996.0,1994.0,1994.0,1981.0,1989.0,1985.0
773142930455877401,1728,1707,1672,1651,1655,1658,1625,1454.857142857143,1548.0,1537.0,1483.0,1426.0,1419.0,1393.0,1378.0
773442930476283801,1556,1546,1536,1555,1559,1532,1523,1505.0,1457.0,1443.0,1418.0,1426.0,1392.0,1385.0,1385.0
773542930466500401,626,612,595,592,586,577,549,566.0,576.0,559.0,545.0,538.0,523.0,518.0,526.0
773742927963650802,486,482,483,478,482,476,477,464.0,444.0,433.0,440.0,449.0,454.0,447.0,446.0
773842930475318301,4862,4849,4912,5001,5000,5016,5047,5094.0,5086.0,5100.0,5078.0,5093.0,5090.0,5137.0,5186.0
773842930542881302,500,504,529,522,504,497,502,515.0,495.0,468.0,480.0,486.0,490.0,496.0,504.0
773942930457397801,1048,1042,1028,994,994,966,963,932.0,934.0,885.2857142857143,877.0,866.0,865.0,856.0,867.0
773942930524179501,5275,5278,5351,5459,5526,5527,5565,5593.0,5607.0,5656.0,5709.0,5757.0,5802.0,5888.0,5954.0
773942930535252001,1010,1012,1013,1036,1027,1013,1006,994.0,1003.0,1002.0,1002.0,996.0,996.0,994.0,996.0
773942930545339702,1761,1737,1727,1730,1730,1727,1737,1704.0,1683.0,1659.0,1605.0,1595.0,1563.0,1555.0,1560.0
774142930473192902,559,563,561,567,585,593,578,552.0,535.0,548.0,548.0,544.0,530.0,546.0,538.0
774442930473346201,726,712,707,679,684,664,651,611.2857142857143,650.0,636.0,623.0,632.0,599.0,577.0,562.0
774442930516563901,2109,2084,2035,2011,1975,1937,1921,1870.0,1847.0,1788.0,1746.0,1691.0,1685.0,1667.0,1646.0
774642930478609202,2147,2169,2133,2134,2139,2129,2125,2107.0,2095.0,2086.0,2062.0,2066.0,2046.0,2066.0,2089.0
774842930509319202,5593,5737,5815,5892,5922,5973,5949,5961.0,6011.0,6090.0,6082.0,6027.0,6067.0,6105.0,6183.0
774942930528725202,1841,1839,1845,1876,1872,1877,1895,1944.0,1990.0,1970.0,1998.0,1982.0,1980.0,1978.0,2016.0
775042930549875901,14402,14634,14940,15324,15360,15413,15449,15329.0,15257.0,15209.0,15206.0,15662.0,15698.0,15661.0,15755.0
775242930477103701,11066,11101,11132,11156,11093,11073,11024,10872.0,10736.0,10688.0,10575.0,10482.0,10456.0,10366.0,10461.0
775342930515885902,348,348,341,344,333,320,296,294.0,287.0,275.0,269.0,263.0,261.0,261.0,249.0
775342930533707102,1906,1917,1913,1922,1932,1916,1938,1943.0,1934.0,1928.0,1893.0,1855.0,1861.0,1866.0,1892.0
775342930536044501,670,675,666,661,654,634,623,602.0,587.0,577.0,568.0,555.0,548.0,546.0,539.0
775342930544529802,1696,1736,1733,1737,1745,1734,1726,1705.0,1701.0,1681.0,1675.0,1663.0,1659.0,1641.0,1648.0
775442928247207701,2344,2313,2264,2254,2218,2183,2142,2190.0,2104.0,2060.0,2034.0,2056.0,2041.0,1988.0,1983.0
775542930509392802,3762,3775,3823,3861,3860,3898,3891,3787.0,3833.0,3842.0,3865.0,3833.0,3776.0,3764.0,3792.0
775742930451514601,4978,5066,4972,4990,5013,5049,5022,5042.0,5046.0,5046.0,5024.0,4903.0,4907.0,4938.0,4914.0
775742930469338602,1100,1102,1111,1111,1123,1115,1104,1086.0,1085.0,1086.0,1069.0,1081.0,1112.0,1109.0,1144.0
775742930531576201,1740,1759,1815,1801,1781,1791,1794,1762.0,1750.0,1719.0,1678.0,1663.0,1661.0,1654.0,1671.0
775842930545108101,46561,46720,46972,46998,47097,47425,47401,47273.0,47493.0,47168.0,47380.0,47380.0,47090.0,47118.0,47403.0
776142929439514102,2525,2558,2622,2680,2732,2770,2778,2782.0,2808.0,2849.0,2892.0,2912.0,2977.0,3077.0,3148.0
776142930543691701,13604,13612,13649,13678,13695,13645,13567,13354.0,13233.0,13253.0,13163.0,13139.0,13028.0,12998.0,12944.0
776342930466918701,40649,40698,40539,40317,40369,40475,40449,40326.0,40289.0,40373.0,40278.0,40722.0,40469.0,40736.0,41014.0
776342930479367001,22869,23055,23195,23381,23516,23672,24066,23908.0,23866.0,23986.0,23837.0,23964.0,23945.0,23794.0,23961.0
776342930520595402,7096,7089,7095,7046,7073,7072,7061,7108.0,7089.0,7118.0,7108.0,7127.0,7105.0,7061.0,7138.0
776342930529182402,7457,7419,7430,7403,7353,7303,7266,7188.0,7100.0,7043.0,7007.0,6910.0,6971.0,6932.0,6889.0
776342930531140302,2517,2544,2533,2531,2542,2530,2505,2542.0,2544.0,2531.0,2515.0,2439.0,2426.0,2424.0,2442.0
776342930543786801,6634,6702,6812,6858,6935,6927,6958,6959.0,6959.0,6981.0,6928.0,6798.0,6833.0,6809.0,6817.0
776542930531824101,2287,2276,2272,2253,2231,2232,2208,2140.0,2130.0,2126.0,2116.0,2047.0,2031.0,2013.0,1976.0
776642928021818302,970,980,967,1002,1022,1036,1045,953.5714285714286,957.0,963.0,948.0,942.0,948.0,965.0,952.0
776642930515873301,6945,7143,7237,7364,7520,7588,7624,7699.0,7772.0,7840.0,7856.0,7856.0,7881.0,7870.0,7826.0
776742930480086601,943,950,943,931,936,935,922,924.0,901.0,890.0,876.0,865.0,841.0,840.0,830.0
776742930523716602,15611,15753,15920,15989,16359,16738,16896,17361.0,17633.0,17807.0,17861.0,17646.0,17742.0,17787.0,17858.0
776842930528938501,4110,4149,4122,4045,4069,4054,4003,3916.0,3843.0,3851.0,3778.0,3759.0,3704.0,3656.0,3609.0
776842930536068502,1009,985,968,929,902,875,861,849.0,818.0,800.0,776.0,766.0,759.0,729.0,708.0
776942930524452701,819,817,819,812,812,806,811,803.0,824.0,821.0,801.0,807.0,795.0,799.0,788.0
777242930450063302,1462,1446,1463,1456,1461,1466,1432,1402.0,1377.0,1346.0,1323.0,1319.0,1332.0,1304.0,1297.0
777342930534776602,2245,2335,2449,2502,2569,2607,2630,2608.0,2563.0,2624.0,2620.0,2653.0,2720.0,2820.0,2868.0
777442930516602301,290,281,277,279,277,258,258,255.0,254.0,252.0,255.0,252.0,268.0,256.0,248.0
777442930527433102,2301,2287,2270,2239,2213,2215,2180,2093.0,2056.0,2017.0,1960.0,1932.0,1927.0,1882.0,1874.0
777442930530250002,10803,10968,11122,11236,11365,11530,11585,11705.0,11663.0,11790.0,11887.0,12183.0,12031.0,12003.0,12097.0
777642930519773301,3491,3474,3457,3436,3417,3367,3342,3300.0,3253.0,3234.0,3202.0,3140.0,3141.0,3092.0,3055.0
777742930479628601,6566,6701,6770,6769,6791,6820,6885,6997.0,6986.0,6943.0,6897.0,6816.0,6869.0,6883.0,7025.0
777842930472830402,3889,3941,3959,4003,4003,4006,4036,4065.0,4064.0,4059.0,4073.0,4143.0,4142.0,4143.0,4113.0
777842930516503902,763,767,753,735,719,730,724,731.0,766.0,759.0,760.0,759.0,758.0,787.0,822.0
777842930526744102,2168,2190,2178,2169,2175,2181,2174,2145.0,2121.0,2092.0,2092.0,2036.0,2048.0,2089.0,2089.0
778242930531554001,2510,2522,2524,2516,2496,2536,2531,2540.0,2560.0,2540.0,2550.0,2528.0,2515.0,2510.0,2527.0
778242930543394801,779,783,791,788,794,783,767,761.0,745.0,740.0,739.0,719.0,699.0,694.0,705.0
778342930548631302,802,801,798,818,822,809,807,783.0,788.0,778.0,763.0,759.0,757.0,742.0,752.0
778442929331751501,5127,5146,5164,5172,5207,5201,5198,5061.0,5073.0,5066.0,5129.0,5067.0,5071.0,5071.0,5035.0
778442930454922102,20724,20842,21015,21143,21220,21337,21616,21620.0,21591.0,21481.0,21678.0,21307.0,21360.0,21372.0,21517.0
778542930519394202,10338,10259,10237,10213,10199,10106,10053,9875.0,9666.0,9617.0,9538.0,9364.0,9290.0,9170.0,9080.0
778642930528102201,1031,1041,1018,1008,993,983,967,947.0,902.0,887.0,875.0,856.0,829.0,816.0,802.0
778842929946433101,34602,34607,34479,34380,34137,33960,33831,33273.0,32877.0,32596.0,32194.0,31765.0,31458.0,30975.0,30714.0
779142928067753302,1506,1503,1511,1507,1509,1471,1482,1441.0,1470.0,1442.0,1408.0,1388.0,1382.0,1381.0,1391.0
779142930454007402,1109,1091,1167,1189,1185,1227,1256,1226.0,1238.0,1224.0,1226.0,1213.0,1203.0,1193.0,1216.0
779342930475595301,2641,2635,2643,2648,2659,2743,2763,2809.0,2851.0,2849.0,2873.0,2880.0,2835.0,2799.0,2818.0
779342930528311502,2992,3011,3043,3033,3043,3088,3031,3001.0,3042.0,3087.0,3114.0,3121.0,3190.0,3218.0,3222.0
779542930525824701,3962,4047,4261,4373,4454,4486,4470,4430.0,4420.0,4383.0,4423.0,4450.0,4402.0,4434.0,4440.0
779742930518126701,701,700,708,693,685,685,671,689.0,683.0,668.0,675.0,685.0,677.0,677.0,677.0
779742930550836101,8992,8968,8951,8918,8864,8823,8767,8653.0,8550.0,8372.857142857143,8391.0,8337.0,8298.0,8234.0,8147.0
779842930528013401,2854,2812,2773,2797,2800,2818,2724,2767.0,2789.0,2796.4285714285716,2787.0,2811.0,2783.0,2827.0,2811.0
779942928242605201,1170,1148,1144,1140,1131,1125,1116,1127.0,1121.0,1122.0,1107.0,1096.0,1088.0,1089.0,1084.0
779942930525768601,4975,4953,4930,4935,4930,4883,4918,4953.0,4921.0,4895.0,4911.0,4902.0,4969.0,5003.0,5041.0
781242930528004102,1463,1454,1433,1413,1372,1353,1339,1307.0,1288.0,1276.0,1260.0,1231.0,1244.0,1220.0,1204.0
781542929613319202,3085,3038,2981,2978,2947,2906,2865,2751.0,2718.0,2655.0,2583.0,2505.0,2492.0,2588.4285714285716,2415.0
781742930545603602,819,810,807,793,783,786,775,767.0,758.0,722.5714285714286,715.0,722.0,712.0,708.0,676.0
781842930478569102,13282,13469,13546,13598,13704,13703,13612,13643.0,13632.0,13609.0,13525.0,13446.0,13384.0,13279.0,13361.0
782042930519983001,3015,2998,2973,2972,2967,2965,2946,2873.0,2965.0,2948.0,2820.0,2685.0,2681.0,2639.0,2612.0
782142930509565602,2100,2047,2000,1974,1964,1955,1908,1765.5,1855.0,1765.5,1760.0,1747.0,1733.0,1744.0,1754.0
782242930463891102,213,216,217,217,210,212,206,209.0,217.0,215.0,213.0,222.0,218.0,223.0,224.0
782342930464471102,482,485,482,470,487,497,482,497.0,492.0,482.0,464.0,444.0,450.0,447.0,442.0
782642930460611001,6488,6447,6432,6438,6453,6449,6450,6415.0,6430.0,6442.0,6444.0,6349.0,6361.0,6285.0,6248.0
782642930526694301,1122,1120,1154,1162,1201,1246,1254,1246.0,1275.0,1266.0,1270.0,1256.0,1251.0,1250.0,1278.0
782742929069883302,5726,5754,5720,5774,5724,5744,5742,5743.0,5730.0,5700.0,5657.0,5683.0,5652.0,5605.0,5607.0
782742930518665902,2384,2381,2388,2383,2381,2389,2333,2307.0,2316.0,2300.0,2296.0,2375.0,2309.0,2335.0,2366.0
782742930548055602,1295,1268,1255,1248,1224,1199,1187,1144.0,1125.0,1118.0,1102.0,1044.0,1043.0,1011.0,1014.0
782842930472211801,70169,70227,70496,70483,70126,69929,69664,69438.0,69038.0,68432.0,68206.0,67569.0,67413.0,67026.0,67211.0
782842930523338101,1659,1628,1600,1563,1538,1517,1490,1442.0,1416.0,1393.0,1374.0,1331.0,1316.0,1286.0,1288.0
782942928855295402,1506,1518,1475,1444,1442,1427,1396,1353.0,1328.0,1342.0,1319.0,1294.0,1273.0,1275.0,1262.0
782942930550273902,243,241,237,220,226,234,229,227.0,228.0,219.0,215.0,209.0,205.0,213.0,225.0
783142930475311202,14041,14113,14225,14393,14543,14708,14847,14965.0,14973.0,14922.0,14838.0,14780.0,14730.0,14670.0,14629.0
783142930524033101,933,930,913,890,881,879,863,840.0,833.0,818.0,788.0,776.0,765.0,761.0,752.0
783242930435923402,216,206,188,187,186,188,190,188.0,188.0,186.0,184.0,188.0,181.0,187.0,185.0
783442930457873101,596,603,602,611,620,630,632,645.0,634.0,645.0,650.0,654.0,636.0,633.0,643.0
783442930475894501,928,916,904,880,856,850,844,833.0,815.0,807.0,790.0,788.0,771.0,764.0,744.0
783442930534528202,31370,31603,31708,31728,31787,31782,31889,31401.0,31218.0,31146.0,30917.0,30621.0,30844.0,30674.0,30746.0
783442930546572802,2002,1986,1954,1965,1938,1911,1871,1830.0,1798.0,1782.0,1770.0,1742.0,1756.0,1713.0,1686.0
783742930458253801,16249,16357,16519,16664,16901,16858,16822,16625.0,16582.0,16531.0,16525.0,16391.0,16347.0,16378.0,16513.0
783742930521498701,572,568,568,561,570,566,544,529.0,519.0,509.0,506.0,483.0,481.0,476.0,476.0
783842930548599002,2247,2244,2209,2189,2182,2201,2199,2159.0,2122.0,2096.0,2062.0,2022.0,2018.0,1984.0,1948.0
783942930449037902,16941,17221,17573,18044,18213,18301,18310,18239.0,18200.0,18139.0,18174.0,18516.0,18531.0,18397.0,18471.0
783942930474252402,4546,4494,4472,4487,4439,4394,4325,4206.0,4129.0,4074.0,4044.0,3954.0,3942.0,3890.0,3820.0
783942930531632201,1787,1753,1789,1771,1787,1778,1752,1705.0,1690.0,1684.0,1658.0,1664.0,1623.0,1587.0,1608.0
784642929501690802,16515,16635,16856,17067,17347,17415,17518,17935.0,18098.0,18160.0,18266.0,18011.0,17972.0,17964.0,17962.0
784842930534724801,826,807,804,774,743,741,728,694.0,608.8333333333334,608.8333333333334,615.0,601.0,594.0,587.0,562.0
784842930545061101,10228,10270,10483,10574,10733,10819,10996,10930.0,10991.0,10880.0,10783.0,10932.0,10794.0,10678.0,10745.0
784942930476591601,8966,8960,9032,9131,9088,9083,9086,9121.0,9098.0,9010.0,8920.0,8685.0,8729.0,8640.0,8606.0
784942930529549701,6126,6221,6260,6351,6377,6332,6317,6264.0,6331.0,6383.0,6347.0,6346.0,6301.0,6313.0,6310.0
785042930462606001,11886,12116,12154,12125,12187,12186,12289,12336.0,12322.0,12390.0,12234.0,12631.0,12741.0,12760.0,13059.0
785242928042281901,1098,1112,1132,1154,1144,1122,1126,1132.0,1133.0,1121.0,1107.0,1109.0,1095.0,1096.0,1099.0
785342930474536401,1973,2000,2031,2039,2085,2037,2005,1950.0,1947.0,1929.0,2005.0,1992.0,1939.0,1929.0,1920.0
785342930523919402,2882,2870,2831,2816,2811,2792,2822,2800.0,2748.0,2707.0,2692.0,2627.0,2638.0,2592.0,2578.0
785342930524892802,890,891,871,876,880,877,859,839.0,825.0,807.0,805.0,800.0,789.0,798.0,795.0
785542930528001701,10686,10677,10733,10732,10717,10802,10792,10802.0,10837.0,10811.0,10846.0,10757.0,10608.0,10519.0,10545.0
785642930532277002,711,731,720,717,710,712,722,739.0,755.0,741.0,725.0,736.0,704.0,704.0,692.0
785742930184537101,156,152,162,161,154,156,156,164.0,159.0,156.0,156.0,153.0,139.0,131.0,129.0
785742930184590001,754,754,742,736,729,697,672,659.0,645.0,627.0,621.0,617.0,608.0,585.0,576.0
785842930446725402,204,201,201,199,195,185,183,185.0,189.0,184.0,175.0,173.0,176.0,172.0,167.0
785842930465005902,7345,7317,7300,7328,7286,7208,7190,7057.0,6956.0,6862.0,6849.0,6794.0,6777.0,6697.0,6701.0
785842930519421901,2482,2496,2472,2464,2428,2417,2374,2305.0,2294.0,2280.0,2234.0,2193.0,2156.0,2160.0,2161.0
785942930548106801,10121,10186,10294,10344,10579,10705,10802,10859.0,10901.0,11007.0,11160.0,11017.0,11076.0,11246.0,11427.0
786042930549165502,1709,1697,1673,1698,1666,1645,1643,1620.0,1586.0,1597.0,1572.0,1548.0,1563.0,1556.0,1561.0
786442930469601302,1743,1714,1694,1661,1631,1609,1597,1522.0,1508.0,1507.0,1474.0,1419.0,1404.0,1363.0,1349.0
786442930542702602,1290,1301,1313,1332,1332,1342,1355,1348.0,1338.0,1325.0,1319.0,1319.0,1313.0,1333.0,1336.0
786542930473755202,1624,1599,1591,1582,1584,1566,1589,1529.0,1511.0,1498.0,1485.0,1463.0,1459.0,1475.0,1465.0
786542930544320802,9119,9198,9253,9296,9258,9119,9099,9113.0,9025.0,9094.0,9119.0,9072.0,9123.0,9161.0,9276.0
786642928135690801,34454,34508,34446,34189,34333,34610,34521,34300.0,34193.0,34169.0,33916.0,33523.0,33223.0,33093.0,33176.0
786642929800291402,2888,2881,2961,2976,2950,2957,3011,2966.714285714286,2971.0,2938.0,2950.0,2984.0,2988.0,2983.0,2953.0
786642930474830401,4900,4899,4848,4786,4791,4701,4715,4612.0,4557.0,4586.0,4497.0,4407.0,4372.0,4337.0,4307.0
786742930477382902,3401,3497,3528,3473,3566,3537,3543,3438.0,3424.0,3400.0,3374.0,3356.0,3333.0,3330.0,3336.0
787142929346398801,5487,5583,5761,5911,6024,6139,6284,6346.0,6396.0,6408.0,6405.0,6332.0,6372.0,6412.0,6384.0
787442930518450901,1077,1064,1072,1060,1061,1045,1044,1027.0,1009.0,1008.0,972.0,963.0,957.0,952.0,933.0
787642930534343202,902,894,885,869,868,874,858,903.0,916.0,951.0,953.0,884.0,850.0,852.0,847.0
787742928258284701,2922,2895,2838,2806,2853,2870,2785,2704.0,2664.0,2668.0,2680.0,2628.0,2616.0,2573.0,2570.0
787742930476743501,1740,1733,1736,1728,1698,1679,1687,1684.0,1686.0,1682.0,1642.0,1640.0,1688.0,1628.0,1654.0
787942930463685102,1257,1267,1275,1265,1277,1284,1290,1305.0,1320.0,1287.0,1293.0,1285.0,1284.0,1283.0,1276.0
788042929331622001,8259,8289,8298,8303,8350,8456,8435,8423.0,8348.0,8381.0,8363.0,8320.0,8361.0,8262.0,8260.0
788042930545910402,12654,12600,12607,12614,12468,12350,12282,12060.0,11902.0,11810.0,11718.0,11531.0,11551.0,11499.0,11435.0
788142930480566001,4240,4210,4192,4155,4157,4155,4115,4074.0,4051.0,3906.571428571429,3949.0,3856.0,3842.0,3801.0,3773.0
788342928988192502,673,670,668,644,623,612,616,588.0,579.0,578.0,597.0,596.0,595.0,548.0,506.0
788342930516599802,8994,9031,9084,9103,9124,9176,9228,9161.0,9284.0,9146.0,9043.0,8843.0,8809.0,8728.0,8821.0
788542930530225502,1628,1598,1561,1527,1459,1444,1428,1311.142857142857,1414.0,1397.0,1318.0,1286.0,1253.0,1275.0,1235.0
788642928099739401,13629,14068,14283,14425,14526,14620,14633,14752.0,14689.0,14685.0,14593.0,14805.0,14970.0,15010.0,15090.0
788742930545224501,10002,10285,10632,10864,11074,11250,11553,11946.0,11998.0,12086.0,12350.0,12471.0,12578.0,12757.0,12896.0
788842930457949001,395,373,364,349,335,326,324,327.0,319.0,313.0,306.0,296.0,288.0,284.0,283.0
789142930474951301,629,623,621,603,594,590,565,548.0,539.0,512.0,510.0,486.0,486.0,486.0,488.0
789242930473443202,2874,2881,2945,2926,2974,2969,2959,2923.0,2918.0,2903.0,2876.0,2816.0,2803.0,2778.0,2813.0
789242930510920601,870,868,861,840,804,796,772,765.0,758.0,758.0,737.0,734.0,727.0,735.0,731.0
789342928664009802,6794,6941,6962,6997,7071,7071,7119,7036.0,7037.0,6985.0,7043.0,7126.0,7121.0,7094.0,7092.0
789342930530039601,53853,53947,54146,53987,53694,53467,53136,52256.0,51802.0,51494.0,51101.0,51257.0,51067.0,50539.0,50191.0
789542930516170601,14737,14784,14844,14907,14832,14613,14523,14485.0,14480.0,14486.0,14545.0,14497.0,14477.0,14379.0,14368.0
789642930521356701,1076,1053,1038,1029,999,989,970,933.0,890.8571428571429,916.0,899.0,883.0,874.0,863.0,868.0
789642930546785901,2018,2016,2062,2054,2068,2070,2087,2041.0,2012.0,1989.0,1966.0,1946.0,1954.0,1936.0,1944.0
789842929761637902,373,363,357,345,349,343,345,334.0,326.0,314.0,309.0,307.0,314.0,306.0,299.0
791242930459821801,3129,3122,3089,3070,3066,3002,2976,2917.0,2887.0,2863.0,2799.0,2799.0,2805.0,2761.0,2758.0
791242930473795302,1501,1456,1444,1413,1413,1419,1392,1346.0,1327.0,1293.0,1269.0,1225.0,1215.0,1186.0,1168.0
791242930477581001,2136,2108,2116,2074,2022,2021,2020,2015.0,2031.0,1995.0,1979.0,1904.0,1915.0,1889.0,1900.0
791442930527242601,2135,2089,2079,2053,2052,2037,2020,1997.0,1966.0,1930.0,1907.0,1871.0,1868.0,1870.0,1829.0
791642930550280802,6059,6105,6178,6197,6240,6242,6234,6242.0,6163.0,6077.0,6013.0,5978.0,5897.0,5808.0,5784.0
791942928759342702,2442,2413,2393,2371,2337,2316,2310,2274.0,2196.0,2185.0,2152.0,2088.0,2063.0,2031.0,1983.0
791942929346145902,12735,12822,12800,12805,12820,12835,12760,12662.0,12603.0,12532.0,12435.0,12195.0,12128.0,12068.0,12016.0
791942930464434002,1430,1456,1479,1480,1506,1489,1482,1489.0,1481.0,1478.0,1483.0,1470.0,1472.0,1480.0,1491.0
791942930477646801,2665,2657,2672,2638,2639,2629,2605,2570.0,2544.0,2516.0,2508.0,2472.0,2453.0,2414.0,2409.0
792042929389319801,636,643,651,654,648,647,640,648.0,659.0,660.0,651.0,654.0,661.0,677.0,681.0
792042930459871802,34318,34862,35318,35751,35894,36148,36340,36013.0,35820.0,36125.28571428572,35700.0,36481.0,36536.0,36159.0,36168.0
792142930474135901,15192,15356,15444,15575,15599,15742,15804,15942.0,16065.0,16161.0,16157.0,15949.0,15933.0,15810.0,15946.0
792142930523805202,5078,5119,5133,5224,5284,5316,5319,5337.0,5288.0,5226.0,5171.0,5107.0,5140.0,5132.0,5139.0
792142930540998802,2230,2261,2274,2262,2276,2263,2264,2265.0,2249.0,2248.0,2247.0,2267.0,2263.0,2259.0,2273.0
792142930544740501,39938,40276,40386,40315,40852,41197,41516,41836.0,41950.0,42117.0,42167.0,41894.0,41768.0,41790.0,42000.0
792642930463270101,1284,1278,1291,1304,1309,1323,1324,1287.0,1275.0,1267.0,1265.0,1252.0,1233.0,1236.0,1225.0
792942930475742502,1904,1881,1880,1860,1854,1847,1853,1842.0,1814.0,1792.0,1775.0,1749.0,1750.0,1743.0,1728.0
792942930527241002,3817,3846,3949,4030,4056,4061,4042,4044.0,4035.0,3955.0,3951.0,3921.0,3955.0,3965.0,3987.0
793042930528322601,18696,18821,19098,19327,19445,19611,19750,19836.0,19974.0,19960.0,19876.0,19445.0,19555.0,19688.0,19789.0
793142930460010501,3712,3744,3696,3675,3674,3653,3624,3599.0,3570.0,3479.0,3417.0,3408.0,3386.0,3396.0,3369.0
793542930515407802,3175,3192,3177,3159,3123,3086,3063,3018.0,2982.0,2971.0,2984.0,2945.0,2913.0,2913.0,2920.0
793542930531525801,1488,1456,1415,1400,1371,1350,1314,1293.0,1262.0,1247.0,1239.0,1258.0,1243.0,1213.0,1217.0
793742930479837702,13635,13768,13916,14044,14167,14214,14233,14085.0,14147.0,14183.0,14134.0,14057.0,14129.0,14204.0,14246.0
793742930529081301,1204,1176,1175,1163,1169,1167,1149,1113.0,1096.0,1081.0,1085.0,1071.0,1065.0,1060.0,1051.0
793842930454257301,757,754,754,742,744,762,760,742.0,723.0,722.0,719.0,709.0,697.0,703.0,722.0
793842930479910501,1331,1323,1296,1309,1292,1273,1271,1217.0,1197.0,1180.0,1165.0,1138.0,1150.0,1149.0,1152.0
793942930462395002,885,873,861,846,831,821,818,798.0,784.0,772.0,755.0,746.0,730.0,720.0,704.0
794242930534591401,551,551,553,550,556,562,563,551.0,580.0,562.0,587.0,585.0,597.0,590.0,592.0
794442930447904801,12347,12537,12750,12962,13146,13394,13527,13901.0,13963.0,13967.0,14050.0,13927.0,13922.0,14053.0,14063.0
794542930101290201,1776,1787,1791,1790,1811,1866,1886,1888.0,1894.0,1915.0,1929.0,1929.0,1947.0,1942.0,1953.0
794542930532969201,32646,32680,32618,32495,32553,32546,32456,31987.0,31843.0,31747.0,31516.0,30923.0,30650.0,30479.0,30358.0
794642930546989801,3093,3105,3100,3101,3147,3135,3146,3120.0,3157.0,3140.0,3107.0,3053.0,3025.0,2987.0,2982.0
794742930479829901,189,182,183,179,181,178,173,170.0,167.0,159.0,160.0,164.0,162.0,169.0,165.0
794842930529842901,2347,2359,2333,2329,2323,2314,2313,2342.0,2374.0,2373.0,2386.0,2392.0,2396.0,2346.0,2360.0
794942930516814001,18329,18339,18354,18294,18304,18257,18174,18216.0,18200.0,18160.0,18068.0,17783.0,17684.0,17709.0,17727.0
795142930524750802,8766,8775,8872,8916,8967,8975,9001,9019.0,8980.0,9043.0,9031.0,8941.0,8867.0,8865.0,8922.0
795142930526088701,903,891,878,861,845,838,833,807.0,736.8571428571429,762.0,748.0,734.0,717.0,699.0,691.0
795142930532308602,2081,2106,2107,2099,2061,2023,1972,1917.0,1876.0,1858.0,1845.0,1825.0,1851.0,1824.0,1775.0
795342930450598901,2732,2736,2727,2671,2661,2624,2588,2504.0,2529.0,2496.0,2465.0,2448.0,2464.0,2459.0,2477.0
795442928823159701,9608,9601,9713,9717,9754,9766,9791,9866.0,9887.0,9863.0,9820.0,9828.0,9835.0,9842.0,9902.0
795442930458219802,4966,5107,5148,5197,5314,5371,5435,5514.0,5495.0,5529.0,5574.0,5528.0,5508.0,5464.0,5511.0
795642930464761502,5862,5843,5798,5720,5674,5641,5677,5435.5,5435.5,5525.0,5484.0,5428.0,5385.0,5384.0,5407.0
795742927975326001,3035,3014,2991,2975,2961,2918,2894,2835.0,2821.0,2788.0,2768.0,2727.0,2707.0,2649.0,2626.0
795942930523988901,2369,2397,2397,2394,2411,2411,2411,2406.0,2360.0,2343.0,2348.0,2308.0,2294.0,2257.0,2255.0
796042929457044501,16851,16798,16671,16654,16604,16610,16447,16382.0,16317.0,16256.0,16171.0,15990.0,15975.0,15975.0,15937.0
796042930525061902,726,708,719,709,701,700,728,737.0,730.0,732.0,732.0,725.0,744.0,719.0,720.0
796142930476360402,13174,13253,13300,13284,13259,13237,13137,13001.0,12909.0,12798.0,12588.0,12470.0,12438.0,12333.0,12198.0
796242929514115302,69705,69981,70306,70374,70007,69813,69363,68493.0,68243.0,67995.0,67579.0,66977.0,66498.0,66160.0,65987.0
796242930508282101,3537,3495,3454,3456,3446,3428,3371,3309.0,3252.0,3184.0,3114.0,3097.0,3093.0,3042.0,3003.0
796442930519745301,3346,3346,3354,3349,3384,3372,3376,3332.0,3281.0,3266.0,3255.0,3244.0,3255.0,3207.0,3167.0
796442930543616402,9075,9092,9079,9105,9037,8950,8853,8703.0,8611.0,8493.0,8416.0,8247.0,8233.0,8101.0,8049.0
796542930534869402,519,519,512,498,507,492,487,481.0,491.0,479.0,475.0,463.0,458.0,449.0,441.0
796742930468079202,1011,1019,999,1008,997,996,966,866.0,938.0,911.0,885.0,865.0,839.0,834.0,790.0
796742930548112102,401,390,390,380,375,367,353,349.0,354.0,338.57142857142856,341.0,334.0,333.0,331.0,328.0
797042930533526401,1616,1615,1621,1590,1566,1544,1524,1504.0,1509.0,1489.0,1465.0,1450.0,1448.0,1445.0,1441.0
797242930519193302,494,486,467,448,453,446,422,419.0,397.0,379.0,372.0,374.0,369.0,355.0,361.0
797242930525539302,667,666,681,683,683,689,682,668.0,660.0,653.0,655.0,636.0,620.0,604.0,588.0
797242930530108302,19995,19975,19895,19895,20103,20130,20041,20042.0,20057.0,20072.0,20063.0,20072.0,20076.0,20023.0,20058.0
797642930457443801,270,274,285,280,273,283,277,287.0,288.0,275.0,282.0,304.0,293.0,284.0,283.0
797742930476311902,12329,12337,12301,12420,12517,12431,12392,12576.0,12507.0,12433.0,12501.0,12302.0,12280.0,12294.0,12393.0
797842930450324201,4543,4588,4591,4582,4629,4663,4627,4524.0,4507.0,4485.0,4440.0,4424.0,4349.0,4380.0,4377.0
797942930460336502,738,749,755,764,773,775,760,748.2857142857143,753.0,762.0,758.0,736.0,742.0,746.0,741.0
797942930522003401,8951,9006,9027,9052,9083,9111,9078,9124.0,9160.0,9146.0,9176.0,9144.0,9092.0,9126.0,9247.0
798142929259265402,4990,5048,5151,5258,5237,5245,5203,5190.0,5178.0,5177.0,5190.0,5176.0,5198.0,5161.0,5172.0
798242930543941802,93385,93910,93780,93895,93732,93958,93482,93184.0,92821.0,92737.0,92550.0,92441.0,92169.0,92119.0,92715.0
798342929194635601,388,378,370,357,356,356,359,339.0,322.0,319.0,309.0,297.0,292.0,281.0,283.0
798342930447675001,3131,3120,3079,3064,3033,3018,3021,3061.0,3052.0,3029.0,3017.0,2971.0,2945.0,2885.0,2873.0
798342930545453401,1543,1565,1595,1569,1547,1550,1510,1470.0,1452.0,1440.0,1422.0,1382.0,1394.0,1362.0,1352.0
798442930529701001,17858,17934,17969,17938,17910,17848,17578,17264.0,17116.0,17090.14285714286,16870.0,17152.0,17160.0,17040.0,17029.0
798542930460582702,1508,1481,1444,1381,1339,1305,1263,1209.0,1170.0,1131.0,1094.0,1056.0,1027.0,986.0,961.0
798642930517286101,306,320,317,329,328,322,331,332.0,318.0,314.0,308.0,310.0,311.0,307.0,319.0
798742930289645702,19133,19392,19386,19565,19900,19943,19903,19709.0,19754.0,19638.0,19592.0,19971.0,20215.0,20268.0,20276.0
798742930477310602,4144,4068,4054,4047,4015,3993,3951,3887.0,3801.0,3711.0,3661.0,3636.0,3739.2,3739.2,3739.2
798742930519398002,1281,1299,1308,1291,1308,1318,1306,1285.0,1276.0,1278.0,1275.0,1313.0,1312.0,1332.0,1365.0
798842930464854601,16293,16448,16653,16765,16913,16916,16951,16843.0,16862.0,16857.0,16947.0,16833.0,16756.0,16752.0,16892.0
798842930529034001,623,621,628,610,589,582,550,550.0,544.0,539.0,536.0,552.0,548.0,545.0,542.0
798842930532926501,3011,3075,3154,3163,3170,3188,3209,3258.0,3168.0,3177.0,3148.0,3039.0,3116.0,3091.0,3082.0
799042930536547301,4273,4285,4250,4177,4194,4192,4167,4120.0,4129.0,4125.0,4094.0,4053.0,4018.0,4030.0,4027.0
799142930461449601,3333,3414,3446,3518,3561,3598,3668,3774.0,3796.0,3845.0,3869.0,3913.0,3928.0,3915.0,3919.0
799142930464148602,36349,36133,36013,35836,35624,35653,35236,35315.0,36037.0,36055.0,36187.0,36239.0,36166.0,36204.0,36320.0
799142930508440501,73,67,66,65,69,66,69,69.0,67.0,56.0,56.0,54.0,55.0,56.0,53.0
799242929055602502,14020,14216,14446,14641,14825,14821,14846,14930.0,14922.0,14905.0,14911.0,14799.0,14799.0,14795.0,14872.0
799342930542861401,6988,6994,7042,7020,7028,7020,6981,6962.0,6939.0,6878.0,6809.0,6689.0,6726.0,6654.0,6602.0
799442930478913201,4828,4836,4811,4770,4772,4765,4789,4711.0,4708.0,4684.0,4684.0,4597.0,4597.0,4591.0,4556.0
799542930545858902,1949,1932,1960,2000,2020,1980,2023,1977.0,1988.0,1938.0,1909.0,1913.0,1904.0,1920.0,1852.0
799642930466424101,679,669,675,679,690,671,663,652.0,638.0,614.4285714285714,611.0,601.0,589.0,602.0,608.0
799742930462511801,1166,1159,1138,1126,1108,1097,1079,1051.0,1046.0,1023.0,1026.0,1021.0,1023.0,1037.0,1117.0
799942929166177302,966,941,952,925,923,926,894,880.0,883.0,903.0,881.0,891.0,899.0,886.0,857.0
801242930456743501,5764,5946,5962,5967,6020,6013,6022,5894.0,5846.0,5822.0,5804.0,5853.0,5844.0,5808.0,5850.0
801242930508147801,4558,4564,4657,4706,4747,4742,4705,4699.0,4683.0,4743.0,4715.0,4651.0,4657.0,4645.0,4614.0
801242930532614201,2271,2255,2245,2216,2166,2165,2126,2065.0,2044.0,2020.0,1971.0,1902.0,1889.0,1866.0,1829.0
801342930471544502,2074,2100,2110,2120,2101,2120,2099,2037.0,2038.0,2005.0,2022.0,1990.0,2000.0,2007.0,2013.0
801342930517927201,2508,2603,2631,2633,2642,2652,2660,2635.0,2611.0,2606.0,2581.0,2525.0,2515.0,2491.0,2501.0
801342930543387302,23804,24126,24375,24712,24900,25123,25449,25806.0,25886.0,25956.0,26013.0,25923.0,26015.0,25956.0,26213.0
801342930545082102,6093,6109,6131,6192,6130,6105,6076,6066.0,6008.0,5944.0,5912.0,5845.0,5854.0,5831.0,5800.0
801442930454081002,3692,3710,3693,3669,3652,3637,3589,3516.0,3504.0,3455.0,3411.0,3329.0,3296.0,3267.0,3233.0
801442930454206002,7149,7256,7393,7428,7520,7585,7676,7678.0,7808.0,7828.0,7891.0,7909.0,7939.0,8001.0,8000.0
801442930461586702,5165,5135,5096,5071,5044,4966,4917,4840.0,4795.0,4763.0,4734.0,4632.0,4625.0,4599.0,4589.0
801542930516330302,1089,1169,1179,1164,1191,1202,1199,1204.0,1191.0,1172.0,1123.0,1087.0,1063.0,1036.0,1019.0
801742930476306102,831,828,830,825,822,825,816,820.0,809.0,824.0,812.0,799.0,802.0,789.0,786.0
801942930454879602,220,214,207,210,216,206,202,193.0,186.0,181.0,183.0,177.0,174.0,173.0,172.0
801942930517639202,4683,4684,4691,4692,4663,4656,4676,4744.0,4790.0,4778.0,4802.0,4813.0,4808.0,4733.0,4799.0
801942930532113802,2999,3016,3051,2982,3021,2985,2965,2937.0,2891.0,2858.0,2817.0,2775.0,2736.0,2683.0,2691.0
801942930533183301,631,629,636,645,661,659,643,630.0,627.0,612.0,620.0,629.0,633.0,632.0,639.0
802142929118570801,5122,5113,5127,5075,5037,4992,4983,5013.0,4975.0,4919.0,4861.0,4712.0,4677.0,4604.0,4552.0
802142930472974701,1843,1835,1843,1883,1874,1870,1864,1825.0,1825.0,1757.0,1756.0,1750.0,1764.0,1763.0,1762.0
802342930544949602,1144,1122,1110,1099,1074,1090,1106,1045.0,1040.0,1041.0,1019.0,1009.0,1017.0,1005.0,976.0
803342930510992002,15103,15285,15427,15469,15651,15809,16006,16385.0,16630.0,16806.0,16891.0,16944.0,16995.0,16978.0,17143.0
803342930534987401,3150,3189,3219,3253,3225,3231,3213,3157.0,3136.0,3140.0,3148.0,3078.0,3044.0,3028.0,2980.0
803442930521940801,4019,3969,3947,3902,3871,3838,3797,3663.0,3589.0,3551.0,3500.0,3406.0,3380.0,3324.0,3286.0
803542930532680301,522,524,512,504,506,507,501,484.0,476.0,469.0,459.0,463.0,441.0,434.0,424.0
803742930445520301,38322,38749,39235,39813,39967,40343,40414,40455.0,40667.0,40649.0,40898.0,41258.0,41060.0,40979.0,41191.0
803742930526737802,5769,5812,5711,5695,5732,5712,5623,5606.0,5586.0,5553.0,5529.0,5527.0,5514.0,5486.0,5480.0
803742930547269501,7961,7914,7927,7887,7765,7665,7533,7280.0,7196.0,7102.0,6990.0,6792.0,6796.0,6765.0,6729.0
803842930451807801,16016,16037,15938,15827,15673,15466,15350,15132.0,14968.0,14859.0,14712.0,14618.0,14503.0,14294.0,14246.0
804042930519203602,29200,29667,30261,30682,30801,30710,30854,30830.0,30848.0,30749.0,30792.0,30710.0,31284.0,31356.0,31451.0
804042930530337202,554,546,559,550,537,525,526,518.0,504.0,475.0,453.0,453.0,454.0,445.0,448.0
804042930536220601,9047,9203,9271,9308,9276,9236,9241,9257.0,9124.0,9078.0,9035.0,9059.0,9079.0,9036.0,9003.0
804242930474631801,3665,3738,3789,3796,3792,3815,3836,3845.0,3862.0,3847.0,3805.0,3790.0,3798.0,3782.0,3826.0
804242930529420801,889,889,884,874,872,850,823,797.0,777.0,760.0,750.0,736.0,721.0,728.0,718.0
804342928210622202,292,290,295,289,275,260,256,265.0,261.0,255.0,264.0,280.0,276.0,261.0,258.0
804342930476485601,6857,6981,7115,7322,7338,7386,7474,7839.0,7760.0,7912.0,8021.0,8123.0,8229.0,8297.0,8339.0
804642930473426902,4182,4168,4152,4135,4090,4090,4060,4056.0,4043.0,4035.428571428571,4058.0,4026.0,4052.0,4013.0,4000.0
804642930476514001,24647,24639,24755,24688,24521,24235,24035,23559.0,23242.0,23073.0,22997.0,23121.0,23066.0,22870.0,22835.0
804642930480351502,34919,35366,35536,35582,35572,35385,35429,35647.0,35593.0,35719.0,35695.0,35480.0,35440.0,35418.0,35469.0
804842930456788302,4129,4203,4294,4371,4485,4601,4595,4548.0,4584.0,4648.0,4702.0,4712.0,4722.0,4771.0,4882.0
804842930466678301,2137,2139,2126,2106,2092,2063,2041,2026.0,2025.0,2002.0,1985.0,1966.0,1963.0,1959.0,1944.0
805042930477888801,3716,3719,3701,3733,3713,3677,3638,3584.0,3532.0,3442.0,3397.0,3373.0,3316.0,3286.0,3271.0
805042930508791002,3554,3586,3609,3667,3702,3728,3727,3755.0,3715.0,3712.0,3727.0,3705.0,3770.0,3726.0,3746.0
805142930461169201,3040,3016,2983,2978,2956,2936,2909,2764.0,2765.0,2724.0,2683.0,2611.0,2577.0,2530.0,2472.0
805142930475602602,548,547,535,537,524,523,527,502.0,528.0,492.0,449.0,439.0,439.0,416.0,410.0
805142930526343601,5300,5299,5333,5363,5397,5360,5331,5292.0,5233.0,5210.0,5128.0,5132.0,5145.0,5122.0,5175.0
805242930480563402,3845,3813,3782,3778,3738,3702,3680,3593.0,3559.0,3498.0,3439.0,3364.0,3300.0,3258.0,3214.0
805242930516737201,4245,4284,4276,4269,4253,4228,4183,4123.0,4076.0,4047.0,3999.0,3901.0,3891.0,3873.0,3837.0
805342928242527202,788,779,768,741,697,687,664,671.0,638.0,587.0,558.0,531.0,524.0,519.0,501.0
805342930474260902,2980,3014,3012,3037,3009,2957,2916,2858.0,2848.0,2810.4285714285716,2842.0,2814.0,2778.0,2773.0,2760.0
805542930550087701,750,764,779,773,776,785,774,729.0,727.0,721.0,718.0,728.0,727.0,724.0,739.0
805642927975205602,870,879,859,868,852,815,811,780.0,760.0,745.0,731.0,708.0,715.0,699.0,706.0
805642930462133301,451,433,430,429,442,431,426,421.0,415.0,406.0,408.0,402.0,389.0,384.0,394.0
805642930478159602,965,962,976,983,1001,983,977,966.0,951.0,933.0,929.0,935.0,929.0,918.0,916.0
805642930542344202,2601,2594,2588,2575,2552,2510,2501,2433.0,2416.0,2384.0,2363.0,2342.0,2348.0,2333.0,2337.0
805742930458053401,1145,1157,1146,1133,1117,1115,1108,1070.0,1061.0,1045.0,1044.0,1014.0,1012.0,1005.0,1007.0
805842930164781701,1084,1114,1109,1103,1130,1138,1134,1107.0,1080.0,1100.0,1069.0,1055.0,1068.0,1036.0,1052.0
805842930477843401,2695,2738,2700,2728,2734,2798,2763,2737.0,2745.0,2774.0,2752.0,2756.0,2757.0,2752.0,2734.0
805842930509185101,9816,10104,10410,10544,10687,10725,10754,10899.0,10935.0,11074.0,11144.0,11321.0,11385.0,11433.0,11572.0
805942930516763002,8000,8023,8026,7975,7944,7825,7714,7492.0,7441.0,7386.0,7304.0,7356.0,7271.0,7228.0,7248.0
806042930470171401,3939,4005,4003,4012,4044,4057,4062,4110.0,4148.0,4133.0,4147.0,4145.0,4118.0,4121.0,4158.0
806042930547047701,1523,1518,1476,1474,1454,1439,1440,1404.0,1386.0,1372.0,1326.0,1276.0,1280.0,1264.0,1281.0
806142930528568802,5546,5466,5459,5417,5413,5366,5266,5246.0,5255.0,5213.0,5180.0,5118.0,5106.0,5138.0,5166.0
806242928025344402,1879,1880,1879,1876,1872,1833,1822,1757.0,1743.0,1721.0,1712.0,1685.0,1683.0,1644.0,1642.0
806442930184475602,3692,3716,3709,3710,3687,3683,3677,3686.0,3638.0,3631.0,3596.0,3590.0,3555.0,3498.0,3474.0
806442930453834601,4476,4399,4421,4445,4463,4524,4515,4457.0,4478.0,4416.0,4393.0,4323.0,4328.0,4304.0,4326.0
806742930461542102,10087,10055,10016,9952,9856,9699,9622,9474.0,9365.0,9004.57142857143,9189.0,8903.0,8796.0,8680.0,8625.0
806842928042203701,1756,1760,1810,1803,1773,1771,1787,1796.0,1775.0,1774.0,1748.0,1755.0,1763.0,1784.0,1777.0
806842930548733102,12410,12613,12560,12584,12731,12791,12761,12788.0,12754.0,12789.0,12801.0,12820.0,12891.0,12920.0,12938.0
806942930541666101,7127,7108,7139,7088,7143,7114,7041,7029.0,7054.0,6978.0,6949.0,6899.0,6900.0,6883.0,6870.0
807142930541357101,1149,1147,1143,1142,1122,1111,1084,1040.0,1052.0,1038.0,1040.0,1018.0,1010.0,992.0,981.0
807242930524016601,381,389,371,362,379,380,359,332.0,329.0,326.0,323.0,323.0,316.0,316.0,312.0
807442930532775301,1610,1603,1585,1582,1568,1561,1534,1519.0,1495.0,1484.0,1462.0,1434.0,1417.0,1409.0,1388.0
807642930479770802,16006,16158,16123,16064,15970,15868,15967,16025.0,16031.0,16039.0,16054.0,15715.0,15699.0,15618.0,15617.0
807642930526525601,21516,21754,22004,22127,22178,22193,22185,22099.0,22040.0,22011.0,21957.0,21740.0,21679.0,21634.0,21493.0
807642930529617301,2165,2174,2142,2101,2106,2044,2043,2057.0,1997.0,1916.0,1890.0,1834.0,1811.0,1791.0,1758.0
807742930472778202,7107,7231,7207,7343,7493,7445,7580,7512.0,7644.0,7674.0,7593.0,7636.0,7659.0,7703.0,7711.0
807842928887149302,21926,21987,21956,21942,21858,21890,21933,21693.0,21590.0,21441.0,21249.0,20648.0,20607.0,20399.0,20319.0
807842929456879002,312,309,325,327,336,336,339,325.0,323.0,318.0,319.0,310.0,316.0,319.0,321.0
807842929494157501,342,339,325,331,362,358,353,347.0,326.0,325.0,326.0,312.0,314.0,308.0,304.0
807842929839905601,14923,14921,14941,14947,14927,14983,14967,14851.0,14797.0,14812.0,14735.0,14389.0,14306.0,14289.0,14282.0
807842930507639202,4842,4892,4932,4970,4942,4958,4969,4867.0,4843.0,4899.0,4928.0,4820.0,4742.0,4681.0,4629.0
807942930476863901,274,279,275,270,263,264,261,241.0,233.0,232.0,237.0,231.0,241.0,238.0,238.0
808042928311037201,62123,61958,61917,61360,60845,60630,60184,59517.0,59302.0,58745.0,58338.0,57500.0,56916.0,56201.0,56043.0
808242930453213402,331,336,340,334,340,340,329,336.0,331.0,332.0,329.0,327.0,333.0,331.0,336.0
808242930518812602,10259,10247,10383,10370,10434,10341,10266,10154.0,10144.0,10192.0,10318.0,10303.0,10278.0,10245.0,10360.0
808342930525211902,1405,1400,1397,1397,1414,1389,1384,1376.0,1366.0,1351.0,1343.0,1335.0,1345.0,1350.0,1372.0
808342930526709602,237,237,236,227,224,217,217,217.0,212.0,206.0,204.0,198.0,195.0,190.0,178.0
808342930542401702,415,412,410,398,387,387,375,371.0,366.0,359.0,363.0,356.0,347.0,326.0,322.0
808542928633733802,14448,14430,14465,14408,14388,14327,14209,13976.0,13936.0,13763.0,13664.0,13484.0,13386.0,13274.0,13237.0
808542928726620402,5614,5621,5546,5506,5433,5361,5329,5275.0,5234.0,5164.0,5136.0,5087.0,5022.0,4977.0,4935.0
808542930524760302,34749,35087,35286,35158,35121,35062,35009,34842.0,34936.0,35102.0,35055.0,34942.0,34603.0,34400.0,34431.0
809142930544794502,5436,5436,5411,5384,5319,5282,5288,5248.0,5226.0,5171.0,5075.0,4982.0,4910.0,4873.0,4832.0
809242929843198402,1450,1443,1423,1436,1426,1430,1416,1372.0,1333.0,1317.0,1302.0,1262.0,1256.0,1251.0,1241.0
809242930518498701,5288,5314,5350,5318,5331,5363,5289,5287.0,5309.0,5283.0,5256.0,5296.0,5225.0,5220.0,5229.0
809542930479730101,1505,1490,1490,1478,1448,1409,1389,1339.0,1322.0,1305.0,1293.0,1242.0,1238.0,1211.0,1178.0
809742930533538002,9175,9239,9228,9286,9323,9308,9346,9265.0,9210.0,9252.0,9266.0,9258.0,9268.0,9229.0,9271.0
809942929321324301,1672,1680,1653,1635,1603,1549,1543,1487.0,1460.0,1454.0,1420.0,1385.0,1382.0,1390.0,1383.0
809942930526801502,2337,2255,2319,2328,2327,2325,2275,2239.0,2232.0,2201.0,2187.0,2157.0,2154.0,2143.0,2138.0
811142930462068801,18054,17966,17919,17939,17789,17579,17415,17136.0,16970.0,16767.0,16595.0,16222.0,16106.0,15906.0,15706.0
811142930472130002,1332,1307,1309,1305,1278,1285,1273,1225.0,1221.0,1223.0,1209.0,1203.0,1158.0,1154.0,1157.0
811142930519659602,22711,22852,22893,22905,22763,22467,22378,22038.0,21912.0,21696.0,21615.0,21951.0,21823.0,21732.0,21857.0
811242930531975002,505,515,512,510,500,488,498,479.0,473.0,478.0,471.0,469.0,467.0,463.0,458.0
811442930463711802,6896,6861,6862,6825,6904,6937,6991,7051.0,7134.0,7128.0,7063.0,7154.0,7147.0,7160.0,7105.0
811542930534954201,10223,10258,10383,10386,10398,10421,10435,10455.0,10340.0,10308.0,10254.0,10125.0,10183.0,10147.0,10205.0
811642930476767801,3328,3303,3276,3228,3185,3180,3155,3085.0,3058.0,2999.0,2993.0,2928.0,2892.0,2855.0,2827.0
811942928166711001,5528,5562,5572,5637,5684,5753,5725,5694.0,5640.428571428572,5616.0,5676.0,5580.0,5629.0,5620.0,5668.0
812142930460560902,352,347,360,368,377,383,360,353.0,348.0,371.0,356.0,353.0,344.0,337.0,335.0
812442930464460202,472,461,499,515,516,543,535,534.0,513.0,502.0,499.0,502.0,499.0,498.0,499.0
812442930527667102,1400,1379,1409,1374,1335,1334,1311,1265.0,1248.0,1243.0,1212.0,1127.0,1115.0,1087.0,1065.0
812642930516099601,1082,1072,1055,1047,1038,1021,1005,943.0,922.0,897.0,863.0,854.0,841.0,829.0,805.0
812942930462104402,1975,1940,1917,1870,1854,1812,1802,1741.0,1700.0,1658.0,1593.0,1536.0,1529.0,1502.0,1472.0
812942930543424902,49017,49168,49557,49697,49452,49226,49004,48509.0,48341.0,48034.0,48101.0,48007.0,48078.0,47996.0,47847.0
813042930517057001,107,101,98,101,108,115,116,110.0,114.0,108.28571428571428,114.0,110.0,105.0,105.0,100.0
813142930516301902,11115,11152,11157,11143,11100,11147,11120,10933.0,10910.0,10913.0,10833.0,10634.0,10544.0,10461.0,10520.0
813342930538496902,398,406,406,395,401,380,366,355.0,348.0,336.0,327.0,329.0,321.0,314.0,300.0
813442930534812601,3714,3741,3773,3821,3843,3816,3794,3731.0,3730.0,3686.0,3678.0,3611.0,3577.0,3566.0,3586.0
813742930449674101,19519,19515,19517,19506,19366,19255,19117,18666.0,18064.714285714286,18096.0,18050.0,18058.0,17986.0,17836.0,17761.0
813842930464787802,13132,13185,13401,13527,13609,13724,13790,13856.0,13841.0,13865.0,13863.0,13991.0,14043.0,14003.0,14042.0
813842930525574102,6461,6515,6574,6649,6623,6603,6603,6660.0,6744.0,6758.0,6753.0,6672.0,6630.0,6632.0,6591.0
814042930528019102,618,636,627,619,617,622,610,593.0,613.0,617.0,616.0,629.0,608.0,584.0,593.0
814242928664083701,443,444,436,434,407,412,429,429.0,408.0,405.0,419.0,413.0,416.0,422.0,406.0
814342930462456201,2690,2710,2765,2785,2828,2841,2835,2885.0,2816.0,2815.0,2842.0,2847.0,2822.0,2788.0,2758.0
814342930476834602,999,1003,994,1006,1008,977,947,926.0,892.0,893.0,861.0,841.0,854.0,832.0,824.0
814442930453336502,1209,1234,1239,1257,1285,1272,1264,1208.0,1188.0,1188.0,1177.0,1170.0,1157.0,1150.0,1134.0
814742930509403102,2797,2784,2742,2776,2748,2710,2738,2649.0,2514.8571428571427,2580.0,2543.0,2481.0,2457.0,2438.0,2456.0
814842930510356101,8722,8908,8957,9002,8979,8966,8907,8818.0,8802.0,8733.0,8707.0,8792.0,8801.0,8806.0,8794.0
814842930515938701,505,556,567,607,616,664,671,651.0,675.0,656.0,660.0,692.0,683.0,659.0,667.0
815042930508138902,3318,3327,3298,3328,3349,3350,3369,3371.0,3400.0,3448.0,3435.0,3433.0,3433.0,3468.0,3438.0
815042930547570001,1893,1893,1861,1887,1824,1826,1836,1766.0,1755.0,1741.0,1763.0,1756.0,1747.0,1683.0,1678.0
815142930464010802,3183,3250,3324,3370,3493,3574,3570,3717.0,3778.0,3834.0,3866.0,3855.0,3900.0,3904.0,3962.0
815142930534968402,644,631,640,636,625,623,623,612.0,602.0,595.0,612.0,613.0,613.0,599.0,599.0
815442930516584202,6792,6780,6857,6958,7068,7040,6986,6953.0,6955.0,6951.0,6950.0,7103.0,6987.0,6959.0,7011.0
815442930549748702,613,595,577,573,572,553,549,537.0,519.0,517.0,528.0,513.0,530.0,535.0,537.0
815542930478218101,21441,21501,21799,21978,21953,21951,21920,22038.0,22095.0,21971.0,21930.0,21697.0,21610.0,21650.0,21774.0
815742927979933901,2496,2527,2570,2606,2715,2729,2719,2688.0,2723.0,2754.0,2763.0,2744.0,2752.0,2749.0,2734.0
815742930455532001,1373,1361,1361,1349,1349,1328,1313,1313.0,1292.0,1272.0,1267.0,1239.0,1227.0,1226.0,1201.0
815742930542317802,4529,4554,4682,4788,4878,5047,5128,5226.0,5291.0,5444.0,5475.0,5500.0,5614.0,5656.0,5732.0
815842930464087702,3524,3505,3466,3480,3437,3480,3434,3453.0,3471.0,3474.0,3451.0,3404.0,3385.0,3358.0,3345.0
815942930474266901,5609,5600,5599,5600,5622,5623,5639,5621.0,5602.0,5542.0,5504.0,5345.0,5343.0,5318.0,5307.0
816142930464457301,3750,3757,3764,3726,3718,3686,3649,3603.0,3548.0,3485.0,3443.0,3355.0,3303.0,3266.0,3222.0
816242928108698401,2670,2645,2622,2624,2612,2589,2577,2537.0,2504.0,2506.0,2490.0,2508.0,2527.0,2497.0,2524.0
816442930400204201,557,575,593,603,605,603,591,594.0,592.0,591.0,583.0,566.0,574.0,571.0,581.0
816542930516310401,2957,2934,2927,2883,2835,2816,2792,2677.0,2638.0,2584.0,2552.0,2551.0,2503.0,2442.0,2443.0
816642930479262802,1059,1031,1027,1013,994,992,977,953.0,946.0,919.0,911.0,908.0,885.0,865.0,840.0
816742930454170502,983,974,986,1003,1007,990,1001,972.0,972.0,965.0,977.0,973.0,965.0,965.0,953.0
816742930474717402,11153,11262,11345,11523,11462,11419,11483,11436.0,11440.0,11675.0,11667.0,11735.0,11780.0,11862.0,11988.0
817142928663921402,110,102,101,100,99,93,92,93.0,89.0,83.0,82.0,75.0,74.0,81.0,86.0
817242928932412501,4134,4129,4123,4054,4044,4124,4131,4123.0,4051.0,3988.0,3961.0,3884.0,3878.0,3899.0,3926.0
817242930342472002,2472,2491,2503,2505,2492,2522,2483,2456.0,2481.0,2457.0,2446.0,2379.0,2327.0,2317.0,2294.0
817342929417378502,224,227,237,221,218,227,217,214.0,208.0,209.0,206.0,202.0,207.0,193.0,197.0
817342930517381702,384,378,379,368,368,379,369,353.0,341.0,338.0,330.0,325.0,320.0,320.0,315.0
817342930530317902,966,985,967,1012,1019,1004,998,967.0,975.0,948.0,930.0,913.0,911.0,889.0,874.0
817442930531891001,100656,101900,102809,103465,104476,105549,105921,106695.0,107091.0,107595.0,107843.0,107467.0,106601.0,106107.0,106564.0
817542930478283502,3940,3910,3892,3878,3865,3851,3839,3776.0,3740.0,3745.0,3756.0,3754.0,3754.0,3810.0,3812.0
817642930474595001,126,120,126,126,129,121,120,119.0,116.0,115.0,112.0,108.0,108.0,106.0,107.0
817742928196979602,125,126,129,123,121,119,121,125.0,129.0,129.0,137.0,139.0,142.0,149.0,152.0
817742930446571202,3524,3509,3440,3409,3354,3315,3291,3228.0,3188.0,3151.0,3095.0,3022.0,3020.0,2960.0,2946.0
817742930534934501,6272,6366,6473,6557,6618,6605,6633,6700.0,6636.0,6614.0,6649.0,6686.0,6758.0,6756.0,6824.0
817942929493986702,226,235,230,221,220,209,213,200.0,193.0,192.0,179.0,176.0,171.0,164.0,169.0
817942929800191402,6662,6793,7005,7140,7332,7477,7571,7645.0,7672.0,7693.0,7695.0,7655.0,7735.0,7792.0,7765.0
818142930522942502,3781,3813,3843,3913,3941,3921,4003,4008.0,3962.0,3954.0,4018.0,3857.0,3878.0,3899.0,3912.0
818242930534831802,1760,1770,1769,1789,1773,1776,1802,1831.0,1849.0,1882.0,1831.0,1754.0,1761.0,1752.0,1762.0
818342930518628202,664,641,631,626,624,611,618,593.0,594.0,608.0,596.0,583.0,572.0,581.0,573.0
818342930529817502,3673,3634,3598,3570,3550,3517,3496,3433.0,3376.0,3324.0,3293.0,3199.0,3194.0,3163.0,3283.1428571428573
818342930532790801,4385,4428,4460,4513,4521,4489,4459,4427.0,4385.0,4380.0,4355.0,4354.0,4347.0,4317.0,4318.0
818642930446433501,3908,3925,3927,3940,3920,3930,3938,3860.0,3871.0,3779.0,3779.0,3849.0,3874.0,3862.0,3823.0
819142930541095801,17964,17910,17922,17977,17938,17886,17833,17747.0,17634.0,17676.0,17694.0,17768.0,17603.0,17523.0,17610.0
819242930453621202,6546,6547,6649,6760,6892,6923,6950,6841.0,6832.0,6879.0,6876.0,6744.0,6728.0,6704.0,6689.0
819242930531787001,9484,9429,9377,9329,9318,9251,9222,9088.0,8983.0,8843.0,8790.0,8694.0,8741.0,8712.0,8678.0
819342930534641502,727,707,694,687,686,680,669,650.0,619.0,610.0,597.0,573.0,556.0,536.0,529.0
819442928030479102,4100,4071,4018,3947,3905,3821,3800,3772.0,3744.0,3687.0,3656.0,3635.0,3587.0,3558.0,3533.0
819442930462741302,21311,21758,21924,22141,22248,22469,22607,22711.0,22804.0,22855.0,22930.0,23080.0,23082.0,23072.0,23284.0
819542930454647602,7553,7680,7782,7913,8064,8047,8031,7990.0,7976.0,7958.0,7909.0,7878.0,7883.0,7888.0,7935.0
819642930524373201,13334,13482,13632,13779,13838,13958,14008,14215.0,14234.0,14318.0,14331.0,14269.0,14226.0,14187.0,14308.0
819642930550470702,16405,16832,17077,17146,17270,17466,17377,17497.0,17566.0,17713.0,17912.0,18010.0,18344.0,18483.0,18630.0
819742930475517901,1768,1785,1845,1838,1818,1797,1767,1745.0,1734.0,1708.0,1689.0,1696.0,1728.0,1711.0,1707.0
819742930476177601,1592,1580,1565,1572,1541,1501,1507,1432.0,1426.0,1427.0,1383.0,1376.0,1369.0,1369.0,1356.0
821242930455582301,20025,20080,19909,19990,19968,19904,19844,19722.0,19727.0,19780.0,19764.0,20058.0,19877.0,19864.0,20047.0
821542930460498902,663,691,680,702,701,683,684,694.0,692.0,680.0,680.0,688.0,691.0,699.0,688.0
821642930480059302,1666,1664,1713,1733,1800,1810,1806,1817.0,1810.0,1780.0,1757.0,1759.0,1720.0,1715.0,1681.0
821942930530217601,11929,11911,11890,11840,11795,11718,11685,11551.0,11471.0,11438.0,11357.0,11252.0,11231.0,11139.0,11083.0
821942930537341902,3739,3779,3795,3757,3744,3719,3701,3655.0,3668.0,3640.0,3638.0,3584.0,3621.0,3629.0,3612.0
822042930543471402,7065,7137,7158,7150,7174,7186,7108,6998.0,7023.0,7013.0,6983.0,6983.0,6938.0,6879.0,6931.0
822342930455951801,6683,6727,6761,6789,6811,6843,6846,6781.0,6729.0,6653.0,6543.0,6464.0,6398.0,6282.0,6267.0
822442928789829102,8998,9103,9087,9134,9118,9167,9173,9136.0,9129.0,9117.0,9109.0,8994.0,8924.0,8973.0,8962.0
822442930464350402,229,235,229,211,211,207,199,187.0,185.0,185.0,183.0,180.0,180.0,178.0,177.0
822442930533126101,2578,2599,2625,2590,2535,2541,2537,2506.0,2485.0,2490.0,2474.0,2475.0,2429.0,2402.0,2403.0
822542930518122602,6167,6196,6232,6279,6275,6304,6373,6460.0,6542.0,6623.0,6612.0,6564.0,6569.0,6555.0,6612.0
822542930550422301,17182,17323,17391,17455,17461,17421,17320,17101.0,16898.0,16765.0,16767.0,16690.0,16567.0,16514.0,16456.0
822742930537489702,3601,3632,3616,3622,3611,3637,3649,3666.0,3722.0,3723.0,3723.0,3733.0,3710.0,3730.0,3770.0
822942930517948001,1332,1349,1367,1399,1428,1417,1402,1405.0,1423.0,1412.0,1397.0,1388.0,1424.0,1447.0,1449.0
822942930544325501,884,872,872,873,886,916,927,936.0,932.0,939.0,921.0,922.0,919.0,929.0,907.0
823142929022556501,704,697,682,707,695,684,703,653.0,647.0,630.0,628.0,642.0,639.0,648.0,652.0
823342930446736401,5595,5639,5570,5621,5576,5563,5527,5456.0,5421.0,5341.0,5325.0,5254.0,5236.0,5174.0,5146.0
823342930466729101,3128,3163,3166,3208,3257,3288,3301,3341.0,3329.0,3301.0,3292.0,3304.0,3332.0,3364.0,3419.0
823442930461957001,847,831,817,809,803,796,770,752.0,734.0,707.0,700.0,675.0,646.0,637.0,627.0
823542928281571202,2012,2014,2059,2073,2067,2091,2088,2092.1428571428573,2068.0,2061.0,2104.0,2098.0,2114.0,2096.0,2104.0
823542930448997102,3153,3230,3255,3286,3359,3393,3378,3362.0,3395.0,3404.0,3452.0,3483.0,3464.0,3447.0,3466.0
823642930519878201,2906,2925,2934,2926,2882,2884,2895,2841.0,2796.0,2758.0,2751.0,2733.0,2677.0,2651.0,2612.0
823742930522802202,3402,3501,3537,3537,3546,3549,3512,3443.0,3428.0,3390.0,3337.0,3249.0,3274.0,3246.0,3229.0
823842930452734401,5062,5093,5081,5095,5096,5034,5056,5020.0,5027.0,4991.0,4954.0,4922.0,4872.0,4835.0,4831.0
824242930518683202,1074,1048,1023,1017,998,978,969,910.0,908.0,885.0,864.0,841.0,825.0,818.0,805.0
824442930516415402,1052,1076,1082,1079,1053,1007,998,979.0,977.0,945.0,978.0,981.0,991.0,988.0,1013.0
824442930527155301,986,977,955,958,957,955,952,932.0,913.0,925.0,908.0,909.0,910.0,909.0,896.0
824542929380254101,440,447,435,435,431,426,433,432.0,430.0,432.0,428.0,421.0,416.0,412.0,405.0
824542930464352301,7716,7841,7973,8072,8091,8072,8029,7899.0,7771.0,7813.0,7710.0,7593.0,7550.0,7546.0,7657.0
824542930550604002,2211,2178,2133,2120,2080,2064,2018,1993.0,2012.0,1969.0,1892.0,1851.0,1812.0,1747.0,1792.0
824942930461485102,10122,10121,10084,10197,10164,10042,9980,9785.0,9712.0,9665.0,9614.0,9413.0,9411.0,9524.0,9566.0
824942930534355601,7650,7615,7581,7447,7438,7354,7278,7092.0,6939.0,6876.0,6832.0,6771.0,6692.0,6641.0,6649.0
825042930527969201,1817,1801,1784,1769,1741,1715,1709,1679.0,1645.0,1617.0,1590.0,1517.0,1520.0,1515.0,1511.0
825342930517966301,874,878,907,908,866,853,844,830.0,822.0,802.0,807.0,812.0,799.0,795.0,793.0
825342930528662702,1353,1323,1335,1336,1362,1382,1385,1376.0,1364.0,1340.0,1339.0,1322.0,1299.0,1296.0,1270.0
825442930458105101,4015,3969,3921,3890,3897,3890,3880,3810.0,3761.0,3758.0,3746.0,3641.0,3608.0,3586.0,3548.0
825442930516566802,2255,2218,2206,2185,2174,2130,2136,2128.0,2081.0,2098.0,2043.0,1984.0,1997.0,1977.0,2011.0
825442930525679301,395,395,377,358,359,373,369,351.0,337.0,321.0,326.0,334.0,316.0,309.0,308.0
825542930537831702,2562,2689,2737,2779,2805,2827,2839,2804.0,2836.0,2867.0,2892.0,2878.0,2882.0,2871.0,2886.0
825642930475638602,52020,51976,51970,52096,52282,52331,52362,51973.0,51781.0,51761.0,51690.0,52069.0,51880.0,51653.0,51750.0
825742930478649902,851,848,856,872,842,828,816,794.0,772.0,783.0,777.0,798.0,817.0,813.0,799.0
825942929761688202,9057,9058,9016,8948,8885,8790,8772,8651.0,8527.0,8407.0,8269.0,8137.0,8089.0,8032.0,7921.0
825942930463971702,7788,7947,8014,8018,8130,8273,8195,8198.0,8186.0,8231.0,8315.0,8287.0,8274.0,8264.0,8243.0
826142928119230302,1025,1038,1054,1071,1054,1036,1065,1062.0,1030.0,1016.0,1032.0,994.0,1020.0,1000.0,996.0
826242930510359201,52131,52327,52743,52966,52831,52928,52622,52119.0,51017.57142857143,51361.0,51176.0,50627.0,50735.0,50515.0,50590.0
826342929021034101,10372,10342,10324,10427,10342,10288,10341,10227.0,10162.0,10089.0,10028.0,9855.0,9829.0,9769.0,9676.0
826342930475486701,1763,1743,1711,1694,1650,1625,1625,1621.0,1608.0,1620.0,1597.0,1557.0,1542.0,1495.0,1471.0
826442930515901101,3966,4021,4058,4064,4064,4107,4176,4179.0,4179.0,4203.0,4197.0,4134.0,4126.0,4185.0,4215.0
826542930464180701,4351,4340,4388,4436,4480,4482,4477,4468.0,4437.0,4408.0,4409.0,4473.0,4449.0,4443.0,4468.0
826542930469923401,1581,1572,1542,1501,1474,1453,1446,1429.0,1422.0,1399.0,1360.0,1318.0,1311.0,1296.0,1322.0
826542930479871801,11382,11538,11656,11800,12009,12069,12214,12153.0,12178.0,12060.0,11952.0,12163.0,12324.0,12356.0,12436.0
827042930522281002,3018,3000,2968,2996,2900,2847,2765,2668.0,2636.0,2580.0,2523.0,2383.0,2438.0,2436.0,2442.0
827142929604523301,585,574,554,546,576,568,572,557.0,554.0,558.0,538.0,533.0,483.0,469.0,482.0
827142930530486801,2027,2030,2004,1977,1963,1920,1907,1838.0,1808.0,1795.0,1779.0,1732.0,1739.0,1743.0,1702.0
827242928197098401,860,860,859,862,886,909,912,862.6666666666666,907.0,862.6666666666666,883.0,863.0,861.0,849.0,813.0
827442930457227302,4440,4457,4531,4565,4593,4594,4633,4511.0,4510.0,4496.0,4486.0,4439.0,4460.0,4445.0,4372.0
827642930544739202,11483,11545,11764,11790,11703,11560,11511,11202.0,11062.0,10890.0,10820.0,10866.0,10788.0,10701.0,10709.0
827842930517436002,1316,1335,1343,1379,1391,1397,1414,1430.0,1441.0,1433.0,1424.0,1400.0,1405.0,1419.0,1415.0
828042930452839902,1035,1026,999,973,952,932,906,859.0,841.0,818.0,795.0,784.0,766.0,751.0,754.0
828242930549987701,47433,47244,46669,46405,45916,45489,45207,44850.0,44497.0,44051.0,43800.0,43230.0,43057.0,42485.0,42147.0
828442930466467401,2480,2445,2430,2445,2433,2439,2417,2343.0,2303.0,2277.0,2255.0,2180.0,2172.0,2161.0,2153.0
828442930476132101,193,183,178,176,181,185,182,176.0,165.0,166.0,154.0,155.0,148.0,156.0,156.0
828542930452138102,61097,61310,61505,61177,61355,61202,60970,60507.0,60103.0,59924.0,59439.0,58949.0,58534.0,58194.0,58620.0
828542930528993801,2477,2475,2493,2498,2516,2528,2533,2469.0,2443.0,2442.0,2474.0,2416.0,2430.0,2449.0,2509.0
828642930475053801,7020,7100,7132,7148,7271,7271,7263,7237.0,7137.0,7296.0,7309.0,7248.0,7219.0,7213.0,7193.0
828642930480325302,3986,4018,4055,4060,4042,4076,4025,4000.0,4046.0,4025.0,3961.0,3845.0,3842.0,3854.0,3865.0
828842930531300102,1174,1160,1140,1126,1102,1089,1073,1042.0,1033.0,1020.0,1011.0,999.0,989.0,954.0,937.0
829042930475597601,88,89,86,85,85,81,84,86.0,91.0,86.0,89.0,87.0,87.0,85.0,85.0
829342930536253801,79,75,77,77,77,75,75,75.0,73.0,69.0,64.0,63.0,61.0,65.0,63.0
829342930545907002,2691,3067,3072,3112,3139,3141,3083,3107.0,3106.0,3119.0,3108.0,3088.0,3105.0,3094.0,3078.0
829442930452869901,1100,1088,1089,1081,1044,1020,999,964.0,932.0,920.0,904.0,880.0,867.0,842.0,827.0
829442930508923701,33021,32941,33307,33331,33574,33851,34058,34184.0,34514.0,34708.0,34908.0,34811.0,34870.0,34999.0,35312.0
829442930534169102,5316,5290,5270,5230,5214,5210,5198,5064.0,4975.0,4945.0,4869.0,4796.0,4727.0,4696.0,4657.0
829742930529086402,220,220,213,218,214,208,205,195.57142857142856,194.0,191.0,199.0,194.0,198.0,199.0,194.0
829742930530184901,8894,8996,9163,9237,9329,9369,9349,9291.0,9316.0,9294.0,9328.0,9432.0,9431.0,9389.0,9383.0
829842928213735102,583,581,561,569,567,568,578,563.0,549.0,527.0,526.0,510.0,533.0,541.0,539.0
831142930289817501,8071,8004,7985,7922,7806,7728,7672,7518.0,7428.0,7391.0,7341.0,6856.0,6732.0,6640.0,6685.0
831242930453786301,4267,4366,4492,4529,4566,4543,4502,4530.0,4497.0,4456.0,4455.0,4442.0,4417.0,4406.0,4443.0
831242930531796201,12884,13037,13004,12947,12915,12885,12849,12681.0,12710.0,12726.0,12694.0,12916.0,12888.0,12952.0,13000.0
831542930518419202,71139,71014,70679,70232,70092,70221,70608,71344.0,71653.0,72274.0,72399.0,71223.0,70841.0,70637.0,71094.0
832042930511109702,2259,2215,2179,2158,2164,2130,2099,2043.0,2020.0,2004.0,2008.0,1988.0,1996.0,1967.0,1965.0
832242930474068801,39103,39112,39299,39419,39190,39009,38842,38594.0,38453.0,38233.0,37910.0,37221.0,37146.0,36834.0,36756.0
832342930523521702,12567,12518,12542,12484,12535,12520,12474,12033.57142857143,12239.0,12273.0,12192.0,11925.0,11922.0,11834.0,11850.0
832442929613539201,1789,1754,1751,1734,1708,1685,1662,1590.0,1547.0,1519.0,1499.0,1438.0,1402.0,1372.0,1371.0
832642930475823402,4073,4025,4048,3979,3932,3891,3892,3890.0,3867.0,3865.0,3869.0,3882.0,3883.0,3887.0,3933.0
832642930520792801,2181,2176,2153,2161,2191,2226,2214,2192.0,2159.0,2126.0,2115.0,2100.0,2116.0,2118.0,2123.0
832742930459978602,46358,46621,46735,46834,47476,47524,47308,47260.0,47241.0,46951.0,46604.0,45907.0,45557.0,45276.0,45273.0
833042929126817802,2028,2075,2107,2117,2116,2133,2113,2125.0,2131.0,2135.0,2114.0,2080.0,2121.0,2091.0,2165.0
833042930525249402,420,405,405,405,406,420,411,415.0,406.0,400.0,415.0,408.0,400.0,388.0,387.0
833142930542841402,2353,2362,2369,2369,2361,2379,2343,2286.0,2303.0,2280.0,2290.0,2301.0,2281.0,2276.0,2306.0
833342930544656502,1186,1186,1174,1177,1178,1185,1177,1186.0,1195.0,1178.0,1174.0,1160.0,1159.0,1161.0,1157.0
833442930527530001,2106,2071,2055,1995,1980,1941,1920,1849.0,1809.0,1767.0,1728.0,1669.0,1642.0,1600.0,1561.0
833542930446907502,607,616,601,589,587,582,576,556.0,541.0,541.0,535.0,544.0,543.0,542.0,562.0
833642930474043501,1260,1235,1267,1275,1269,1190,1187,1218.0,1221.0,1217.0,1191.0,1141.0,1138.0,1128.0,1180.0
833642930479236101,6227,6330,6373,6400,6372,6347,6204,6011.0,5932.0,5968.0,5924.0,5872.0,5878.0,5871.0,5905.0
833742930509863801,2089,2051,2044,2017,1998,1964,1924,1834.0,1819.0,1801.0,1784.0,1749.0,1735.0,1704.0,1695.0
833742930539239902,2261,2271,2261,2254,2282,2255,2224,2200.0,2149.0,2131.0,2103.0,2109.0,2103.0,2094.0,2088.0
833742930547538101,4805,4826,4880,4856,4921,4911,4936,4807.857142857143,4865.0,4810.0,4817.0,4793.0,4755.0,4821.0,4794.0
833842930476862502,1799,1804,1785,1749,1721,1711,1690,1679.0,1666.0,1674.0,1645.0,1631.0,1624.0,1615.0,1632.0
833942930463710902,1852,1822,1832,1808,1780,1774,1718,1669.0,1636.0,1639.0,1599.0,1564.0,1548.0,1502.0,1470.0
834042930458153801,1340,1344,1318,1324,1344,1335,1311,1319.0,1305.0,1305.0,1299.0,1266.0,1259.0,1261.0,1266.0
834242929800241602,6449,6430,6415,6398,6367,6287,6216,6042.571428571428,6153.0,6137.0,6138.0,6009.0,6016.0,5934.0,5911.0
834442927928420801,646,625,623,622,613,615,618,620.0,612.0,603.0,598.0,573.0,558.0,558.0,551.0
834442930515364402,3349,3395,3403,3445,3426,3373,3415,3350.0,3355.0,3334.0,3318.0,3266.0,3246.0,3294.0,3341.0
834442930517835102,1727,1767,1750,1749,1738,1729,1700,1652.0,1644.0,1589.0,1560.0,1569.0,1543.0,1534.0,1531.0
834442930525675402,7275,7255,7204,7114,7103,7095,7116,6980.0,6941.0,6845.0,6798.0,6656.0,6635.0,6529.0,6471.0
834442930531819002,2361,2371,2359,2303,2292,2281,2222,2195.0,2200.0,2239.0,2206.0,2228.0,2260.0,2256.0,2234.0
834742930532099001,6294,6250,6238,6198,6200,6205,6186,6121.0,6101.0,6160.0,6183.0,6194.0,6214.0,6255.0,6298.0
834842930542858001,3739,3669,3674,3653,3536,3529,3474,3438.0,3393.0,3353.0,3307.0,3271.0,3230.0,3197.0,3167.0
834942930526462301,1608,1620,1591,1578,1576,1549,1537,1492.0,1482.0,1476.0,1452.0,1405.0,1400.0,1388.0,1399.0
835042930480274002,2987,2930,2934,2935,2955,2937,2976,2935.0,2918.0,2888.0,2891.0,2851.0,2856.0,2852.0,2869.0
835242930450010401,89132,89457,89758,89767,89914,90056,90090,90039.0,90513.0,90833.0,90908.0,89729.0,89493.0,89309.0,89116.0
835242930522282001,1640,1650,1648,1654,1667,1676,1673,1663.0,1638.0,1611.0,1618.0,1577.0,1565.0,1552.0,1523.0
835342930450913802,2211,2188,2157,2138,2111,2077,2055,2041.0,2025.0,1976.0,1932.0,1883.0,1878.0,1822.0,1833.0
835342930524987902,1031,1047,1038,1042,1030,1021,1028,1019.0,1035.0,1023.0,1038.0,1015.0,1005.0,1001.0,1016.0
835342930541093701,1898,1858,1832,1797,1789,1779,1753,1710.0,1705.0,1680.0,1678.0,1630.0,1621.0,1614.0,1613.0
835542930480626901,1688,1730,1746,1716,1735,1763,1730,1664.0,1649.0,1647.0,1675.0,1684.0,1669.0,1630.0,1636.0
836042929800256801,2493,2614,2675,2802,2822,2789,2777,2792.0,2793.0,2792.0,2805.0,2817.0,2810.0,2788.0,2798.0
836042930522772702,1512,1541,1544,1582,1636,1663,1670,1736.0,1738.0,1748.0,1768.0,1760.0,1769.0,1764.0,1763.0
836042930528204101,3778,3777,3761,3805,3805,3796,3776,3739.0,3790.0,3754.0,3746.0,3683.0,3686.0,3675.0,3688.0
836142930474183802,544,529,521,510,520,516,517,534.0,535.0,505.0,492.0,491.0,485.0,440.0,501.0
836342930524210302,880,892,856,844,831,841,823,804.0,779.0,764.0,763.0,751.0,735.0,744.0,730.0
836642930454674902,2320,2351,2362,2412,2411,2397,2407,2365.0,2331.0,2302.0,2310.0,2330.0,2305.0,2315.0,2344.0
836642930477249101,1864,1840,1864,1848,1851,1803,1778,1723.0,1685.0,1676.0,1661.0,1683.0,1669.0,1681.0,1687.0
836642930530434802,17823,17925,18058,18020,18098,18017,18131,18169.0,18169.0,18042.0,17950.0,18207.0,18184.0,18102.0,18323.0
836642930545490301,1548,1593,1598,1592,1612,1625,1654,1655.0,1662.0,1656.0,1639.0,1646.0,1640.0,1656.0,1686.0
836842928015410501,10360,10390,10358,10352,10340,10249,10169,10094.0,10092.0,10010.0,10010.0,9593.0,9614.0,9501.0,9475.0
836842930525650601,12166,12186,12328,12352,12396,12410,12391,12251.0,12240.0,12227.0,12198.0,12105.0,11983.0,11959.0,12015.0
837042930479968701,1069,1057,1059,1088,1119,1122,1133,1131.0,1076.0,1068.0,1060.0,1055.0,1036.0,1003.0,994.0
837242930518141601,1499,1468,1497,1503,1510,1524,1516,1451.0,1427.0,1414.0,1377.0,1331.0,1312.0,1321.0,1329.0
837442930528264801,75665,76249,76860,77177,76784,76471,76161,74935.0,74131.0,72890.0,72187.0,72491.0,71937.0,73095.16666666667,73095.16666666667
837442930529264402,28073,28041,28046,28075,28096,28021,27863,27451.0,27382.0,27289.0,27114.0,26963.0,26731.0,26562.0,26503.0
837542930542795001,5112,5144,5130,5099,5068,5022,4973,4862.0,4661.0,4811.0,4760.0,4629.0,4576.0,4513.0,4476.0
837742928967046502,6652,6635,6587,6602,6495,6477,6439,6267.0,6206.0,6102.0,6004.0,5961.0,5843.0,5722.0,5650.0
837742930470022902,1450,1439,1460,1474,1471,1471,1446,1435.0,1398.0,1390.0,1384.0,1340.0,1341.0,1332.0,1329.0
837942928676524701,762,764,743,747,792,792,773,734.0,705.0,682.0,668.0,662.0,643.0,638.0,612.0
837942930464892901,203,193,183,183,190,184,183,171.0,179.0,178.0,174.0,174.0,170.0,169.0,170.0
837942930529605302,3921,3974,3994,4028,4022,4033,4032,4053.0,3984.0,4006.0,3953.0,3865.0,3838.0,3767.0,3789.0
838042928665736602,6720,6819,6832,6844,6889,6852,6803,6774.0,6666.0,6698.0,6665.0,6552.0,6490.0,6417.0,6478.0
838142930465161002,13306,13389,13482,13542,13467,13447,13329,13147.0,13158.0,13051.0,13091.0,13012.0,13052.0,12918.0,12919.0
838142930515602502,1720,1724,1714,1698,1644,1645,1625,1609.0,1615.0,1590.0,1573.0,1546.0,1542.0,1531.0,1534.0
838242930470782301,699,680,673,659,673,643,636,614.0,611.0,610.0,590.0,588.0,579.0,558.0,563.0
838542930519555902,2555,2533,2519,2468,2429,2396,2407,2228.6666666666665,2228.6666666666665,2336.0,2325.0,2218.0,2184.0,2178.0,2131.0
838642930475790101,2332,2328,2286,2283,2290,2272,2240,2211.0,2197.0,2169.0,2137.0,2086.0,2030.0,2034.0,2022.0
838642930477805401,239,230,217,214,207,204,196,178.0,167.0,152.0,150.0,149.0,139.0,137.0,138.0
838942930465195502,3993,3997,4060,4138,4209,4185,4150,4088.0,4064.0,4085.0,4061.0,4042.0,4097.0,4090.0,4115.0
839142930463661901,1124,1124,1124,1119,1132,1143,1141,1133.0,1134.0,1116.0,1116.0,1134.0,1097.0,1108.0,1119.0
839242928607176801,21098,21348,21534,21785,21923,21821,21764,21522.0,21482.0,21480.0,21472.0,21379.0,21256.0,21199.0,21311.0
839442930521478501,2766,2781,2835,2901,2936,2935,2940,2914.0,2893.0,2907.0,2887.0,2848.0,2849.0,2831.0,2845.0
839542930008406001,2692,2677,2638,2620,2585,2559,2521,2287.714285714286,2365.0,2342.0,2298.0,2255.0,2244.0,2246.0,2264.0
839542930289421302,7019,7124,7155,7231,7273,7248,7192,6947.285714285715,7107.0,7079.0,6982.0,6961.0,6878.0,6822.0,6802.0
839542930463726301,599,586,565,548,557,569,557,538.0,509.0,512.0,480.0,460.0,458.0,460.0,459.0
839542930526547302,1391,1419,1451,1467,1456,1498,1512,1539.0,1567.0,1588.0,1624.0,1643.0,1656.0,1691.0,1710.0
839642930467637102,1547,1593,1551,1549,1544,1547,1562,1555.0,1532.0,1514.0,1537.0,1523.0,1518.0,1567.0,1578.0
839842930462171301,6716,6647,6613,6545,6563,6441,6408,6280.0,6213.0,6188.0,6049.0,5849.0,5830.0,5784.0,5762.0
841342928096721201,963,950,953,941,950,951,945,931.0,908.0,899.0,882.0,859.0,856.0,855.0,834.0
841442930507801702,3576,3675,3671,3671,3670,3660,3652,3645.0,3682.0,3651.0,3667.0,3665.0,3654.0,3684.0,3680.0
841442930526434201,466,469,471,459,458,463,463,462.0,447.0,443.0,434.0,429.0,449.0,446.0,445.0
841542930529205201,1154,1161,1171,1178,1177,1164,1143,1077.5,1119.0,1077.5,1098.0,1075.0,1061.0,1059.0,1053.0
841642930459290601,722,725,732,724,709,709,691,686.0,687.0,671.0,657.0,634.0,627.0,625.0,629.0
841642930524385902,19949,19889,19791,19702,19557,19419,19357,19048.0,18754.0,18666.0,18524.0,18439.0,18267.0,18103.0,17937.0
841942929428305502,678,682,680,663,650,664,653,663.0,637.0,605.0,591.0,594.0,588.0,583.0,594.0
841942930480076802,2796,2788,2799,2782,2740,2728,2697,2623.0,2656.0,2644.0,2634.0,2580.0,2568.0,2561.0,2605.0
842042928932295402,7225,7310,7352,7415,7500,7509,7524,7452.0,7449.0,7425.0,7450.0,7416.0,7405.0,7327.0,7338.0
842142930477007101,3019,3028,3050,3024,3010,2962,2958,2908.0,2897.0,2831.0,2800.0,2764.0,2699.0,2710.0,2768.0
842142930521528501,1648,1631,1638,1619,1595,1624,1620,1658.0,1602.0,1572.0,1544.0,1487.0,1491.0,1441.0,1471.0
842142930548550901,10279,10367,10485,10626,10728,10760,10759,10785.0,10907.0,11067.0,11117.0,11077.0,11154.0,11211.0,11262.0
842242930533564601,7373,7350,7327,7304,7258,7196,7114,7051.0,6942.0,6798.0,6737.0,6639.0,6619.0,6517.0,6488.0
842342930459389101,4259,4305,4258,4224,4248,4323,4295,4270.0,4295.0,4247.0,4280.0,4323.0,4298.0,4334.0,4386.0
842442930479262601,10694,10707,10629,10584,10598,10596,10521,10350.0,10236.0,10204.0,10106.0,9998.0,9891.0,9833.0,9781.0
842542930543771002,2493,2482,2473,2455,2473,2437,2465,2469.0,2444.0,2388.0,2373.0,2316.0,2303.0,2280.0,2273.0
842642929946490901,1644,1612,1613,1612,1576,1559,1542,1482.0,1453.0,1416.0,1394.0,1366.0,1350.0,1336.0,1340.0
842642930459093802,1421,1428,1379,1347,1336,1337,1367,1316.0,1229.3333333333333,1229.3333333333333,1284.0,1221.0,1231.0,1159.0,1165.0
842742930518445901,3227,3224,3252,3280,3287,3302,3272,3258.0,3196.0,3222.0,3226.0,3244.0,3230.0,3263.0,3273.0
842742930545257801,6809,6806,6818,6812,6808,6793,6705,6561.0,6500.0,6401.0,6333.0,6227.0,6170.0,6088.0,6004.0
842842930548514102,3536,3520,3511,3502,3447,3439,3431,3381.0,3357.0,3328.0,3254.0,3176.0,3201.0,3161.0,3183.0
842942930546835001,584,583,573,567,562,549,559,540.0,529.0,520.0,522.0,520.0,507.0,511.0,524.0
843042930523606401,2386,2420,2410,2374,2339,2291,2276,2166.0,2117.0,2074.0,2017.0,1967.0,1936.0,1928.0,1935.0
843142930469340002,21831,21975,22054,22260,22509,22596,22786,22897.0,22846.0,22912.0,23010.0,22920.0,22961.0,22832.0,22908.0
843242930459766502,2424,2434,2418,2421,2417,2406,2406,2402.0,2390.0,2382.0,2334.0,2242.0,2263.0,2262.0,2215.0
843242930476303802,1494,1514,1546,1557,1561,1562,1550,1505.0,1511.0,1503.571428571429,1493.0,1520.0,1508.0,1502.0,1486.0
843342930541339502,17697,17699,17788,17812,17788,17703,17735,17585.0,17363.0,17188.0,17050.0,16964.0,16869.0,16783.0,16641.0
843642930529697002,3268,3306,3338,3388,3362,3318,3296,3201.0,3148.0,3095.0,3059.0,3035.0,3003.0,2959.0,2903.0
843842930515847702,2214,2190,2218,2214,2198,2170,2148,2164.0,2183.0,2164.0,2159.0,2134.0,2121.0,2128.0,2104.0
843942930509736802,294,283,293,289,297,304,301,289.0,293.0,278.0,275.0,282.0,275.0,279.0,274.0
844142930547098901,721,732,723,721,702,716,717,715.0,710.0,708.0,705.0,705.0,704.0,715.0,718.0
844542930527015502,584,598,589,577,552,546,545,513.0,519.0,511.0,473.0,460.0,456.0,460.0,480.0
844842930546514402,14101,14095,14094,14089,14133,14261,14212,13990.0,13877.0,13726.0,13632.0,13443.0,13329.0,13196.0,13120.0
844942928645857101,8807,8933,9054,9150,9187,9119,9095,8956.0,8927.0,8926.0,8892.0,8960.0,8970.0,8924.0,8961.0
845142930520139101,13639,13728,13781,13807,13903,13902,13933,14020.0,14043.0,14051.0,14112.0,14022.0,13966.0,13940.0,14033.0
845142930544417302,3097,3061,3037,3020,3001,2980,2948,2850.0,2824.0,2809.0,2766.0,2683.0,2650.0,2634.0,2621.0
845342930460613302,3457,3446,3404,3397,3355,3300,3264,3227.0,3049.8333333333335,3049.8333333333335,3137.0,3015.0,2999.0,2979.0,2942.0
845442929613374502,374,356,352,358,348,311,312,315.0,302.0,306.0,285.0,288.0,298.0,302.0,298.0
845542930480631502,2420,2414,2405,2388,2361,2333,2327,2323.0,2266.0,2271.0,2255.0,2160.0,2095.0,2066.0,2047.0
845542930518553602,34450,34806,35402,35777,36343,36536,36427,36883.0,37075.0,37115.0,37244.0,37504.0,37741.0,37855.0,37950.0
845542930524548902,1018,1005,998,986,961,968,943,918.0,939.0,927.0,897.0,871.0,857.0,841.0,819.0
845542930534184502,752,758,721,730,743,743,742,738.0,758.0,751.0,770.0,771.0,758.0,789.0,773.0
845642930546189602,7660,7607,7668,7661,7669,7710,7674,7690.0,7685.0,7642.0,7683.0,7713.0,7760.0,7788.0,7859.0
845842930543021502,1529,1531,1515,1516,1486,1488,1441,1384.0,1412.0,1379.0,1380.0,1324.0,1319.0,1288.0,1281.0
845942930457810901,3131,3161,3135,3129,3134,3130,3065,2986.0,3009.0,3023.0,2994.0,2957.0,2930.0,2924.0,2924.0
845942930464815502,2190,2193,2219,2228,2237,2207,2179,2154.0,2167.0,2196.0,2175.0,2096.0,2105.0,2094.0,2077.0
845942930476179902,1337,1363,1383,1390,1385,1372,1352,1300.0,1297.0,1289.0,1276.0,1267.0,1256.0,1240.0,1259.0
846042930508914502,2079,2121,2143,2163,2133,2177,2172,2153.0,2156.0,2173.0,2185.0,2206.0,2184.0,2224.0,2239.0
846042930519367002,774,758,742,734,722,724,725,700.0,676.0,672.0,653.0,651.0,644.0,619.0,668.0
846142930457038902,924,922,907,916,922,935,935,916.0,914.0,914.0,916.0,920.0,885.0,894.0,890.0
846142930469593202,7031,7065,7055,7105,7133,7094,7062,7046.0,7097.0,7022.0,6961.0,6886.0,6888.0,6836.0,6898.0
846242930519827402,4821,4811,4875,4883,4939,4904,4883,4958.0,4971.0,4978.0,5000.0,5052.0,5033.0,5075.0,5084.0
846342930455537002,2533,2520,2513,2492,2472,2451,2423,2391.0,2372.0,2363.0,2322.0,2305.0,2259.0,2205.0,2203.0
846442930470857401,14675,14620,14490,14464,14278,14112,13973,13646.0,13464.0,13207.0,13038.0,12901.0,12789.0,12633.0,12470.0
846442930475489401,1485,1512,1508,1512,1510,1514,1506,1481.0,1461.0,1430.0,1459.0,1445.0,1445.0,1465.0,1452.0
846942930475716502,1110,1083,1070,1061,1054,1043,1033,1015.0,996.0,998.0,977.0,968.0,948.0,929.0,916.0
847042930473780002,10671,10598,10651,10739,10807,10795,10799,10761.0,10780.0,10754.0,10814.0,10641.0,10661.0,10731.0,10702.0
847142930522181302,1998,2041,2069,2093,2099,2086,2104,2067.0,2036.0,2011.0,1992.0,1967.0,1956.0,2001.0,2000.0
847142930526473901,763,743,740,726,710,680,663,661.0,664.0,644.0,626.0,600.0,583.0,570.0,557.0
847242930461347501,2556,2585,2582,2598,2567,2572,2593,2513.0,2499.0,2453.0,2428.0,2405.0,2384.0,2360.0,2353.0
847342928979715101,504,490,487,487,473,479,478,459.0,446.0,437.0,440.0,442.0,441.0,449.0,461.0
847342930454310101,16565,16546,16503,16482,16248,16146,16178,15852.0,15652.0,15632.0,15466.0,14928.0,14827.0,14709.0,14791.0
847342930461386002,235,231,228,231,233,243,226,221.0,236.0,225.0,230.0,228.0,250.0,250.0,257.0
847642930531798302,12273,12431,12587,12642,12794,12780,12758,12776.0,12771.0,12908.0,13049.0,13004.0,12890.0,12862.0,13038.0
847642930532420301,626,614,618,631,633,626,626,607.0,600.0,607.0,599.0,579.0,578.0,578.0,572.0
847642930549235901,1120,1126,1109,1102,1076,1067,1048,1008.0,997.0,963.0,961.0,944.0,919.0,904.0,882.0
847742930520009601,8694,8528,8470,8395,8349,8196,8088,7899.0,7785.0,7622.0,7502.0,7300.0,7190.0,7071.0,7041.0
847842930548089302,2038,2046,2001,1981,1949,1922,1892,1857.0,1844.0,1807.0,1784.0,1724.0,1715.0,1684.0,1666.0
847942930474001102,32983,33296,33673,33916,34228,34287,34252,34239.0,34258.0,34393.0,34366.0,34541.0,34494.0,34467.0,34474.0
847942930550687401,3352,3381,3385,3432,3434,3431,3403,3379.0,3337.0,3339.0,3299.0,3247.0,3261.0,3241.0,3262.0
848142930518599101,29611,29979,30459,31191,31673,32296,32709,33684.0,34213.0,34571.0,34828.0,35012.0,34969.0,34848.0,34898.0
848142930546877402,40345,40645,40639,40746,41407,41889,41987,41676.0,41674.0,41570.0,41647.0,41844.0,41435.0,41240.0,41358.0
848542929272107001,2452,2424,2413,2362,2311,2282,2237,2154.0,2142.0,2093.0,2061.0,2005.0,2003.0,1955.0,1936.0
848642930474098702,1915,1901,1902,1892,1903,1880,1919,1837.0,1742.6666666666667,1742.6666666666667,1781.0,1739.0,1712.0,1699.0,1688.0
848642930515458801,5765,5754,5828,5878,5864,5918,5926,6001.0,6045.0,6095.0,6215.0,6351.0,6451.0,6535.0,6673.0
848742930474465301,7497,7590,7630,7601,7709,7704,7737,7780.0,7731.0,7692.0,7733.0,7657.0,7647.0,7618.0,7613.0
848742930527002601,6766,6774,6725,6754,6713,6791,6834,6871.0,6833.0,6774.0,6828.0,6794.0,6783.0,6852.0,6909.0
848842929417283102,1187,1180,1199,1199,1172,1196,1160,1123.0,1105.0,1066.0,1048.0,1032.0,1024.0,1007.0,1007.0
848842930453571002,1465,1445,1432,1412,1420,1423,1429,1405.0,1390.0,1406.0,1395.0,1421.0,1415.0,1399.0,1419.0
848842930523664101,1565,1518,1499,1484,1472,1442,1415,1363.0,1350.0,1309.0,1274.0,1243.0,1197.0,1176.0,1150.0
849142930453075102,368,368,367,362,382,376,370,352.0,348.0,351.0,355.0,338.0,339.0,330.0,332.0
849342930509788702,970,967,958,950,943,916,917,876.0,883.0,844.0,841.0,825.0,837.0,833.0,847.0
849342930543236502,3473,3493,3464,3459,3425,3405,3368,3111.4285714285716,3217.0,3190.0,3153.0,3071.0,3049.0,3052.0,3048.0
849442930515789602,257,247,238,240,234,229,222,223.0,235.0,216.0,221.0,209.0,211.0,225.0,247.0
849442930516675901,1419,1401,1405,1401,1385,1368,1374,1392.0,1395.0,1386.0,1336.0,1416.0,1427.0,1392.0,1392.0
849442930530919102,551,544,522,517,502,498,499,482.0,478.0,471.0,467.0,442.0,435.0,439.0,427.0
849542930508064101,7020,7032,7011,6971,6973,6935,6999,7020.0,6966.0,6857.0,6692.0,6312.0,6268.0,6150.0,6099.0
849542930508937701,1822,1848,1884,1957,1992,2027,2049,2027.0,2037.0,2023.0,1998.0,1950.0,1969.0,1949.0,1988.0
849642928281688101,4998,5112,5252,5376,5487,5501,5543,5481.0,5519.0,5663.0,5752.0,5801.0,5700.0,5704.0,5783.0
849642930510091802,14345,14272,14295,14266,14217,14223,14297,14322.0,14252.0,14449.0,14370.0,14328.0,14077.0,13939.0,13883.0
849742928232592202,5615,5570,5490,5458,5472,5445,5423,5370.0,5374.0,5403.0,5394.0,5330.0,5390.0,5366.0,5360.0
849742930465173101,1642,1645,1645,1630,1634,1602,1595,1579.0,1546.0,1542.0,1520.0,1477.0,1441.0,1449.0,1487.0
849942930541466401,336,326,322,318,308,294,289,270.0,249.0,232.0,219.0,219.0,218.0,211.0,207.0
851142930456979301,2441,2412,2437,2424,2382,2385,2342,2266.0,2276.0,2253.0,2220.0,2183.0,2147.0,2129.0,2127.0
851142930516500302,1112,1091,1069,1127,1150,1140,1159,1130.0,1129.0,1111.0,1097.0,1066.0,1098.0,1081.0,1095.0
851242930464994401,7261,7292,7276,7157,7139,7135,7099,6969.0,6884.0,6825.0,6808.0,6601.0,6623.0,6564.0,6565.0
851342930532811802,32795,33306,33775,34285,34550,34649,34505,33891.0,33688.0,33553.0,33669.0,34601.0,34438.0,34373.0,34650.0
851342930533843601,6020,6016,5955,5950,5957,5928,5884,5798.0,5656.0,5602.0,5577.0,5473.0,5390.0,5299.0,5285.0
851442928197867501,6743,6747,6685,6616,6597,6567,6507,6340.0,6317.0,6277.0,6239.0,6121.0,6023.0,5997.0,6139.0
851442930517556402,959,952,955,956,950,940,954,924.0,915.0,921.0,928.0,919.0,890.0,879.0,877.0
851442930541819701,6962,6942,6892,6868,6926,6934,6994,6893.0,6936.0,6930.0,6963.0,6893.0,6906.0,6888.0,6878.0
851542930473554901,6615,6599,6560,6564,6685,6681,6694,6642.0,6661.0,6593.0,6542.0,6423.0,6418.0,6364.0,6367.0
851542930479652201,3079,3052,3015,2988,2970,2899,2883,2805.0,2728.0,2738.0,2660.0,2596.0,2552.0,2540.0,2555.0
851642929800393702,3934,4009,4041,4011,4027,3991,3948,3926.0,3925.0,3960.0,3900.0,3888.0,3865.0,3864.0,3902.0
851842930548226801,2245,2232,2257,2244,2251,2235,2179,2122.0,2098.0,2071.0,2007.0,1923.0,1948.0,1973.0,1956.0
851942928168167902,900,892,890,871,854,841,835,821.0,813.0,804.0,802.0,787.0,756.0,733.0,733.0
851942930524132701,7606,7662,7742,7830,7907,7894,7854,7790.0,7780.0,7813.0,7845.0,7775.0,7838.0,7824.0,7839.0
852042930451607302,9119,9178,9260,9322,9416,9446,9447,9473.0,9470.0,9543.0,9604.0,9556.0,9454.0,9559.0,9630.0
852042930472169702,507,518,518,505,487,485,479,473.0,486.0,487.0,475.0,467.0,473.0,487.0,496.0
852042930473437401,1565,1583,1566,1564,1565,1553,1555,1602.0,1654.0,1638.0,1620.0,1586.0,1568.0,1560.0,1580.0
852042930475570301,1338,1320,1285,1259,1231,1228,1218,1179.0,1151.0,1165.0,1153.0,1110.0,1112.0,1103.0,1097.0
852242930460969701,25997,26174,26312,26278,26425,26476,26596,26779.0,26666.0,26652.0,26958.0,26822.0,26878.0,26854.0,26786.0
852342929373045201,1048,1042,1016,1010,1002,986,990,909.0,940.0,922.0,921.0,913.0,906.0,889.0,872.0
852542930473401302,202,198,204,210,216,222,222,211.0,204.0,203.0,205.0,203.0,195.0,206.0,207.0
852542930524117702,47374,47689,47696,47805,48416,48572,48498,48523.0,48499.0,48858.0,48964.0,49315.0,48782.0,48742.0,49147.0
852642930524078902,6274,6331,6313,6340,6291,6298,6365,6281.0,6354.0,6352.0,6347.0,6346.0,6358.0,6398.0,6425.0
852742930511203801,256,259,257,253,267,260,257,243.0,238.0,223.0,219.0,210.0,205.0,211.0,213.0
852842930459571501,10750,10707,10729,10844,10860,10818,10700,10546.0,10554.0,10584.0,10566.0,10443.0,10441.0,10338.0,10336.0
852842930525394302,2259,2251,2287,2318,2325,2348,2358,2388.0,2384.0,2356.0,2382.0,2380.0,2373.0,2327.0,2366.0
852942930473536101,737,741,735,725,710,700,673,662.0,670.0,663.0,647.0,622.0,621.0,599.0,586.0
852942930478392801,11818,12031,12187,12321,12251,12581,12497,12330.0,12288.0,12201.0,12214.0,12006.0,12075.0,11988.0,11998.0
852942930509739101,1719,1684,1638,1609,1580,1588,1564,1516.0,1517.0,1436.571428571429,1482.0,1412.0,1390.0,1376.0,1363.0
852942930530305401,469,476,473,473,455,461,458,457.0,462.0,461.0,447.0,447.0,448.0,446.0,448.0
853042930509911702,1092,1066,1047,1033,1016,991,959,922.0,928.0,920.0,911.0,891.0,891.0,869.0,855.0
853342930477740601,3830,3868,3952,3979,4039,4102,4091,4120.0,4190.0,4189.0,4169.0,4077.0,4110.0,4101.0,4116.0
853342930477883601,2307,2299,2274,2213,2201,2192,2187,2017.8333333333333,2093.0,2017.8333333333333,2036.0,2002.0,1998.0,2000.0,1978.0
853442930200179101,291,288,288,286,303,302,299,297.0,302.0,296.0,297.0,307.0,303.0,303.0,291.0
853442930517536102,5852,5814,5774,5723,5663,5602,5530,5370.0,5298.0,5203.0,5149.0,5192.0,5138.0,5042.0,4985.0
853442930544397802,688,703,694,706,728,723,690,691.0,673.0,648.0,644.0,635.0,631.0,630.0,631.0
853442930546952402,1278,1268,1226,1217,1195,1172,1178,1145.0,1162.0,1116.0,1093.0,1116.0,1051.0,1016.0,1008.0
853542930075840502,3113,3094,3111,3087,3064,3031,2984,2902.0,2872.0,2851.0,2834.0,2800.0,2768.0,2728.0,2685.0
853642930526406301,618,641,619,609,605,622,614,580.0,572.0,554.0,549.0,546.0,524.0,516.0,522.0
853842928633866502,259,255,242,231,215,221,223,208.0,198.0,187.0,184.0,186.0,191.0,178.0,192.0
853842930523791502,788,788,813,825,822,836,839,854.0,834.0,837.0,826.0,806.0,802.0,793.0,788.0
854042930477061502,12659,12566,12479,12328,12230,12138,12012,11705.0,11579.0,11479.0,11404.0,11371.0,11262.0,11161.0,11139.0
854042930520187702,6269,6141,6068,6009,5916,5853,5804,5588.0,5439.0,5450.0,5284.0,5203.0,5138.0,5098.0,5088.0
854242930547722102,2510,2480,2459,2438,2433,2430,2416,2373.0,2372.0,2339.0,2303.0,2247.0,2229.0,2215.0,2198.0
854442930534463402,38870,39111,39212,39350,39011,38670,38381,37574.0,37155.0,36655.0,36151.0,36241.0,36755.2,36755.2,36755.2
854642928000561902,1640,1622,1606,1593,1584,1588,1584,1584.0,1585.0,1546.0,1543.0,1496.0,1495.0,1464.0,1467.0
854742930470528401,2082,2106,2134,2161,2145,2153,2151,2153.0,2142.0,2124.0,2088.0,2054.0,2061.0,2029.0,2017.0
854742930534326101,2980,2978,2990,3029,3035,3058,3088,3130.0,3135.0,3171.0,3233.0,3329.0,3271.0,3293.0,3366.0
854742930541679401,2413,2434,2436,2450,2464,2483,2446,2433.0,2467.0,2509.0,2498.0,2516.0,2533.0,2532.0,2529.0
854742930547269101,5702,5780,5795,5822,5789,5831,5822,5745.0,5696.0,5739.0,5656.0,5559.0,5530.0,5574.0,5590.0
855042930479722302,12159,12296,12341,12260,12252,12182,12078,11710.0,11532.0,11507.0,11493.0,11506.0,11584.0,11780.0,11966.0
855142930531636301,3987,3963,3998,3972,3958,3964,3916,3854.0,3789.0,3798.0,3770.0,3760.0,3760.0,3767.0,3771.0
855442930454874201,351,347,339,349,353,340,338,319.0,322.0,314.0,316.0,315.0,313.0,321.0,332.0
855742929922100201,3469,3616,3718,3871,4029,4050,4149,4285.0,4302.0,4369.0,4414.0,4406.0,4502.0,4556.0,4592.0
855842930526750501,5046,5072,5058,5067,5074,5149,5195,5168.0,5203.0,5199.0,5159.0,5097.0,5104.0,5081.0,5079.0
856242927949032701,1052,1042,1092,1116,1133,1143,1134,1096.0,1127.0,1141.0,1147.0,1088.0,1090.0,1113.0,1125.0
856442930545553601,2975,2951,3011,3042,3046,3048,3053,2995.0,2969.0,2955.0,3011.0,3030.0,3054.0,3055.0,3068.0
856542930530007901,3683,3651,3616,3645,3629,3610,3506,3593.0,3622.0,3597.0,3544.0,3537.0,3546.0,3497.0,3519.0
856642930519891202,1532,1532,1519,1492,1485,1498,1481,1478.0,1486.0,1477.0,1461.0,1440.0,1402.0,1351.0,1338.0
856742930458761302,513,521,523,521,499,486,475,462.0,470.0,455.0,439.0,423.0,417.0,402.0,389.0
856742930465409602,6583,6632,6698,6778,6796,6798,6906,6770.0,6702.0,6704.0,6689.0,6681.0,6697.0,6715.0,6740.0
857242930476276902,18893,19064,19323,19474,19614,19882,19744,19949.0,20060.0,19904.0,19978.0,20127.0,20172.0,20199.0,20250.0
857242930508670402,2436,2444,2436,2413,2365,2376,2376,2303.0,2266.0,2253.0,2223.0,2165.0,2150.0,2124.0,2147.0
857242930524371102,295,293,299,298,292,288,281,286.0,280.0,282.0,270.0,270.0,260.0,256.0,256.0
857442930518866601,1721,1731,1689,1646,1642,1639,1629,1543.0,1539.0,1516.0,1522.0,1521.0,1514.0,1534.0,1536.0
857542930465260501,460,490,478,480,496,506,516,507.42857142857144,511.0,516.0,512.0,497.0,502.0,512.0,502.0
857742930525646702,4688,4689,4700,4666,4638,4624,4586,4515.0,4503.0,4464.0,4427.0,4383.0,4350.0,4274.0,4255.0
857742930530769201,1923,1918,1886,1899,1892,1909,1936,1880.0,1863.0,1889.0,1854.0,1807.0,1807.0,1795.0,1802.0
857842930460536701,1747,1815,1801,1823,1804,1811,1826,1831.0,1862.0,1897.0,1893.0,1920.0,1949.0,1911.0,1913.0
858042929155550101,5557,5566,5569,5536,5533,5512,5521,5430.0,5387.0,5375.0,5349.0,5263.0,5218.0,5140.0,5109.0
858042930462066802,5630,5581,5537,5489,5462,5405,5374,5252.0,5188.0,5144.0,5127.0,5090.0,5055.0,4993.0,5131.0
858342930463483402,2568,2561,2611,2571,2588,2587,2570,2539.0,2535.0,2525.0,2539.0,2530.0,2540.0,2573.0,2601.0
858342930472058502,3027,3062,3160,3116,3122,3143,3149,3064.0,3034.0,3030.0,3031.0,3020.0,3063.0,3104.0,3121.0
858542930464169701,530,527,531,528,527,517,519,515.0,531.0,505.0,492.0,506.0,521.0,514.0,500.0
858542930468014502,2646,2627,2635,2613,2547,2557,2510,2462.0,2474.0,2480.0,2451.0,2435.0,2443.0,2410.0,2407.0
858642929649204902,10246,10243,10276,10238,10207,10157,10107,10058.0,9950.0,9812.0,9732.0,9626.0,9628.0,9579.0,9527.0
858742929303831001,10966,10998,11098,11162,11231,11222,11174,11231.0,11213.0,11295.0,11334.0,11238.0,11277.0,11205.0,11219.0
858742929493932302,276,272,270,267,261,264,265,253.0,244.0,235.0,237.0,245.0,248.0,238.0,240.0
858742930449379501,14528,14475,14440,14360,14300,14130,14041,13717.0,13563.0,13405.0,13295.0,13114.0,13156.0,13022.0,13004.0
858842930455930602,392,382,368,363,370,378,396,393.0,409.0,399.0,391.0,389.0,393.0,393.0,390.0
858842930477463802,72,59,54,52,58,59,62,58.0,59.0,55.0,49.0,46.0,43.0,42.0,43.0
858842930522413401,7016,7087,7157,7161,7113,7050,7121,7014.0,7021.0,7009.0,6974.0,6933.0,6914.0,6889.0,6890.0
859042930546815401,3470,3733,3861,3987,4129,4269,4363,4530.0,4665.0,4722.857142857143,4740.0,4762.0,4785.0,4779.0,4799.0
859142930456578101,9267,9321,9473,9572,9655,9746,9794,9738.0,9824.0,9949.0,9997.0,9974.0,10048.0,10106.0,10208.0
859142930459286302,1103,1093,1096,1096,1099,1116,1121,1115.0,1100.0,1091.0,1072.0,1061.0,1063.0,1058.0,1080.0
859342930455322901,60520,61302,62389,63117,63008,63005,62955,63076.0,63141.0,62757.0,62524.0,62051.0,62533.0,63316.0,64678.0
859442930540607101,469,467,469,472,482,483,471,448.0,443.0,461.0,459.0,441.0,445.0,448.0,454.0
859642930457644301,2344,2374,2408,2375,2356,2326,2274,2231.0,2197.0,2243.0,2188.0,2174.0,2130.0,2128.0,2123.0
861342930509458601,975,972,948,947,974,958,947,903.0,892.0,894.0,885.0,860.0,870.0,854.0,857.0
861342930510892602,1746,1734,1768,1782,1777,1780,1759,1766.0,1727.0,1713.0,1717.0,1703.0,1704.0,1707.0,1680.0
861642930478205701,2142,2162,2155,2147,2153,2114,2136,2110.0,2098.0,2080.0,2092.0,2024.0,2055.0,2069.0,2098.0
861942928636897801,644,634,628,626,617,607,602,583.0,580.0,583.0,564.0,567.0,559.0,561.0,549.0
862242930534647301,79843,80153,80183,80474,81472,82023,82087,83018.0,83196.0,83549.0,83679.0,83045.0,82754.0,82951.0,83439.0
862242930535062302,5852,5842,5828,5837,5809,5801,5821,5786.0,5686.0,5622.0,5651.0,5600.0,5605.0,5533.0,5555.0
862342930473319301,23840,24090,24166,24428,24423,24518,24590,24628.0,24768.0,24910.0,25109.0,25677.0,25723.0,25622.0,25492.0
862542930542401601,13186,13226,13216,13131,13023,12899,12798,12465.0,12233.0,12024.0,11854.0,11654.0,11508.0,11353.0,11235.0
862642930449976702,6287,6255,6149,6162,6184,6171,6096,6013.0,5926.0,5862.0,5805.0,5699.0,5672.0,5574.0,5529.0
862742930526496102,1976,1998,2004,1985,1995,2039,2033,2052.0,2089.0,2063.0,2052.0,2013.0,2007.0,1965.0,1954.0
863042930476428201,9303,9438,9492,9530,9570,9622,9660,9556.0,9507.0,9518.0,9501.0,9447.0,9462.0,9414.0,9489.0
863242930524324202,7895,7809,7830,7765,7693,7625,7583,7358.0,7263.0,7211.0,7201.0,7195.0,7112.0,7109.0,7089.0
863242930531653402,3810,3849,3851,3849,3814,3804,3777,3735.0,3729.0,3712.0,3684.0,3636.0,3648.0,3599.0,3592.0
863742930468804801,1712,1706,1719,1711,1690,1669,1656,1621.0,1600.0,1617.0,1587.0,1548.0,1572.0,1581.0,1564.0
864042930479321901,3553,3652,3758,3932,4033,4145,4222,4243.0,4297.0,4344.0,4387.0,4338.0,4352.0,4304.0,4352.0
864242930548351701,803,789,785,773,764,766,765,778.0,761.0,744.0,748.0,749.0,735.0,752.0,737.0
864342930509826301,18374,18370,18151,18284,18270,18129,18233,18116.0,17989.0,17825.0,17662.0,17987.0,17975.0,17852.0,17782.0
864342930530677902,4806,4866,4902,4958,5041,4999,4969,4851.0,4747.0,4667.0,4583.0,4578.0,4627.0,4600.0,4641.0
864542930477405101,2645,2655,2649,2628,2670,2685,2675,2597.0,2576.0,2587.0,2583.0,2549.0,2578.0,2583.0,2620.0
864842930448018302,3621,3660,3657,3635,3634,3614,3626,3518.0,3523.0,3506.285714285714,3511.0,3488.0,3505.0,3526.0,3473.0
864942930448335102,9064,9107,9101,9111,9080,9105,9065,8982.0,8945.0,8909.0,8908.0,8830.0,8835.0,8887.0,8842.0
865242930471612302,2956,2955,2959,2950,2939,2902,2893,2858.0,2896.0,2960.0,2944.0,2925.0,2947.0,2942.0,2916.0
865342930446606702,6777,6801,6792,6872,6935,6928,6873,6796.0,6797.0,6746.0,6736.0,6765.0,6685.0,6685.0,6665.0
865342930530172102,5373,5337,5283,5239,5169,5087,4997,4830.0,4772.0,4673.0,4567.0,4496.0,4450.0,4377.0,4328.0
865542930459456602,1166,1167,1181,1194,1183,1162,1117,1152.0,1173.0,1187.0,1189.0,1228.0,1221.0,1199.0,1179.0
865742930528998502,2131,2135,2149,2144,2120,2154,2142,2139.0,2133.0,2104.0,2091.0,2036.0,2060.0,2037.0,2016.0
865942930463814801,6937,7037,7030,7136,7319,7416,7410,7678.0,7782.0,7716.0,7746.0,7629.0,7648.0,7732.0,7867.0
865942930470030902,4865,4843,4847,4815,4826,4844,4843,4736.0,4687.0,4688.0,4649.0,4592.0,4611.0,4550.0,4649.0
866042927917644201,3836,3926,3991,4064,4074,4071,4061,4069.0,4041.0,4036.0,3995.0,3959.0,3946.0,3926.0,3925.0
866042928912051802,1255,1323,1318,1273,1302,1294,1292,1318.0,1330.0,1323.0,1331.0,1331.0,1306.0,1310.0,1322.0
866042930464056401,1146,1111,1081,1077,1068,1043,1046,1005.0,1006.0,1019.0,993.0,970.0,971.0,961.0,970.0
866042930532465602,2167,2227,2298,2317,2295,2286,2246,2247.5714285714284,2245.0,2237.0,2240.0,2266.0,2260.0,2252.0,2233.0
866242930525769601,8215,8334,8393,8417,8470,8499,8487,8335.0,8301.0,8281.0,8218.0,8132.0,8094.0,8131.0,8120.0
866442929761753701,1214,1228,1231,1230,1256,1269,1253,1247.0,1190.0,1158.0,1139.0,1102.0,1084.0,1082.0,1061.0
866442930517624802,5338,5345,5365,5405,5407,5403,5340,5185.0,5117.0,5053.0,4986.0,4979.0,4942.0,4923.0,4881.0
866442930545178801,3647,3640,3640,3639,3600,3533,3498,3407.0,3397.0,3424.0,3391.0,3303.0,3330.0,3340.0,3309.0
866542930528633702,9140,9085,9115,9106,9087,9013,8975,8788.0,8725.0,8725.0,8667.0,8711.0,8744.0,8816.0,9062.0
866642930533055601,1205,1200,1193,1196,1186,1179,1201,1154.0,1152.0,1124.0,1128.0,1120.0,1139.0,1132.0,1142.0
867142930454378502,754,730,718,690,685,676,674,671.0,666.0,670.0,639.0,617.0,610.0,593.0,589.0
867142930510401702,4830,4845,4889,4939,4997,5020,5041,5076.0,5092.0,5059.0,5105.0,5074.0,5098.0,5127.0,5209.0
867142930546069701,1636,1626,1630,1625,1644,1646,1647,1630.0,1619.0,1620.0,1608.0,1594.0,1596.0,1587.0,1585.0
867342928255449102,4986,4970,4906,4931,4904,4939,4921,4835.0,4794.0,4790.0,4792.0,4694.0,4632.0,4639.0,4627.0
867342930518913702,1272,1294,1314,1366,1377,1354,1356,1360.0,1372.0,1380.0,1376.0,1372.0,1335.0,1330.0,1320.0
867342930524194302,1532,1528,1500,1492,1474,1478,1465,1421.0,1415.0,1396.0,1381.0,1358.0,1366.0,1345.0,1351.0
867342930538873202,5055,5029,5062,5041,5024,4988,4927,4853.0,4817.0,4767.0,4728.0,4614.0,4581.0,4540.0,4496.0
867542930474478802,1307,1304,1272,1268,1263,1268,1248,1195.0,1177.0,1145.0,1159.0,1142.0,1121.0,1110.0,1120.0
867642930516478102,6173,6255,6371,6430,6517,6470,6461,6342.0,6301.0,6325.0,6282.0,6203.0,6133.0,6087.0,6098.0
867642930541363401,3353,3420,3375,3495,3601,3629,3670,3614.0,3604.0,3675.0,3697.0,3851.0,3835.0,3829.0,3873.0
867842930461437102,565,557,557,562,564,571,560,573.0,570.0,586.0,594.0,588.0,596.0,625.0,625.0
867942930533916401,1603,1596,1554,1535,1514,1495,1455,1390.0,1415.0,1411.0,1401.0,1361.0,1355.0,1341.0,1337.0
868042930470817501,2653,2634,2611,2604,2593,2574,2566,2487.0,2473.0,2470.0,2438.0,2399.0,2363.0,2370.0,2367.0
868242930531074002,3892,3877,3867,3857,3837,3821,3823,3819.0,3777.0,3821.0,3771.0,3744.0,3681.0,3654.0,3631.0
868342930477434601,4348,4331,4372,4393,4441,4491,4534,4572.0,4585.0,4515.0,4528.0,4491.0,4538.0,4572.0,4595.0
868442930461389001,558,561,561,559,559,566,582,569.0,569.0,559.0,571.0,575.0,580.0,575.0,593.0
868542930547589402,836,831,829,830,819,824,799,808.0,807.0,807.0,790.0,766.0,751.0,733.0,725.0
868642930515771301,10681,10792,10904,11023,11134,11167,11206,11180.0,11161.0,11130.0,11116.0,10980.0,10862.0,10801.0,10860.0
868842930528247102,991,1011,1001,1022,988,985,986,975.0,957.0,957.0,965.0,958.0,963.0,977.0,970.0
868942930452894801,3176,3183,3190,3189,3183,3191,3185,3156.0,3138.0,3136.0,3117.0,3157.0,3161.0,3138.0,3159.0
868942930460670501,8294,8415,8598,8718,8840,8999,9067,9084.0,9226.0,9284.0,9335.0,9401.0,9447.0,9465.0,9552.0
869542930478570501,10549,10778,10873,11036,11073,11156,11114,10910.0,10904.0,10943.0,10993.0,11016.0,10984.0,11026.0,11106.0
869542930509071702,3551,3648,3773,3813,3929,3967,4040,4136.0,4132.0,4169.0,4188.0,4207.0,4219.0,4215.0,4250.0
869542930530863101,420,413,418,409,428,414,412,382.0,393.0,405.0,402.0,394.0,372.0,350.0,350.0
869542930542513401,11203,11701,12015,12284,12137,11842,11761,11804.0,11776.0,11489.0,11506.0,11303.0,11428.0,11229.0,11438.0
869642930468064501,3175,3201,3241,3296,3290,3287,3243,3327.0,3297.0,3287.0,3257.0,3182.0,3215.0,3204.0,3211.0
869642930541881202,2289,2319,2370,2375,2405,2415,2375,2337.0,2318.0,2316.0,2277.0,2255.0,2265.0,2258.0,2241.0
869642930544401701,1236,1255,1244,1197,1208,1196,1182,1176.0,1169.0,1130.0,1192.0,1143.0,1091.0,1082.0,1057.0
869742930542034002,1411,1364,1342,1328,1325,1294,1279,1252.0,1244.0,1228.0,1201.0,1153.0,1140.0,1118.0,1090.0
869842930517944101,6732,6728,6768,6804,6837,6939,6927,6922.0,6972.0,7003.0,7008.0,7155.0,7153.0,7201.0,7309.0
869942930464423201,4018,3971,3907,3921,3900,3920,3898,3778.0,3756.0,3711.0,3736.0,3674.0,3641.0,3640.0,3655.0
869942930529109802,1260,1246,1263,1293,1308,1330,1390,1335.142857142857,1362.0,1358.0,1365.0,1311.0,1312.0,1311.0,1327.0
869942930543346502,1353,1339,1304,1282,1289,1281,1268,1221.0,1197.0,1178.0,1168.0,1151.0,1135.0,1146.0,1119.0
871142930450013702,573,557,547,544,553,531,526,478.0,466.0,450.0,442.0,446.0,453.0,456.0,414.0
871142930480719401,921,921,912,911,902,886,874,850.0,842.0,808.0,794.0,782.0,774.0,743.0,737.0
871242930523367401,912,911,909,880,903,901,916,873.0,865.0,849.0,843.0,862.0,868.0,873.0,882.0
871342930521539001,3814,3682,3564,3486,3412,3345,3229,3076.0,3000.0,2935.0,2869.0,2774.0,2700.0,2614.0,2534.0
871342930525209801,136689,136468,136430,136756,135954,135331,134732,133941.0,133019.0,132364.0,131556.0,129206.0,128136.0,127186.0,126625.0
871342930534708502,1398,1393,1361,1366,1394,1379,1359,1346.0,1308.0,1298.0,1298.0,1303.0,1312.0,1296.0,1297.0
871442930450821301,2144,2117,2113,2077,2057,2069,2083,2020.0,1992.0,1990.0,1955.0,1919.0,1884.0,1901.0,1814.0
871542929309376301,8996,9011,9012,9093,9135,9117,9091,8981.0,9013.0,9031.0,9000.0,9057.0,8960.0,8916.0,8985.0
871542930475100402,953,957,932,923,915,899,907,917.0,900.0,896.0,888.0,886.0,869.0,876.0,872.0
871842930471544702,1172,1133,1095,1081,1053,1047,1035,985.0,970.0,956.0,950.0,913.0,875.0,862.0,859.0
871842930473777201,2349,2396,2413,2409,2410,2392,2420,2389.0,2366.0,2352.0,2327.0,2303.0,2315.0,2309.0,2295.0
871842930477164102,572,561,559,557,571,578,565,548.0,558.0,569.0,567.0,547.0,541.0,543.0,554.0
871842930546587302,569,557,571,582,583,585,589,581.0,577.0,612.0,625.0,609.0,605.0,605.0,628.0
871942930522152902,707,674,656,658,636,638,623,607.0,605.0,615.0,613.0,600.0,588.0,574.0,577.0
872042930531248002,10864,10929,11005,11079,11132,11205,11201,11404.0,11473.0,11548.0,11548.0,11283.0,11333.0,11339.0,11348.0
872142928191352102,11457,11493,11654,11819,11912,11992,12046,11946.0,11944.0,11960.0,11886.0,11844.0,11820.0,11868.0,11814.0
872142930517248702,3054,3139,3217,3244,3260,3253,3290,3292.0,3357.0,3423.0,3420.0,3390.0,3364.0,3352.0,3402.0
872142930525374001,2514,2464,2430,2403,2364,2338,2321,2265.0,2229.0,2189.0,2129.0,2056.0,2017.0,1965.0,1949.0
872242930535099602,1187,1158,1175,1153,1125,1132,1131,1081.0,1063.0,1069.0,1055.0,1034.0,1013.0,970.0,986.0
872542930526772802,1710,1743,1800,1840,1908,1922,1927,1948.0,1958.0,1929.0,1911.0,1900.0,1897.0,1905.0,1898.0
872642930471804901,6193,6295,6399,6473,6510,6482,6517,6600.0,6588.0,6572.0,6584.0,6470.0,6456.0,6419.0,6458.0
872842930463802702,2023,2005,2009,2001,1953,1950,1917,1900.0,1872.0,1858.0,1863.0,1844.0,1849.0,1820.0,1832.0
872942930518030701,62,59,60,58,54,54,55,53.0,52.0,54.0,53.0,56.0,57.0,58.0,57.0
873042930475504502,5477,5754,6084,6226,6269,6395,6295,6408.0,6354.0,6364.0,6305.0,6336.0,6310.0,6316.0,6304.0
873142929400229701,3668,3721,3740,3864,3873,3900,3869,3857.0,3835.0,3869.0,3761.0,3643.0,3677.0,3736.0,3840.0
873142930528481601,13474,13467,13529,13440,13434,13499,13394,13362.0,13339.0,13140.285714285714,13226.0,13098.0,13001.0,12959.0,12997.0
873442930525416502,1368,1368,1362,1338,1364,1374,1377,1384.0,1360.0,1369.0,1368.0,1364.0,1383.0,1394.0,1392.0
873442930531294301,3801,3766,3758,3723,3687,3695,3672,3612.0,3643.0,3644.0,3629.0,3577.0,3548.0,3586.0,3680.0
873542930530923201,574,552,528,547,538,528,521,503.0,491.0,481.0,457.0,443.0,439.0,440.0,436.0
873842930463851302,13727,13716,13626,13516,13593,13524,13505,13411.0,13423.0,13325.0,13312.0,12968.0,12976.0,12750.0,12738.0
873942930478273401,1046,993,951,927,891,876,852,818.0,801.0,746.2857142857143,777.0,746.0,717.0,697.0,668.0
873942930524006502,585,602,600,622,614,586,572,530.0,541.0,507.0,507.0,481.0,481.0,482.0,468.0
873942930524909502,4435,4448,4455,4501,4538,4528,4497,4505.0,4520.0,4472.0,4410.0,4341.0,4366.0,4342.0,4336.0
873942930528998602,660,635,634,633,616,598,595,584.0,570.0,549.0,571.0,550.0,544.0,514.0,503.0
874042930452220201,3847,3857,3988,4087,4150,4178,4161,4174.0,4270.0,4310.0,4328.0,4405.0,4417.0,4451.0,4518.0
874042930472430802,1126,1109,1145,1143,1156,1167,1153,1181.0,1204.0,1210.0,1207.0,1235.0,1219.0,1237.0,1230.0
874042930508878001,15981,16086,16305,16362,16463,16560,16539,16687.0,17006.0,17022.0,17096.0,16761.0,16925.0,16917.0,16975.0
874142930549247501,2243,2245,2254,2268,2203,2191,2168,2096.0,2031.0,2004.0,1973.0,1935.0,1929.0,1906.0,1883.0
874242930457617401,1040,1058,1051,1056,1063,1041,1018,997.0,989.0,994.0,1000.0,993.0,1001.0,1026.0,1052.0
874242930461871701,5670,5757,5831,5811,5850,5886,5887,5924.0,5910.0,5890.0,5958.0,6071.0,6089.0,6124.0,6212.0
874242930524490802,14164,14214,14253,14150,14036,14000,13909,13695.0,13682.0,13663.0,13556.0,13426.0,13327.0,13322.0,13345.0
874542930051179802,2720,2737,2757,2730,2690,2688,2685,2636.0,2611.0,2614.0,2583.0,2510.0,2496.0,2489.0,2460.0
874642930467125901,7052,7119,7185,7200,7210,7247,7225,7244.0,7284.0,7248.0,7309.0,7266.0,7246.0,7136.0,7139.0
874642930524115201,1331,1392,1421,1419,1419,1429,1415,1443.0,1395.0,1397.0,1401.0,1375.0,1392.0,1363.0,1369.0
874842928176254401,175,178,175,174,175,176,175,158.0,161.0,160.0,158.0,153.0,157.0,157.0,159.0
874842930456115302,4159,4123,4080,4037,3974,3884,3819,3547.285714285714,3728.0,3617.0,3571.0,3523.0,3513.0,3462.0,3417.0
874842930531525802,4825,4810,4791,4801,4826,4793,4765,4805.0,4855.0,4900.285714285715,4870.0,4900.0,4931.0,4942.0,4999.0
875142928823088002,671,657,639,613,602,603,606,594.0,583.0,578.0,570.0,557.0,548.0,548.0,530.0
875142930518232402,2267,2246,2213,2218,2189,2182,2154,2065.0,2017.0,1983.0,1955.0,1888.0,1880.0,1834.0,1820.0
875242929166244901,5281,5272,5308,5243,5201,5188,5147,5158.0,5103.0,5079.0,5042.0,4959.0,4957.0,4969.0,5022.0
875242930265176101,1522,1484,1482,1463,1453,1428,1438,1430.0,1403.0,1360.0,1343.0,1303.0,1291.0,1272.0,1269.0
875442930534879301,149,151,149,145,138,142,136,137.0,138.0,135.0,142.0,139.0,147.0,141.0,139.0
875542930476089902,2159,2177,2151,2138,2140,2101,2107,1984.428571428571,2024.0,2020.0,1959.0,1986.0,1975.0,1959.0,1968.0
875642930535245501,4826,4788,4871,4876,4896,4875,4799,4820.0,4823.0,4825.0,4814.0,4790.0,4778.0,4736.0,4754.0
875942930532537202,2152,2138,2142,2154,2198,2198,2121,2080.0,2037.0,2000.0,1994.0,1962.0,1932.0,1931.0,1931.0
876042930516405702,213,219,219,230,242,237,234,223.1428571428571,225.0,219.0,223.0,220.0,220.0,231.0,224.0
876142930516358702,532,523,514,512,502,498,500,484.0,477.0,472.0,463.0,465.0,455.0,447.0,440.0
876142930520974101,3236,3229,3205,3198,3166,3151,3152,3147.0,3098.0,3062.0,3029.0,2984.0,2981.0,3013.0,3069.0
876142930526299101,786,787,771,777,791,791,777,762.0,764.0,763.0,748.0,747.0,752.0,747.0,734.0
876242930517852801,7265,7366,7393,7417,7373,7374,7379,7308.0,7207.0,7213.0,7156.0,7133.0,7107.0,7069.0,7047.0
876242930524959801,809,797,817,826,826,806,757,748.0,736.0,748.0,728.0,739.0,741.0,731.0,729.0
876342929194683901,27811,27777,27711,27668,27469,27296,27138,26656.0,26474.0,26151.0,25941.0,25493.0,25382.0,25093.0,24903.0
876342930533438402,1870,1861,1845,1832,1806,1775,1764,1708.0,1683.0,1656.0,1630.0,1583.0,1562.0,1525.0,1507.0
876642928623805201,1923,1894,1859,1818,1773,1749,1711,1673.0,1642.0,1610.0,1583.0,1554.0,1554.0,1528.0,1515.0
876642930527818202,1923,1927,1921,1917,1882,1855,1816,1794.0,1763.0,1737.7142857142858,1772.0,1728.0,1719.0,1697.0,1691.0
876642930532431701,7988,8014,7981,7960,7909,7805,7715,7643.0,7579.0,7525.0,7493.0,7350.0,7353.0,7290.0,7279.0
876942930455630201,638,590,584,579,569,572,574,556.0,555.0,562.0,557.0,564.0,558.0,568.0,572.0
876942930476500202,1518,1497,1456,1452,1444,1426,1422,1395.0,1389.0,1388.0,1382.0,1406.0,1405.0,1383.0,1358.0
877042930520595202,1557,1544,1545,1557,1546,1553,1535,1533.0,1508.0,1509.0,1507.0,1466.0,1446.0,1442.0,1442.0
877242930452789102,2594,2540,2498,2472,2476,2461,2421,2319.0,2249.0,2280.0,2284.0,2296.0,2242.0,2232.0,2262.0
877342930533611101,97937,98567,99197,99497,99806,99334,99330,98996.0,98807.0,98483.0,98259.0,97373.0,96717.0,96260.0,96426.0
877442930517084701,2044,2012,2001,1995,2022,2014,1985,2014.0,2000.0,1973.0,1955.0,1914.0,1924.0,1923.0,1919.0
877442930517549801,3738,3790,3800,3804,3803,3820,3822,3775.0,3762.0,3764.0,3725.0,3717.0,3720.0,3715.0,3720.0
877442930541810301,3479,3506,3484,3478,3491,3492,3444,3429.0,3467.0,3496.0,3444.0,3401.0,3410.0,3441.0,3482.0
877642930474762901,949,950,948,948,958,958,962,986.0,998.0,996.0,1005.0,986.0,993.0,1003.0,1015.0
877642930509111001,2567,2542,2553,2579,2510,2496,2463,2419.0,2407.0,2390.0,2383.0,2373.0,2406.0,2368.0,2363.0
877642930536051902,12361,12422,12446,12501,12427,12316,12248,12067.0,12033.0,12016.0,11969.0,11933.0,11910.0,11825.0,11807.0
877842930530796501,2161,2212,2217,2234,2269,2298,2308,2317.0,2304.0,2297.0,2305.0,2326.0,2333.0,2338.0,2327.0
877942930509116701,1012,1018,1029,1049,1049,1044,1050,1085.0,1084.0,1097.0,1119.0,1117.0,1138.0,1122.0,1123.0
878042930550394601,1470,1485,1479,1467,1453,1430,1454,1411.0,1408.0,1407.0,1379.0,1368.0,1352.0,1337.0,1324.0
878142930522432301,18414,18796,19165,19398,19620,19673,19792,19406.571428571428,19486.0,19459.0,19465.0,19537.0,19404.0,19294.0,19201.0
878242930289535201,503,498,505,505,537,545,563,549.0,527.0,520.0,508.0,526.0,525.0,498.0,476.0
878342930534037002,1930,1862,1815,1773,1767,1730,1693,1684.0,1669.0,1632.0,1612.0,1569.0,1543.0,1525.0,1522.0
878442930457568501,1151,1166,1155,1125,1129,1114,1111,1117.0,1132.0,1091.0,1066.0,1033.0,998.0,977.0,972.0
878442930464591201,538,567,553,552,569,549,538,536.0,502.0,499.0,502.0,493.0,498.0,473.0,479.0
878542930093539401,180,182,177,173,172,171,170,160.0,158.0,158.0,155.0,149.0,147.0,142.0,138.0
878642930453062702,186,190,185,184,179,173,165,153.0,147.0,144.0,147.0,146.0,141.0,137.0,126.0
878642930472689301,1206,1228,1240,1240,1213,1236,1214,1192.0,1208.0,1207.0,1181.0,1187.0,1176.0,1170.0,1199.0
878642930541630601,257,260,254,244,241,237,223,223.0,212.0,200.0,205.0,203.0,200.0,194.0,192.0
878742929309357202,8028,8037,8096,8172,8285,8426,8668,8841.0,8885.0,8866.0,8922.0,9260.0,9140.0,9232.0,9238.0
878742930447545202,1563,1550,1533,1530,1537,1519,1518,1462.0,1450.0,1453.0,1432.0,1403.0,1388.0,1369.0,1357.0
878742930461545401,359,365,354,363,363,353,356,352.5,352.5,332.0,340.0,349.0,356.0,368.0,370.0
878842930547963502,2144,2217,2219,2252,2275,2248,2260,2284.0,2269.0,2272.0,2286.0,2338.0,2352.0,2341.0,2351.0
878942930477741302,523,529,524,513,517,506,510,478.0,506.0,518.0,524.0,536.0,544.0,540.0,554.0
879142929012644202,1489,1453,1428,1393,1399,1397,1358,1291.0,1274.0,1253.0,1213.0,1166.0,1167.0,1139.0,1131.0
879142929861272302,16332,16405,16344,16153,16095,15975,15928,15794.0,15695.0,15805.0,15906.0,16198.0,16219.0,16270.0,16365.0
879142930545722802,3075,3091,3112,3120,3205,3198,3206,3098.1428571428573,3144.0,3135.0,3112.0,3090.0,3071.0,3071.0,3064.0
879242930473936201,5913,5883,5934,5932,5946,5940,5952,5913.0,5911.0,5833.0,5746.0,5633.0,5601.0,5567.0,5561.0
879242930525474302,721,698,690,682,673,652,650,613.0,595.0,585.0,563.0,554.0,565.0,566.0,568.0
879342930550665702,7351,7518,7792,7900,8032,8247,8382,8589.0,8666.0,8710.0,8718.0,8585.0,8671.0,8796.0,8883.0
879542930447227302,12601,12629,12587,12505,12530,12465,12445,12442.0,12451.0,12378.0,11948.0,11900.0,12258.0,12237.0,12188.0
879542930471811501,13439,13401,13452,13533,13562,13577,13612,13581.0,13472.0,13336.0,13149.0,12931.0,12920.0,12752.0,12720.0
879542930542044901,36861,36933,36971,36970,36893,36782,36659,36286.0,35993.0,35433.42857142857,35497.0,35324.0,35246.0,34968.0,34720.0
879742930524472601,8669,8819,9021,9084,9116,9186,9215,9297.0,9240.0,9287.0,9262.0,9301.0,9253.0,9191.0,9272.0
879742930530521802,31752,31658,31586,31481,31677,31816,31806,31978.0,32192.0,32341.0,32372.0,32545.0,32008.0,32014.0,32296.0
879842930460504202,4458,4407,4347,4297,4274,4262,4243,4136.0,4065.0,4020.0,3991.0,4016.0,3997.0,3988.0,3992.0
879942930446940201,6799,6877,7049,7190,7306,7381,7380,7538.0,7626.0,7659.0,7672.0,7705.0,7656.0,7647.0,7605.0
879942930459835002,1000,982,979,1036,1013,972,979,967.0,952.0,922.0,906.0,902.0,893.0,887.0,854.0
881242930450290802,126,118,110,106,96,95,101,105.0,101.0,94.0,94.0,95.0,98.0,102.0,99.0
881342930524302201,1313,1317,1311,1267,1242,1225,1219,1207.0,1188.0,1150.0,1135.0,1108.0,1112.0,1111.0,1103.0
881342930534866401,4483,4473,4486,4528,4547,4589,4627,4609.0,4626.0,4614.0,4614.0,4614.0,4610.0,4628.0,4662.0
881442930538844801,4025,4025,4059,4061,4116,4098,4115,4091.0,4108.0,4121.0,4166.0,4153.0,4134.0,4168.0,4179.0
881542930448893901,47686,47756,47553,47170,46807,46460,46106,45474.0,45262.0,45073.0,44831.0,44491.0,43830.0,43417.0,43454.0
881542930537459101,7064,7012,6982,6963,6927,6836,6792,6683.0,6667.0,6637.0,6570.0,6418.0,6401.0,6373.0,6370.0
881642930453490402,1231,1235,1238,1201,1196,1175,1167,1175.0,1193.0,1189.0,1187.0,1172.0,1162.0,1148.0,1147.0
881842930548693302,6374,6424,6496,6527,6561,6575,6565,6505.0,6489.0,6426.0,6397.0,6146.0,6163.0,6137.0,6159.0
881942930458473002,377,380,380,398,405,396,391,372.2857142857143,379.0,382.0,382.0,366.0,371.0,359.0,367.0
882042930451587001,8781,8920,8957,8992,8891,8915,8871,8685.0,8656.0,8662.0,8660.0,8641.0,8652.0,8641.0,8615.0
882042930460138902,3313,3354,3364,3372,3398,3447,3476,3526.0,3534.0,3557.0,3525.0,3664.0,3533.0,3532.0,3529.0
882042930518036902,526,537,550,553,541,545,550,571.0,573.0,584.0,586.0,574.0,587.0,594.0,598.0
882242927979733302,1182,1167,1146,1149,1162,1146,1153,1139.0,1126.0,1111.0,1121.0,1084.0,1081.0,1074.0,1053.0
882342930532789302,3780,3750,3738,3718,3671,3637,3608,3542.0,3521.0,3509.0,3458.0,3368.0,3344.0,3266.0,3201.0
882442930534443801,7102,7194,7133,7156,7218,7240,7194,7171.0,7246.0,7281.0,7233.0,7168.0,7156.0,7115.0,7132.0
882742928832350602,259,259,259,256,262,260,259,244.0,243.0,239.0,235.0,233.0,247.0,236.0,234.0
882742930474333401,7198,7163,7142,7121,7068,7033,6932,6914.0,6946.0,6956.0,6834.0,6700.0,6727.0,6714.0,6751.0
882742930476653301,15015,14962,14963,14870,14679,14506,14453,14229.0,14071.0,14030.0,13893.0,13752.0,13619.0,13471.0,13378.0
882742930480113002,1125,1116,1082,1051,1038,1055,1054,1031.0,1015.0,1028.0,1024.0,992.0,989.0,982.0,973.0
882842930517036602,401,401,400,387,386,373,366,368.0,359.0,353.0,349.0,346.0,345.0,338.0,335.0
882842930530281801,2043,2048,2076,2060,2078,2093,2065,2016.0,1975.0,1958.0,1939.0,1948.0,1955.0,1953.0,1928.0
882942930528952802,1237192,1246203,1260239,1279948,1294727,1322892,1339812,1363683.0,1380995.0,1395980.0,1406242.0,1374582.0,1349930.0,1354196.0,1371850.0
883042927979653202,4673,4679,4616,4545,4498,4437,4374,4265.0,4238.0,4195.0,4182.0,4098.0,4000.0,3870.0,3860.0
883042930464210701,726,729,741,739,738,724,729,738.0,736.0,724.0,716.0,709.0,707.0,710.0,700.0
883042930533976102,8109,8110,8190,8224,8284,8301,8273,8286.0,8246.0,8270.0,8260.0,8168.0,8242.0,8220.0,8208.0
883142928108880501,306,319,316,302,302,292,292,292.0,285.0,267.0,264.0,257.0,261.0,262.0,258.0
883142930540240101,631,620,590,583,561,547,556,535.0,539.0,526.0,516.0,495.0,476.0,473.0,450.0
883342928845045702,2561,2594,2589,2592,2625,2607,2612,2611.0,2565.0,2521.0,2498.0,2477.0,2471.0,2453.0,2429.0
883342930516084201,5560,5663,5677,5651,5641,5666,5668,5777.0,5753.0,5689.0,5697.0,5672.0,5724.0,5673.0,5723.0
883342930522943101,5072,5021,5077,5092,5019,5020,5010,4928.0,4915.0,4837.0,4811.0,4851.0,4889.0,4847.0,4858.0
883542930509244801,1115,1143,1190,1186,1198,1194,1190,1201.0,1181.0,1214.0,1205.0,1240.0,1222.0,1211.0,1204.0
883842928634028901,123,115,119,119,116,115,109,110.0,108.0,108.0,112.0,112.0,111.0,110.0,104.0
883842930530746501,3341,3405,3608,3725,3831,3912,3935,3945.0,4001.428571428571,3966.0,3996.0,3977.0,4038.0,4049.0,4039.0
883942930520327901,1278,1271,1290,1276,1291,1309,1300,1302.0,1307.0,1308.0,1301.0,1297.0,1309.0,1321.0,1331.0
884242930530802101,10590,10658,10744,10820,10858,10883,10936,10850.0,10786.0,10757.0,10737.0,10641.0,10706.0,10703.0,10729.0
884442928697249802,951,951,981,1036,1044,1013,980,916.0,885.0,885.0,871.0,878.0,855.0,830.0,823.0
884542930508371602,2954,2930,2957,2979,2938,2867,2819,2722.0,2664.0,2675.0,2591.0,2461.0,2384.0,2366.0,2334.0
884642930472927902,1862,1861,1827,1807,1789,1776,1739,1689.0,1654.0,1625.0,1595.0,1533.0,1526.0,1515.0,1512.0
884642930550779101,2592,2653,2655,2666,2635,2605,2563,2486.0,2490.0,2477.0,2463.0,2385.0,2383.0,2348.0,2361.0
884742930528071801,618,626,599,574,551,547,541,532.0,532.0,518.0,511.0,497.0,482.0,488.0,487.0
884842930528175701,1180,1163,1129,1106,1099,1083,1070,1022.0,998.0,986.0,965.0,940.0,924.0,908.0,876.0
884942928726710702,5579,5602,5674,5756,5801,5813,5781,5738.0,5789.0,5736.0,5720.0,5816.0,5795.0,5732.0,5739.0
885042930464006301,2336,2336,2323,2319,2311,2276,2275,2232.0,2189.0,2166.0,2128.0,2073.0,2057.0,2036.0,2059.0
885142930477436202,6758,6812,6866,6833,6875,6956,6994,6942.0,6941.0,6969.0,6937.0,6875.0,6843.0,6801.0,6818.0
885242930520068101,5507,5460,5454,5452,5417,5394,5409,5327.0,5280.0,5195.0,5138.0,5098.0,4995.0,5003.0,4963.0
885442929543839302,26366,26506,26712,26840,26745,26761,26694,26385.0,26113.428571428572,26173.0,26194.0,26291.0,26159.0,25835.0,25757.0
885642930511258901,55489,55459,55535,55570,55462,55353,54996,54357.0,54111.0,53762.0,53346.0,52819.0,52498.0,52198.0,52161.0
885742929613518902,570,586,573,573,589,582,572,575.0,557.0,542.0,537.0,524.0,493.0,486.0,470.0
885942928726169702,3315,3300,3337,3343,3344,3340,3312,3228.0,3215.0,3254.0,3194.0,3108.0,3075.0,3049.0,3041.0
885942930450228701,11460,11596,11817,11809,11817,11830,12029,12229.0,12201.0,12179.0,12206.0,11987.0,12054.0,12081.0,12060.0
885942930460737202,11947,11934,11853,11827,11864,11970,11863,11779.0,11780.0,11718.0,11747.0,11707.0,11740.0,11792.0,11747.0
886142930477536701,7687,7715,7744,7702,7661,7553,7363,7136.0,6964.0,6902.0,6855.0,6774.0,6716.0,6648.0,6688.0
886242930534854202,1006,992,958,942,933,920,902,867.0,853.0,847.0,829.0,806.0,780.0,765.0,760.0
886242930541392601,21631,21667,21759,21815,21855,21722,21698,21422.0,21259.0,20967.0,20891.0,20774.0,20761.0,20575.0,20419.0
886342930547993002,1986,1959,1970,1980,1948,1910,1874,1850.0,1848.0,1825.0,1806.0,1801.0,1784.0,1786.0,1784.0
886442930461291402,624,611,594,595,594,570,567,566.0,548.0,525.0,514.0,513.0,507.0,510.0,514.0
886442930479641201,6309,6332,6353,6378,6386,6345,6304,6295.0,6336.0,6387.0,6375.0,6297.0,6274.0,6281.0,6328.0
886442930526393201,7421,7517,7550,7579,7539,7522,7452,7374.0,7334.0,7348.0,7351.0,7334.0,7280.0,7327.0,7354.0
886542930453863001,2244,2230,2226,2215,2220,2173,2142,2068.0,2024.0,2001.0,1963.0,1941.0,1934.0,1887.0,1841.0
886742930453000701,3817,3801,3809,3830,3794,3772,3738,3657.0,3626.0,3594.0,3533.0,3491.0,3490.0,3468.0,3430.0
886742930479942201,498,486,475,472,470,486,475,461.0,450.0,430.0,425.0,411.0,409.0,392.0,393.0
886742930509750502,12372,12323,12317,12312,12273,12193,12101,11907.0,11850.0,11834.0,11707.0,11626.0,11506.0,11477.0,11600.0
886742930516418501,582,572,576,583,541,539,542,525.0,519.0,532.0,520.0,505.0,501.0,500.0,512.0
886942930525439601,1267,1238,1236,1227,1206,1190,1170,1156.0,1135.0,1144.0,1150.0,1124.0,1104.0,1100.0,1077.0
887042930519802501,799,787,791,789,787,788,795,795.0,783.0,772.0,778.0,776.0,774.0,777.0,779.0
887142927963846701,935,926,927,918,907,921,915,904.0,891.0,897.0,888.0,921.0,906.0,910.0,903.0
887342930475309002,18484,18441,18446,18419,18429,18495,18480,18457.0,18361.0,18223.0,18149.0,17788.0,17607.0,17349.0,17252.0
887542930532755102,1106,1113,1103,1095,1086,1093,1067,1056.0,1020.0,995.0,987.0,961.0,937.0,942.0,955.0
887642930460145701,2629,2666,2688,2715,2695,2673,2698,2618.0,2590.0,2577.0,2556.0,2538.0,2554.0,2535.0,2511.0
887842930519240601,8441,8498,8508,8618,8685,8775,8741,8644.0,8701.0,8718.0,8777.0,8683.0,8767.0,8824.0,8906.0
887842930521675302,734,706,705,704,711,698,687,668.0,656.0,665.0,646.0,642.0,621.0,610.0,608.0
887842930524419802,684,679,664,653,664,667,657,654.0,653.0,649.0,645.0,639.0,642.0,623.0,613.0
887942930461968101,1631,1636,1648,1630,1624,1614,1602,1597.0,1586.0,1570.0,1540.0,1519.0,1519.0,1520.0,1539.0
888042930480079302,2463,2471,2478,2453,2410,2409,2419,2457.0,2499.0,2482.0,2413.0,2318.0,2263.0,2233.0,2227.0
888142930464421702,794,807,802,786,800,780,753,749.0,736.0,735.0,732.0,750.0,749.0,737.0,745.0
888442930544244301,12411,12730,13047,13280,13356,13504,13705,14071.0,14072.0,14198.0,14330.0,14274.0,14643.0,14717.0,14858.0
888542928602970201,54329,54505,54731,54793,54967,54788,54455,54198.0,54123.0,53767.0,53658.0,53370.0,53554.0,53503.0,53739.0
888542929372994801,1964,1950,1961,1960,1987,2012,2016,1980.0,1967.0,1969.0,1937.0,1929.0,1933.0,1959.0,1963.0
888742930460589802,968,993,1007,1025,1026,1017,991,957.0,956.0,973.0,979.0,979.0,969.0,976.0,969.0
888742930515417702,3077,3117,3118,3126,3135,3176,3194,3163.0,3158.0,3177.0,3197.0,3204.0,3167.0,3149.0,3140.0
888842930523174002,1138,1128,1118,1093,1069,1086,1069,1043.0,1035.0,991.0,980.0,989.0,970.0,945.0,964.0
888842930525252101,2745,2784,2855,2934,2951,3053,3039,3081.0,3147.0,3228.0,3268.0,3956.0,4010.0,4049.0,4101.0
888842930534199202,6307,6283,6309,6355,6282,6252,6220,6219.0,6196.0,6181.0,6208.0,6165.0,6301.0,6386.0,6407.0
888942930456231601,883,871,884,905,892,909,888,893.0,890.0,842.0,834.0,842.0,858.0,868.0,844.0
889142930540539802,3477,3439,3433,3440,3435,3403,3385,3340.0,3304.0,3261.0,3202.0,3100.0,3069.0,3037.0,2989.0
889342930468765601,2182,2150,2101,2073,2036,2013,1967,1749.8333333333333,1749.8333333333333,1815.0,1799.0,1758.0,1759.0,1701.0,1667.0
889342930477304901,1082,1108,1101,1108,1090,1098,1094,1055.0,1037.0,1030.0,1025.0,1001.0,994.0,990.0,1013.0
889742930527794902,3730,3737,3768,3759,3740,3738,3693,3674.0,3638.0,3606.0,3562.0,3501.0,3495.0,3529.0,3550.0
889742930538694302,1267,1262,1262,1271,1262,1271,1263,1269.0,1295.0,1279.0,1280.0,1284.0,1290.0,1287.0,1311.0
891142929197828702,6974,7108,7388,7554,7607,7661,7759,7847.0,7806.0,7911.0,7900.0,7756.0,7815.0,7758.0,7793.0
891142930524308901,4652,4646,4680,4677,4672,4700,4717,4683.0,4602.0,4584.0,4583.0,4534.0,4523.0,4498.0,4477.0
891142930524983002,3228,3208,3196,3159,3157,3148,3133,3153.0,3131.0,3130.0,3129.0,3140.0,3123.0,3123.0,3110.0
891142930526397302,2628,2578,2546,2511,2492,2454,2416,2344.0,2300.0,2277.0,2209.0,2141.0,2149.0,2110.0,2085.0
891142930533040802,1434,1464,1545,1576,1640,1654,1694,1687.0,1695.0,1688.0,1670.0,1657.0,1625.0,1676.0,1712.0
891242930480126701,2932,2920,2925,2918,2883,2870,2865,2846.0,2850.0,2878.0,2899.0,2886.0,2897.0,2880.0,2915.0
891342930518678402,1403,1441,1451,1444,1471,1457,1470,1442.0,1445.0,1452.0,1460.0,1474.0,1461.0,1440.0,1436.0
891442930474265002,11768,11838,11839,11961,12064,12129,12058,12315.0,12441.0,12452.0,12458.0,12237.0,12227.0,12230.0,12282.0
891442930519394501,18445,18469,18379,18158,18241,18343,18311,18432.0,18713.0,18809.0,18914.0,19477.0,19100.0,19105.0,19107.0
891642928099619102,289,273,284,288,291,299,275,277.0,280.0,271.0,267.0,273.0,273.0,272.0,258.0
891642930545936502,7034,7088,7060,6977,6943,6898,6857,6808.0,6719.0,6579.0,6523.0,6621.0,6583.0,6628.0,6690.0
891742930542655002,471,457,453,449,461,442,437,432.0,428.0,420.0,399.0,388.0,387.0,375.0,369.0
891842930529493501,858,840,837,829,834,834,831,821.0,817.0,786.2857142857143,795.0,779.0,773.0,766.0,753.0
891842930536029501,262,265,263,263,258,256,259,266.0,267.0,271.0,261.0,273.0,273.0,274.0,277.0
891942928074491401,21221,21228,21449,21495,21571,21554,21543,21404.0,21480.0,21385.0,21416.0,21385.0,21362.0,21408.0,21328.0
891942930534585101,2799,2823,2773,2757,2753,2701,2695,2738.0,2702.0,2690.0,2710.0,2717.0,2744.0,2725.0,2729.0
892342930479133402,10043,10241,10342,10493,10697,10814,10912,11021.0,10962.0,10880.0,10970.0,10893.0,10844.0,10814.0,10916.0
892442930459069701,2117,2097,2084,2089,2105,2103,2070,2037.0,2043.0,2034.0,1996.0,2052.0,1999.0,1997.0,1983.0
892442930528126802,1533,1526,1517,1490,1497,1489,1485,1475.0,1429.0,1410.0,1397.0,1383.0,1371.0,1350.0,1317.0
892442930545085002,630,635,632,632,611,608,604,581.0,590.0,587.0,580.0,574.0,567.0,555.0,552.0
892742930547903302,6721,6714,6619,6502,6398,6339,6286,6079.0,5994.0,5949.0,5883.0,5976.25,5976.25,5976.25,5976.25
893142927975166402,1965,1976,1994,2030,2068,2083,2138,2154.0,2170.0,2160.0,2188.0,2165.0,2177.0,2180.0,2204.0
893142930455255102,920,913,914,900,909,900,879,878.0,861.0,850.0,850.0,836.0,822.0,806.0,819.0
893342930528780001,25769,25774,25765,25761,25674,25642,25523,25320.0,25144.0,24744.85714285714,24918.0,24611.0,24520.0,24347.0,24354.0
893442930545531201,1381,1383,1371,1371,1347,1327,1343,1294.0,1291.0,1279.0,1264.0,1261.0,1242.0,1228.0,1210.0
893642928077920702,11967,12135,12486,12770,12561,12561,12548,12827.0,12649.0,12597.0,12586.0,12766.0,12839.0,12931.0,12913.0
893642929424116302,1659,1662,1629,1605,1567,1557,1551,1487.0,1453.0,1437.0,1419.0,1363.0,1357.0,1348.0,1328.0
893742930463306101,12071,12071,12087,12030,12109,12046,12050,11953.0,11941.0,11953.0,11858.0,11805.0,11680.0,11535.0,11595.0
893842930527186101,3229,3266,3262,3257,3275,3272,3187,3092.0,3118.0,3086.0,3056.0,3008.0,3017.0,3001.0,3036.0
894042930477690402,17780,17865,18369,18607,18655,18825,18828,18753.0,13933.0,13883.0,13907.0,13749.0,13834.0,13878.0,13801.0
894342930184380301,4578,4573,4525,4501,4489,4501,4444,4434.0,4435.0,4409.0,4400.0,4353.0,4366.0,4389.0,4441.0
894442930463609702,2130,2127,2144,2165,2157,2199,2193,2239.0,2229.0,2223.0,2185.0,2176.0,2172.0,2169.0,2163.0
894742930518898001,2308,2289,2286,2259,2244,2220,2205,2203.0,2159.0,2149.0,2126.0,2084.0,2092.0,2064.0,2055.0
894742930521856602,1791,1765,1725,1728,1711,1735,1705,1635.0,1616.0,1621.0,1568.0,1511.0,1506.0,1465.0,1449.0
894942928210492902,938,942,935,929,907,918,908,854.0,861.0,853.0,829.0,826.0,831.0,849.0,829.0
895042930546773801,1743,1787,1806,1804,1795,1845,1845,1834.0,1842.0,1832.0,1840.0,1826.0,1851.0,1873.0,1876.0
895342927982896301,14497,14444,14450,14206,14215,14207,14074,13994.0,13839.0,13838.0,13788.0,13796.0,13675.0,13694.0,13757.0
895542930447808001,26051,26419,26769,27097,27218,27191,27418,27403.0,27403.0,27530.0,27619.0,27877.0,27749.0,27694.0,27720.0
895742930457228602,600,575,558,542,525,504,505,483.0,466.0,457.0,438.0,454.0,428.0,420.0,435.0
895742930530491102,7218,7216,7195,7232,7182,7185,7216,7244.0,7238.0,7210.0,7169.0,7199.0,7086.0,7079.0,7093.0
896042930535044301,1145,1176,1186,1228,1261,1295,1320,1303.0,1293.0,1297.0,1284.0,1328.0,1307.0,1322.0,1340.0
896142930453359302,4550,4596,4565,4634,4610,4657,4656,4580.0,4487.0,4309.0,4271.0,4199.0,4202.0,4169.0,4150.0
896242930449464402,727,764,761,791,759,763,760,774.0,774.0,753.0,751.0,762.0,735.0,741.0,744.0
896242930528754401,10103,10144,10157,10152,10125,10136,10039,9948.0,9885.0,9867.0,9864.0,9896.0,9754.0,9762.0,9789.0
896242930539614902,3449,3484,3505,3550,3544,3536,3564,3591.0,3596.0,3642.0,3621.0,3607.0,3594.0,3577.0,3569.0
896342930538899601,13207,13185,13080,13057,12973,12936,12813,12647.0,12484.0,12397.0,12304.0,12009.0,11985.0,11881.0,11893.0
896342930546451101,406,411,419,422,424,440,435,392.0,417.0,400.0,407.0,393.0,378.0,365.0,384.0
896442930459265001,554,558,550,549,554,558,553,552.0,562.0,563.0,587.0,609.0,601.0,596.0,582.0
896542928119391301,1398,1375,1344,1326,1315,1340,1340,1370.0,1345.0,1300.0,1295.0,1227.0,1228.0,1199.0,1199.0
896642930521106401,3568,3569,3592,3655,3676,3631,3650,3562.0,3536.0,3524.0,3455.0,3458.0,3396.0,3383.0,3419.0
896742927944985902,12109,12278,12387,12456,12496,12529,12519,12435.0,12525.0,12488.0,12417.0,12439.0,12477.0,12510.0,12564.0
896842930460665702,2321,2342,2384,2424,2424,2392,2367,2312.0,2303.0,2302.0,2292.0,2280.0,2281.0,2272.0,2300.0
896842930522097502,510,518,506,505,482,480,477,453.0,468.0,454.0,448.0,434.0,433.0,428.0,427.0
896842930529787402,956,970,926,946,928,916,926,915.0,926.0,925.0,912.0,916.0,919.0,923.0,927.0
897042930455342701,774,779,763,764,763,755,763,774.0,774.0,769.0,765.0,750.0,740.0,734.0,733.0
897042930460206502,1665,1650,1635,1607,1572,1545,1512,1506.0,1523.0,1494.0,1456.0,1406.0,1406.0,1385.0,1358.0
897242930545432902,3922,3907,3860,3884,3819,3790,3713,3633.0,3570.0,3500.0,3494.0,3422.0,3427.0,3457.0,3481.0
897242930547626402,416,413,420,421,410,408,418,412.0,405.0,397.0,395.0,393.0,390.0,389.0,392.0
897642930523595201,1330,1409,1408,1422,1390,1366,1365,1330.0,1310.0,1312.0,1293.0,1269.0,1283.0,1283.0,1301.0
897842930459772701,1517,1537,1564,1606,1611,1639,1638,1650.0,1628.0,1621.0,1623.0,1622.0,1622.0,1595.0,1587.0
897942929946658301,662,645,661,651,641,665,678,669.0,650.0,665.0,641.0,639.0,628.0,628.0,624.0
897942930478722601,21569,21454,21412,21457,21292,21020,20742,20250.0,20185.0,19992.0,19865.0,19892.0,19851.0,19557.0,19371.0
898142930472063702,1931,1938,1948,1952,1906,1891,1853,1776.0,1740.0,1720.0,1705.0,1681.0,1684.0,1669.0,1653.0
898242929118597101,6704,6802,6797,6879,6856,6862,6884,6926.0,6927.0,6928.0,6879.0,6912.0,6873.0,6839.0,6907.0
898542930460696001,688,692,702,704,715,719,712,719.5714285714286,722.0,729.0,714.0,700.0,717.0,729.0,726.0
898642928878430201,3983,4002,3955,3963,3963,3909,3919,3869.0,3814.0,3768.0,3712.0,3658.0,3634.0,3535.0,3568.0
898642929269102702,3417,3478,3484,3456,3484,3488,3421,3337.0,3299.0,3334.0,3264.0,3247.0,3212.0,3185.0,3259.0
898642930457963402,2446,2430,2401,2363,2313,2282,2226,2139.0,2146.0,2122.0,2080.0,2073.0,2059.0,2051.0,2036.0
898642930464550601,9784,9851,9890,9901,9803,9801,9868,9834.0,9840.0,9937.0,9948.0,9956.0,9915.0,9933.0,9847.0
898642930515610702,1544,1546,1505,1472,1449,1436,1425,1375.0,1351.0,1343.0,1333.0,1318.0,1315.0,1309.0,1318.0
898642930525899401,7237,7268,7267,7310,7356,7400,7416,7486.0,7470.0,7465.0,7473.0,7433.0,7440.0,7352.0,7367.0
898642930526253401,20021,20264,20328,20442,20355,20211,20173,19904.0,19673.0,19509.0,19501.0,19568.0,19731.0,19634.0,19550.0
898742930527914001,4149,4133,4126,4178,4184,4183,4147,4078.0,4114.0,4128.0,4106.0,4102.0,4106.0,4102.0,4171.0
898942930534781701,4230,4169,4209,4174,4145,4114,4105,4013.0,4016.0,4020.0,3966.0,3877.0,3884.0,3895.0,3918.0
899142930458916502,1187,1191,1192,1212,1249,1269,1290,1282.0,1343.0,1288.0,1284.0,1258.0,1259.0,1266.0,1281.0
899142930520949702,2970,2934,2882,2835,2786,2778,2714,2662.0,2642.0,2582.0,2548.0,2493.0,2487.0,2468.0,2441.0
899442930477602002,4589,4671,4768,4798,4886,4904,4909,4955.0,4918.0,4918.0,4878.0,4906.0,4878.0,4913.0,4882.0
899542930479072802,353,346,340,332,330,325,321,299.0,289.0,277.0,286.0,275.0,267.0,262.0,258.0
899542930518010302,1300,1290,1281,1264,1252,1213,1221,1182.0,1178.0,1152.0,1125.0,1109.0,1113.0,1105.0,1078.0
899542930529210902,3654,3800,3817,3886,3918,3950,3988,4075.714285714286,4021.0,4043.0,4045.0,4101.0,4089.0,4104.0,4127.0
899642929259359502,5799,5711,5659,5582,5549,5544,5519,5584.0,5614.0,5550.0,5518.0,5403.0,5487.0,5499.0,5541.0
899642930538859901,795,789,786,768,749,733,728,686.0,700.0,707.0,690.0,670.0,653.0,643.0,647.0
899742929012951802,16145,16059,15992,15984,16017,16049,16015,15956.0,15808.0,15735.0,15614.0,15455.0,15416.0,15247.0,15175.0
899742930519645701,17973,18277,18522,18752,18798,18916,18994,19125.0,19136.0,19095.0,19112.0,19018.0,19167.0,19091.0,19089.0
901242928823042002,24824,24934,25106,25239,25254,25409,25446,25370.0,25312.0,25499.0,25713.0,26137.0,26126.0,26228.0,26336.0
901242930509448502,4704,4700,4677,4646,4580,4594,4570,4428.0,4334.0,4304.0,4228.0,4169.0,4166.0,4062.0,4031.0
901342930543043201,524,515,516,522,523,523,540,525.0,525.0,503.0,487.0,480.0,478.0,468.0,482.0
901442928087989501,50512,50317,50181,50050,49754,49579,49439,49195.0,48886.0,48712.0,48435.0,48223.0,47903.0,47630.0,47570.0
901542930540856402,112886,113236,113453,112576,112710,112792,112543,111385.0,110756.0,109837.0,109855.0,111113.0,110293.0,109823.0,110830.0
901742930453905802,2748,2744,2722,2709,2711,2682,2661,2650.0,2611.0,2633.0,2585.0,2536.0,2530.0,2513.0,2518.0
901842930462787701,5681,5628,5653,5584,5555,5496,5458,5427.0,5389.0,5396.0,5361.0,5237.0,5174.0,5121.0,5155.0
901942928175981702,2304,2267,2259,2252,2236,2230,2185,2130.0,2076.0,2084.0,2067.0,2033.0,2056.0,2050.0,2036.0
902042930476478901,793,809,807,811,804,816,796,783.0,757.0,765.0,755.0,753.0,755.0,756.0,770.0
902442930542582601,10627,10770,10884,11068,11155,11164,11160,11166.0,11164.0,11220.42857142857,11201.0,11159.0,11205.0,11258.0,11390.0
902542930463173102,6436,6801,6880,6931,6996,6979,7079,7265.0,7310.0,7334.0,7336.0,7330.0,7286.0,7274.0,7304.0
902642930517698402,2950,2939,2922,2902,2864,2834,2777,2709.0,2664.0,2688.0,2688.0,2630.0,2610.0,2624.0,2651.0
902742928109525001,970,971,935,954,923,906,902,904.0,910.0,893.0,907.0,880.0,866.0,852.0,839.0
902742930453899501,12398,12407,12391,12313,12190,12122,12093,11895.0,11723.0,11539.0,11316.0,11618.25,11618.25,11618.25,11618.25
902742930519255402,1233,1244,1217,1211,1204,1205,1188,1161.0,1125.0,1112.0,1097.0,1062.0,1044.0,1042.0,1029.0
902842930524465902,729,698,686,670,654,655,632,593.0,587.0,580.0,595.0,584.0,574.0,554.0,579.0
903142930518312801,33228,33246,33392,33637,33780,33904,33943,34226.0,34090.0,34368.0,34504.0,34210.0,33970.0,33786.0,33920.0
903142930518862702,1109,1155,1172,1195,1202,1179,1193,1172.0,1180.0,1171.0,1200.0,1244.0,1246.0,1217.0,1204.0
903342930466703601,508,500,498,477,458,466,456,419.0,404.0,410.0,401.0,389.0,391.0,378.0,370.0
903442930527707601,4174,4231,4266,4330,4344,4341,4366,4321.0,4303.0,4253.0,4246.0,4181.0,4161.0,4154.0,4147.0
903542930447094901,3243,3245,3218,3220,3224,3274,3263,3288.0,3342.0,3290.4285714285716,3336.0,3313.0,3276.0,3233.0,3245.0
903742929488676902,184,185,180,186,187,193,193,169.0,162.0,155.0,139.0,140.0,143.0,141.0,140.0
903842930509351502,4174,4273,4289,4255,4362,4347,4347,4354.0,4386.0,4318.0,4253.0,4230.0,4235.0,4217.0,4286.0
903942930475834401,383,388,381,385,375,377,364,348.0,337.0,336.0,329.0,326.0,315.0,332.0,326.0
904042929922159801,3094,3097,3127,3148,3146,3151,3186,3201.0,3214.0,3214.0,3203.0,3180.0,3230.0,3246.0,3253.0
904042930465200202,873,873,873,879,898,894,898,884.0,858.0,824.0,836.0,832.0,811.0,760.0,757.0
904042930548901001,1921,1936,1953,1936,1922,1903,1913,1912.0,1901.0,1874.0,1877.0,1900.0,1846.0,1838.0,1846.0
904142929735970401,659,681,682,695,701,717,703,725.0,711.0,727.0,740.0,743.0,740.0,751.0,757.0
904142930515785701,1656,1656,1687,1736,1738,1768,1772,1725.0,1768.0,1757.0,1753.0,1734.0,1731.0,1724.0,1737.0
904342930466563902,8681,8623,8685,8732,8746,8841,8915,8728.0,8658.0,8625.0,8555.0,8495.0,8521.0,8477.0,8436.0
904642930462924201,1502,1481,1466,1430,1406,1386,1377,1317.0,1280.0,1266.0,1233.0,1208.0,1195.0,1177.0,1163.0
904642930524324701,2952,3043,3152,3232,3228,3200,3215,3300.0,3223.0,3240.0,3267.0,3265.0,3176.0,3216.0,3220.0
904642930526554502,1091,1065,1061,1042,1039,1034,1048,1005.0,1004.0,994.0,998.0,1017.0,1028.0,1034.0,1019.0
904742930459111701,2136,2162,2182,2251,2276,2291,2283,2281.0,2275.0,2295.0,2274.0,2224.0,2236.0,2227.0,2215.0
904742930527109901,1205,1191,1180,1162,1140,1115,1081,1008.5714285714286,1081.0,1061.0,1006.0,988.0,984.0,962.0,978.0
905042930460852201,4635,4671,4740,4775,4746,4730,4678,4634.0,4633.0,4594.0,4543.0,4478.0,4515.0,4495.0,4433.0
905142930446820001,549,575,589,586,625,636,643,660.0,665.0,680.0,667.0,667.0,668.0,694.0,686.0
905242930463572302,3166,3212,3188,3240,3290,3308,3327,3340.0,3380.0,3391.0,3387.0,3438.0,3405.0,3384.0,3340.0
905342930475284702,1152,1167,1171,1158,1171,1171,1177,1157.0,1119.0,1115.0,1120.0,1111.0,1120.0,1101.0,1107.0
905342930518946001,8361,8279,8305,8275,8204,8138,8103,8016.0,7947.0,7819.0,7782.0,7572.0,7611.0,7502.0,7517.0
905542930510527201,996,976,944,899,871,863,874,834.0,801.0,776.0,762.0,749.0,735.0,726.0,714.0
906042928191142702,4990,4992,5016,4936,4887,4862,4786,4667.0,4636.0,4623.0,4570.0,4456.0,4436.0,4407.0,4383.0
906142930464080001,4608,4648,4660,4652,4688,4712,4684,4679.0,4683.0,4674.0,4709.0,4670.0,4713.0,4723.0,4712.0
906142930467844802,2547,2521,2570,2569,2569,2576,2540,2523.0,2494.0,2461.0,2465.0,2403.0,2447.0,2425.0,2429.0
906142930530048102,3606,3583,3526,3537,3525,3492,3472,3389.0,3367.0,3323.0,3281.0,3177.0,3159.0,3103.0,3040.0
906142930545816502,1014,991,1010,1058,1076,1079,1056,983.0,953.0,932.0,905.0,873.0,872.0,839.0,836.0
906242930524307702,12936,12881,12876,12884,12862,12848,12832,12673.0,12282.285714285714,12511.0,12485.0,12260.0,12184.0,12008.0,11855.0
906342930525706801,681,649,636,631,638,637,650,635.0,637.0,628.0,613.0,595.0,591.0,583.0,583.0
906442930220683002,9558,9647,9718,9697,9787,9750,9795,9806.0,9872.0,9853.0,9764.0,9741.0,9693.0,9635.0,9653.0
906442930517855702,1926,1953,1936,1938,1988,1982,1955,1940.0,1883.0,1878.0,1905.0,1909.0,1938.0,1983.0,1988.0
906542930532165101,2066,2046,2014,2009,2030,2021,1990,2016.0,2019.0,2020.0,2010.0,1962.0,1988.0,1968.0,1978.0
906642930533847202,2647,2645,2666,2673,2672,2691,2695,2712.0,2711.0,2690.0,2709.0,2711.0,2729.0,2732.0,2757.0
906642930543050002,436,432,429,422,425,422,414,407.0,422.0,418.0,416.0,418.0,389.0,381.0,399.0
906742930466029301,1881,1893,1936,1940,1990,2005,2034,1968.0,1946.0,1967.0,1998.0,2000.0,1992.0,1980.0,1979.0
906742930543871702,1804,1808,1804,1807,1775,1773,1760,1742.0,1740.0,1705.0,1686.0,1644.0,1628.0,1620.0,1609.0
906842930453354501,18386,18319,18272,18299,18293,18142,18058,17875.0,17833.0,17788.0,17840.0,18067.0,17886.0,17779.0,17829.0
906942930459183502,832,819,802,784,800,797,798,785.0,755.0,743.0,743.0,741.0,725.0,693.0,681.0
907042930546299502,5860,5901,5925,5888,5851,5835,5800,5664.0,5622.0,5600.0,5585.0,5569.0,5543.0,5549.0,5570.0
907142930530076001,477,450,452,456,455,456,439,441.0,440.0,441.0,451.0,428.0,423.0,410.0,408.0
907442930509708802,2773,2758,2736,2722,2691,2671,2613,2546.0,2469.0,2452.0,2421.0,2371.0,2356.0,2334.0,2306.0
907542930479797202,5887,5880,5885,5853,5860,5852,5778,5656.0,5591.0,5592.0,5551.0,5498.0,5484.0,5426.0,5414.0
907542930542775001,463,450,419,395,392,403,393,393.0,392.0,404.0,401.0,392.0,371.0,356.0,359.0
907842929230221302,236,230,219,218,208,206,200,193.0,192.0,192.0,187.0,185.0,186.0,180.0,184.0
907942930456347202,2461,2521,2528,2558,2593,2578,2567,2585.0,2591.0,2580.0,2589.0,2533.0,2539.0,2484.0,2549.0
908142930480102102,3336,3310,3291,3397,3388,3387,3423,3463.0,3428.0,3435.0,3446.0,3471.0,3484.0,3482.0,3495.0
908142930527591102,1662,1661,1670,1629,1577,1576,1598,1623.0,1577.0,1585.0,1571.0,1542.0,1548.0,1537.0,1552.0
908342930476180501,9651,9714,9835,9730,9773,9904,9917,9851.0,9907.0,10071.0,9993.0,10169.0,9956.0,9863.0,9940.0
908342930535016301,1208,1207,1192,1175,1135,1137,1116,1073.0,1078.0,1072.0,1059.0,1041.0,1024.0,1057.8333333333333,1057.8333333333333
908442930453832802,1211,1183,1172,1150,1135,1145,1121,1068.0,1055.0,1017.0,988.0,992.0,971.0,944.0,927.0
908642930541948102,2823,2849,2825,2835,2829,2827,2768,2766.0,2712.0,2721.0,2730.0,2731.0,2706.0,2660.0,2730.0
908742930473883801,39,38,36,36,37,37,38,34.0,34.0,32.0,30.0,29.0,31.0,32.0,34.0
908942930479161202,6596,6625,6595,6681,6637,6635,6570,6539.0,6486.0,6525.0,6508.0,6365.0,6307.0,6327.0,6318.0
909342930456023901,26556,26731,27001,27165,27421,27615,27735,28059.0,28006.0,28154.0,28157.0,28048.0,27869.0,27720.0,27989.0
909342930459358202,2352,2351,2316,2300,2237,2236,2200,2130.0,2105.0,2080.0,2062.0,1993.0,1997.0,1967.0,1937.0
909742930342632902,886,881,864,857,833,824,799,782.0,777.0,770.0,743.0,734.0,705.0,682.0,681.0
909942930476421402,1119,1101,1076,1040,1027,1039,1050,984.0,970.0,947.0,928.0,899.0,900.0,893.0,888.0
911142930462634802,504,507,500,495,477,481,485,457.0,415.2857142857143,429.0,423.0,412.0,399.0,393.0,394.0
911242929047773602,31833,32179,32501,32567,32724,32540,32436,32011.0,31835.0,31670.0,31543.0,31761.0,31821.0,31842.0,31860.0
911242930462622402,6309,6314,6344,6346,6380,6393,6387,6407.0,6412.0,6406.0,6426.0,6355.0,6331.0,6280.0,6323.0
911342930462867102,972,958,961,978,961,960,968,950.0,926.0,921.0,933.0,930.0,931.0,916.0,918.0
911342930475753101,836,811,797,769,753,751,747,688.0,683.0,663.0,646.0,624.0,624.0,594.0,601.0
911342930517880701,11050,11044,11195,11177,10702,10337,10110,10009.0,9958.0,9896.0,9862.0,9983.0,10001.0,10072.0,10233.0
911442930448484202,42118,43018,43912,44444,44635,44473,44543,44454.0,44398.0,44371.42857142857,43378.0,44495.0,44504.0,44720.0,44651.0
911442930460199502,764,756,753,733,722,722,712,688.0,673.0,673.0,664.0,660.0,651.0,646.0,654.0
911442930475919801,353,334,336,338,345,345,336,356.0,341.0,329.0,320.0,319.0,296.0,295.0,296.0
911542930517724801,1350,1305,1288,1286,1280,1275,1257,1244.0,1215.0,1204.0,1203.0,1175.0,1164.0,1151.0,1135.0
911642930475045702,1523,1479,1478,1463,1454,1424,1424,1394.0,1368.0,1356.0,1320.0,1296.0,1278.0,1237.0,1274.0
911742928832515201,915,906,901,902,880,851,832,802.0,785.0,760.0,752.0,725.0,703.0,676.0,655.0
911742930457471501,2074,2058,2070,2076,2100,2134,2171,2175.0,2168.0,2148.0,2170.0,2165.0,2163.0,2169.0,2195.0
911842930461864202,31266,31543,31734,31771,31749,31598,31592,31432.0,31208.0,30806.0,30540.0,29855.0,29592.0,29341.0,29249.0
911942930472953102,1282,1316,1310,1282,1250,1253,1247,1225.0,1211.0,1203.0,1197.0,1168.0,1161.0,1155.0,1180.0
911942930516869201,2692,2683,2672,2692,2693,2625,2564,2522.0,2506.0,2528.0,2527.0,2561.0,2561.0,2515.0,2492.0
912142928726384801,5385,5426,5299,5326,5327,5314,5238,5250.0,5215.0,5124.0,5062.0,4992.0,4999.0,4932.0,4908.0
912242930548239401,33196,33628,33874,34109,34014,33921,33695,33533.0,33586.0,32874.142857142855,33340.0,32446.0,32576.0,32309.0,32329.0
912342930525341802,12318,12428,12587,12572,12628,12720,12710,12835.0,12815.0,12878.0,12900.0,12941.0,12889.0,12936.0,12991.0
912442929400197302,4050,3982,3996,3957,3958,3852,3788,3672.0,3640.0,3598.0,3528.0,3486.0,3415.0,3374.0,3401.0
912542929861386501,1532,1556,1538,1555,1564,1577,1573,1501.428571428571,1522.0,1516.0,1507.0,1492.0,1514.0,1495.0,1464.0
912542930515904602,4849,4894,4910,4948,4931,4871,4907,4923.0,4935.0,4978.0,4970.0,4990.0,5011.0,5009.0,5044.0
912742930455090201,2187,2195,2211,2175,2155,2145,2147,1977.857142857143,2109.0,2078.0,2021.0,1944.0,1918.0,1879.0,1896.0
912742930532192501,3359,3377,3455,3465,3439,3457,3504,3429.0,3436.0,3467.0,3466.0,3456.0,3442.0,3446.0,3417.0
913042930509519302,570,579,591,566,564,566,575,553.0,530.0,509.0,501.0,501.0,470.0,462.0,443.0
913142929197853301,1260,1260,1240,1231,1220,1226,1212,1267.0,1216.0,1227.0,1213.0,1189.0,1186.0,1200.0,1204.0
913142930480500101,8498,8518,8529,8555,8510,8440,8398,8398.0,8380.0,8428.0,8413.0,8281.0,8333.0,8420.0,8445.0
913442930530963902,2258,2257,2245,2207,2188,2183,2139,2128.0,2124.0,2091.0,2083.0,2059.0,2068.0,2043.0,2035.0
913642930448600901,2413,2471,2471,2494,2526,2515,2533,2546.0,2557.0,2529.0,2561.0,2537.0,2485.0,2474.0,2489.0
913842930478057302,1419,1397,1416,1386,1356,1353,1305,1280.0,1267.0,1264.0,1246.0,1218.0,1175.0,1156.0,1167.0
914142930517074001,592,590,573,566,560,555,550,534.0,528.0,508.57142857142856,502.0,497.0,494.0,496.0,509.0
914242930473594801,722,713,704,722,724,711,695,685.0,671.0,630.0,627.0,615.0,606.0,616.0,604.0
914542930547475602,2898,2890,2903,2928,2926,2914,2915,2830.0,2796.0,2798.0,2788.0,2712.0,2720.0,2683.0,2718.0
914642930227350201,1014,1015,1022,1019,1027,991,990,992.0,992.0,967.0,954.0,946.0,934.0,941.0,945.0
914642930476804802,553,559,559,554,565,567,559,542.0,527.0,515.0,505.0,507.0,517.0,516.0,535.0
914742930547647501,999,1000,1002,996,988,985,982,974.0,942.0,946.0,935.0,914.0,904.0,888.0,874.0
914842930520222101,5672,5823,5947,6029,6144,6181,6211,6290.0,6278.0,6329.0,6363.0,6420.0,6446.0,6495.0,6517.0
915042930475554401,10756,10876,10987,11126,11291,11275,11407,11448.0,11497.0,11433.0,11363.0,11201.0,11204.0,11141.0,11182.0
915142930544348802,2364,2367,2361,2336,2287,2256,2251,2184.0,2140.0,2133.0,2115.0,2096.0,2089.0,2080.0,2060.0
915242928305203602,7759,7764,7901,7931,7908,7920,7900,7771.0,7607.0,7703.0,7608.0,7553.0,7606.0,7516.0,7492.0
915242930480492201,8206,8227,8382,8588,8718,8783,8741,8806.0,8700.0,8744.0,8671.0,8649.0,8668.0,8672.0,8740.0
915242930508811001,1909,1940,1947,1956,1975,1978,1951,1892.0,1819.0,1792.0,1802.0,1773.0,1765.0,1748.0,1717.0
915242930509816702,17059,17054,17000,17067,17202,17311,17370,17447.0,17201.0,16991.0,16945.0,16484.0,16501.0,16497.0,16609.0
915442929269199002,17838,18090,18345,18617,18831,18910,18939,18685.0,18552.0,18492.0,18444.0,18521.0,18518.0,18497.0,18546.0
915542930465206901,376,368,358,344,335,321,321,305.0,282.0,274.0,266.0,261.0,251.0,245.0,236.0
915542930529604401,1892,1888,1892,1887,1904,1926,1970,1965.0,1961.0,1981.0,2024.0,2036.0,2001.0,1982.0,2017.0
915642927968928601,3673,3802,3841,3923,3950,3935,3936,3979.0,4003.0,3983.0,4009.0,3987.0,4015.0,4004.0,4042.0
915942930477582201,4762,4770,4820,4915,4979,4988,4980,4906.0,4868.0,4846.0,4834.0,4839.0,4847.0,4842.0,4835.0
916042928932341102,1060,1048,1053,1040,1031,1022,1013,1009.0,1015.0,999.0,981.0,973.0,987.0,997.0,994.0
916142930544186502,822,795,796,793,768,752,736,729.0,708.0,718.0,709.0,711.0,709.0,713.0,717.0
916442930465386302,2524,2555,2567,2580,2625,2598,2566,2538.0,2516.0,2493.0,2501.0,2510.0,2528.0,2533.0,2531.0
916442930477521901,2007,2005,2024,2018,2015,1960,1982,1842.2857142857144,1913.0,1923.0,1895.0,1834.0,1802.0,1770.0,1759.0
916442930519516402,808,796,766,746,721,719,710,673.0,650.0,638.0,633.0,617.0,604.0,600.0,596.0
916442930531058302,15526,15730,15850,15889,15913,15922,15848,15854.0,16059.0,16032.0,16043.0,16050.0,16031.0,16106.0,16164.0
916542930458707102,1364,1371,1360,1336,1322,1321,1297,1253.0,1157.7142857142858,1217.0,1183.0,1148.0,1127.0,1106.0,1070.0
916942930453882902,206,211,210,213,203,195,194,189.0,186.0,185.0,171.0,165.0,163.0,160.0,158.0
916942930466486402,2265,2285,2365,2407,2454,2517,2464,2486.0,2465.0,2470.0,2438.0,2446.0,2455.0,2469.0,2488.0
917142930472598802,11397,11485,11598,11667,11716,11769,11741,11578.0,11569.0,11447.0,11393.0,11210.0,11161.0,11131.0,11311.0
917142930530393302,54955,55375,56005,56427,56315,55993,55586,54901.0,54281.0,53714.0,53409.0,53025.0,53221.0,52928.0,53021.0
917342928932595901,1622,1621,1641,1643,1600,1597,1592,1538.0,1536.0,1511.0,1486.0,1453.0,1426.0,1394.0,1426.0
917342930463979101,1442,1444,1404,1415,1414,1370,1357,1329.0,1319.0,1341.0,1334.0,1315.0,1322.0,1300.0,1307.0
917642930465328001,4187,4157,4107,4144,4168,4180,4150,4200.0,4166.0,4142.0,4055.0,4158.0,4188.0,4211.0,4241.0
917842930548096601,1579,1524,1481,1471,1485,1478,1464,1427.0,1388.0,1386.0,1383.0,1352.0,1348.0,1335.0,1334.0
918142929012861401,103,96,88,102,110,114,115,114.0,110.0,110.0,113.0,117.0,110.0,104.0,115.0
918142930253656501,1522,1505,1520,1526,1541,1561,1562,1536.0,1529.0,1537.0,1523.0,1495.0,1512.0,1507.0,1499.0
918242930474581902,4735,4843,4998,5109,5133,5121,5135,5141.0,5135.0,5238.285714285715,5281.0,5229.0,5245.0,5295.0,5342.0
918342927979693102,11199,11360,11512,11593,11739,11810,11906,11949.0,12047.0,12094.0,12224.0,12196.0,12275.0,12355.0,12452.0
918342930454501102,36386,36318,36177,36019,35861,35656,35557,35146.0,34403.71428571428,34666.0,34538.0,34410.0,34201.0,33944.0,33921.0
918342930520974002,1652,1630,1599,1592,1598,1554,1524,1466.0,1444.0,1432.0,1445.0,1385.0,1406.0,1422.0,1437.0
918442930455977001,332,332,336,323,320,331,335,314.0,302.0,289.0,281.0,272.0,305.0,301.0,324.0
918542929467168701,935,944,938,961,959,970,978,956.0,945.0,915.0,893.0,904.0,915.0,920.0,921.0
918542930475106301,7489,7582,7599,7602,7734,7758,7763,7769.0,7766.0,7715.0,7740.0,7763.0,7699.0,7673.0,7683.0
918542930542991502,53416,53777,53993,53995,53998,54095,53988,53915.0,54158.0,54339.0,54308.0,54123.0,53062.0,52812.0,53011.0
918642929197993601,6980,7046,7049,7049,7110,7164,7230,7064.0,7207.0,7210.0,7219.0,7123.0,7112.0,7035.0,7020.0
918642930549125002,4082,4117,4158,4190,4212,4317,4291,4375.0,4397.0,4385.0,4399.0,4422.0,4489.0,4429.0,4473.0
918642930550643602,2779,2816,2809,2799,2854,2829,2832,2780.0,2783.0,2780.0,2759.0,2702.0,2698.0,2670.0,2670.0
918742930460371302,322,319,315,323,320,332,316,308.0,307.0,299.0,297.0,296.0,293.0,271.0,310.0
918742930508026202,332,314,314,294,287,291,286,277.0,270.0,280.0,277.0,263.0,261.0,261.0,264.0
918742930531152201,7442,7527,7671,7751,7756,7737,7736,7632.0,7678.0,7709.0,7689.0,7652.0,7685.0,7686.0,7723.0
918942930478364602,1442,1424,1422,1416,1416,1411,1403,1373.0,1377.0,1355.0,1364.0,1346.0,1325.0,1331.0,1328.0
919042930469010301,30715,30697,30795,30856,30842,30895,30790,30700.0,30594.0,30428.0,30293.0,29954.0,29856.0,29945.0,30016.0
919242930520752401,9609,9620,9525,9523,9494,9546,9482,9291.0,9380.0,9386.0,9368.0,9292.0,9270.0,9228.0,9319.0
919242930531509301,1399,1408,1397,1403,1410,1406,1406,1378.0,1381.0,1387.0,1381.0,1348.0,1353.0,1328.0,1303.0
919442930472211202,10145,10228,10286,10354,10374,10351,10454,10453.0,10515.0,10688.0,10672.0,10661.0,10659.0,10682.0,10828.0
919442930509887001,1113,1112,1106,1100,1088,1058,1033,998.0,976.0,964.0,952.0,977.0,964.0,953.0,931.0
919642928043962401,178873,179855,181177,181804,183097,184213,184863,186051.0,186850.0,189016.0,189013.0,186414.0,184971.0,184153.0,185009.0
921142929091778602,6185,6235,6290,6351,6426,6433,6453,6417.0,6425.0,6519.0,6517.0,6417.0,6436.0,6450.0,6520.0
921142929389126502,838,857,882,895,898,892,897,872.0,852.0,849.0,847.0,867.0,874.0,867.0,874.0
921242930458500401,1358,1341,1328,1325,1317,1298,1293,1266.0,1254.0,1248.0,1242.0,1219.0,1202.0,1197.0,1218.0
921242930530092101,1561,1542,1542,1524,1479,1461,1428,1352.0,1344.0,1323.0,1298.0,1236.0,1214.0,1201.0,1191.0
921642928078039601,454,443,435,440,424,406,396,388.0,366.0,363.0,363.0,365.0,363.0,359.0,357.0
921642930446965202,443,422,410,392,393,390,381,348.0,346.0,349.0,351.0,360.0,369.0,364.0,364.0
921642930450707002,3992,4046,4118,4124,4190,4245,4232,4165.0,4154.0,4155.0,4162.0,4165.0,4206.0,4212.0,4210.0
921642930518061601,5527,5521,5472,5445,5403,5352,5366,5267.0,5200.0,5116.0,5001.0,4874.0,4874.0,4862.0,4847.0
921642930540510502,12170,12145,12143,12226,12262,12234,12184,11935.0,11794.0,11709.0,11585.0,11468.0,11453.0,11249.0,11198.0
921742930454453502,5199,5237,5318,5352,5374,5392,5376,5326.0,5307.0,5281.0,5342.0,5386.0,5405.0,5421.0,5503.0
921742930463066401,8931,8995,8926,8936,8947,8971,9013,9065.0,9066.0,9077.0,9095.0,9225.0,9218.0,9272.0,9350.0
921742930540525702,13508,13496,13553,13645,13821,13840,13860,13841.0,13912.0,13957.0,14010.0,13946.0,14068.0,14131.0,14263.0
921842930461837502,2328,2320,2303,2316,2289,2234,2193,2144.0,2137.0,2099.0,2076.0,2021.0,2036.0,2006.0,2004.0
921842930472659001,3540,3529,3475,3461,3450,3475,3474,3544.0,3561.0,3504.0,3543.0,3553.0,3556.0,3582.0,3576.0
921942930550317201,28888,28831,28911,28908,28986,29169,29175,29194.0,29286.0,28791.0,28737.0,28655.0,28648.0,28447.0,28392.0
922142929348263902,4182,4330,4433,4592,4775,4834,4900,4978.0,4995.0,5082.0,5138.0,5057.0,5030.0,5009.0,5061.0
922142930517340901,5348,5358,5410,5404,5340,5301,5337,5324.0,5151.714285714285,5278.0,5190.0,5111.0,5102.0,5048.0,5009.0
922142930526841101,2049,2045,2029,2028,2036,2053,2077,2066.0,2065.0,2041.0,2032.0,2085.0,2145.0,2129.0,2148.0
922342930469190301,2413,2417,2425,2470,2480,2465,2479,2445.0,2433.0,2410.4285714285716,2388.0,2401.0,2397.0,2391.0,2418.0
922442930460481302,5160,5210,5219,5196,5190,5124,5122,5138.0,5102.0,5113.0,5061.0,5014.0,5040.0,5097.0,5079.0
922642930534558601,2001,2002,1986,2003,2023,2014,2016,2002.0,2018.0,2004.0,2041.0,2013.0,2036.0,2012.0,2011.0
922842930454476201,1261,1280,1260,1234,1210,1218,1227,1215.0,1213.0,1204.0,1202.0,1207.0,1195.0,1189.0,1186.0
923342930520845202,4461,4494,4542,4437,4388,4377,4326,4294.0,4287.0,4281.0,4308.0,4278.0,4218.0,4206.0,4296.0
923542930532841602,5443,5441,5459,5461,5483,5425,5387,5287.0,5232.0,5036.285714285715,5106.0,4957.0,4926.0,4881.0,4865.0
923642929013263801,1629,1632,1623,1617,1623,1621,1608,1554.0,1525.0,1494.0,1502.0,1478.0,1473.0,1458.0,1440.0
923642929649319001,2693,2704,2692,2652,2609,2619,2594,2550.0,2535.0,2491.0,2488.0,2466.0,2429.0,2384.0,2368.0
923642930464565102,544,539,547,551,565,564,565,560.0,554.0,554.0,559.0,554.0,544.0,545.0,546.0
923742930532311502,16422,16521,16497,16506,16598,16547,16667,16692.0,16639.0,16626.0,16616.0,16491.0,16554.0,16427.0,16543.0
923742930549712601,1616,1612,1579,1561,1531,1506,1503,1494.0,1467.0,1465.0,1436.0,1394.0,1353.0,1303.0,1291.0
924042930457907601,170,156,150,134,130,131,120,106.0,107.0,108.0,99.0,98.0,95.0,93.0,95.0
924042930534125702,2883,2905,2873,2857,2865,2852,2830,2754.0,2749.0,2730.0,2709.0,2645.0,2641.0,2619.0,2646.0
924042930545163801,5565,5507,5456,5469,5532,5538,5583,5691.0,5655.0,5744.714285714285,5641.0,5696.0,5832.0,5865.0,5833.0
924142930176829802,1275,1297,1300,1292,1280,1294,1300,1289.0,1292.0,1271.0,1276.0,1296.0,1292.0,1300.0,1328.0
924442930537866702,1563,1597,1582,1558,1544,1527,1520,1466.0,1432.0,1418.0,1387.0,1303.0,1311.0,1292.0,1272.0
924742930448499801,109080,109799,110362,110369,111090,111484,111383,110949.0,110777.0,110554.0,110003.0,107982.0,107165.0,106370.0,106677.0
924842930521817802,2782,2774,2720,2711,2717,2750,2716,2745.0,2752.0,2768.0,2757.0,2723.0,2698.0,2714.0,2748.0
925142930462707702,2018,1978,1957,1967,1959,1948,1908,1841.0,1793.0,1783.0,1767.0,1717.0,1723.0,1697.0,1695.0
925142930521019702,40797,41139,41407,41869,42033,42021,42063,41926.0,41808.0,41700.0,41500.0,41283.0,41026.0,40661.0,40881.0
925142930525855502,10771,10858,10874,10898,10988,10980,11022,10957.0,10943.0,10912.0,10934.0,10938.0,10901.0,10924.0,10944.0
925242930472946001,3080,3041,3036,3012,2992,2932,2909,2853.0,2833.0,2812.0,2815.0,2761.0,2731.0,2680.0,2665.0
925342930480199601,1715,1663,1632,1596,1570,1555,1538,1493.0,1493.0,1453.0,1454.0,1468.0,1441.0,1425.0,1424.0
925442930508489802,4085,4072,4011,3989,3929,3867,3847,3793.0,3779.0,3749.0,3685.0,3604.0,3554.0,3534.0,3536.0
925542930447262202,4864,4797,4833,4878,4881,4839,4840,4786.0,4814.0,4911.0,4938.0,4929.0,4859.0,4816.0,4803.0
925542930462223801,13228,13465,13788,13975,13948,14085,14157,14199.0,14292.0,14337.0,14361.0,14276.0,14218.0,14239.0,14309.0
925542930542927902,2903,2856,2824,2800,2745,2711,2672,2474.5714285714284,2568.0,2533.0,2521.0,2454.0,2438.0,2407.0,2401.0
925642930507931001,1317,1319,1319,1305,1312,1322,1286,1242.428571428571,1257.0,1255.0,1245.0,1227.0,1249.0,1230.0,1234.0
925642930529789801,2592,2555,2526,2511,2505,2535,2507,2463.0,2447.0,2478.0,2455.0,2372.0,2379.0,2328.0,2287.0
925742930478150301,26801,26670,26694,26660,26512,26434,26218,25684.0,25529.0,25531.0,25563.0,25706.0,25697.0,25601.0,25765.0
926142928130770801,1431,1401,1375,1367,1364,1354,1332,1306.0,1283.0,1280.0,1256.0,1200.0,1191.0,1178.0,1170.0
926142929531151402,20864,21023,21240,21361,21447,21410,21354,21374.0,21193.0,21229.0,21141.0,20899.0,20821.0,20731.0,20821.0
926142930519148602,48048,48568,49142,49782,49796,49706,49469,49393.0,49534.0,49266.0,49307.0,48943.0,49294.0,49017.0,48793.0
926142930521247202,5035,5065,5029,5074,4992,4922,4881,4769.0,4734.0,4584.428571428572,4598.0,4519.0,4546.0,4473.0,4452.0
926242930469504601,560,563,532,515,511,525,533,524.0,533.0,523.0,512.0,505.0,494.0,476.0,472.0
926242930478959302,467,475,483,469,465,454,449,441.0,440.0,422.0,413.0,405.0,401.0,401.0,387.0
926342930528966201,1232,1215,1193,1175,1150,1154,1139,1114.0,1127.0,1105.0,1086.0,1060.0,1051.0,1040.0,1015.0
926542930526227901,8248,8252,8281,8312,8365,8359,8296,8277.0,8283.0,8286.0,8219.0,8137.0,8160.0,8257.0,8267.0
926642929118794501,85,81,78,78,78,78,77,83.0,82.0,84.0,78.0,75.0,72.0,69.0,70.0
926642930455989802,417,393,391,393,389,401,395,407.0,424.0,415.0,403.0,419.0,416.0,417.0,409.0
926842928979692001,34208,34734,35078,35164,35491,35721,35613,35477.0,35363.42857142857,35547.0,35540.0,35107.0,35228.0,35231.0,35414.0
926842930544877601,1613,1601,1584,1567,1527,1536,1524,1511.0,1518.0,1500.0,1471.0,1474.0,1465.0,1459.0,1443.0
926942930478740102,752,756,754,748,763,769,760,765.0,760.0,747.0,752.0,750.0,743.0,744.0,728.0
927042930528664701,11488,11530,11554,11596,11663,11676,11663,11583.0,11490.0,11501.0,11472.0,11231.0,11222.0,11210.0,11228.0
927142930480317501,2546,2624,2676,2673,2714,2702,2675,2651.0,2634.0,2629.0,2666.0,2655.0,2640.0,2680.0,2709.0
927142930546284601,1859,1876,1888,1880,1907,1924,1966,1978.0,1979.0,1997.0,2005.0,1961.0,1992.0,1977.0,1983.0
927242930159107402,28714,29462,30078,29885,30352,30716,30979,31019.0,30937.0,30828.0,30713.0,31628.0,31998.0,31964.0,32105.0
927342928726214702,3470,3429,3406,3392,3385,3344,3272,3209.0,3231.0,3194.0,3125.0,3157.0,3156.0,3115.0,3114.0
927342930526498301,12504,12525,12466,12442,12344,12339,12234,12160.0,12249.0,12156.0,12021.0,11653.0,11635.0,11492.0,11600.0
927342930534838401,5336,5378,5429,5491,5508,5504,5493,5455.0,5427.0,5471.0,5467.0,5475.0,5475.0,5475.0,5465.0
927442930542870102,2142,2144,2104,2070,2053,2056,2054,2005.0,1992.0,1967.0,1959.0,1926.0,1903.0,1850.0,1845.0
927542930445557601,3652,3644,3739,3773,3823,3868,3834,3847.0,3903.0,3924.0,3879.0,3822.0,3743.0,3693.0,3708.0
927642930476937502,5651,5620,5553,5575,5519,5478,5431,5308.0,5332.0,5217.0,5179.0,5154.0,5091.0,5042.0,5033.0
927742930528484302,12985,13010,13076,13084,13110,13166,13121,12955.0,12919.0,12858.0,12783.0,12549.0,12486.0,12355.0,12302.0
927742930541695301,9738,9760,9813,9838,9834,9822,9762,9687.0,9737.0,9690.0,9559.0,9443.0,9456.0,9504.0,9572.0
927842930453178501,5529,5604,5640,5658,5700,5701,5681,5660.0,5684.0,5726.0,5682.0,5668.0,5609.0,5640.0,5644.0
927842930459752401,8570,8574,8619,8629,8602,8579,8585,8515.0,8409.0,8389.0,8321.0,8373.0,8353.0,8262.0,8208.0
927942930457708901,3012,2993,3027,3027,3002,2951,2883,2679.285714285714,2780.0,2738.0,2724.0,2667.0,2636.0,2610.0,2600.0
928142930460844002,3513,3472,3476,3463,3482,3471,3421,3267.0,3197.0,3141.0,3086.0,3029.0,3015.0,2990.0,2931.0
928242928932525602,10734,10635,10672,10676,10569,10517,10405,10307.0,10305.0,10327.0,10314.0,10256.0,10224.0,10229.0,10255.0
928242930479349501,1261,1240,1254,1261,1257,1252,1230,1215.0,1201.0,1183.0,1163.0,1178.0,1172.0,1180.0,1179.0
928642928932432602,5860,5941,6056,6149,6300,6453,6497,6600.0,6671.0,6712.0,6637.0,6533.0,6543.0,6564.0,6616.0
928742929613586801,1301,1303,1262,1233,1211,1208,1178,1155.0,1121.0,1071.7142857142858,1082.0,1055.0,1036.0,1026.0,1027.0
928742930455807701,605,609,601,581,576,571,576,553.0,520.0,513.0,505.0,500.0,496.0,484.0,482.0
928842930532139901,2614065,2636341,2657058,2677229,2724565,2760303,2776835,2810118.0,2815541.0,2820219.0,2808293.0,2770226.0,2749031.0,2748109.0,2754719.0
928942930531496402,37755,38338,38863,39074,39269,39630,39699,39576.0,39675.0,39784.0,39790.0,39469.0,39382.0,39715.0,40023.0
929042929321017602,6110,6071,6085,6082,6058,6013,5967,5973.0,5951.0,5867.0,5843.0,5685.0,5650.0,5623.0,5609.0
929042930543566302,1006,1005,992,983,973,942,956,887.0,889.0,887.0,833.0,824.0,796.0,786.0,795.0
929242930464682202,1928,1940,1914,1898,1895,1893,1877,1864.0,1851.0,1874.0,1843.0,1886.0,1811.0,1824.0,1855.0
929242930542184601,1627,1645,1631,1640,1657,1651,1702,1682.0,1666.0,1662.0,1644.0,1659.0,1632.0,1620.0,1602.0
929342930454829702,1187,1163,1163,1153,1131,1118,1109,1092.0,1084.0,1071.0,1082.3333333333333,1082.3333333333333,1082.3333333333333,1082.3333333333333,1082.3333333333333
929342930526001302,1739,1770,1809,1796,1755,1743,1736,1684.0,1685.0,1745.0,1731.0,1660.0,1697.0,1724.0,1715.0
929542930516026601,2181,2146,2141,2117,2077,2052,2049,2003.0,1970.0,1933.0,1909.0,1862.0,1821.0,1766.0,1740.0
929542930534858701,931,916,896,889,864,856,853,821.0,807.0,785.0,766.0,766.0,772.0,764.0,759.0
929642929389152602,2018,1992,2007,2007,2034,2024,2003,1964.0,1977.0,1963.0,1938.0,1892.0,1856.0,1831.0,1796.0
929642930525318801,1397,1395,1371,1314,1296,1284,1244,1026.1666666666667,1026.1666666666667,1122.0,1061.0,1027.0,1019.0,981.0,947.0
929642930528741302,978,974,964,954,935,899,870,852.0,843.0,829.0,825.0,841.0,839.0,819.0,821.0
929742930465057902,8083,8239,8199,8096,7841,7411,7338,7242.0,7235.0,7352.0,7367.0,7318.0,7216.0,7154.0,7075.0
929842930458129101,4568,4624,4626,4598,4609,4630,4622,4628.0,4556.0,4550.0,4565.0,4519.0,4535.0,4523.0,4564.0
931242930476050402,3924,3859,3867,3896,3934,3882,3844,3820.0,3777.0,3812.0,3819.0,3774.0,3777.0,3789.0,3813.0
931442930515638602,7690,7754,7821,7805,7859,7822,7758,7726.0,7668.0,7687.0,7663.0,7571.0,7512.0,7466.0,7407.0
931742930463661702,1089,1053,1055,1050,1033,1008,983,1003.0,988.0,971.0,961.0,936.0,911.0,907.0,894.0
931842930528286902,828,813,826,804,796,780,775,768.0,759.0,753.0,743.0,729.0,713.0,707.0,703.0
931942928791257601,2865,2953,2993,3106,3148,3197,3223,3242.0,3154.0,3188.0,3168.0,3266.0,3231.0,3258.0,3311.0
932042927963688202,1429,1403,1402,1370,1362,1338,1300,1274.0,1264.0,1248.0,1237.0,1218.0,1210.0,1183.0,1172.0
932042930457131901,1692,1677,1665,1640,1632,1613,1577,1549.0,1536.0,1527.0,1509.0,1464.0,1461.0,1439.0,1443.0
932042930480780201,1335,1300,1340,1341,1344,1369,1377,1308.0,1305.0,1312.0,1302.0,1271.0,1307.0,1300.8333333333333,1300.8333333333333
932342930459475501,3244,3255,3253,3244,3247,3244,3233,3164.0,3093.0,3085.0,3063.0,2977.0,2979.0,2957.0,2973.0
932442928716053102,2344,2329,2290,2308,2311,2315,2285,2204.0,2200.0,2180.0,2155.0,2133.0,2096.0,2093.0,2067.0
932542928932360901,2408,2438,2437,2440,2424,2412,2391,2339.0,2341.0,2346.0,2351.0,2322.0,2372.0,2376.0,2373.0
932542930527348602,866,846,830,810,793,763,738,718.0,684.0,661.0,659.0,649.0,639.0,668.3333333333334,668.3333333333334
932642930454303502,622,604,612,596,596,598,594,557.0,549.0,543.0,546.0,535.0,539.0,531.0,519.0
932742930455556601,37211,37442,37661,38076,38061,37962,38020,37745.0,37736.0,37883.0,38250.0,38675.0,38519.0,38595.0,38774.0
932742930519252302,999,989,971,976,979,979,969,960.0,965.0,971.0,978.0,965.0,949.0,948.0,946.0
932942930550179502,470,455,441,446,443,421,410,397.0,395.0,394.0,381.0,376.0,368.0,374.0,371.0
933042928956248401,568,567,563,557,562,557,556,536.0,530.0,503.0,483.0,482.0,468.0,468.0,456.0
933042930457014801,11832,11811,11873,11791,11674,11611,11532,11322.0,11310.0,11244.0,11164.0,10975.0,10873.0,10779.0,10855.0
933142930540993801,5721,5829,5872,5979,6011,6063,6131,6145.0,6141.0,6150.0,6172.0,6163.0,6111.0,6160.0,6188.0
933242930449161502,665,682,661,639,642,640,620,637.0,628.0,639.0,634.0,632.0,643.0,648.0,646.0
933242930537963601,2498,2498,2507,2531,2534,2530,2521,2499.0,2482.0,2455.0,2405.0,2385.0,2438.0,2433.0,2499.0
933342930525591301,3172,3228,3178,3190,3227,3223,3168,3099.0,3074.0,3033.0,3025.0,2991.0,2974.0,2970.0,2960.0
933342930527377502,972,958,937,937,924,931,913,866.0,834.0,834.0,834.0,808.0,794.0,769.0,764.0
933442930530951801,504,499,490,484,483,487,482,476.0,462.0,454.0,459.0,452.0,452.0,456.0,450.0
933542929696803401,455,443,451,446,448,436,420,412.0,415.0,382.42857142857144,382.0,381.0,375.0,363.0,349.0
933642930454959501,277,275,263,269,264,251,248,243.0,241.0,238.0,238.0,245.0,250.0,242.0,241.0
933742930472953802,1518,1497,1482,1488,1510,1481,1510,1442.0,1448.0,1457.0,1448.0,1450.0,1433.0,1430.0,1427.0
933742930528937901,7924,7919,7883,7894,7846,7854,7818,7746.0,7724.0,7670.0,7630.0,7679.0,7627.0,7583.0,7542.0
933742930538047201,1879,1867,1835,1836,1839,1824,1809,1793.0,1737.0,1729.0,1711.0,1694.0,1717.0,1690.0,1664.0
933842930474197002,1425,1404,1379,1370,1379,1368,1353,1308.0,1256.0,1237.0,1225.0,1193.0,1186.0,1168.0,1174.0
933842930518159301,2143,2146,2155,2166,2169,2150,2128,2116.0,2106.0,2084.0,2067.0,1998.0,1987.0,1973.0,1924.0
933842930524928301,2858,2837,2844,2818,2784,2709,2670,2604.0,2603.0,2554.0,2530.0,2453.0,2447.0,2428.0,2427.0
933942929839568101,2540,2514,2482,2455,2457,2415,2402,2347.0,2290.0,2258.0,2238.0,2193.0,2191.0,2161.0,2123.0
933942930509091501,619,608,598,599,598,577,580,587.0,588.0,588.0,578.0,559.0,556.0,554.0,556.0
934142930518525302,8244,8338,8405,8436,8433,8503,8505,8532.0,8504.0,8556.0,8595.0,8708.0,8668.0,8746.0,8787.0
934142930530981902,3208,3216,3192,3159,3125,3117,3093,3014.0,3026.0,3024.0,3001.0,2975.0,2951.0,2974.0,2978.0
934342930531028502,4162,4124,4141,4198,4201,4194,4188,4145.0,4108.0,4064.0,4066.0,4060.0,4054.0,4056.0,4043.0
934542929155433302,4513,4513,4484,4501,4491,4492,4478,4365.0,4261.0,4260.0,4227.0,4183.0,4180.0,4195.0,4212.0
934542930517681201,2068,2120,2146,2154,2198,2235,2243,2243.0,2268.0,2271.0,2293.0,2260.0,2255.0,2245.0,2231.0
934642930477461301,5074,5097,5049,5026,5036,5004,5021,4920.0,4910.0,4909.0,4840.0,4790.0,4737.0,4657.0,4638.0
935142930463786502,2561,2588,2693,2818,2878,2936,3003,2931.0,2907.0,2907.0,2888.0,2942.0,2959.0,2963.0,2997.0
935142930541222702,25377,25540,25788,25820,25826,25963,26086,26287.0,26241.0,26158.0,26037.0,26042.0,26016.0,25885.0,25999.0
935242930460078602,12211,12428,12581,12694,12922,12991,12902,12862.0,12827.0,12947.0,12910.0,12968.0,12977.0,12945.0,13033.0
935342927959101101,1003,983,991,1027,975,951,904,854.0,834.0,826.0,832.0,822.0,816.0,794.0,778.0
935442928592643802,5124,5177,5256,5293,5282,5250,5247,5235.0,5289.0,5322.0,5314.0,5311.0,5252.0,5231.0,5301.0
935642930452402301,381,380,366,358,366,377,374,350.0,344.0,329.0,324.0,316.0,310.0,302.0,304.0
935642930515567401,1123,1155,1159,1166,1169,1146,1157,1113.0,1112.0,1124.0,1101.0,1100.0,1104.0,1101.0,1103.0
935742930520382601,227,226,215,204,217,225,209,232.0,230.0,223.0,217.0,233.0,231.0,213.0,226.0
935742930541781601,5377,5307,5280,5245,5180,5133,5059,4969.0,4851.0,4816.0,4755.0,4656.0,4638.0,4558.0,4503.0
935842928811545302,4482,4482,4451,4477,4477,4480,4451,4511.0,4545.0,4483.0,4502.0,4409.0,4428.0,4396.0,4486.0
935842930460463801,8464,8476,8498,8429,8401,8392,8359,8327.0,8370.0,8401.0,8274.0,8194.0,8221.0,8271.0,8297.0
935842930534066701,368624,370755,373618,376024,379984,383255,385190,389819.0,390956.0,393248.0,395416.0,391686.0,387842.0,387971.0,390518.0
935942929514180801,13786,13823,13942,14098,14124,14088,14049,13990.0,14017.0,13947.0,13970.0,14022.0,14146.0,14141.0,14186.0
936042930546719001,2999,3046,3078,3135,3120,3147,3157,3166.0,3150.0,3124.0,3104.0,3059.0,3063.0,3042.0,3033.0
936142930476343402,2599,2544,2558,2546,2493,2440,2415,2212.4285714285716,2371.0,2283.0,2261.0,2166.0,2158.0,2143.0,2105.0
936342930527599201,3708,3776,3760,3830,3774,3724,3730,3686.0,3632.0,3596.0,3555.0,3505.0,3499.0,3492.0,3477.0
936442930525946601,1997,1995,1985,1980,1946,1941,1929,1914.0,1878.0,1861.0,1840.0,1758.0,1782.0,1760.0,1778.0
936542930457068901,4069,4058,4033,4038,4070,4043,3994,3919.0,3877.0,3875.0,3851.0,3777.0,3758.0,3729.0,3738.0
936642930544230002,1246,1250,1250,1246,1254,1240,1230,1211.0,1202.0,1202.0,1191.0,1153.0,1134.0,1141.0,1137.0
936842930526253202,6821,6806,6878,6943,6944,6934,6936,6895.0,6853.0,6837.0,6851.0,6872.0,6902.0,6943.0,7003.0
936942930523966801,2795,2824,2831,2844,2865,2870,2882,2912.0,2891.0,2901.0,2911.0,3053.0,2980.0,3030.0,3025.0
937042930527302401,29218,29154,28844,28673,28591,28457,28269,28122.0,28201.0,27963.0,27789.0,27479.0,27310.0,27078.0,27217.0
937142930544141601,14549,14958,15371,15773,15921,16015,16066,16162.0,16399.0,16387.0,16398.0,16309.0,16321.0,16299.0,16322.0
937342929197877702,2041,2110,2136,2154,2124,2162,2153,2070.0,2061.0,2078.0,2051.0,2009.0,2038.0,2024.0,2022.0
937342930480526801,197,197,194,194,194,203,205,197.0,190.0,181.0,185.0,186.0,188.0,190.0,188.0
937442928855459801,2264,2274,2260,2239,2227,2235,2233,2210.0,2181.0,2144.0,2171.0,2103.0,2132.0,2102.0,2072.0
937442930453112102,764,759,734,724,689,676,674,626.0,606.0,581.0,565.0,545.0,539.0,518.0,521.0
937442930475637001,6217,6197,6153,6190,6134,6093,5982,5812.0,5781.0,5820.0,5805.0,5733.0,5767.0,5763.0,5849.0
937442930516024602,1160,1179,1181,1164,1167,1165,1147,1149.0,1131.0,1126.0,1098.0,1061.0,1087.0,1083.0,1072.0
937442930542739702,578,558,565,562,560,543,518,502.0,499.0,500.0,484.0,495.0,497.0,498.0,491.0
937542930526897101,260,253,239,230,211,213,227,223.0,212.0,203.0,191.0,199.0,201.0,196.0,197.0
937542930526985101,6415,6432,6455,6438,6353,6313,6337,6172.0,6092.0,6019.0,5950.0,5844.0,5857.0,5742.0,5953.714285714285
937642930454191101,514,519,500,498,502,502,495,478.0,473.0,464.0,452.0,452.0,432.0,422.0,435.0
937642930473170801,597,590,575,571,559,549,551,561.0,556.0,561.0,559.0,557.0,575.0,568.0,555.0
937742928592898001,5975,6017,5908,5934,5898,5853,5761,5571.0,5535.0,5528.0,5466.0,5418.0,5363.0,5431.0,5457.0
937842930459924202,749,723,731,710,710,702,717,683.0,675.0,665.0,659.0,663.0,653.0,647.0,654.0
937842930461638902,478,492,482,463,452,458,448,439.0,431.0,428.0,417.0,419.0,412.0,412.0,424.0
938142930515723001,2129,2238,2278,2300,2295,2302,2314,2303.0,2324.0,2315.0,2319.0,2265.0,2239.0,2254.0,2259.0
938142930526940802,6931,6968,7012,6977,6992,6987,6914,6794.0,6544.857142857143,6668.0,6593.0,6443.0,6449.0,6436.0,6431.0
938242928197772002,3638,3628,3609,3553,3507,3498,3449,3336.0,3281.0,3247.0,3198.0,3101.0,3089.0,3020.0,2973.0
938342929816265001,3349,3296,3311,3280,3261,3191,3168,3092.0,3061.0,3056.0,3029.0,2954.0,2891.0,2907.0,2885.0
938442930454105402,5459,5449,5508,5493,5517,5498,5590,5612.0,5578.0,5639.0,5618.0,5542.0,5494.0,5466.0,5494.0
938542930462120901,1147,1136,1125,1101,1114,1118,1111,1077.0,1050.0,1061.0,1048.0,1026.0,1051.0,1046.0,1052.0
938742930518999702,1634,1620,1619,1605,1598,1602,1594,1603.0,1580.0,1549.0,1525.0,1529.0,1499.0,1505.0,1478.0
938842930474976401,3018,3021,3016,3041,3021,3018,2993,2940.0,2869.0,2901.0,2911.0,2881.0,2891.0,2822.0,2814.0
938842930543152902,8139,8218,8251,8291,8331,8287,8246,8085.0,7978.0,7885.0,7821.0,7657.0,7528.0,7397.0,7397.0
939042930548332801,1814,1801,1795,1758,1744,1756,1753,1734.0,1740.0,1725.0,1739.0,1718.0,1693.0,1672.0,1676.0
939242930446771801,1255,1270,1271,1280,1274,1256,1266,1126.0,1126.0,1170.0,1157.0,1137.0,1111.0,1106.0,1075.0
939242930479992301,4692,4919,5111,5337,5466,5519,5548,5508.0,5515.0,5605.0,5650.0,5624.0,5671.0,5718.0,5805.0
939242930509041702,2544,2527,2574,2582,2552,2532,2504,2436.0,2407.0,2377.0,2392.0,2391.0,2376.0,2355.0,2345.0
939242930548211701,9725,9851,9987,10107,10159,10194,10245,10199.0,10267.0,10293.0,10371.0,10425.0,10483.0,10547.0,10625.0
939242930548652701,3267,3223,3218,3240,3175,3147,3111,3036.0,3066.0,3054.0,3013.0,2920.0,2949.0,2934.0,2889.0
939342929765966202,9316,9413,9491,9515,9554,9572,9628,9364.0,9346.0,9392.0,9364.0,9224.0,9183.0,9019.0,9075.0
939342930473934202,3072,3095,3080,3100,3105,3071,3050,3065.0,3079.0,3058.0,3028.0,2996.0,2977.0,2952.0,2929.0
939342930523241902,2806,2795,2802,2803,2775,2744,2709,2650.0,2629.0,2586.0,2572.0,2527.0,2497.0,2483.0,2447.0
939442930452957201,3001,3058,3019,3001,3065,3061,3078,3085.0,3071.0,3052.0,3047.0,3138.0,3232.0,3255.0,3247.0
939442930528608801,2157,2199,2184,2246,2274,2285,2265,2185.0,2141.0,2118.0,2120.0,2102.0,2100.0,2085.0,2094.0
939542930451272102,10148,10257,10297,10391,10448,10517,10570,10606.0,10553.0,10483.0,10523.0,10433.0,10384.0,10398.0,10458.0
939642930451471602,1170,1134,1126,1138,1132,1123,1133,1016.5714285714286,1076.0,1053.0,1032.0,1005.0,994.0,977.0,979.0
939842929704106701,6987,7257,7281,7221,7253,7241,7250,7188.0,7153.0,7077.0,7089.0,6970.0,6940.0,6885.0,6880.0
939842930507810401,11380,11587,11753,11930,11976,12086,12157,12199.0,12133.0,12186.0,12069.0,12314.0,12278.0,12206.0,12244.0
939842930517522401,1704,1729,1728,1702,1717,1707,1687,1637.0,1598.0,1584.0,1589.0,1597.0,1568.0,1552.0,1551.0
939942930476165701,1577,1553,1523,1525,1475,1479,1485,1475.0,1471.0,1448.0,1469.0,1422.0,1401.0,1386.0,1402.0
939942930542289402,1023,977,975,993,1005,987,971,973.0,989.0,984.0,968.0,950.0,952.0,957.0,942.0
941142930534431501,4341,4334,4342,4331,4395,4369,4362,4338.0,4273.0,4278.0,4252.0,4102.0,4095.0,4094.0,4087.0
941142930545872602,50739,50695,50850,50696,51177,51368,51258,50869.0,51143.0,51557.0,51733.0,51403.0,51617.0,51725.0,52344.0
941142930548990301,629,631,631,638,627,606,612,606.0,588.0,601.0,601.0,581.0,578.0,584.0,558.0
941242930474424202,3204,3178,3187,3210,3209,3191,3203,3111.0,3072.0,3028.0,3030.0,3077.0,3031.0,3029.0,3037.0
941342930461458301,548,558,555,552,540,542,543,548.0,551.0,538.0,556.0,566.0,539.0,546.0,544.0
941442930479692801,5122,5118,5111,5116,5126,5121,5127,5201.0,5311.0,5304.0,5252.0,4951.0,5006.0,5025.0,5044.0
941542928255482301,7558,7604,7582,7587,7603,7656,7650,7553.0,7485.0,7511.0,7533.0,7517.0,7562.0,7581.0,7627.0
941542930462060502,592,592,577,573,567,551,550,553.0,543.0,543.0,533.0,538.0,539.0,539.0,547.0
941542930470118401,2088,2063,2062,2056,2050,2061,2030,1984.0,1963.0,1913.0,1897.0,1884.0,1892.0,1846.0,1838.0
941542930529255201,13884,13910,14056,14174,14314,14350,14432,14325.0,14372.0,14431.0,14517.0,14599.0,14649.0,14632.0,14662.0
941942927910731901,634,632,614,656,672,681,677,639.0,637.0,604.0,590.0,585.0,573.0,552.0,553.0
941942930461589102,2851,2799,2730,2791,2788,2751,2766,2688.0,2660.0,2660.0,2639.0,2595.0,2570.0,2559.0,2581.0
942042930032274901,533,520,530,513,521,530,536,558.0,569.0,565.0,559.0,551.0,575.0,568.0,580.0
942142930447592902,1995,1970,1960,1947,1922,1913,1910,1893.0,1929.0,1913.0,1915.0,1894.0,1901.0,1905.0,1910.0
942342930518833601,365,365,368,375,367,367,388,389.0,394.0,386.0,384.0,360.0,364.0,355.0,368.0
942442930453329401,2627,2645,2621,2605,2608,2609,2591,2507.0,2484.0,2443.0,2438.0,2416.0,2393.0,2379.0,2354.0
942442930457807202,1904,1882,1877,1877,1844,1838,1820,1827.0,1855.0,1845.0,1850.0,1823.0,1846.0,1850.0,1864.0
942442930460632602,1652,1688,1674,1691,1671,1681,1658,1631.0,1616.0,1620.0,1624.0,1579.0,1621.0,1645.0,1674.0
942642929012902302,493,498,505,505,499,482,472,454.0,451.0,450.0,452.0,444.0,444.0,445.0,437.0
942742930466822802,13610,13800,13958,13971,14017,13988,14018,14082.0,14023.0,14031.0,13990.0,13991.0,13924.0,13854.0,14064.0
942742930519720902,9148,9227,9198,9163,9077,9026,9050,9112.0,9019.0,8896.0,8825.0,8758.0,8663.0,8696.0,8696.0
942842930477915801,2239,2256,2222,2176,2091,2059,2024,1968.0,1922.0,1870.0,1849.0,1888.0,1825.0,1790.0,1770.0
942942930547137602,1583,1628,1644,1651,1659,1692,1701,1705.428571428571,1707.0,1697.0,1682.0,1676.0,1704.0,1723.0,1749.0
943142930509444401,10440,10556,10622,10591,10617,10586,10521,10410.0,10442.0,10489.0,10464.0,10360.0,10309.0,10294.0,10348.0
943342930509329501,2894,2840,2799,2800,2788,2752,2711,2651.0,2632.0,2616.0,2597.0,2532.0,2509.0,2497.0,2480.0
943342930544199401,14409,14542,14672,14848,15122,15267,15269,15253.0,15209.0,15206.0,15192.0,15021.0,14984.0,14884.0,15031.0
943542930464139501,3387,3415,3400,3401,3365,3408,3393,3340.0,3291.0,3244.0,3227.0,3193.0,3152.0,3157.0,3136.0
943642930479213902,977,972,985,977,966,958,975,986.0,991.0,1009.0,1014.0,1008.0,999.0,997.0,1017.0
943742928087871102,5187,5228,5217,5206,5160,5147,5133,5132.0,5122.0,5152.0,5152.0,5126.0,5100.0,5056.0,5047.0
943842930529052702,3648,3569,3562,3568,3570,3593,3610,3599.0,3538.0,3598.0,3625.0,3599.0,3571.0,3558.0,3544.0
944142930542121701,795,817,797,803,800,795,798,796.0,798.0,777.0,772.0,792.0,784.0,778.0,771.0
944242930342578102,5374,5405,5500,5515,5499,5481,5488,5436.0,5464.0,5398.0,5363.0,5211.0,5244.0,5209.0,5236.0
944242930445392502,1335,1321,1310,1301,1270,1255,1262,1219.0,1208.0,1194.0,1172.0,1147.0,1137.0,1120.0,1104.0
944242930472298301,4381,4346,4322,4292,4327,4276,4245,4280.0,4317.0,4306.0,4300.0,4308.0,4319.0,4331.0,4336.0
944242930474047102,3065,3200,3306,3351,3489,3516,3535,3598.0,3554.0,3567.0,3602.0,3654.0,3672.0,3717.0,3769.0
944442930542017101,898,882,857,849,834,814,807,688.0,688.0,731.0,701.0,699.0,676.0,661.0,660.0
944542930529336601,2869,2857,2884,2886,2937,2902,2875,2860.0,2884.0,2815.0,2804.0,2800.0,2812.0,2805.0,2787.0
944642929346227102,260,253,246,233,221,207,202,190.0,187.0,177.0,169.0,166.0,161.0,158.0,153.0
944742930546665502,2428,2404,2402,2408,2435,2413,2386,2255.0,2207.0,2235.0,2183.0,2137.0,2087.0,2072.0,2087.0
944842930465235601,4540,4557,4530,4527,4575,4576,4517,4453.0,4394.0,4360.0,4286.0,4194.0,4237.0,4247.0,4318.0
944942930520025202,6677,6822,6969,7136,7184,7100,7035,6984.0,7021.0,7316.0,7384.0,7459.0,7494.0,7579.0,7716.0
944942930538226902,20712,20712,20575,20811,20777,20699,20636,20583.0,20559.0,20627.0,20480.0,20477.0,20304.0,20198.0,20232.0
945242930518057601,707,694,696,695,681,700,691,719.0,695.0,687.0,687.0,702.0,700.0,686.0,683.0
945342928042164101,601,612,622,597,599,587,601,583.0,582.0,566.0,583.0,563.0,559.0,576.0,588.0
945442930461182102,32257,32361,32603,32874,33030,33152,33250,33384.0,33322.0,33345.0,33189.0,32560.0,32391.0,32235.0,31980.0
945442930518184901,3881,3879,3880,3897,3915,3884,3887,3821.0,3797.0,3772.0,3748.0,3750.0,3762.0,3735.0,3766.0
945542930463901201,7479,7492,7617,7668,7637,7618,7555,7399.857142857143,7456.0,7442.0,7438.0,7337.0,7390.0,7376.0,7360.0
945542930546254701,906,945,953,1020,1015,1000,978,943.0,972.0,1001.0,989.0,983.0,978.0,994.0,1001.0
945642930159053002,519,535,507,520,505,492,504,522.0,518.0,529.0,543.0,539.0,528.0,527.0,534.0
945642930478660402,4111,4182,4278,4297,4242,4194,4186,4150.0,4124.0,4100.0,4109.0,4017.0,4023.0,4015.0,4007.0
945842930451087302,449,442,448,458,461,478,474,476.0,470.0,480.0,471.0,488.0,480.0,480.0,473.0
945842930476731902,5324,5283,5292,5284,5253,5218,5203,5165.0,5177.0,5135.0,5063.0,5042.0,5039.0,5043.0,5019.0
945942930521806602,2145,2153,2081,2084,2084,2053,2042,1980.0,1922.0,1911.0,1892.0,1845.0,1860.0,1836.0,1849.0
945942930526366102,1816,1820,1815,1847,1845,1840,1852,1806.0,1790.0,1808.0,1827.0,1776.0,1797.0,1787.0,1805.0
946042930519863902,214,215,213,206,193,198,204,184.0,185.0,174.0,169.0,171.0,162.0,165.0,161.0
946142930477236001,2855,2877,2883,2921,2951,2974,2958,3016.0,3025.0,3081.0,3107.0,3192.0,3159.0,3162.0,3173.0
946242930509212701,4004,4005,3972,3927,3892,3885,3871,3834.0,3767.0,3710.0,3695.0,3644.0,3627.0,3587.0,3694.857142857142
946242930531513302,1892,1881,1881,1881,1873,1860,1852,1824.0,1817.0,1815.0,1808.0,1769.0,1767.0,1756.0,1752.0
946542930465158901,1602,1603,1577,1562,1549,1533,1504,1476.0,1477.0,1451.0,1437.0,1426.0,1423.0,1410.0,1439.0
946842930473857801,1047,1058,1066,1047,1061,1071,1091,1029.0,1035.0,1015.0,1006.0,974.0,956.0,960.0,939.0
946842930476230701,146,142,138,136,134,132,128,114.0,103.0,98.0,94.0,94.0,99.0,92.0,91.0
946942930530661002,1270,1262,1299,1304,1356,1337,1343,1281.0,1267.0,1244.0,1258.0,1251.0,1251.0,1260.0,1283.0
946942930537237702,846,840,817,827,814,804,785,753.0,761.0,744.0,733.0,743.0,743.0,733.0,722.0
947242930475971002,4144,4125,4113,4114,4059,4024,3996,3956.0,3875.0,3861.0,3819.0,3688.0,3651.0,3602.0,3583.0
947842930527354601,8284,8418,8446,8540,8633,8591,8617,8551.0,8633.0,8581.0,8647.0,8541.0,8553.0,8563.0,8573.0
947942930473102701,7856,7884,7923,8087,8186,8206,8299,8357.0,8307.0,8444.0,8490.0,8547.0,8543.0,8572.0,8613.0
948042930467962102,1872,1853,1851,1878,1837,1814,1817,1767.0,1752.0,1728.0,1715.0,1733.0,1716.0,1705.0,1691.0
948042930532359001,1353,1340,1348,1351,1304,1254,1233,1205.0,1202.0,1195.0,1168.0,1164.0,1110.0,1100.0,1093.0
948042930532892601,1920,1932,1920,1907,1902,1900,1890,1892.0,1877.0,1843.0,1825.0,1853.0,1906.0,1912.0,1917.0
948142930480739001,1392,1364,1392,1394,1441,1447,1430,1436.0,1422.0,1419.0,1410.0,1373.0,1334.0,1335.0,1358.0
948242930452569402,19000,19097,19416,19613,19751,19832,19867,20096.0,20230.0,20444.0,20524.0,20899.0,20949.0,21092.0,21216.0
948442928758016001,2851,2866,2820,2771,2751,2737,2708,2478.285714285714,2608.0,2572.0,2515.0,2450.0,2442.0,2361.0,2400.0
948442930476324001,3412,3375,3332,3294,3259,3196,3137,3042.0,2985.0,2977.0,2915.0,2826.0,2806.0,2760.0,2722.0
948442930547843002,4061,4092,4131,4152,4144,4192,4170,4291.0,4311.0,4326.0,4295.0,4216.0,4264.0,4298.0,4317.0
948542930465223801,1339,1308,1291,1274,1246,1243,1213,1188.0,1180.0,1167.0,1171.0,1155.0,1147.0,1143.0,1154.0
948642930510240601,10158,10216,10308,10429,10407,10358,10266,10132.0,10088.0,9969.0,9884.0,9849.0,9903.0,9848.0,9817.0
948842930479969002,2690,2680,2672,2642,2677,2646,2638,2620.0,2620.0,2636.0,2640.0,2629.0,2583.0,2579.0,2623.0
948942928932458401,1634,1618,1634,1612,1630,1648,1623,1615.0,1627.0,1645.0,1666.0,1635.0,1637.0,1619.0,1641.0
948942930516425501,5566,5567,5612,5614,5631,5588,5565,5498.0,5484.0,5483.0,5480.0,5385.0,5374.0,5425.0,5422.0
949042929022389002,624,602,593,582,590,570,550,544.0,526.0,524.0,520.0,518.0,514.0,485.0,483.0
949042930521017201,1957,1922,1910,1917,1883,1850,1832,1787.0,1779.0,1758.0,1745.0,1730.0,1733.0,1719.0,1697.0
949142930529305901,1585,1563,1547,1552,1543,1550,1578,1581.0,1594.0,1605.571428571429,1588.0,1597.0,1618.0,1638.0,1623.0
949242930460437801,21197,21384,21484,21611,21660,21729,21659,21389.0,21499.0,21533.0,21615.0,21752.0,21677.0,21550.0,21621.0
949242930517862002,2932,2896,2922,2912,2889,2912,2871,2832.0,2816.0,2739.0,2715.0,2648.0,2626.0,2603.0,2592.0
949342930517533902,837,810,788,762,755,736,728,668.0,647.0,626.0,621.0,597.0,584.0,571.0,563.0
949442930530844502,6593,6670,6674,6759,6762,6764,6716,6829.0,6753.0,6749.0,6698.0,6743.0,6729.0,6687.0,6732.0
949642930473528401,1623,1609,1608,1589,1600,1599,1577,1554.0,1513.0,1500.0,1520.0,1459.0,1433.0,1395.0,1394.0
949642930475075602,400,391,398,385,385,396,396,390.0,372.0,361.0,356.0,356.0,348.0,365.0,360.0
949742930475932202,474,461,467,455,458,449,442,453.0,444.0,430.0,419.0,410.0,402.0,397.0,388.0
951142930454404802,1463,1462,1447,1443,1429,1423,1418,1386.0,1383.0,1364.0,1350.0,1340.0,1350.0,1340.0,1327.0
951242930522972602,193,193,205,203,203,206,205,198.0,199.0,196.0,196.0,196.0,199.0,200.0,195.0
951342930534067702,13326,13474,13650,13682,13647,13614,13549,13530.0,13487.0,13499.0,13532.0,13440.0,13424.0,13334.0,13459.0
951642928153700201,5180,5124,5074,5014,4949,4880,4847,4750.0,4649.0,4628.0,4675.666666666667,4675.666666666667,4675.666666666667,4675.666666666667,4675.666666666667
951642930545898901,2391,2352,2365,2348,2298,2286,2255,2228.0,2204.0,2190.0,2155.0,2110.0,2096.0,2107.0,2102.0
951742930547731801,13443,13865,14251,14436,14557,14651,14572,14666.0,14516.0,14433.0,14424.0,14549.0,14608.0,14702.0,14790.0
951742930548683601,1198,1191,1201,1154,1159,1162,1139,1123.0,1114.0,1083.0,1067.0,1047.0,1045.0,1027.0,1018.0
951842928005351602,14820,14878,15044,15124,15277,15342,15375,15346.0,15386.0,15372.0,15406.0,15022.0,14974.0,14974.0,15173.0
951842930480654401,11317,11354,11360,11326,11368,11320,11272,11113.0,11086.0,11108.0,10988.0,10975.0,10956.0,11060.0,11097.0
951942930531831401,1438,1436,1463,1488,1470,1475,1467,1502.0,1516.0,1552.0,1589.0,1623.0,1656.0,1682.0,1735.0
952042930529873001,1320,1336,1328,1308,1275,1266,1267,1262.0,1251.0,1226.0,1201.0,1197.0,1181.0,1201.0,1193.0
952042930534458201,821,810,822,843,844,843,833,847.0,859.0,862.0,850.0,848.0,844.0,851.0,846.0
952342928832402902,1265,1239,1216,1229,1233,1258,1276,1235.0,1203.0,1180.0,1135.0,1129.0,1131.0,1141.0,1150.0
952442930522661301,353,327,320,322,320,324,317,315.0,314.0,311.0,307.0,306.0,290.0,285.0,280.0
952642930466446201,3124,3113,3146,3233,3254,3289,3306,3351.0,3331.0,3324.0,3335.0,3260.0,3296.0,3368.0,3379.0
952742930519006401,1935,1919,1908,1870,1855,1837,1817,1809.0,1777.0,1749.0,1747.0,1697.0,1702.0,1675.0,1681.0
953042930474364501,280,262,259,251,245,235,236,214.16666666666663,214.16666666666663,226.0,223.0,219.0,207.0,206.0,204.0
953042930529477401,3678,3624,3560,3504,3374,3286,3245,3191.0,3141.0,3140.0,3095.0,2965.0,2922.0,2878.0,2844.0
953142930462837201,909,919,925,930,945,948,942,951.0,958.0,968.0,982.0,982.0,985.0,991.0,996.0
953242930538614501,630,624,599,594,572,551,558,534.0,532.0,541.0,541.0,529.0,516.0,506.0,519.0
953342930524863801,679,694,679,696,686,696,682,677.0,653.0,637.0,628.0,618.0,612.0,612.0,607.0
953442930451189902,5337,5422,5446,5415,5445,5468,5455,5375.0,5360.0,5311.0,5371.0,5376.0,5288.0,5280.0,5334.0
953442930515440001,80117,81016,81632,82420,83382,84181,84732,86125.0,87897.0,87073.0,87039.0,87875.0,88642.0,89114.0,89411.0
953542930454383101,263,264,278,280,274,271,282,238.0,228.0,214.0,212.0,217.0,215.0,219.0,221.0
953542930455845302,1489,1462,1452,1424,1404,1384,1358,1337.0,1356.0,1320.0,1285.0,1214.0,1204.0,1187.0,1219.0
953642930540523101,410,388,396,393,393,389,401,401.0,412.0,412.0,404.0,408.0,409.0,391.0,398.0
953942930458602702,567,566,553,540,546,544,532,536.0,530.0,522.0,521.0,511.0,495.0,513.4285714285714,479.0
954042930521132401,7865,7837,7858,7876,7888,7922,7898,7879.0,7904.0,7922.0,7889.0,7787.0,7821.0,7828.0,7846.0
954142930453395402,2414,2405,2383,2408,2400,2382,2385,2333.0,2326.0,2307.0,2282.0,2254.0,2249.0,2273.0,2288.0
954242929843369301,4966,4993,4953,4929,4873,4842,4823,4746.0,4726.0,4673.0,4606.0,4483.0,4519.0,4465.0,4423.0
954242930528200102,5332,5325,5349,5326,5302,5239,5200,5108.0,5003.0,4999.0,4967.0,4911.0,4836.0,4789.0,4758.0
954342930467802401,2218,2203,2182,2153,2127,2089,2061,2034.0,1991.0,1938.0,1888.0,1819.0,1822.0,1813.0,1761.0
954442930547976801,6485,6537,6530,6566,6555,6507,6442,6327.0,6325.0,6348.0,6301.0,6264.0,6272.0,6352.0,6475.0
954542930452237002,5059,5024,5044,5054,5015,5039,4969,4880.0,4816.0,4771.0,4737.0,4673.0,4622.0,4564.0,4549.0
954542930480346202,1754,1762,1759,1747,1758,1740,1725,1714.0,1689.0,1689.0,1668.0,1619.0,1637.0,1608.0,1597.0
954542930546452101,11491,11619,11866,12103,12157,12216,12253,12349.0,12390.0,12465.0,12560.0,12531.0,12487.0,12592.0,12716.0
955342928159200301,40604,40570,40756,40856,41329,41740,42080,42453.0,42616.0,42760.0,42580.0,42325.0,42458.0,42380.0,42265.0
955342930473324302,14669,14801,14883,14915,14817,14774,14692,14314.0,14111.0,13892.0,13847.0,13734.0,13713.0,13667.0,13715.0
955542930480227901,2796,2760,2750,2746,2705,2716,2688,2628.0,2607.0,2519.0,2483.0,2459.0,2422.0,2400.0,2367.0
955642930531170101,2602,2608,2590,2645,2646,2642,2654,2645.0,2658.0,2674.0,2715.0,2677.0,2654.0,2578.0,2611.0
955742930539644702,18428,18411,18343,18302,18187,18119,18017,17903.0,17683.0,17496.0,17441.0,17460.0,17457.0,17339.0,17221.0
956042929141354202,4324,4371,4393,4386,4378,4394,4370,4247.0,4226.0,4206.0,4193.0,4228.0,4252.0,4209.0,4237.0
956142929309425801,3217,3210,3191,3208,3191,3168,3159,3121.0,3067.0,3038.0,3010.0,2981.0,2943.0,2915.0,2902.0
956342930479677001,590,590,606,604,594,608,584,562.0,558.0,553.0,542.0,553.0,540.0,543.0,572.0
956542930473319301,2585,2571,2641,2628,2674,2668,2687,2716.0,2718.0,2716.0,2704.0,2671.0,2666.0,2646.0,2595.0
956542930525395202,687,666,657,653,640,628,623,614.0,600.0,589.0,582.0,572.0,571.0,566.0,558.0
956542930541439401,624,631,616,616,599,624,617,619.0,616.0,619.0,609.0,616.0,617.0,618.0,593.0
956842930450876002,6360,6383,6407,6401,6390,6389,6389,6272.0,6219.0,6225.0,6236.0,6170.0,6134.0,6072.0,6074.0
956842930527651202,13221,13356,13333,13384,13547,13512,13426,13327.0,13304.0,13316.0,13280.0,13242.0,13236.0,13250.0,13174.0
956842930532920901,4489,4637,4743,4793,4933,4990,5022,5045.0,5025.0,5051.0,5113.0,5145.0,5108.0,5071.0,5094.0
956942928043638902,7356,7476,7690,7842,7966,7997,8102,8237.0,8376.0,8391.0,8496.0,8544.0,8553.0,8602.0,8596.0
956942930479612601,2335,2363,2353,2354,2369,2359,2361,2349.0,2323.0,2304.0,2307.0,2318.0,2341.0,2356.0,2338.0
956942930526853301,1219,1230,1237,1242,1257,1232,1216,1175.0,1165.0,1155.0,1122.0,1094.0,1097.0,1082.0,1068.0
957142930548126201,8464,8515,8468,8454,8569,8593,8531,8420.0,8407.0,8451.0,8437.0,8374.0,8346.0,8302.0,8375.0
957442930455747502,7606,7531,7488,7416,7418,7338,7281,7147.0,7067.0,7012.0,6908.0,6874.0,6796.0,6662.0,6596.0
957642928954607202,1146,1153,1142,1138,1139,1152,1148,1129.0,1123.0,1122.0,1124.0,1105.0,1108.0,1107.0,1095.0
957842930530259601,10195,10250,10281,10256,10267,10203,10110,9944.0,9853.0,9747.0,9694.0,9574.0,9491.0,9415.0,9387.0
957942930479052102,2344,2339,2356,2334,2308,2268,2263,2234.0,2221.0,2201.0,2190.0,2129.0,2125.0,2101.0,2115.0
958242930542525701,13060,13224,13629,13827,14066,14142,14150,14242.0,14279.0,14243.0,14257.0,14620.0,14663.0,14694.0,14905.0
958442930462254801,610,606,594,621,611,599,594,600.0,599.0,593.0,590.0,591.0,597.0,568.0,611.0
958542928258080802,7765,7798,7787,7783,7777,7832,7813,7863.0,7838.0,7809.0,7698.0,7665.0,7659.0,7690.0,7676.0
958742930518895201,9292,9290,9289,9228,9169,9090,9015,8833.0,8667.0,8589.0,8452.0,8256.0,8219.0,8100.0,8016.0
958942930527515102,15009,15235,15306,15389,15588,15717,15714,15745.0,15826.0,15974.0,15970.0,16010.0,16022.0,16106.0,16127.0
959042930526136701,285,284,281,283,281,269,266,254.0,258.0,257.0,251.0,250.0,252.0,240.0,235.0
959442930546133502,5824,5826,5856,5915,5918,5864,5866,5785.0,5765.0,5738.0,5699.0,5678.0,5697.0,5653.0,5609.0
959742930537123502,4727,4722,4680,4656,4616,4613,4612,4541.0,4521.0,4472.0,4453.0,4382.0,4354.0,4294.0,4266.0
959942930543369201,1153,1158,1166,1172,1155,1152,1117,1217.0,1307.0,1318.0,1328.0,1279.0,1131.0,1047.0,1111.0
961142930351069302,1910,1941,1930,1925,1897,1937,1931,1870.0,1852.0,1835.0,1828.0,1795.0,1777.0,1764.0,1760.0
961142930461546202,1031,1018,1006,991,976,969,935,927.0,931.0,904.0,906.0,901.0,901.0,902.0,887.0
961142930517747501,109,108,110,108,107,110,111,102.2,102.2,102.2,110.0,108.0,100.0,98.0,95.0
961242930455161301,160,155,166,159,159,156,154,162.85714285714286,158.0,163.0,165.0,161.0,158.0,170.0,165.0
961242930464261901,2135,2247,2317,2376,2418,2430,2430,2443.0,2452.0,2443.0,2425.0,2414.0,2405.0,2392.0,2396.0
961442930467759901,1626,1677,1695,1705,1701,1739,1747,1695.0,1682.0,1697.0,1684.0,1674.0,1696.0,1719.0,1687.0
961442930518773602,2773,2764,2760,2791,2747,2742,2716,2687.0,2627.0,2589.0,2586.0,2542.0,2501.0,2433.0,2439.0
961442930532689401,1059,1073,1064,1045,1042,1037,1021,1009.0,986.0,991.0,998.0,972.0,965.0,966.0,964.0
961542929346340301,382,376,373,350,343,335,336,290.2857142857143,315.0,300.0,298.0,281.0,275.0,275.0,288.0
961942929839471701,32741,32786,32755,32771,32599,32312,32207,31801.0,31588.0,31505.0,31189.0,30993.0,30869.0,30587.0,30454.0
961942930515553502,2759,2750,2823,2838,2811,2714,2641,2533.0,2481.0,2380.0,2321.0,2262.0,2200.0,2197.0,2193.0
962142930530993302,494,491,478,466,454,443,442,419.0,391.0,378.0,366.0,359.0,325.0,311.0,312.0
962342930452810602,32591,32691,33168,33321,33138,32951,32697,32614.0,32667.0,32509.0,32455.0,31968.0,31934.0,31906.0,32083.0
962342930468882301,5277,5286,5252,5270,5347,5319,5279,5226.0,5193.0,5166.0,5209.0,5182.0,5161.0,5184.0,5186.0
962342930508053501,1551,1570,1582,1582,1586,1569,1533,1487.0,1462.0,1461.0,1440.0,1388.0,1397.0,1393.0,1394.0
962442928210611301,1028,986,987,986,995,975,984,959.0,942.0,918.0,910.0,920.0,930.0,945.0,957.0
962542930463322701,5499,5460,5456,5384,5352,5352,5325,5270.0,5238.0,5147.0,5075.0,4897.0,4859.0,4780.0,4740.0
962642930469208602,12987,12978,13030,13070,12994,12957,12906,12803.0,12799.0,12872.0,12862.0,12799.0,12720.0,12655.0,12728.0
962742929456836401,19920,19982,20017,19932,20045,20036,20053,20008.0,19968.0,20067.0,20137.0,20056.0,19877.0,19910.0,20086.0
962842930531880501,6933,6950,7033,7068,7119,7168,7099,6996.0,6908.0,6885.0,6851.0,6827.0,6767.0,6763.0,6841.0
962942927979853501,1196,1148,1139,1146,1149,1157,1147,1126.0,1118.0,1090.0,1066.0,1077.0,1068.0,1053.0,1047.0
962942930460668301,3470,3554,3561,3641,3639,3631,3624,3514.0,3559.0,3540.0,3543.0,3598.0,3574.0,3515.0,3541.0
963042930532763301,1206,1213,1197,1169,1156,1149,1136,1109.0,1114.0,1117.0,1096.0,1085.0,1069.0,1050.0,1058.0
963342928043761402,12241,12241,12281,12340,12344,12324,12290,12145.0,12103.0,12011.0,11933.0,12050.0,11964.0,11968.0,11921.0
963342930518326502,3025,3018,2964,2935,2949,2976,2975,2911.0,2929.0,2968.0,2949.0,2941.0,2944.0,2950.0,2970.0
963442928683947202,397,389,355,334,326,329,330,353.0,327.0,332.0,315.0,316.0,309.0,306.0,316.0
963442930510408502,5129,5160,5175,5204,5175,5171,5120,5107.0,5084.0,5069.0,5034.0,5010.0,4993.0,4994.0,5035.0
963442930516942101,5997,6069,6057,6016,5978,6001,5971,5845.0,5818.0,5760.0,5731.0,5682.0,5679.0,5630.0,5656.0
963642929658219501,9894,9953,9872,9872,9848,9772,9706,9543.0,9468.0,9401.0,9289.0,9123.0,9096.0,9042.0,9077.0
963642930509821701,48303,50022,51507,52064,52452,52506,52433,51430.0,52054.0,51666.0,52335.0,57838.0,58593.0,58949.0,59355.0
963742930449124201,1105,1114,1100,1113,1142,1145,1150,1134.0,1136.0,1104.0,1101.0,1088.0,1080.0,1064.0,1081.0
963842930450989202,4062,4068,4071,4104,4132,4048,4026,3756.428571428571,3904.0,3841.0,3782.0,3707.0,3704.0,3687.0,3670.0
963842930527426602,30196,30144,30283,30340,30065,29974,29818,29596.0,29322.0,29088.0,28939.0,29182.0,29166.0,29067.0,29243.0
963842930531766301,313,316,310,301,288,279,285,271.0,266.0,272.0,264.0,254.0,262.0,254.0,245.0
963842930546998002,2671,2737,2748,2766,2749,2749,2743,2811.0,2801.0,2852.0,2853.0,2878.0,2874.0,2876.0,2897.0
963942930460038501,3304,3293,3280,3282,3283,3268,3250,3064.8571428571427,3125.0,3121.0,3103.0,3030.0,3029.0,3027.0,3019.0
964042930464943902,707,717,714,673,652,636,627,602.0,581.0,550.0,546.0,536.0,530.0,480.0,455.0
964142930516904502,1417,1398,1362,1373,1358,1344,1336,1314.0,1225.2,1247.0,1221.0,1174.0,1170.0,1225.2,1225.2
964142930517458502,8922,9197,9292,9357,9397,9453,9547,9753.0,9745.0,9838.0,9894.0,9998.0,9944.0,9903.0,9979.0
964242930529017801,950,950,930,923,916,906,893,862.0,881.0,886.0,872.0,872.0,860.0,852.0,840.0
964342930516445401,158,160,154,146,141,134,128,132.0,131.0,128.0,128.0,132.0,136.0,132.0,129.0
964442930451204401,12988,12947,12929,12842,12949,12944,13066,12980.0,13159.0,13172.0,13376.0,13225.0,13346.0,13331.0,13449.0
964442930468841802,1324,1301,1258,1250,1261,1241,1243,1200.0,1185.0,1170.0,1165.0,1171.0,1128.0,1127.0,1113.0
964442930516029901,1080,1060,1036,1038,1029,996,1000,1001.0,1010.0,999.0,990.0,988.0,969.0,947.0,933.0
964542930534829601,1218,1224,1180,1165,1172,1141,1141,1116.0,1106.0,1084.0,1086.0,1058.0,1053.0,1079.0,1060.0
964642930447303601,1064,1023,990,941,917,910,885,823.0,806.0,783.0,743.0,702.0,679.0,640.0,641.0
964642930508199002,18466,18741,18921,19015,19142,19307,19282,19290.0,19331.0,19321.0,19341.0,19458.0,19495.0,19455.0,19478.0
964742928265489001,4221,4198,4225,4255,4222,4203,4174,4119.0,4100.0,4132.0,4093.0,4074.0,4085.0,4059.0,4052.0
965042930523449702,539,546,542,542,538,519,528,518.0,530.0,527.0,510.0,517.0,514.0,517.0,536.0
965042930527584901,1179,1188,1181,1179,1147,1114,1117,1096.0,1103.0,1093.0,1087.0,1068.0,1073.0,1071.0,1072.0
965242930478938802,28323,28338,28297,28293,27990,27898,27791,27502.0,27363.0,26945.0,26801.0,26411.0,26460.0,26170.0,26187.0
965242930545341502,423,425,424,430,434,425,411,395.0,376.0,367.0,382.0,382.0,384.0,389.0,387.0
965442929269076802,6686,6672,6796,6882,6947,6992,6959,6933.0,6960.0,6971.0,6993.0,6984.0,6978.0,7021.0,7081.0
965442930466459402,1845,1840,1797,1793,1785,1784,1781,1783.0,1799.0,1769.0,1756.0,1729.0,1741.0,1744.0,1742.0
965542930518402902,5357,5411,5443,5426,5532,5500,5551,5486.0,5466.0,5445.0,5440.0,5406.0,5481.0,5546.0,5642.0
965542930519327801,351,345,343,347,349,349,351,339.0,339.0,322.0,311.0,318.0,316.0,311.0,310.0
965642930507931901,288,276,263,256,253,256,250,250.0,248.0,244.0,236.0,238.0,241.0,237.0,243.0
965642930550576402,8509,8435,8354,8210,8086,7996,7970,7835.0,7753.0,7692.0,7757.0,7618.0,7596.0,7566.0,7581.0
965842930462978301,556,555,556,551,539,530,518,507.0,512.0,507.0,491.0,473.0,478.0,468.0,472.0
965942930456290901,2091,2095,2089,2082,2055,2025,1993,1987.0,1969.0,1951.0,1925.0,1855.0,1869.0,1840.0,1835.0
965942930479991401,708,705,697,690,669,674,667,648.0,649.0,634.0,622.0,610.0,602.0,601.0,583.0
966042930523863102,27387,27340,27564,27560,27523,27469,27434,27272.0,27252.0,27391.0,27465.0,27244.0,27228.0,27307.0,27455.0
966242930458293601,1280,1269,1227,1210,1227,1240,1215,1194.0,1172.0,1165.0,1144.0,1139.0,1138.0,1180.0,1178.0
966242930507778301,56514,56443,56474,56378,55879,55509,54848,54001.0,53538.0,52861.0,52546.0,53457.0,53396.0,53168.0,53089.0
966242930537487801,1283,1293,1294,1269,1243,1233,1216,1219.0,1237.0,1234.0,1233.0,1212.0,1239.0,1224.0,1263.0
966542930452374102,7903,7791,7713,7698,7660,7566,7503,7317.0,7209.0,7184.0,7095.0,6950.0,6931.0,6891.0,6883.0
966642930509129402,18598,18635,18628,18572,18574,18550,18581,18590.0,18679.0,18653.0,18762.0,19151.0,19194.0,19263.0,19490.0
966842930546828601,10725,10699,10634,10522,10479,10382,10285,10096.0,10000.0,9918.0,9792.0,9567.0,9444.0,9334.0,9193.0
967142930464488001,5384,5500,5549,5606,5659,5669,5645,5590.0,5542.0,5562.0,5544.0,5546.0,5578.0,5605.0,5671.0
967142930547103301,23339,23726,24055,24216,24652,24705,24763,24918.0,24946.0,25019.0,25003.0,25418.0,25334.0,25341.0,25295.0
967242930460534302,664,669,671,663,667,661,664,638.0,633.0,641.0,635.0,639.0,620.0,610.0,616.0
967242930472745001,852,899,891,913,941,929,945,929.0,930.0,921.0,912.0,929.0,936.0,931.0,923.0
967342930528042701,7523,7533,7525,7513,7461,7440,7404,7356.0,7323.0,7206.0,7192.0,7105.0,7113.0,7052.0,7024.0
967442930520025701,6176,6252,6416,6475,6624,6801,6793,6816.0,6818.0,6778.0,6876.0,6841.0,6878.0,6909.0,6946.0
967842930463013002,9880,10108,10358,10472,10602,10644,10690,10669.0,10641.0,10698.0,10598.0,10674.0,10784.0,10794.0,10945.0
967842930542203001,6440,6568,6588,6590,6644,6629,6663,6637.0,6606.0,6527.0,6468.0,6350.0,6307.0,6234.0,6204.0
968142930475744302,1438,1421,1446,1443,1451,1437,1422,1343.5,1343.5,1384.0,1350.0,1317.0,1337.0,1344.0,1329.0
968142930477114302,688,689,664,665,669,673,663,645.0,633.0,648.0,642.0,637.0,622.0,598.0,593.0
968242930522030001,4907,4943,4961,4972,5083,5103,5130,5116.0,5128.0,5166.0,5154.0,5129.0,5125.0,5098.0,5096.0
968342930475811501,921,922,897,865,861,857,860,819.0,815.0,809.0,805.0,797.0,790.0,769.0,769.0
968442930465095302,2398,2396,2401,2410,2421,2373,2421,2390.0,2381.0,2326.0,2311.0,2267.0,2264.0,2263.0,2247.0
968542930461923801,12843,12966,13091,13173,13309,13355,13313,13317.0,13225.0,13293.0,13336.0,13479.0,13434.0,13502.0,13654.0
968542930529489202,430,425,410,403,389,379,368,350.0,343.0,330.0,327.0,317.0,304.0,288.0,284.0
968542930532377101,6573,6652,6715,6758,6746,6726,6764,6503.142857142857,6615.0,6606.0,6533.0,6470.0,6481.0,6418.0,6399.0
968642930464498502,642,676,720,711,703,722,727,724.0,717.0,697.0,696.0,672.0,680.0,671.0,662.0
968742929476694201,4678,4731,4762,4837,4907,4950,5039,5110.0,5148.0,5156.0,5161.0,5143.0,5148.0,5159.0,5178.0
969142928602042001,1974,1961,1936,1893,1862,1841,1827,1766.0,1725.0,1687.0,1638.0,1575.0,1545.0,1518.0,1476.0
969242930522298301,2511,2553,2522,2553,2580,2603,2566,2621.0,2535.0,2520.0,2497.0,2443.0,2458.0,2415.0,2419.0
969342930519945302,4382,4451,4561,4588,4524,4576,4628,4672.0,4689.0,4699.0,4680.0,4705.0,4695.0,4709.0,4765.0
969342930533498502,1075,1091,1087,1095,1076,1092,1073,1043.0,1043.0,1048.0,1016.0,1004.0,990.0,1004.0,1004.0
969442928865184902,6471,6375,6380,6312,6274,6240,6200,6098.0,6058.0,5926.0,5914.0,5808.0,5830.0,5791.0,5727.0
969542928213898601,611,609,583,584,575,571,565,545.0,536.0,512.0,496.0,488.0,466.0,467.0,455.0
969742930530626001,1473,1453,1423,1403,1379,1366,1358,1364.0,1315.0,1281.0,1242.0,1216.0,1163.0,1143.0,1166.0
969842930524830001,300,298,306,304,285,279,280,264.0,259.0,261.0,255.0,258.0,265.0,259.0,253.0
969942930469259302,991,970,953,927,933,955,938,931.0,942.0,926.0,917.0,917.0,912.0,907.0,926.0
971242930533584501,878,859,855,837,825,839,854,818.0,820.0,818.0,809.0,791.0,807.0,806.0,809.0
971542930543396901,474,466,460,451,460,472,488,459.57142857142856,481.0,464.0,457.0,452.0,458.0,459.0,446.0
971642930528796401,1824,1789,1759,1758,1745,1742,1731,1678.0,1661.0,1622.0,1606.0,1552.0,1529.0,1491.0,1463.0
971842928119434301,1453,1457,1526,1636,1681,1727,1764,1762.0,1772.0,1753.0,1727.0,1729.0,1725.0,1709.0,1722.0
971942930462817402,1272,1299,1300,1333,1369,1377,1353,1357.0,1373.0,1382.0,1404.0,1427.0,1415.0,1417.0,1442.0
972142930534486401,417,404,396,395,394,386,375,366.0,358.0,362.0,352.0,355.0,353.0,343.0,345.0
972242930466527502,826,815,805,807,783,778,763,744.0,724.0,693.1428571428571,701.0,698.0,673.0,667.0,645.0
972342930456637902,4741,4694,4652,4654,4606,4548,4479,4365.0,4329.0,4290.0,4254.0,4177.0,4176.0,4161.0,4159.0
972442930463760402,2260,2241,2200,2186,2168,2109,2098,1982.0,1951.0,1908.0,1909.0,1808.0,1773.0,1761.0,1789.0
972542928779048802,976,963,961,943,923,923,912,918.0,902.0,877.0,863.0,854.0,842.0,839.0,816.0
972642928168076602,794,778,771,747,733,737,735,748.0,779.0,779.0,744.0,742.0,727.0,695.0,685.0
972842930545512801,10858,10958,10974,10981,11029,11076,10959,10987.0,10995.0,11037.0,11050.0,10839.0,10749.0,10675.0,10779.0
973142930549041502,3339,3366,3389,3409,3421,3436,3452,3470.0,3451.0,3422.0,3434.0,3406.0,3405.0,3373.0,3365.0
973242930455705001,1836,1799,1778,1730,1698,1647,1615,1580.0,1584.0,1578.0,1554.0,1491.0,1477.0,1478.0,1465.0
973242930523546102,288,289,286,282,284,274,274,292.0,278.0,284.0,278.0,275.0,293.0,295.0,311.0
973342930468039502,8280,8375,8381,8293,8339,8359,8341,8336.0,8335.0,8170.0,8217.0,8180.0,8105.0,8012.0,8005.0
973442930476837301,4274,4260,4223,4204,4156,4136,4164,4023.0,3948.0,3911.0,3875.0,3857.0,3880.0,3889.0,3931.0
973542930517808201,596,579,592,569,587,595,583,561.0,563.0,566.0,566.0,575.0,569.0,559.0,546.0
973642930459367202,42824,43564,44000,44360,44614,44828,44945,45053.0,44851.0,44801.0,44765.0,45005.0,44865.0,44735.0,44814.0
973742930459430801,1352,1324,1322,1300,1285,1286,1274,1232.0,1211.0,1194.0,1180.0,1154.0,1125.0,1092.0,1075.0
973742930459958501,3707,3747,3758,3910,3907,3882,3885,3770.0,3745.0,3722.0,3710.0,3676.0,3708.0,3759.0,3779.0
973842930533953702,2177,2197,2175,2184,2173,2188,2183,2221.0,2178.0,2115.0,2123.0,2106.0,2118.0,2094.0,2109.0
974142930460705201,587,581,573,566,540,509,502,497.0,489.0,479.0,461.0,457.0,468.0,478.0,465.0
974342930474992301,1320,1304,1292,1292,1264,1231,1230,1219.0,1191.0,1181.0,1145.0,1098.0,1105.0,1099.0,1097.0
974342930526845102,2077,2071,2100,2087,2044,2029,2037,1876.7142857142856,1939.0,1925.0,1910.0,1868.0,1848.0,1823.0,1824.0
974342930550376201,4540,4507,4472,4455,4441,4384,4349,4258.0,4254.0,4207.0,4173.0,4055.0,4045.0,3998.0,4018.0
974542928135600801,2606,2593,2578,2547,2510,2452,2433,2383.0,2340.0,2308.0,2263.0,2204.0,2130.0,2090.0,2071.0
974642930459633401,5048,5160,5123,5165,5141,5237,5350,5334.0,5244.0,5190.0,5135.0,5220.0,5228.0,5239.0,5315.0
974742930478575402,841,812,805,813,799,796,786,751.0,754.0,770.0,785.0,798.0,798.0,803.0,823.0
974742930529994401,771,776,779,808,822,815,807,794.0,794.0,803.0,770.0,762.0,765.0,751.0,752.0
974742930550060201,217,208,202,182,185,192,188,193.0,189.0,185.0,181.0,179.0,178.0,182.0,177.0
974942930457040201,1491,1493,1515,1510,1525,1530,1506,1448.0,1461.0,1423.0,1405.0,1426.0,1453.0,1452.0,1477.0
974942930543725101,1281,1285,1307,1300,1313,1334,1355,1395.0,1407.0,1409.0,1418.0,1380.0,1402.0,1398.0,1419.0
975042930510541501,2070,2115,2099,2089,2107,2123,2111,2091.0,2100.0,2080.0,2063.0,2015.0,2001.0,2007.0,2031.0
975242930453297801,280,284,295,293,285,282,280,264.0,273.0,269.0,270.0,264.0,262.0,253.0,257.0
975242930461071801,2547,2556,2551,2532,2529,2518,2495,2278.714285714286,2390.0,2348.0,2304.0,2238.0,2242.0,2217.0,2212.0
975842928932504301,3231,3226,3201,3192,3130,3069,2985,2994.0,2936.0,3002.0,2927.0,2875.0,2788.0,2745.0,2732.0
975842929372830602,10691,10774,10745,10829,10844,10776,10760,10720.0,10791.0,10776.0,10828.0,10870.0,10884.0,10920.0,10971.0
975842930459401601,2059,2049,2034,2010,2001,2058,2121,2099.0,2111.0,2158.0,2147.0,2171.0,2166.0,2185.0,2188.0
975942930550236302,1847,1856,1866,1825,1824,1806,1753,1699.0,1668.0,1628.0,1606.0,1563.0,1551.0,1518.0,1516.0
976042930510456402,2163,2147,2081,2077,2081,2080,2084,2075.0,2053.0,2028.0,2010.0,1977.0,1982.0,1964.0,1994.0
976142930517873802,1576,1548,1507,1511,1479,1449,1425,1387.0,1372.0,1346.0,1314.0,1277.0,1266.0,1253.0,1246.0
976342930474245901,25084,25192,25240,25047,25005,25042,25009,24939.0,24941.0,25078.0,25230.0,25443.0,25313.0,25366.0,25615.0
976542930455330202,9122,9062,9068,9082,9099,9094,9067,8974.0,8893.0,8841.0,8761.0,8668.0,8585.0,8539.0,8568.0
976642928236013301,3998,4047,4121,4209,4234,4238,4218,4196.0,4175.0,4133.0,4144.0,4187.0,4189.0,4175.0,4237.0
976642930525848502,1630,1598,1576,1556,1539,1509,1489,1442.0,1418.0,1406.0,1402.0,1362.0,1355.0,1314.0,1297.0
976742930515539501,5631,5618,5560,5637,5634,5667,5693,5638.0,5598.0,5635.0,5645.0,5627.0,5610.0,5590.0,5616.0
976842930528358801,385,379,381,362,364,365,355,340.0,334.0,334.0,323.0,309.0,307.0,305.0,300.0
976942929166149801,5683,5829,5915,5975,6021,6035,6016,5998.0,5997.0,5971.0,6055.0,6053.0,6098.0,6091.0,6154.0
976942929649420101,2083,2076,2084,2109,2092,2112,2089,2022.0,2029.0,2028.0,2018.0,1977.0,2007.0,2002.0,2013.0
976942930517612501,909,909,921,924,912,915,898,891.0,879.0,858.0,850.0,840.0,811.0,794.0,776.0
976942930544036701,27104,27086,27076,26977,26836,26777,26597,26244.0,26228.0,26042.0,25844.0,25436.0,25410.0,25230.0,25153.0
977042929761804101,360,356,334,330,320,313,307,301.0,301.0,297.0,285.0,278.0,270.0,266.0,255.0
977042929766082001,3204,3207,3224,3216,3198,3173,3166,3083.0,3092.0,3085.0,3092.0,3073.0,3035.0,3040.0,3045.0
977042930453187802,161,154,151,154,146,148,148,158.0,152.0,148.0,142.0,143.0,135.0,130.0,129.0
977042930455229602,5464,5450,5435,5543,5484,5518,5452,5289.0,5260.0,5252.0,5234.0,5205.0,5229.0,5238.0,5306.0
977042930520193801,4149,4124,4142,4073,4035,3960,3899,3911.0,3879.0,3834.0,3779.0,3736.0,3727.0,3667.0,3629.0
977242930456572102,963,935,915,897,860,841,834,829.0,779.0,764.0,741.0,725.0,721.0,707.0,695.0
977442930530523401,2624,2661,2661,2661,2668,2647,2629,2648.0,2606.0,2619.0,2597.0,2589.0,2581.0,2592.0,2644.0
977542929575506301,6111,6087,6072,6082,6052,5999,5966,5888.0,5808.0,5784.0,5693.0,5687.0,5664.0,5637.0,5607.0
977542930452687101,4123,4158,4169,4212,4244,4199,4194,4101.0,4100.0,4083.0,4053.0,4039.0,4013.0,3925.0,3851.0
977542930475079801,709,695,680,650,640,619,618,596.0,597.0,603.0,590.0,571.0,559.0,572.0,588.0
977742930517508802,4638,4771,4838,4886,4996,5020,4998,5015.0,5013.0,4957.0,5003.0,5081.0,5050.0,4964.0,4965.0
977842930530993101,12477,12607,12663,12727,12784,12845,12826,12807.0,12863.0,12907.0,12966.0,13128.0,13183.0,13233.0,13280.0
978042930473153201,12230,12257,12485,12554,12704,12777,12825,12922.0,12937.0,12938.0,12900.0,12825.0,12843.0,12899.0,12986.0
978042930477375602,339,333,318,311,284,277,287,264.0,255.0,255.0,241.0,233.0,230.0,228.0,243.71428571428572
978042930534141902,1471,1470,1432,1409,1363,1351,1358,1343.0,1347.0,1307.0,1277.0,1262.0,1236.0,1226.0,1218.0
978242930518591502,1828,1822,1809,1768,1750,1732,1714,1695.0,1660.0,1615.0,1570.0,1499.0,1453.0,1418.0,1428.0
978342930537191602,13041,13129,13137,13039,13085,13112,13084,13074.0,13076.0,13091.0,13116.0,13110.0,13184.0,13209.0,13256.0
978442930517492601,3251,3204,3179,3129,3054,3024,2933,2774.0,2693.0,2648.0,2577.0,2560.0,2534.0,2499.0,2429.0
978542930508391901,5319,5372,5372,5394,5367,5338,5338,5347.0,5346.0,5311.0,5346.0,5265.0,5290.0,5307.0,5379.0
978842930400230701,11518,11625,11681,11740,11957,11971,12019,12026.0,12097.0,12160.0,12236.0,12258.0,12198.0,12253.0,12361.0
978842930528686002,2920,2927,2890,2887,2875,2856,2873,2808.0,2850.0,2832.0,2799.0,2760.0,2729.0,2742.0,2706.0
978942930532049202,901,885,891,885,861,867,855,816.0,810.0,818.0,812.0,804.0,811.0,794.0,796.0
979142930452654002,847,860,849,846,846,832,848,857.0,836.0,829.0,826.0,832.0,817.0,820.0,823.0
979242930527183501,1358,1378,1437,1533,1619,1660,1667,1735.0,1724.0,1707.0,1712.0,1716.0,1719.0,1740.0,1755.0
979442930462990301,24225,24518,24770,24910,25103,25386,25710,25944.0,25734.0,26100.0,26056.0,26511.0,26556.0,26558.0,26861.0
979442930509263301,13876,14131,14223,14318,14454,14508,14598,14445.0,14463.0,14462.0,14428.0,14780.0,14728.0,14701.0,14753.0
979442930524665801,2092,2040,2007,1986,2001,2005,1958,1918.0,1898.0,1854.0,1832.0,1791.0,1795.0,1798.0,1824.0
979442930525011102,10090,10179,10151,10301,10400,10406,10484,10497.0,10435.0,10239.0,10153.0,10202.0,10179.0,10183.0,10197.0
979542928748781302,1539,1583,1559,1626,1700,1764,1800,1912.0,1936.0,1963.0,1996.0,1996.0,2020.0,2048.0,2038.0
979542930454523202,1209,1221,1230,1226,1224,1251,1237,1204.0,1183.0,1181.0,1176.0,1171.0,1158.0,1167.0,1164.0
979642930533659501,7424,7397,7416,7320,7268,7208,7138,6966.0,6870.0,6747.0,6699.0,6488.0,6482.0,6476.0,6461.0
979642930535500002,2163,2160,2168,2168,2155,2109,2068,1988.0,2017.0,1988.0,1978.0,1991.0,1983.0,2011.0,1983.0
979742930142546301,34981,35053,35051,34627,34604,34758,34726,34786.0,34883.0,35080.0,35065.0,34480.0,34274.0,34292.0,34445.0
979742930523962802,381,384,395,402,419,434,427,441.0,437.0,426.0,438.0,439.0,459.0,474.0,482.0
979842930522363902,2462,2511,2545,2573,2611,2630,2633,2633.0,2643.0,2661.0,2653.0,2653.0,2680.0,2691.0,2701.0
979942930544406401,7236,7156,7096,7055,6993,6949,6923,6749.0,6692.0,6588.0,6484.0,6285.0,6179.0,6110.0,6013.0
981142928030358901,6787,6770,6747,6784,6796,6848,6842,6850.0,6820.0,6789.0,6804.0,6763.0,6755.0,6747.0,6763.0
981242930533902402,5344,5501,5658,5801,5902,5967,6051,6133.0,6172.0,6245.0,6361.0,6433.0,6521.0,6606.0,6680.0
981342928887221701,386,389,400,423,423,417,414,387.0,386.0,365.0,371.0,374.0,377.0,364.0,351.0
981542930534375901,3983,4035,4030,3998,3989,3939,3888,3589.1428571428573,3716.0,3630.0,3592.0,3571.0,3553.0,3527.0,3535.0
981742930459941402,1082,1074,1074,1079,1078,1088,1098,1063.0,1045.0,1037.0,1052.0,1056.0,1050.0,1039.0,1039.0
981742930548355901,3084,3062,3072,3063,3080,3062,3037,3044.0,3018.0,2993.0,2961.0,2929.0,2937.0,2971.0,2971.0
981942930469934001,2218,2195,2166,2157,2118,2130,2104,2052.0,2036.0,1992.0,1953.0,1897.0,1891.0,1856.0,1862.0
981942930529053301,14455,14519,14565,14683,14807,14911,14886,14751.0,14691.0,14772.0,14678.0,14771.0,14682.0,14654.0,14740.0
982142930455207302,6503,6553,6606,6632,6669,6675,6765,6736.0,6756.0,6761.0,6792.0,6867.0,6837.0,6750.0,6723.0
982142930544994001,3323,3362,3360,3389,3412,3404,3394,3385.0,3391.0,3397.0,3378.0,3416.0,3379.0,3422.0,3454.0
982242930289696801,1563,1544,1511,1475,1408,1382,1361,1314.0,1294.0,1260.0,1240.0,1198.0,1178.0,1161.0,1144.0
982242930460539502,2991,2943,2925,2909,2873,2835,2814,2753.0,2721.0,2689.0,2674.0,2636.0,2634.0,2594.0,2581.0
982542930479890101,5428,5448,5453,5497,5484,5446,5409,5341.0,5321.0,5103.857142857143,5172.0,5050.0,4998.0,4961.0,4884.0
982642930544558602,416,399,393,369,362,361,348,338.0,335.0,328.0,314.0,305.0,293.0,304.0,297.0
983042930460799001,8484,8502,8502,8512,8641,8597,8623,8447.0,8393.0,8355.0,8367.0,8257.0,8240.0,8194.0,8297.0
983042930466731102,431,432,432,433,428,430,416,400.0,397.0,390.0,382.0,386.0,366.0,371.0,361.0
983242930451643002,190,186,182,175,171,171,171,151.0,145.0,146.0,145.0,147.0,144.0,135.0,136.0
983342929259477301,1530,1563,1570,1557,1573,1590,1576,1528.0,1520.0,1500.0,1488.0,1449.0,1444.0,1432.0,1465.0
983342930459033601,2675,2643,2600,2606,2568,2583,2537,2484.0,2487.0,2493.0,2493.0,2436.0,2435.0,2414.0,2408.0
983542930453502302,1462,1457,1473,1477,1505,1520,1532,1589.0,1593.0,1578.0,1601.0,1587.0,1581.0,1612.0,1630.0
983642928131153402,1283,1181,1197,1261,1219,1241,1225,1245.0,1211.0,1207.0,1180.0,1167.0,1182.0,1192.0,1177.0
983842930526950101,900,913,910,890,875,863,859,855.0,863.0,876.0,865.0,852.0,831.0,825.0,831.0
984142929194564701,4024,4028,4033,3991,3961,3935,3905,3846.8,3846.8,3846.8,4189.0,3855.0,3781.0,3700.0,3709.0
984142930475337102,1923,2019,2007,2017,2010,2027,2034,2028.0,2020.0,2013.0,1998.0,1977.0,1993.0,1969.0,1943.0
984142930540765001,7588,7616,7658,7538,7502,7438,7378,7225.0,7183.0,7116.0,7084.0,6931.0,6926.0,6912.0,6856.0
984342930458719601,3459,3462,3415,3391,3343,3286,3268,3219.0,3149.0,3104.0,3073.0,3032.0,3042.0,3023.0,3002.0
984442930473622301,10226,10247,10349,10256,10271,10249,10229,10112.0,10001.0,9997.0,9968.0,9979.0,9882.0,9816.0,9837.0
984442930508716301,7588,7622,7705,7682,7779,7811,7756,7787.0,7786.0,7758.0,7740.0,7863.0,7857.0,7862.0,7869.0
984742930461979802,2305,2341,2419,2458,2510,2525,2539,2490.0,2506.0,2516.0,2536.0,2549.0,2541.0,2551.0,2550.0
984742930524745701,1373,1371,1364,1373,1388,1391,1403,1461.0,1471.0,1474.0,1479.0,1468.0,1467.0,1471.0,1473.0
984842930464541401,2383,2382,2360,2322,2303,2286,2340,2330.0,2304.0,2309.0,2288.0,2237.0,2226.0,2263.0,2314.0
984842930522944902,4009,4013,3984,3983,3939,3936,3897,3855.0,3827.0,3799.0,3744.0,3666.0,3659.0,3609.0,3540.0
984942930471672501,723,740,733,736,712,727,734,726.0,720.0,717.0,711.0,707.0,710.0,694.0,676.0
985042930200071502,2079,2116,2169,2236,2300,2339,2345,2412.0,2436.0,2422.0,2438.0,2416.0,2435.0,2475.0,2473.0
985142928043557302,1342,1336,1331,1313,1315,1296,1293,1268.0,1265.0,1237.0,1221.0,1200.0,1176.0,1156.0,1136.0
985142930453584501,5792,5831,5829,5852,5835,5892,5898,5808.0,5870.0,5840.0,5808.0,5759.0,5782.0,5815.0,5857.0
985242928800758901,36761,36828,36834,36696,36502,36469,36358,36039.0,35762.0,35398.0,34996.0,34660.0,34183.0,33850.0,33611.0
985242930524502401,201455,201689,200752,200234,199268,198612,197486,195386.0,194227.0,192775.0,191050.0,190717.0,189461.0,188098.0,186798.0
985342930474563601,852,846,853,843,827,859,860,835.0,833.0,806.0,804.0,826.0,819.0,839.0,833.0
985442927963764302,1327,1335,1339,1339,1329,1325,1324,1335.0,1330.0,1323.0,1332.0,1285.0,1289.0,1280.0,1277.0
985442930524342302,1104,1112,1125,1100,1113,1109,1136,1123.0,1126.0,1121.0,1120.0,1118.0,1123.0,1123.0,1107.0
985542930469752901,9259,9379,9578,9579,9669,9746,9721,9779.0,9858.0,9916.0,9850.0,9854.0,9821.0,9890.0,10069.0
985642930461590101,5855,5891,5908,5892,5979,5967,5925,5864.0,5812.0,5784.0,5744.0,5817.0,5850.0,5880.0,5910.0
985642930550518002,193,187,190,192,199,192,196,203.0,200.0,199.0,196.0,194.0,195.0,190.0,188.0
985742930534538501,21017,21240,21479,21469,21527,21418,21460,21364.0,21371.0,21187.0,21071.0,20853.0,20792.0,20734.0,20635.0
986042930008347601,1545,1548,1536,1531,1506,1496,1474,1314.2857142857142,1419.0,1373.0,1333.0,1265.0,1284.0,1263.0,1263.0
986042930528538801,889,891,891,861,850,832,810,776.0,763.0,728.0,705.0,691.0,697.0,674.0,675.0
986142929613470602,1183,1158,1159,1172,1160,1156,1132,1123.0,1099.0,1092.0,1055.0,1005.0,1028.0,1010.0,1004.0
986142930459552302,1302,1291,1279,1272,1267,1250,1262,1154.857142857143,1185.0,1175.0,1178.0,1153.0,1140.0,1122.0,1131.0
986442929331698002,1773,1754,1784,1776,1762,1772,1777,1741.0,1733.0,1710.0,1702.0,1699.0,1679.0,1680.0,1664.0
986642930473804201,24772,24840,24965,25192,25431,25495,25415,25362.0,25309.0,25524.0,25582.0,25429.0,25473.0,25501.0,25640.0
986642930473913701,2184,2201,2169,2161,2148,2129,2118,2100.0,2083.0,2072.0,2057.0,2050.0,2046.0,2034.0,2021.0
986742930540662901,1537,1625,1648,1669,1699,1712,1726,1742.0,1779.0,1734.0,1715.0,1684.0,1645.0,1630.0,1647.0
986942930538931002,16504,16603,16708,16841,16937,16976,16906,17027.0,17095.0,17104.0,17093.0,17301.0,17323.0,17161.0,17271.0
987142928113131802,1249,1247,1225,1219,1211,1195,1172,1155.0,1142.0,1133.0,1124.0,1077.0,1065.0,1042.0,1018.0
987242930522519402,3713,3780,3781,3770,3768,3728,3747,3708.0,3747.0,3714.0,3736.0,3753.0,3763.0,3795.0,3816.0
987342930447013802,1134,1142,1116,1088,1092,1089,1067,1063.0,1032.0,1007.0,985.0,1003.0,996.0,992.0,982.0
987342930543887301,1374,1362,1363,1354,1357,1339,1319,1288.0,1303.0,1278.0,1237.0,1222.0,1204.0,1218.0,1214.0
987342930546530302,416,432,416,423,422,426,425,419.0,413.0,415.0,412.0,407.0,427.0,420.0,420.0
987442930540724001,163,166,175,166,171,167,170,172.0,165.0,160.0,160.0,158.0,157.0,155.0,158.0
987542930462842201,331,341,321,315,308,307,300,286.0,276.0,270.0,270.0,282.0,278.0,282.0,278.0
987642930463086101,15134,15320,15444,15374,15419,15423,15429,15404.0,15359.0,15257.0,15196.0,14941.0,14821.0,14670.0,14703.0
987842930520131102,8294,8281,8328,8353,8299,8261,8189,8042.0,7962.0,7960.0,7866.0,7722.0,7733.0,7711.0,7634.0
987842930521523001,1289,1314,1331,1326,1326,1324,1322,1307.0,1298.0,1264.0,1250.0,1219.0,1211.0,1211.0,1203.0
987942930516014102,1040,1034,1057,1061,1028,1015,1013,992.0,1003.0,971.0,944.0,940.0,919.0,904.0,892.0
988342930518856902,8506,8496,8424,8419,8436,8443,8378,8274.0,8334.0,8380.0,8309.0,8236.0,8208.0,8120.0,8106.0
988442930454093302,3629,3794,3932,4045,4071,4142,4221,4184.0,4184.0,4191.0,4193.0,4125.0,4134.0,4168.0,4201.0
988442930541634602,485,480,482,471,456,463,455,439.0,452.0,460.0,447.0,439.0,443.0,430.0,428.0
988542930526469502,312,305,309,302,303,302,300,292.0,282.0,280.0,277.0,278.0,280.0,276.0,267.0
988542930534748501,6264,6249,6258,6253,6211,6160,6129,6109.0,6093.0,6016.142857142857,6039.0,5980.0,5952.0,5959.0,5981.0
988842930463926802,5464,5516,5531,5576,5603,5664,5659,5651.0,5625.0,5666.0,5758.0,5767.0,5816.0,5823.0,5873.0
988842930464065702,115,121,111,110,108,110,111,106.0,102.0,100.0,95.0,93.0,90.0,89.0,96.0
988842930532545401,30755,31023,31074,31186,31253,31356,31324,31367.0,31452.0,31459.0,31516.0,31250.0,31095.0,31210.0,31154.0
988942930454690401,68614,69336,69429,69435,69628,69994,70783,71288.0,71537.0,71943.0,71882.0,71122.0,70380.0,70636.0,71383.0
989242930473765001,1268,1267,1264,1286,1272,1261,1252,1244.0,1226.0,1223.0,1236.0,1231.0,1216.0,1174.0,1195.0
989542930524500402,5428,5590,5696,5818,5911,5949,5976,6129.0,6152.0,6292.571428571428,6359.0,6416.0,6326.0,6276.0,6390.0
989542930533468702,320,322,300,296,280,279,284,272.0,275.0,279.0,274.0,277.0,286.0,280.0,269.0
989842930461754501,11460,11576,11749,11846,11942,12013,12070,12285.0,12405.0,12441.0,12627.0,12678.0,12661.0,12834.0,12953.0
989842930464132602,4045,4080,4150,4189,4243,4258,4283,4320.0,4286.0,4337.0,4358.0,4355.0,4439.0,4472.0,4504.0
989942930456260802,2221,2194,2188,2181,2144,2130,2110,2082.0,2067.0,2079.0,2043.0,2002.0,1997.0,1965.0,1947.0
991242930479098802,5914,5996,5980,6001,5974,5933,5949,5986.0,6112.0,6124.0,6168.0,6264.0,6290.0,6273.0,6345.0
991342930540098101,1324,1360,1359,1367,1404,1411,1407,1387.0,1367.0,1318.0,1321.0,1301.0,1310.0,1308.0,1282.0
991542930463664001,107,112,106,106,101,98,96,92.0,96.0,98.0,96.0,95.0,93.0,92.0,99.0
991542930518643601,6145,6224,6244,6240,6239,6240,6253,6207.0,6206.0,6233.0,6235.0,6293.0,6286.0,6225.0,6068.0
991742930463945202,1715,1679,1684,1688,1694,1695,1686,1621.0,1633.0,1589.0,1578.0,1563.0,1526.0,1558.0,1537.0
991842928825498401,4778,4795,4789,4793,4794,4810,4807,4750.0,4700.0,4671.0,4663.0,4621.0,4554.0,4530.0,4530.0
991842930537303401,4063,4177,4194,4177,4154,4117,4100,4064.0,4069.0,4006.0,4063.0,4056.0,3991.0,3967.0,3985.0
991942930511125502,617,614,613,617,617,618,597,585.0,567.0,546.0,557.0,549.0,536.0,546.0,544.0
992342930480155301,4629,4689,4728,4814,4882,4866,4830,4852.0,4843.0,4852.0,4838.0,4713.0,4762.0,4777.0,4796.0
992542930480099201,216,213,209,210,210,209,203,213.0,212.0,211.0,213.0,207.0,215.0,210.0,202.0
992542930525733701,2700,2738,2775,2861,2916,2927,3035,3046.0,3015.0,2994.0,3045.0,3067.0,3071.0,3124.0,3184.0
992642930459466402,155,147,149,147,151,156,151,148.0,145.0,141.0,139.0,134.0,128.0,126.0,122.0
992642930477821202,839,845,854,860,861,871,855,840.0,825.0,823.0,813.0,825.0,817.0,802.0,794.0
993042930464585401,1023,1029,1040,1036,1041,1043,1035,1031.0,1026.0,1032.0,1042.0,1021.0,1012.0,1025.0,1045.0
993042930510029501,1705,1674,1656,1664,1674,1641,1612,1562.0,1515.0,1475.0,1441.0,1402.0,1387.0,1372.0,1367.0
993042930544697301,5470,5430,5388,5407,5394,5412,5378,5269.0,5246.0,5155.0,5191.0,5119.0,5118.0,5058.0,5056.0
993142930475756501,1480,1461,1451,1465,1462,1443,1471,1451.0,1477.0,1428.0,1423.0,1439.0,1457.0,1464.0,1458.0
993142930522642001,140,140,141,144,145,145,141,140.0,141.0,138.0,139.0,138.0,144.0,138.0,139.0
993142930528831101,223,232,238,234,230,228,221,234.0,234.0,237.0,233.0,237.0,235.0,230.0,220.0
993242930533153901,7666,7692,7706,7662,7600,7620,7604,7565.0,7484.0,7430.0,7444.0,7375.0,7280.0,7297.0,7279.0
993242930550348701,33196,33298,33698,33917,34257,34497,34702,34765.0,34920.0,35269.0,35597.0,36482.0,36591.0,36911.0,37088.0
993342927924660101,4405,4379,4347,4383,4363,4315,4263,4135.0,4089.0,4060.0,3972.0,3867.0,3881.0,3811.0,3776.0
993442930474715502,3222,3250,3240,3212,3223,3155,3155,3162.0,3113.0,3123.0,3122.0,3130.0,3149.0,3237.0,3257.0
993542929118579602,1663,1639,1626,1605,1562,1556,1518,1451.0,1417.0,1414.0,1406.0,1350.0,1311.0,1307.0,1294.0
993542930477441201,740,734,713,715,699,694,680,663.0,661.0,656.0,683.0,675.0,660.0,677.0,674.0
993642930516157402,20472,20494,20501,20494,20407,20337,20272,19939.0,19800.0,19644.0,19524.0,19537.0,19485.0,19366.0,19252.0
993842929550806601,4727,4690,4703,4688,4649,4623,4580,4480.0,4452.0,4370.857142857143,4417.0,4300.0,4308.0,4303.0,4336.0
993842930464478901,5015,5076,5075,5052,5065,5017,5030,4986.0,4950.0,4902.0,4847.0,4827.0,4842.0,4822.0,4825.0
994042930473777501,5690,5745,5782,5811,5837,5815,5830,5757.0,5739.0,5678.0,5709.0,5732.0,5747.0,5739.0,5719.0
994142930447787902,413,414,392,386,373,365,373,363.0,361.0,346.0,334.0,325.0,315.0,307.0,295.0
994142930465080302,613,603,604,580,570,548,552,568.0,560.0,545.0,531.0,522.0,536.0,527.0,528.0
994142930528868802,4213,4233,4213,4218,4215,4221,4233,4156.0,4157.0,4101.0,4087.0,4141.0,4153.0,4128.0,4117.0
994342929861219802,298,305,302,305,310,308,309,308.0,290.0,293.0,304.0,294.0,291.0,278.0,288.0
994442929341356902,80,79,78,74,77,80,79,72.0,70.0,73.0,72.0,73.0,72.0,71.0,75.0
994442930527397301,3873,3845,3805,3791,3733,3727,3639,3568.0,3519.0,3481.0,3388.0,3348.0,3310.0,3268.0,3254.0
994742930545699501,1692,1703,1713,1765,1734,1724,1717,1671.0,1662.0,1626.0,1613.0,1607.0,1637.0,1629.0,1619.0
994842930524179102,15734,15791,15871,15868,15852,15804,15674,15548.0,15522.0,15353.0,15156.0,15047.0,14978.0,14951.0,15140.0
994942930459951601,222,216,223,213,215,213,192,188.0,184.0,191.0,185.0,186.0,196.0,192.0,187.0
994942930515618002,818,813,817,816,803,813,803,799.0,743.2857142857143,762.0,745.0,729.0,725.0,724.0,719.0
995042930164891701,1512,1516,1532,1544,1554,1557,1564,1511.0,1477.0,1470.0,1453.0,1448.0,1476.0,1485.0,1452.0
995242930475545801,5961,5980,6017,6096,6217,6247,6259,6182.0,6155.0,6152.0,6179.0,6110.0,6064.0,6006.0,6015.0
995242930476650102,4051,4087,4128,4143,4229,4267,4294,4255.0,4248.0,4305.0,4290.0,4276.0,4343.0,4300.0,4319.0
995342930544702302,2468,2499,2560,2604,2661,2652,2637,2651.0,2636.0,2635.0,2584.0,2605.0,2587.0,2572.0,2562.0
995442930480700601,1097,1109,1090,1076,1042,1038,1021,987.0,991.0,982.0,963.0,945.0,943.0,907.0,952.0
995642930452472602,22396,22845,23254,23931,24611,24825,24914,25246.0,25430.0,25569.0,25774.0,26011.0,26088.0,26116.0,26367.0
995642930542493302,3965,4008,4041,4150,4203,4128,4110,4037.0,4072.0,4128.0,4080.0,4072.0,4151.0,4155.0,4302.0
995842930518515201,2308,2290,2284,2287,2295,2249,2223,2190.0,2141.0,2104.0,2098.0,2030.0,2032.0,1999.0,1942.0
995842930539241201,7621,7730,7870,8034,8105,8215,8237,8250.0,8268.0,8304.0,8350.0,8330.0,8398.0,8401.0,8487.0
995942930477593501,461,448,443,433,417,402,400,390.0,375.0,371.0,355.0,355.0,348.0,342.0,328.0
995942930529939201,26528,26580,26730,26898,26864,27374,27581,27490.0,27415.0,27383.0,27411.0,26713.0,26461.0,26432.0,26542.0
996042930476708302,1233,1206,1165,1136,1120,1105,1087,1044.0,1019.0,1001.0,969.0,943.0,929.0,886.0,862.0
996142930517008302,1093,1094,1069,1078,1105,1117,1130,1128.0,1130.0,1119.0,1114.0,1098.0,1104.0,1128.0,1118.0
996142930534753101,18244,18551,18677,18749,18811,18733,18760,18491.0,18335.0,18175.0,18089.0,18201.0,18038.0,18010.0,18018.0
996242930516143801,6690,6711,6678,6654,6608,6580,6573,6413.0,6409.0,6440.0,6338.0,6317.0,6262.0,6241.0,6292.0
996642930531987401,1732,1702,1703,1693,1680,1674,1646,1623.0,1614.0,1596.0,1594.0,1572.0,1553.0,1538.0,1533.0
996742930528624701,2431,2487,2478,2470,2505,2533,2597,2634.0,2672.0,2690.0,2690.0,2673.0,2677.0,2681.0,2679.0
996842930454202601,3607,3509,3494,3437,3418,3395,3358,3301.0,3277.0,3232.0,3219.0,3163.0,3144.0,3118.0,3101.0
996842930527901802,7431,7417,7391,7366,7309,7247,7213,7066.0,6963.0,6929.0,6850.0,6722.0,6657.0,6582.0,6522.0
996942930456686002,8535,8510,8514,8516,8514,8397,8296,8287.0,8205.0,8132.0,8058.0,8030.0,7970.0,7914.0,7866.0
997042930525912602,297,281,274,272,265,270,273,282.0,276.0,281.0,265.0,274.0,279.0,274.0,270.0
997042930535548801,1354,1373,1385,1411,1400,1351,1376,1351.0,1333.0,1312.0,1300.0,1304.0,1292.0,1317.0,1331.0
997042930547202501,12858,12923,13055,13036,13130,13117,13121,13209.0,13265.0,13248.0,13218.0,13115.0,13123.0,13109.0,13249.0
997142930448340801,2227,2234,2228,2221,2231,2220,2197,2130.0,2098.0,2066.0,2046.0,2018.0,1997.0,2004.0,2014.0
997142930533991201,4825,4863,4853,4885,4858,4853,4853,4805.0,4813.0,4801.0,4777.0,4781.0,4701.0,4647.0,4641.0
997442930528682401,1025,986,972,981,943,946,938,873.0,843.0,853.0,839.0,822.0,843.0,848.0,880.0
997442930541550202,3433,3407,3403,3384,3374,3338,3316,3192.0,3151.0,3073.0,3003.0,2902.0,2881.0,2841.0,2832.0
997542927924780301,2189,2217,2197,2165,2124,2106,2059,2057.0,2026.0,2006.0,2021.0,1958.0,1975.0,1955.0,1910.0
997542930465068602,3480,3433,3457,3444,3455,3437,3434,3366.0,3406.0,3385.0,3398.0,3377.0,3343.0,3368.0,3374.0
997542930480726001,5171,5202,5187,5159,5195,5198,5224,5077.0,5010.0,4998.0,4954.0,4828.0,4789.0,4761.0,4716.0
997642930458651301,343,345,326,316,319,333,317,322.57142857142856,313.0,323.0,320.0,320.0,321.0,327.0,334.0
998242930519613301,578,563,555,559,555,552,542,522.0,512.0,507.0,497.0,495.0,483.0,478.0,483.0
998242930520997601,2331,2322,2343,2369,2392,2374,2356,2300.0,2301.0,2286.0,2273.0,2239.0,2232.0,2199.0,2199.0
998342930480337001,17029,17010,17099,16969,16896,16756,16618,16148.0,16002.0,15754.0,15614.0,15877.0,15789.0,15682.0,15588.0
998342930516629202,575,548,548,538,560,574,581,586.0,553.0,551.0,554.0,551.0,558.0,567.0,571.0
998542930468052601,2946,2942,2957,2963,2932,2908,2877,2750.0,2691.0,2631.0,2558.0,2484.0,2461.0,2440.0,2390.0
998542930473876202,358,357,357,353,351,337,335,327.0,316.0,312.0,307.0,296.0,284.0,284.0,294.0
998642930289367002,1225,1224,1221,1220,1199,1189,1201,1154.0,1134.0,1095.0,1086.0,1079.0,1053.0,1034.0,1040.0
998642930455141602,17045,17098,17256,17392,17252,17234,17285,17131.0,17080.0,17016.0,17444.0,17471.0,17433.0,17470.0,17553.0
998642930528189201,872,861,873,879,863,825,809,803.0,806.0,806.0,792.0,787.0,760.0,726.0,733.0
998642930550792801,181,185,190,185,192,203,197,181.0,186.0,187.0,189.0,180.0,178.0,175.0,174.0
998742930477922401,2484,2464,2468,2484,2514,2492,2488,2428.0,2434.0,2436.0,2439.0,2380.0,2384.0,2354.0,2373.0
998942930519365201,905,908,885,878,868,867,859,822.0,794.0,806.0,801.0,763.0,744.0,737.0,727.0
998942930542691102,3105,3146,3256,3349,3497,3626,3710,3737.0,3806.0,3803.0,3803.0,3802.0,3762.0,3740.0,3791.0
999142930447758201,6317,6452,6533,6534,6596,6631,6647,6623.0,6518.0,6449.0,6461.0,6644.0,6640.0,6583.0,6612.0
999142930478783801,855,847,833,831,810,773,774,742.0,738.0,688.7142857142857,687.0,678.0,675.0,660.0,641.0
999242930508250202,23114,23018,22959,22867,22794,22624,22571,22185.0,22024.0,21756.0,21497.0,21422.0,21240.0,21023.0,20890.0
999342930468853301,282,277,270,270,267,266,258,246.0,237.0,239.0,233.0,231.0,230.0,234.0,236.0
999442928311744002,4402,4399,4341,4300,4256,4267,4213,4140.0,4127.0,4103.0,4070.0,4045.0,4078.0,4039.0,4063.0
999442930549845202,11111,11106,11220,11379,11561,11704,11796,12066.0,12225.0,12197.0,12355.0,12403.0,12551.0,12760.0,12850.0
999542930479245001,2202,2189,2172,2170,2140,2111,2100,2043.0,2005.0,1966.0,1938.0,1942.0,1903.0,1905.0,1899.0
999742930289423701,3047,3024,3019,2981,3066,3057,3071,3107.0,3109.0,3076.0,3056.0,3042.0,3052.0,3066.0,3088.0
999842928912241201,27596,27252,27183,27110,27013,26790,26622,26186.0,25984.0,25850.0,25780.0,25727.0,25576.0,25530.0,25687.0
999842930521939101,3395,3404,3424,3399,3460,3498,3485,3385.0,3393.0,3381.0,3353.0,3304.0,3263.0,3253.0,3176.0
999842930529623202,406,419,429,425,426,423,419,392.0,399.0,381.0,365.0,366.0,362.0,358.0,341.0
999942930461543701,434,439,441,431,434,427,422,431.0,440.0,440.0,435.0,446.0,450.0,466.0,465.0
999942930462720301,7419,7466,7406,7414,7415,7434,7492,7443.0,7511.0,7526.0,7507.0,7426.0,7338.0,7295.0,7247.0
999942930526263601,4555,4672,4761,4808,4949,5016,5010,5013.0,4996.0,5037.0,5047.0,5033.0,5054.0,5083.0,5105.0
