BDAP,NORD-EST,ISOLE,NORD-OVEST,SUD,CENTRO
111142930451558302,1,0,0,0,0
111142930456078402,0,1,0,0,0
111142930549694901,1,0,0,0,0
111242928159168602,1,0,0,0,0
111342928035516202,0,1,0,0,0
111442929417157902,0,0,1,0,0
111642930521380602,0,0,0,1,0
111742930520228201,0,0,0,1,0
111742930546032201,0,0,1,0,0
111842930472913601,1,0,0,0,0
111942930075789802,1,0,0,0,0
111942930475464201,0,0,1,0,0
112242929589459502,0,0,0,1,0
112442930475351402,0,0,0,1,0
112442930547500901,0,0,0,1,0
112542930549591602,0,0,0,1,0
112642930518447902,0,0,1,0,0
112642930527384301,0,1,0,0,0
112942930456488402,0,0,0,0,1
112942930511152602,0,0,0,1,0
112942930520095401,0,0,1,0,0
112942930526084102,0,0,1,0,0
112942930546542602,0,0,0,1,0
113042930446652901,0,0,1,0,0
113042930459198201,1,0,0,0,0
113242929494046101,0,0,0,1,0
113242929989809401,0,0,0,1,0
113242930525412901,0,0,0,1,0
113342930540408502,0,0,1,0,0
113442928800667002,0,0,1,0,0
113642930452986502,1,0,0,0,0
113742928592687902,0,0,1,0,0
113842930528713802,0,0,0,1,0
113942930453012402,0,0,0,1,0
113942930543093902,1,0,0,0,0
114042930544217902,0,0,1,0,0
114242930474451702,0,0,1,0,0
114342930531636602,0,0,1,0,0
114442930473232502,0,0,1,0,0
114542930460128001,0,0,0,1,0
114642930550556102,0,1,0,0,0
114742930453726801,0,0,1,0,0
114742930536446301,0,0,0,1,0
114842930517178501,0,0,0,0,1
115042930473371901,0,0,1,0,0
115142930468670302,0,0,0,1,0
115142930475433101,0,1,0,0,0
115242928210658501,0,0,1,0,0
115242930059291902,0,0,0,1,0
115242930541272802,1,0,0,0,0
115242930543567601,1,0,0,0,0
115642930548436401,0,0,0,1,0
115742928293162401,0,1,0,0,0
115742930529898402,0,0,1,0,0
116142930549453302,0,0,0,1,0
116242928577698301,0,0,1,0,0
116242930137942201,0,0,1,0,0
116242930508328601,1,0,0,0,0
116342930537140702,1,0,0,0,0
116442929000220902,1,0,0,0,0
116442930516457902,0,0,0,1,0
116542930525090302,1,0,0,0,0
116542930529336002,0,0,0,1,0
116642930529136802,0,0,1,0,0
116642930539090401,0,0,0,1,0
116742928739525602,0,0,1,0,0
116742930532472902,0,0,0,0,1
116742930546334201,0,0,1,0,0
116842930454465301,0,1,0,0,0
117042930453153601,1,0,0,0,0
117042930548083602,0,0,0,1,0
117142930529346502,0,0,1,0,0
117242930542099701,0,0,1,0,0
117442930538907902,0,0,0,1,0
117642930521238202,0,0,0,1,0
117742930508207301,0,0,0,1,0
117742930530612302,0,0,0,1,0
117842930473510401,0,1,0,0,0
118242930535103802,0,1,0,0,0
118742929012963801,0,1,0,0,0
118742929424205701,0,0,1,0,0
118742930461810902,0,0,1,0,0
118742930524063701,0,0,0,1,0
118742930527891202,0,0,1,0,0
118742930530890402,0,0,0,1,0
118742930533556102,0,0,1,0,0
118742930534065002,0,0,0,1,0
118842930455593301,0,1,0,0,0
119042929528989701,0,0,1,0,0
119142930531415701,1,0,0,0,0
119242930463926601,1,0,0,0,0
119442930526684402,1,0,0,0,0
119542930473450501,0,0,1,0,0
119642930460902801,0,0,0,1,0
119642930474784802,1,0,0,0,0
119642930543451002,0,0,1,0,0
119742930531276501,0,0,0,1,0
119942930518238201,0,0,1,0,0
119942930529966301,1,0,0,0,0
121242929321210202,0,0,0,1,0
121242930508820902,0,0,0,1,0
121242930520578002,0,1,0,0,0
121342930459339902,0,0,1,0,0
121342930532867601,1,0,0,0,0
121642928932197502,0,1,0,0,0
121642930531710102,0,1,0,0,0
121742928857169102,0,0,1,0,0
121942930532691902,0,0,0,0,1
122042930453747502,0,0,0,1,0
122142930476059801,0,0,1,0,0
122142930524050702,0,0,1,0,0
122242930516823202,0,0,1,0,0
122242930542103301,0,0,1,0,0
122342929604572701,0,0,0,0,1
122342930478315301,0,0,0,0,1
122342930518922302,0,0,0,1,0
122342930519827402,0,0,1,0,0
122642930459111602,0,1,0,0,0
122642930550255802,0,0,0,1,0
122742930457734301,0,0,1,0,0
122742930471847401,1,0,0,0,0
122842930473415802,0,0,1,0,0
122842930534949401,0,0,1,0,0
122842930544924201,0,0,0,1,0
122942929194588301,0,1,0,0,0
123042930475944402,0,0,1,0,0
123142930463041001,0,0,1,0,0
123142930474506401,0,0,0,0,1
123242929642362602,1,0,0,0,0
123442930527137401,0,0,0,1,0
123442930543516602,0,0,1,0,0
123542930548721902,0,0,0,1,0
123642930526093702,0,0,0,1,0
123642930543678502,0,0,0,1,0
123742930477029802,0,0,1,0,0
123742930480013402,0,0,1,0,0
123842930472867801,0,0,1,0,0
123942930458498402,0,0,1,0,0
124242930458525101,0,0,0,0,1
124242930509420702,1,0,0,0,0
124342930525826602,0,0,1,0,0
124342930527986701,0,0,1,0,0
124542930520334001,1,0,0,0,0
124742930477121702,0,0,1,0,0
124942927917484702,0,1,0,0,0
125042930526270701,0,0,0,0,1
125042930531186701,0,1,0,0,0
125142930542024401,0,0,0,1,0
125242930523820602,0,0,0,1,0
125342930454820802,0,0,1,0,0
125442929568624202,1,0,0,0,0
125442929765978601,0,0,0,1,0
125442930529058102,0,0,1,0,0
125442930531011902,0,0,1,0,0
125742930453762001,0,1,0,0,0
125742930530905702,0,0,1,0,0
126142928602946801,0,0,1,0,0
126142930532118001,0,0,1,0,0
126442930456035301,1,0,0,0,0
126442930459684102,1,0,0,0,0
126542930458708001,0,0,1,0,0
126542930517020901,0,0,1,0,0
126542930526631202,0,0,1,0,0
126742930534060501,0,0,1,0,0
126842930458679802,0,1,0,0,0
127042930509937601,0,0,0,1,0
127242930465170502,0,0,1,0,0
127342930544319402,1,0,0,0,0
127442930521046502,0,0,0,1,0
127442930526713101,0,0,0,1,0
127542929927508201,0,0,0,0,1
127742930538769502,0,0,0,1,0
127842930478658501,0,0,1,0,0
127942930476460801,0,0,0,0,1
128042930530738002,0,0,1,0,0
128042930530834301,0,0,0,1,0
128242930475470402,0,0,1,0,0
128242930533241301,0,1,0,0,0
128342930480027202,0,0,1,0,0
128442930525819801,1,0,0,0,0
128442930543538501,0,0,1,0,0
128542930509668001,0,0,0,0,1
128642930463054502,0,0,0,0,1
128642930516861302,0,0,1,0,0
129242930521771901,0,0,0,1,0
129342929605912602,0,0,1,0,0
129342930475939201,0,0,1,0,0
129442930457306502,0,1,0,0,0
129542928219724801,0,1,0,0,0
129542930532555102,0,0,1,0,0
129542930538128702,0,0,0,0,1
129642930544823502,0,0,1,0,0
129742930546105901,0,0,1,0,0
129742930549689001,0,0,0,0,1
129942930463915001,0,1,0,0,0
129942930517119002,0,1,0,0,0
131242930547233301,1,0,0,0,0
131342930449411402,0,0,0,1,0
131742930464510202,0,0,0,0,1
131942930456273702,1,0,0,0,0
132042930544478501,1,0,0,0,0
132142930516846102,0,0,1,0,0
132142930543892602,1,0,0,0,0
132242930544450901,0,0,0,0,1
132242930546422601,0,0,1,0,0
132342930477421702,1,0,0,0,0
132342930525346801,0,0,0,0,1
132442930316683302,0,0,0,1,0
132642930457432501,0,0,0,1,0
132642930528427002,0,0,0,1,0
133042930530349202,0,0,1,0,0
133042930549781002,0,0,0,0,1
133242930477853802,1,0,0,0,0
133342930526510901,0,0,0,1,0
133442929373095001,0,1,0,0,0
133742930510374501,0,0,1,0,0
133842928067730402,0,0,1,0,0
133942930515980301,0,0,0,1,0
133942930517455202,0,0,1,0,0
133942930519424601,0,0,1,0,0
134042929268266502,0,0,1,0,0
134142930456974502,0,1,0,0,0
134342930526904002,0,0,1,0,0
134342930541890202,0,0,0,1,0
134442928030278202,0,0,0,1,0
134442930530421902,0,0,0,1,0
134542928005472101,0,1,0,0,0
134542930452103202,0,0,1,0,0
134542930479743002,1,0,0,0,0
134542930515885601,0,0,1,0,0
134642930516950001,1,0,0,0,0
134642930545090501,0,0,0,0,1
134942930519119102,0,0,1,0,0
134942930538026601,0,0,0,1,0
135042930544385201,0,0,0,1,0
135142930528286501,0,0,1,0,0
135242929303665102,1,0,0,0,0
135442930470672302,0,1,0,0,0
135442930477857901,0,0,0,0,1
135442930507917802,0,0,0,0,1
135442930542827201,0,0,1,0,0
135542928235893302,0,0,0,1,0
135642930479563102,0,0,0,1,0
135742930519956701,0,0,1,0,0
135842928236098401,0,0,0,1,0
135842930536357601,0,0,0,1,0
136042930476722802,0,0,0,0,1
136142930455392102,0,0,0,1,0
136142930458954702,0,0,0,1,0
136242930459147501,1,0,0,0,0
136242930477909801,0,0,1,0,0
136442929721382302,1,0,0,0,0
136542928086560001,0,0,0,0,1
136542930528454802,0,0,0,0,1
136642929104783902,0,0,0,1,0
136642930473633302,0,0,0,0,1
136642930516789801,0,0,1,0,0
136642930523848802,0,0,0,0,1
136642930529001601,0,0,1,0,0
136642930529692001,0,0,1,0,0
136742930447072601,0,0,0,0,1
136742930524580802,0,0,0,1,0
136742930529409401,0,0,0,1,0
136842930473053701,0,0,0,1,0
136842930509823702,0,0,1,0,0
137142930450130801,0,0,0,1,0
137142930542063202,0,0,0,0,1
137142930548214702,1,0,0,0,0
137242930534526902,0,0,1,0,0
137442928091164701,0,0,1,0,0
137442930473557502,1,0,0,0,0
137442930517981002,0,0,0,0,1
137642930535030001,0,0,0,1,0
137742930541310502,0,1,0,0,0
137842930529236702,0,0,0,1,0
138042930472490102,0,0,0,0,1
138042930532021202,0,0,1,0,0
138242930467934502,0,0,0,1,0
138242930516299601,0,1,0,0,0
138542930473712401,0,1,0,0,0
138542930510041202,0,0,0,0,1
138642930447265701,0,0,1,0,0
138642930528352101,0,0,0,1,0
138742930466694401,0,0,0,0,1
138842930447969802,0,0,1,0,0
138842930510699801,0,0,1,0,0
139042930518753001,0,0,1,0,0
139242929091334801,0,0,1,0,0
139242930528119601,0,1,0,0,0
139342930529079402,1,0,0,0,0
139342930536041402,1,0,0,0,0
139642930470719502,0,0,1,0,0
139842927994817202,0,1,0,0,0
139842930508561902,0,1,0,0,0
139942930542738402,0,0,1,0,0
141142929230384801,1,0,0,0,0
141342930533725002,0,0,0,0,1
141542927945008302,0,0,1,0,0
141942930527918802,0,0,0,1,0
142042928242898502,0,0,1,0,0
142242930521644402,1,0,0,0,0
142242930527228701,0,0,0,0,1
142342930479210702,0,0,1,0,0
142342930543992402,0,0,0,1,0
142542930456763202,0,0,1,0,0
142542930510792801,0,0,1,0,0
142542930528712602,1,0,0,0,0
142642930466984202,0,0,1,0,0
142742930454799701,0,0,1,0,0
142742930545407002,0,0,0,1,0
142842930526424402,0,0,1,0,0
142942930519535801,0,0,0,1,0
142942930526801701,1,0,0,0,0
142942930544449401,0,1,0,0,0
143042930462302501,0,0,0,0,1
143342930519396801,0,0,0,1,0
143442930473411701,1,0,0,0,0
143542930508193002,0,0,1,0,0
143942930476759202,1,0,0,0,0
143942930547024101,1,0,0,0,0
144042930518784002,0,0,0,1,0
144142930516627302,0,1,0,0,0
144242928758061801,0,0,0,0,1
144342930516888102,0,0,1,0,0
144342930536405301,0,0,0,1,0
144342930546083402,0,0,1,0,0
144442930475711802,0,0,0,0,1
144542930477317802,0,0,0,1,0
144642930465883002,0,0,1,0,0
144642930473806401,1,0,0,0,0
144642930532617302,0,0,1,0,0
144742930542766901,0,0,0,1,0
144842930530614201,0,0,1,0,0
144942930519506501,0,0,0,0,1
145042930473345201,0,0,1,0,0
145042930516473101,0,0,1,0,0
145142930461490302,0,0,1,0,0
145242930530017602,1,0,0,0,0
145342929703889902,0,1,0,0,0
145542930449651701,0,0,0,0,1
145542930461706001,0,0,0,0,1
145542930537934402,0,0,1,0,0
145642930539008501,0,0,1,0,0
145842930447522202,0,0,0,1,0
145842930541202802,0,0,1,0,0
145942929820831802,0,0,1,0,0
146142930450300301,0,0,0,1,0
146142930463763601,1,0,0,0,0
146242930520059602,0,0,1,0,0
146542930451341801,1,0,0,0,0
146642930536166401,0,0,1,0,0
146642930542554401,0,0,0,0,1
146742930476644701,0,0,0,0,1
146742930509457302,0,1,0,0,0
146842930530364101,1,0,0,0,0
146842930542607102,0,1,0,0,0
146942928726482201,0,0,1,0,0
147042929295093101,0,0,0,1,0
147042930517911201,1,0,0,0,0
147342930463839802,0,0,0,0,1
147442930452303701,0,0,0,1,0
147442930533789501,0,0,1,0,0
147542930462402502,0,1,0,0,0
147642929372880402,1,0,0,0,0
147642930528895902,0,0,0,1,0
147842930535076502,0,0,1,0,0
148042930511023901,0,0,0,1,0
148142930539768402,1,0,0,0,0
148242929249038602,0,0,0,1,0
148342930537454201,0,0,1,0,0
148542930479380901,0,0,0,1,0
148642930479971702,0,1,0,0,0
148942930528636601,0,0,0,1,0
149042930519576702,0,0,1,0,0
149242930469838702,0,0,1,0,0
149242930523100401,0,0,0,1,0
149242930528314001,1,0,0,0,0
149242930538102502,0,0,1,0,0
149342930456788201,0,0,0,1,0
149542928726666202,0,0,0,1,0
149642928653501701,0,0,1,0,0
149642930464155901,0,0,1,0,0
149842930518260702,1,0,0,0,0
149842930550702801,1,0,0,0,0
151342930508974301,1,0,0,0,0
151542930475519001,0,0,1,0,0
151742927963730101,0,0,1,0,0
151842930448135701,0,0,1,0,0
151842930463750102,0,1,0,0,0
151942930544978002,0,0,1,0,0
152042930464035102,0,0,1,0,0
152042930477182301,0,0,1,0,0
152042930531609501,0,0,0,1,0
152142930534314602,0,0,0,1,0
152242930543096402,0,0,0,0,1
152342928770281901,0,0,1,0,0
152342930450686901,0,0,1,0,0
152542930476846501,0,1,0,0,0
153142930542972702,0,0,0,1,0
153342930458996002,0,1,0,0,0
153342930475440202,1,0,0,0,0
153442930467893301,1,0,0,0,0
153642930449164501,0,0,0,1,0
153642930516703902,0,0,0,0,1
153842930524916302,0,0,1,0,0
153942930516129101,0,0,0,0,1
154142928025264602,0,0,1,0,0
154142930537343902,0,0,1,0,0
154342930515951901,0,0,1,0,0
154342930521332601,0,1,0,0,0
154342930532730101,0,1,0,0,0
154342930544862901,0,0,1,0,0
154442930342690301,0,0,0,1,0
154542930547669701,0,0,0,0,1
154642930450207102,0,0,0,0,1
154642930453645502,0,1,0,0,0
154742928946604302,1,0,0,0,0
154842930457094601,0,1,0,0,0
154942930521003602,0,1,0,0,0
155042930546029701,0,0,0,1,0
155142930532843201,0,0,1,0,0
155342930473738501,0,1,0,0,0
155442928135508801,0,0,0,1,0
155442930458741801,0,0,1,0,0
155442930546716402,0,0,0,0,1
155542930467099901,0,1,0,0,0
155642930519275401,0,1,0,0,0
155642930546746501,1,0,0,0,0
155942930517438602,0,0,1,0,0
155942930525766602,1,0,0,0,0
156042930537289702,0,0,0,1,0
156342930522775202,1,0,0,0,0
156642929575390702,0,0,1,0,0
156742930529460202,0,0,0,1,0
156842930516325302,0,0,1,0,0
156942930521143101,0,0,0,1,0
157042928932618502,0,1,0,0,0
157042930474743902,0,0,0,1,0
157242930550208302,0,0,1,0,0
157342930469553702,0,0,0,1,0
157442930527548402,0,0,0,0,1
157642930523961501,0,0,0,1,0
157742930545228701,0,0,0,1,0
157842930467986402,1,0,0,0,0
157842930474296502,1,0,0,0,0
157842930529640802,0,0,1,0,0
157942930475444302,1,0,0,0,0
158042930463092601,0,0,0,0,1
158042930478706402,1,0,0,0,0
158142929189241902,1,0,0,0,0
158242927979933702,0,0,0,1,0
158342930478366301,0,0,1,0,0
158342930516054701,0,0,1,0,0
158342930526117801,0,0,0,1,0
158442930519045901,0,0,0,1,0
158742930467019501,1,0,0,0,0
158742930533543501,0,0,0,0,1
158742930541831501,0,0,0,1,0
158842930544096501,0,0,0,0,1
158942930510998002,0,0,0,1,0
158942930526499202,0,0,1,0,0
159142928135435302,1,0,0,0,0
159142930465136102,1,0,0,0,0
159342930458732502,0,0,1,0,0
159342930525299201,0,0,0,1,0
159442930509101502,0,0,1,0,0
159542930515787101,0,0,1,0,0
159642929166032802,0,0,1,0,0
159642930549182602,0,0,0,1,0
159842930524167302,0,0,1,0,0
161142930541557502,1,0,0,0,0
161542929309260302,1,0,0,0,0
161542930531648401,0,0,0,0,1
161642930467750602,0,0,1,0,0
161642930549932401,0,0,0,1,0
161742930524729901,0,0,1,0,0
161942930445609901,0,0,0,1,0
161942930458787802,0,0,0,1,0
161942930533316402,1,0,0,0,0
162042930527284502,0,0,1,0,0
162242930545636301,0,1,0,0,0
162342930453250801,0,0,0,1,0
162342930454060301,0,0,0,0,1
162442930530754802,0,0,0,1,0
162442930531321102,0,0,0,1,0
162542930549518202,0,0,1,0,0
162642928676339002,0,0,0,1,0
162742930541386401,0,0,0,0,1
163342930450908301,1,0,0,0,0
163342930473979502,0,0,1,0,0
163442930530935502,0,0,0,0,1
163442930539694902,0,0,0,1,0
163942930544633802,0,0,0,0,1
164042930460051801,0,0,1,0,0
164142930540465502,1,0,0,0,0
164242930447341201,1,0,0,0,0
164442929816278102,0,0,0,0,1
164442930540918602,0,1,0,0,0
164542930519765302,0,0,1,0,0
164642930461808702,0,0,0,0,1
164642930463614001,0,0,0,0,1
164942930533952001,0,0,0,1,0
165442928043802902,0,0,1,0,0
165442930517273502,0,0,0,1,0
165542930460232502,0,0,1,0,0
165542930549612201,0,0,0,0,1
165742929341386202,0,0,1,0,0
165742930508698002,0,1,0,0,0
165742930532248602,0,0,0,1,0
165842930012164202,0,0,0,0,1
165842930455941702,0,1,0,0,0
165842930518748802,0,0,1,0,0
166042930524047202,0,0,0,1,0
166342930527989502,0,0,1,0,0
166542930474173501,0,0,0,1,0
166642930509729801,0,0,1,0,0
166842930477693702,0,0,0,1,0
166942930446842501,0,0,1,0,0
166942930516676602,1,0,0,0,0
167142929091270702,0,0,1,0,0
167142929091319102,0,0,1,0,0
167242930473687902,0,0,0,1,0
167242930550454301,0,0,1,0,0
167342930453887901,0,0,0,1,0
167342930476156602,0,0,0,0,1
167342930531512902,0,0,0,0,1
167442930473715802,0,0,1,0,0
167442930524318301,0,0,1,0,0
167542929021132401,1,0,0,0,0
167642929703741002,0,0,1,0,0
167642929946319602,0,0,1,0,0
167642930464043701,0,1,0,0,0
167842930517704901,0,0,1,0,0
167942930451477101,0,0,0,1,0
167942930460089502,0,0,1,0,0
167942930530333001,0,1,0,0,0
168142930510642701,0,0,1,0,0
168242930517025502,0,0,0,1,0
168342929385464201,0,0,1,0,0
168342930519986502,0,0,1,0,0
168442927948912302,1,0,0,0,0
168542929456942701,1,0,0,0,0
168542930515726001,0,0,1,0,0
168542930533980102,0,1,0,0,0
168642930529431702,0,0,1,0,0
168842929687124301,0,0,0,1,0
168942930531666302,0,0,0,1,0
168942930549296402,1,0,0,0,0
169242930452916401,0,1,0,0,0
169442930525777302,0,0,0,0,1
169542930460793202,0,0,1,0,0
169542930526167301,0,0,0,1,0
169542930531102902,0,0,0,1,0
169642930544551501,0,0,0,1,0
169742930545230402,0,0,1,0,0
169842930460896602,0,0,1,0,0
169842930525450402,0,0,1,0,0
169942928779211601,0,0,0,0,1
171242930451390501,1,0,0,0,0
171442930537661702,0,0,0,0,1
171542930474857101,0,0,1,0,0
171642930528089402,0,0,1,0,0
171642930545331501,0,1,0,0,0
171642930548872901,0,0,1,0,0
171742930469562402,0,0,0,0,1
171742930547131501,0,0,0,0,1
171842930464726602,0,0,0,1,0
171842930474320601,0,0,1,0,0
171942930537327601,0,0,1,0,0
172242930457255402,0,0,0,1,0
172342930453413201,0,0,1,0,0
172342930526656302,0,0,0,1,0
172442930461991502,1,0,0,0,0
172442930516550001,0,0,1,0,0
172442930519165302,0,0,1,0,0
172442930532392601,1,0,0,0,0
172542930479622601,0,0,1,0,0
172642930519336001,1,0,0,0,0
172742930527843301,0,0,0,1,0
172942930455034402,1,0,0,0,0
172942930519421902,0,0,1,0,0
173042930533913101,0,0,1,0,0
173142928932478502,0,0,1,0,0
173142930531959201,0,0,1,0,0
173242930458027501,0,0,1,0,0
173342930511232501,0,0,1,0,0
173342930526722801,0,0,1,0,0
173742930479305901,0,0,1,0,0
173742930534262602,0,0,1,0,0
173842930533276002,0,1,0,0,0
174042930461713401,1,0,0,0,0
174042930516249201,0,0,1,0,0
174042930548710301,0,0,0,0,1
174242929514158301,0,0,0,1,0
174242930538951702,0,0,0,0,1
174442930054961402,0,0,0,0,1
174542930452423502,1,0,0,0,0
174642929385350302,1,0,0,0,0
174742928236055201,0,1,0,0,0
174842930469978501,0,0,0,1,0
174842930478757801,0,1,0,0,0
174942930455252701,0,0,1,0,0
174942930529771102,0,0,0,0,1
175042930541851802,0,1,0,0,0
175042930546232402,0,0,1,0,0
175142930455190102,0,0,0,0,1
175142930480181001,1,0,0,0,0
175142930529037101,0,0,0,1,0
175342930454055602,0,0,1,0,0
175342930457543401,1,0,0,0,0
175342930508312801,0,0,0,1,0
175442930515676102,0,0,0,1,0
175442930523935601,0,0,0,0,1
175442930525537602,0,0,1,0,0
175542930517516502,0,0,1,0,0
175842930518895102,0,0,0,0,1
175842930522254701,0,0,0,0,1
176042930544553402,0,0,0,1,0
176142930480559002,0,0,0,1,0
176242930523833802,1,0,0,0,0
176342929201182702,0,0,0,1,0
176442928242942002,0,0,0,1,0
176442930548703702,0,1,0,0,0
176542930469300802,0,0,0,0,1
176642930543382501,1,0,0,0,0
176742930477931002,0,0,1,0,0
176942930476904801,0,0,1,0,0
176942930478602102,0,0,1,0,0
177042930546702502,1,0,0,0,0
177342930462158901,1,0,0,0,0
177342930530273402,0,0,0,1,0
177342930546684601,0,1,0,0,0
177542930508507301,0,0,1,0,0
177642930453702301,0,0,0,1,0
177742930456060701,0,0,1,0,0
177842930460193901,1,0,0,0,0
178042930479266802,0,0,1,0,0
178142930462707102,0,0,1,0,0
178142930528847201,1,0,0,0,0
178142930543623401,0,0,1,0,0
178542930476543901,0,0,0,1,0
178642930459055902,0,0,0,0,1
178642930460996501,0,0,0,0,1
178642930528419301,0,0,1,0,0
178842928062695402,0,1,0,0,0
178942930474454801,0,1,0,0,0
179142930463396901,0,1,0,0,0
179342928213854001,1,0,0,0,0
179342930546197102,1,0,0,0,0
179542930525133101,1,0,0,0,0
179842930449428701,0,0,0,1,0
179842930510259202,0,0,0,0,1
179842930538524902,0,0,0,1,0
179942930549169901,0,0,0,1,0
181142929703907301,0,0,0,1,0
181142930523877701,0,0,0,1,0
181142930527486402,0,1,0,0,0
181242930509374402,0,0,1,0,0
181342930521827301,0,0,0,0,1
181442930476085601,0,0,0,1,0
181442930543003101,0,0,1,0,0
181642930464002802,0,0,1,0,0
181742930531711401,0,0,0,0,1
182242930537956102,0,1,0,0,0
182342929012808301,0,0,1,0,0
182342930541689202,0,0,1,0,0
182442930456071301,0,0,0,0,1
182942930469857701,0,0,1,0,0
183042930475213801,0,0,0,1,0
183042930517930602,0,1,0,0,0
183042930530573402,1,0,0,0,0
183142930518918701,0,0,1,0,0
183542930509064901,1,0,0,0,0
183642930531972901,0,0,0,0,1
183742930525710802,0,0,0,1,0
183742930527080001,0,0,0,1,0
184142930507781401,0,0,1,0,0
184242930458791701,1,0,0,0,0
184442930455796202,0,0,0,1,0
184442930517219702,0,0,1,0,0
184442930544068301,1,0,0,0,0
184542930473060602,1,0,0,0,0
184542930521086801,0,0,1,0,0
184642930462171501,1,0,0,0,0
184642930524539701,0,0,1,0,0
184742929839739802,0,1,0,0,0
184842929021081301,0,0,0,1,0
184842930463990202,0,1,0,0,0
185242930475044302,0,0,1,0,0
185242930508862201,1,0,0,0,0
185242930549979501,0,0,1,0,0
185342930472893601,0,1,0,0,0
185342930542156801,0,0,1,0,0
185442930539869301,0,0,0,0,1
185642930527158702,0,0,0,0,1
185742930316791302,0,0,0,1,0
185742930531538401,0,0,0,1,0
185942930529803701,0,0,0,0,1
186242930525209502,0,0,1,0,0
186342930457277601,0,0,1,0,0
186342930526904701,0,0,1,0,0
186442930519296301,0,0,0,1,0
186442930549950901,1,0,0,0,0
186542930507655802,0,0,1,0,0
186742930451038602,0,0,1,0,0
186842930478135802,0,0,1,0,0
187042930475738102,0,0,1,0,0
187242930521653902,0,0,0,1,0
187442930519530002,0,0,1,0,0
187642930455584402,0,0,1,0,0
187642930527571602,0,0,1,0,0
187742930446810702,0,0,0,0,1
187742930459631002,0,0,1,0,0
187742930522129302,0,0,0,0,1
187742930531273002,0,0,0,0,1
187842930460474102,0,0,0,0,1
187842930463290001,0,1,0,0,0
187942930524637001,0,0,1,0,0
187942930528980602,0,0,0,1,0
188242929013166301,0,0,1,0,0
188242930464850202,0,0,0,1,0
188242930522584702,1,0,0,0,0
188342930526586002,0,0,0,1,0
188442930457576502,0,0,1,0,0
188442930534496402,1,0,0,0,0
188642929800356701,0,0,1,0,0
188742928316187402,0,0,1,0,0
188742930515997302,0,0,1,0,0
189142930445491702,0,1,0,0,0
189242928087944401,0,0,0,1,0
189442930529519802,0,0,1,0,0
189442930532402802,0,0,1,0,0
189542930532566802,0,0,1,0,0
189742927986105002,0,0,1,0,0
189742930517890202,1,0,0,0,0
189942930526846502,1,0,0,0,0
191142930477001502,0,0,1,0,0
191242928823204201,0,0,1,0,0
191342930457253501,0,0,1,0,0
191342930516577602,0,0,1,0,0
191342930525032501,0,0,0,1,0
191342930539983202,1,0,0,0,0
191342930541755801,0,0,0,1,0
191442930462855702,0,0,1,0,0
191442930542916701,0,1,0,0,0
191942930462739701,0,0,0,1,0
191942930517330601,0,0,0,1,0
192042930472522002,0,0,0,1,0
192442930528707601,0,0,0,0,1
192542930545880701,0,0,1,0,0
192642930462426001,0,0,0,0,1
192642930466614901,0,0,0,1,0
192642930517070502,0,0,0,0,1
193142928888081701,0,0,0,1,0
193142930516186502,0,0,0,1,0
193242929947863901,0,0,0,0,1
193242930529969302,0,0,1,0,0
193442930518696401,0,0,0,1,0
193842928176142301,0,0,0,1,0
193842930534095702,0,0,0,1,0
193942930458399401,0,0,1,0,0
194042929309310102,0,0,0,1,0
194242929166198701,1,0,0,0,0
194242930531402601,0,0,1,0,0
194342930525935501,0,1,0,0,0
194542930544892701,0,0,1,0,0
194642930461157702,0,0,0,0,1
194642930462519702,0,0,1,0,0
194642930545150301,1,0,0,0,0
194642930546396201,0,0,1,0,0
194742930533156002,0,0,1,0,0
194742930548711401,0,0,0,0,1
194842930528510301,0,0,0,1,0
194842930532490002,0,0,1,0,0
195142930450872301,0,0,0,0,1
195142930540612502,1,0,0,0,0
195342928779164901,0,0,0,0,1
195442930454031802,0,0,0,1,0
195742929321180801,0,0,1,0,0
195742929476628902,1,0,0,0,0
195742930478077902,0,0,0,0,1
195942930456866702,0,0,1,0,0
195942930473561901,0,0,0,1,0
195942930532109202,0,0,0,1,0
196042930540599302,1,0,0,0,0
196242930528428102,0,0,0,1,0
196242930528957301,0,0,1,0,0
196442930527100201,0,0,1,0,0
196542930536473202,1,0,0,0,0
196642930516978601,0,0,0,1,0
196842930540591201,1,0,0,0,0
196942929885937002,0,0,1,0,0
197142928135571602,0,0,1,0,0
197142930526756002,0,0,0,1,0
197142930529403302,0,1,0,0,0
197242930518932201,0,0,1,0,0
197342930455782501,0,0,0,1,0
197342930462733702,1,0,0,0,0
197542929575341802,1,0,0,0,0
197642930528232101,0,0,1,0,0
197742930548902501,0,0,1,0,0
197942929165986602,0,0,0,1,0
197942930508734101,0,0,1,0,0
197942930541585801,1,0,0,0,0
198142930550292001,0,0,1,0,0
198542930542434002,1,0,0,0,0
198742930458981302,0,0,1,0,0
198942930550515102,0,1,0,0,0
199042930461844201,0,0,0,1,0
199042930548544802,1,0,0,0,0
199142930541839502,0,0,1,0,0
199242930451638001,0,0,1,0,0
199242930462005002,0,0,0,0,1
199542930509304402,0,0,1,0,0
199542930510230901,0,0,0,1,0
199642930454548302,1,0,0,0,0
199742930449773702,0,0,1,0,0
199842929126793302,0,0,0,0,1
199942930530867601,0,0,1,0,0
201242930477969001,0,0,0,1,0
201442930467818102,1,0,0,0,0
201542929584070601,0,0,1,0,0
201542930518523202,0,0,0,1,0
201842927928402701,1,0,0,0,0
201942930541697001,1,0,0,0,0
202142930527320702,1,0,0,0,0
202442930546098002,0,0,1,0,0
202542927928301302,0,0,0,1,0
202542930519452201,0,0,0,1,0
202642928676362302,1,0,0,0,0
202642930461705002,0,0,1,0,0
202642930475655402,0,0,1,0,0
202742928043675701,1,0,0,0,0
202842928570580602,0,0,0,1,0
203042930545739702,0,1,0,0,0
203442930479279901,0,0,0,1,0
203542930446366902,0,0,0,1,0
203542930476118802,0,0,0,0,1
203642930519858202,0,0,0,1,0
203742930456700602,0,1,0,0,0
203842930508275702,0,0,0,0,1
203842930509485801,0,0,0,0,1
203842930547535202,0,1,0,0,0
203942928119349601,0,0,1,0,0
204042928042145401,0,0,1,0,0
204042930475363702,0,0,1,0,0
204042930542899602,0,0,0,1,0
204342930461193302,0,0,1,0,0
204542930457014502,0,0,0,1,0
204542930524947501,0,0,0,1,0
204642930475134001,0,0,1,0,0
204842930342747201,0,0,1,0,0
204842930388638301,0,0,0,1,0
204842930534921901,0,0,1,0,0
205042930456457801,0,0,0,1,0
205042930531009601,0,0,1,0,0
205142930518281701,0,0,1,0,0
205242930462843402,0,1,0,0,0
205242930471668002,0,1,0,0,0
205242930533677402,0,0,1,0,0
205242930549818802,0,0,0,1,0
205342930534423002,1,0,0,0,0
205342930549076202,0,0,0,1,0
205442930451140102,0,0,0,1,0
205442930526065202,0,0,1,0,0
205642930474298101,0,1,0,0,0
205842928288536202,0,0,1,0,0
205842928932735101,0,1,0,0,0
205842930534884102,0,1,0,0,0
205942930459277902,1,0,0,0,0
206142930464701102,1,0,0,0,0
206242929321374401,0,0,0,1,0
206242929476530502,0,0,1,0,0
206242930461224402,0,0,1,0,0
206242930528713001,0,0,0,1,0
206242930529600601,0,0,0,1,0
206442930526147401,0,0,0,1,0
206542930541423001,0,0,0,1,0
206742929927339802,1,0,0,0,0
206842930463599601,0,0,0,0,1
206842930517947502,0,0,0,1,0
207142930449579901,0,1,0,0,0
207142930510244802,0,0,0,1,0
207442930507714902,0,0,0,0,1
207542929839789102,0,0,1,0,0
207742930475609901,0,0,0,0,1
207742930533085401,1,0,0,0,0
208042930515529002,0,0,0,1,0
208042930528313102,1,0,0,0,0
208042930542384402,0,0,1,0,0
208142930527700802,0,0,0,1,0
208342930460922602,0,0,1,0,0
208442930509150801,1,0,0,0,0
208442930533643502,0,0,1,0,0
208542930454276302,0,0,0,1,0
208642930448971302,0,0,0,0,1
208742930459881901,0,0,0,0,1
208742930526452502,0,0,1,0,0
209142930342804001,0,0,0,1,0
209242930452690302,0,0,1,0,0
209342930470808201,0,0,0,1,0
209642930542527302,1,0,0,0,0
209742930473717902,0,1,0,0,0
209742930516270101,1,0,0,0,0
209942930547042502,0,0,1,0,0
211142930550015701,0,0,0,0,1
211242930465105802,0,0,0,1,0
211542929160935901,0,0,1,0,0
211642928614409302,0,0,0,1,0
211642930452905601,0,0,0,0,1
211642930463091102,1,0,0,0,0
211642930542496201,0,1,0,0,0
211742929160847802,0,0,1,0,0
211742930289750601,1,0,0,0,0
211742930471091801,1,0,0,0,0
212042928921270801,0,0,1,0,0
212342930448223102,1,0,0,0,0
212442930454093601,0,0,1,0,0
212542930461335402,0,0,1,0,0
212642930477761102,1,0,0,0,0
212842928258040302,0,0,0,0,1
213042930479540402,0,0,0,1,0
213042930480513401,0,0,0,1,0
213342930450456101,0,0,1,0,0
213342930472590701,0,1,0,0,0
213442930525710701,0,0,1,0,0
213542930520818802,0,1,0,0,0
213642930525015001,0,0,0,1,0
213642930529319202,1,0,0,0,0
213742930448749601,1,0,0,0,0
213942930527571901,0,0,0,1,0
213942930549045802,0,0,0,0,1
214042930461938401,1,0,0,0,0
214042930533285602,0,1,0,0,0
214242930476777102,0,0,0,1,0
214342930528543402,0,0,0,0,1
214542930463014801,0,0,1,0,0
214642930541063701,0,0,1,0,0
214742930464176902,0,0,0,1,0
214742930518803202,0,0,0,1,0
214742930529008801,0,0,0,0,1
214942929249151201,0,0,0,0,1
214942930521792701,0,0,1,0,0
214942930539115801,0,0,0,1,0
215242930508075102,0,0,1,0,0
215242930532660101,1,0,0,0,0
215342930457772202,0,0,0,1,0
215342930535908602,0,0,1,0,0
215642930509549502,0,0,0,1,0
215742930515530701,0,0,0,1,0
215842928087914902,0,0,0,1,0
215842930474952702,0,0,0,0,1
215942930472937802,0,1,0,0,0
215942930534226501,1,0,0,0,0
216042930517885901,0,0,1,0,0
216042930525548201,0,0,0,0,1
216042930549546702,0,0,0,0,1
216142930529762501,0,0,1,0,0
216142930533879302,1,0,0,0,0
216242930462445402,0,0,0,0,1
216242930539128802,0,0,1,0,0
216342930464379001,1,0,0,0,0
216542930527751801,0,0,1,0,0
216742930473831902,1,0,0,0,0
216742930527214301,0,0,0,1,0
217142928739711201,0,0,1,0,0
217142930464930701,0,1,0,0,0
217242930462792202,0,0,1,0,0
217242930523998102,1,0,0,0,0
217342930452353601,1,0,0,0,0
217342930461880202,0,0,0,1,0
217342930474375302,0,0,0,1,0
217442930510769402,1,0,0,0,0
217642930478744201,0,0,0,1,0
217742930478248501,0,0,1,0,0
217842930542664701,0,0,1,0,0
218142930548310601,0,0,1,0,0
218442927995017401,0,1,0,0,0
218542930447738002,1,0,0,0,0
218642930516546502,0,1,0,0,0
218742928694273101,0,0,0,1,0
218842929013215201,0,1,0,0,0
218942930515688402,0,1,0,0,0
219142930460880402,0,0,1,0,0
219142930540645401,1,0,0,0,0
219342930184422702,0,0,0,1,0
219342930461496201,0,0,1,0,0
219342930479864602,0,0,1,0,0
219642930519637602,0,0,0,1,0
219742930532576901,0,0,0,1,0
219742930533665601,0,0,0,0,1
219842930546832202,0,0,1,0,0
219942930478109202,0,0,1,0,0
219942930526327501,0,0,1,0,0
221142930546480202,0,0,0,1,0
221242930525006201,0,0,0,1,0
221542930460197101,0,0,0,1,0
221542930530640802,0,0,1,0,0
221542930541745402,0,0,1,0,0
221642930455184701,0,0,1,0,0
221642930525763302,0,0,0,1,0
221742930526945402,1,0,0,0,0
221742930548772001,0,0,1,0,0
221842930543068801,0,0,1,0,0
221842930548629802,1,0,0,0,0
222242930544009002,0,1,0,0,0
222342930530148102,0,0,1,0,0
222442930529814102,0,0,0,1,0
222542930509430901,1,0,0,0,0
222542930542764902,1,0,0,0,0
222642930457658001,0,1,0,0,0
222742930520958001,0,0,1,0,0
222842930519131302,0,0,0,1,0
222942930524801801,0,0,1,0,0
223042930446533101,0,0,0,1,0
223142930524586801,0,0,1,0,0
223242929687182701,0,0,1,0,0
223242930515474901,0,0,1,0,0
223242930522271402,1,0,0,0,0
223542930509711401,0,0,0,1,0
223542930524943702,0,0,0,1,0
223742929259310802,0,0,0,1,0
223942930510424802,0,0,0,0,1
224042928592854201,0,0,1,0,0
224042930519163101,0,0,1,0,0
224242930455491302,0,1,0,0,0
224342928021699402,0,0,1,0,0
224342930465361801,0,0,0,1,0
224442930059407701,1,0,0,0,0
224442930465045101,0,0,1,0,0
224542930521392801,0,0,1,0,0
224542930535872302,0,0,1,0,0
224942930459667401,0,0,0,1,0
225042929800207601,0,0,1,0,0
225442930536192201,0,0,0,1,0
225542930526813002,1,0,0,0,0
225642928823251301,0,0,1,0,0
225742930542785202,0,1,0,0,0
225942930518197202,0,0,1,0,0
226142930510564702,0,0,1,0,0
226242930530711402,1,0,0,0,0
226442930530900801,0,1,0,0,0
226542930518849501,0,0,0,0,1
226642930455066701,0,0,1,0,0
226642930474481301,0,0,0,1,0
226642930541254802,0,0,0,0,1
226942930525434501,1,0,0,0,0
227042927979772501,0,0,0,1,0
227042929704188102,0,0,0,0,1
227042930459882702,0,0,0,0,1
227142930477466802,1,0,0,0,0
227242929127079502,1,0,0,0,0
227342929501640302,0,0,1,0,0
227442930456397101,0,0,0,1,0
227442930476092802,0,0,1,0,0
227442930537540601,0,0,0,1,0
227542930142494701,1,0,0,0,0
227742929321159702,1,0,0,0,0
227742930541985201,0,0,0,1,0
227842930515700502,0,0,0,0,1
228042930508088301,1,0,0,0,0
228042930509501002,0,0,1,0,0
228442930532044401,0,0,0,1,0
228442930535190902,1,0,0,0,0
228542930474401902,0,0,0,1,0
228742929800041902,1,0,0,0,0
228742930458562502,0,0,0,0,1
228842930530653801,0,1,0,0,0
228942930461646102,0,0,1,0,0
229142930460413102,0,0,0,1,0
229242929765863102,0,0,1,0,0
229242930464650702,0,1,0,0,0
229342930448175602,0,0,1,0,0
229542930477542801,1,0,0,0,0
229842928130723801,0,0,0,1,0
229842930473204002,0,0,0,1,0
229942929839807701,0,0,1,0,0
231142929604407702,0,0,0,0,1
231242930518258301,1,0,0,0,0
231442930468593002,1,0,0,0,0
231442930518389502,1,0,0,0,0
231542930471698101,0,0,1,0,0
231542930515932502,0,0,1,0,0
231542930531937402,0,0,1,0,0
231742930475459301,0,0,0,1,0
231942930516452801,1,0,0,0,0
231942930527300101,0,0,0,1,0
232042930546849802,0,0,1,0,0
232342930480521002,0,0,0,1,0
232442930455043601,0,0,1,0,0
232442930532909002,0,0,1,0,0
232542930522580802,1,0,0,0,0
232542930530980201,0,0,0,1,0
232742930531694702,0,0,1,0,0
232942930545939201,0,1,0,0,0
233042930530581602,0,0,1,0,0
233142930519507601,0,0,0,1,0
233142930545192801,0,0,1,0,0
233142930548538502,0,0,1,0,0
233242930448797601,0,0,1,0,0
233342930543064402,0,0,0,1,0
233442930516186401,0,0,0,1,0
233442930543210202,0,0,1,0,0
233542930464095302,1,0,0,0,0
233542930475867401,0,0,1,0,0
233742930548685602,0,0,1,0,0
233842930530354701,0,0,0,0,1
234042930476811801,0,0,1,0,0
234042930480240401,0,0,0,1,0
234042930480645902,0,1,0,0,0
234142930463876201,0,0,0,1,0
234142930516208801,0,0,0,0,1
234342930459315401,0,0,0,0,1
234342930534636802,0,0,1,0,0
234442930519488502,1,0,0,0,0
234942930447392501,0,1,0,0,0
234942930528080102,0,0,1,0,0
235042928235935102,0,0,1,0,0
235042930459852101,0,0,1,0,0
235142930524357902,0,0,1,0,0
235142930532587302,0,0,0,1,0
235142930547606802,1,0,0,0,0
235442929488789901,0,0,1,0,0
235442930544367302,1,0,0,0,0
235542930546451802,0,0,0,0,1
235642930220797901,0,0,0,1,0
235642930469364202,1,0,0,0,0
235642930479363401,0,1,0,0,0
235642930522798702,0,1,0,0,0
235842929839691602,0,0,1,0,0
235942930455679801,0,0,0,0,1
236042930457786301,0,0,1,0,0
236042930547778101,0,0,1,0,0
236142930544684002,0,1,0,0,0
236242930471200901,0,0,1,0,0
236242930474371601,1,0,0,0,0
236342930546254302,1,0,0,0,0
236442930449556802,0,0,0,1,0
236642930530457701,0,0,0,1,0
236642930543830802,0,0,0,1,0
236742930543645202,0,0,1,0,0
237142930537923602,0,0,1,0,0
237142930541491901,0,0,1,0,0
237442928235852702,0,0,1,0,0
237642930510191802,0,0,1,0,0
237642930536276402,0,0,0,1,0
237742930540437102,0,0,0,1,0
237742930543536302,0,0,1,0,0
238042929765913402,1,0,0,0,0
238042930508527402,0,0,0,1,0
238142930518014401,0,0,0,1,0
238242930459729901,0,1,0,0,0
238242930479484202,0,0,1,0,0
238342930549815502,0,0,1,0,0
238442930451793002,0,1,0,0,0
238742930478203001,0,0,1,0,0
238742930547727901,0,0,0,0,1
239242930462518401,0,0,0,1,0
239242930463967601,0,0,1,0,0
239242930528882101,0,0,0,1,0
239242930549135202,0,0,1,0,0
239342930518492102,0,0,0,1,0
239442929921990602,0,0,1,0,0
239442930531431601,0,0,1,0,0
239542930541650302,1,0,0,0,0
239842930456653101,0,0,0,1,0
239842930527482101,0,0,1,0,0
239942930455010102,0,0,0,1,0
239942930541439502,1,0,0,0,0
241142928603062201,0,0,1,0,0
241142928726332101,0,0,1,0,0
241142930465417902,0,0,1,0,0
241142930524075202,0,0,0,1,0
241242930534408101,1,0,0,0,0
241442930516032402,0,0,0,1,0
241442930528886802,1,0,0,0,0
241542930547557702,0,0,1,0,0
241742930474208501,0,1,0,0,0
241842930515814201,0,0,1,0,0
241942930509935501,0,0,1,0,0
241942930548691901,0,1,0,0,0
242242930528340102,1,0,0,0,0
242342930522564602,0,0,0,1,0
242542928159125602,0,1,0,0,0
242942930508408802,0,0,1,0,0
242942930520106201,0,0,0,1,0
243042930316903701,1,0,0,0,0
243142930454432801,0,0,0,0,1
243342930517752501,1,0,0,0,0
243342930544502102,1,0,0,0,0
243442930475280302,0,0,1,0,0
243442930550673002,0,0,0,1,0
243542930453927802,0,1,0,0,0
243642930459961602,0,1,0,0,0
243642930510568001,0,0,0,1,0
243742930531152501,0,1,0,0,0
243842930460171001,0,0,1,0,0
244042930472452202,0,0,0,1,0
244042930544339501,0,0,1,0,0
244142930476425802,1,0,0,0,0
244242929462816302,0,0,1,0,0
244342929341449002,0,0,0,0,1
244342929801781202,0,0,0,1,0
244342930459751502,0,0,1,0,0
244342930460159502,0,0,0,1,0
244342930474676602,0,0,0,0,1
244342930520360501,0,0,0,0,1
244442930459439302,0,0,1,0,0
244442930462294302,1,0,0,0,0
244442930524266402,0,1,0,0,0
244542930518141302,1,0,0,0,0
244742928663965702,0,0,1,0,0
244742930523922102,0,0,1,0,0
244742930529662601,1,0,0,0,0
244842928789946301,0,1,0,0,0
244842930462669801,0,0,1,0,0
244942930458206101,1,0,0,0,0
244942930480466202,0,0,1,0,0
245042930448990901,1,0,0,0,0
245642930524900701,0,0,1,0,0
245942930459583802,0,0,0,1,0
245942930474260601,0,0,0,1,0
246042930508095402,0,0,1,0,0
246042930546071401,0,0,1,0,0
246142930548556802,1,0,0,0,0
246242930453999001,0,1,0,0,0
246642929820806302,0,0,1,0,0
246842930535479401,1,0,0,0,0
246942930453237002,0,0,1,0,0
246942930525049001,1,0,0,0,0
247042930471770102,0,0,1,0,0
247042930477042902,1,0,0,0,0
247042930548138301,0,0,1,0,0
247142928726194001,0,0,0,1,0
247142930521840402,0,0,0,1,0
247142930527309001,0,0,1,0,0
247442930516618101,1,0,0,0,0
247542930455305002,1,0,0,0,0
247542930525796802,0,0,1,0,0
247642930515817802,0,0,1,0,0
247642930526681902,0,0,1,0,0
247842930455165602,0,0,0,0,1
247842930531104201,0,0,1,0,0
247942930516274002,0,0,1,0,0
248142930538291001,0,0,0,0,1
248242930509840102,0,0,0,1,0
248442930477943401,0,0,1,0,0
248442930530739201,0,1,0,0,0
248842930460261002,0,0,1,0,0
248842930476112602,0,0,1,0,0
248942930464579101,0,0,1,0,0
249142930461593201,0,0,1,0,0
249242930518300002,1,0,0,0,0
249342930507773402,0,1,0,0,0
249542930530366302,0,0,0,1,0
249642930527520802,1,0,0,0,0
249642930539463702,0,0,1,0,0
249842929000335401,0,0,0,1,0
249842930519587202,0,0,0,1,0
249942930532822402,1,0,0,0,0
251242930474606902,0,0,0,1,0
251342928108622702,0,0,0,1,0
251342930012280301,0,0,1,0,0
251342930517654102,0,0,1,0,0
251442930476629802,1,0,0,0,0
251542930535989801,0,0,1,0,0
251642930546482101,0,1,0,0,0
251742930542242702,0,1,0,0,0
251842930470777901,0,0,1,0,0
251942930447639201,0,0,1,0,0
252342930543445002,0,0,1,0,0
252442928725940202,0,0,0,1,0
252442930465818002,0,0,0,0,1
252442930528910601,0,0,0,0,1
252542928683993102,1,0,0,0,0
252542930480707601,0,0,0,1,0
252742928030399201,0,0,0,1,0
252742929118680102,0,1,0,0,0
252742930449925801,0,0,1,0,0
252742930454283301,0,0,0,0,1
252742930548077501,0,0,1,0,0
252742930549312001,0,0,1,0,0
252842930457281702,0,0,0,0,1
252842930473606302,0,1,0,0,0
252842930515912101,1,0,0,0,0
253042930460311801,0,1,0,0,0
253342928921105802,0,0,1,0,0
253342930478229202,0,1,0,0,0
253342930533526902,0,0,1,0,0
253542930460951801,1,0,0,0,0
253542930473454802,0,0,1,0,0
253642930474121701,0,1,0,0,0
253642930517892002,0,0,0,0,1
253842930456207201,0,0,1,0,0
253842930462375002,0,0,1,0,0
253842930546890301,0,1,0,0,0
254042930520816602,0,0,1,0,0
254142930454477502,0,1,0,0,0
254142930519710602,0,0,0,0,1
254142930541858601,0,0,0,1,0
254242930466965302,0,0,0,1,0
254242930530851801,0,0,1,0,0
254342930461275701,0,0,1,0,0
254442930456754501,0,0,0,1,0
254442930525539801,0,0,0,1,0
254642929249216101,0,0,1,0,0
254642930549295101,1,0,0,0,0
255042930547075401,1,0,0,0,0
255142930436090001,0,0,0,1,0
255142930463688201,0,0,0,0,1
255242927945047202,0,0,1,0,0
255342929021009101,1,0,0,0,0
255342930449499902,0,0,0,0,1
255442930516645202,0,0,0,1,0
255642930463932702,0,0,0,1,0
255742930534123101,0,1,0,0,0
256042930518170701,0,0,0,0,1
256142930528386001,1,0,0,0,0
256242930463635002,0,0,0,1,0
256242930532496001,0,0,1,0,0
256342930459586501,0,0,0,0,1
256442930546114502,0,0,0,0,1
256742930518989901,0,0,0,1,0
256742930523892702,0,0,0,1,0
256742930528824702,0,1,0,0,0
256842928043839301,0,0,1,0,0
257042928210580802,0,0,1,0,0
257042930459363701,0,0,0,1,0
257042930460144001,0,0,0,1,0
257442930527639402,0,1,0,0,0
257542930531992402,0,1,0,0,0
257642930474949601,0,0,1,0,0
257742930463712801,0,0,1,0,0
257742930541837301,0,0,0,0,1
257842930448633102,0,1,0,0,0
257842930474322902,0,0,0,1,0
257842930525994302,0,0,0,1,0
257842930534388801,0,0,0,1,0
258242930521159301,0,1,0,0,0
258242930532428802,0,0,1,0,0
258342930457933401,0,0,0,0,1
258542930477109202,0,0,0,0,1
258542930528680001,1,0,0,0,0
258642929800141202,0,0,0,0,1
258742930449263202,0,0,0,1,0
258842930524132401,0,0,1,0,0
258942930455643301,0,0,0,1,0
259142930428343602,0,0,1,0,0
259242930521374202,0,0,0,0,1
259242930526590001,0,0,0,0,1
259242930542989201,0,0,1,0,0
259342927979570502,1,0,0,0,0
259542930549929202,1,0,0,0,0
259642929034814401,0,0,1,0,0
259642930546744502,0,0,0,0,1
259742930544586602,0,0,1,0,0
259942930526882402,0,0,1,0,0
261142930455927801,0,0,1,0,0
261142930526174002,1,0,0,0,0
261242930519812601,0,0,0,0,1
261342930550042501,0,0,0,1,0
261442930531207501,0,0,1,0,0
261542929903230801,0,0,0,1,0
261542930527398002,0,0,1,0,0
261642930534151601,0,0,1,0,0
261642930541661902,1,0,0,0,0
261742928043880601,0,0,1,0,0
262242930462873701,0,0,0,0,1
262342930459644301,0,0,1,0,0
262342930541339301,1,0,0,0,0
262442930520993002,0,0,1,0,0
262542930537165501,0,1,0,0,0
262842930541577902,0,0,1,0,0
263042930458424401,0,0,0,1,0
263242930458255702,0,0,1,0,0
263442930466846301,0,0,0,1,0
263442930521798901,0,0,1,0,0
263542930524815602,1,0,0,0,0
263642930517146502,0,0,0,1,0
263742930474811502,0,0,0,0,1
263942930474844501,0,0,1,0,0
264042930457452702,1,0,0,0,0
264142928135731901,0,0,1,0,0
264142929197899901,0,0,0,1,0
264242930469660601,0,0,1,0,0
264242930472909102,1,0,0,0,0
264442930528585602,0,0,1,0,0
264542929991113002,0,0,1,0,0
264642930550424401,0,0,0,0,1
264642930550565001,0,0,1,0,0
264742928243059901,0,0,1,0,0
264742929373243501,1,0,0,0,0
264742930458813402,0,0,1,0,0
264842930468130001,0,1,0,0,0
264842930471898001,0,0,1,0,0
264942930461356002,0,0,0,1,0
265142930474007702,1,0,0,0,0
265342930525067001,0,0,1,0,0
265342930543016301,0,0,1,0,0
265842929476646701,1,0,0,0,0
265842930534545802,0,0,1,0,0
265842930543162202,0,0,1,0,0
266042930454985302,1,0,0,0,0
266042930524204401,0,0,1,0,0
266042930541519002,1,0,0,0,0
266142928265489802,0,0,0,1,0
266442930454746502,1,0,0,0,0
266442930476981601,0,0,0,1,0
266542930469002501,0,1,0,0,0
266642930455716702,0,0,1,0,0
266742930526545901,1,0,0,0,0
266942930451361702,0,0,0,1,0
266942930458448002,0,0,1,0,0
266942930546957102,0,1,0,0,0
267042930522688401,0,0,1,0,0
267042930528033102,0,0,0,1,0
267142930451551001,0,0,0,0,1
267142930480320402,1,0,0,0,0
267342929197690602,0,0,1,0,0
267342930470650002,0,0,1,0,0
267342930528504901,0,0,1,0,0
267442930449858502,0,0,1,0,0
267442930519167501,0,0,1,0,0
267542930528558402,0,0,0,1,0
267542930536388401,0,0,1,0,0
267642929269363301,0,0,0,1,0
267742930530602901,0,0,0,1,0
268042930458333202,1,0,0,0,0
268142930316798501,0,0,0,1,0
268242930476680702,0,0,1,0,0
268642930459538102,0,0,1,0,0
268742930518171302,0,0,1,0,0
268842930465034701,0,0,0,1,0
268842930547504902,1,0,0,0,0
268942930468831801,0,0,1,0,0
269142930517279701,1,0,0,0,0
269542930465015202,1,0,0,0,0
269642930464550602,0,1,0,0,0
269742930448412001,0,1,0,0,0
269742930461248501,0,0,0,1,0
269942928130694402,0,0,0,1,0
269942929155481702,0,1,0,0,0
269942930526785002,0,0,0,1,0
269942930526875602,0,0,0,1,0
269942930529106301,0,0,0,0,1
271142930462946402,0,0,1,0,0
271242928684109501,0,0,0,1,0
271442930543173501,0,0,0,1,0
271442930548182901,0,1,0,0,0
271542928099579202,1,0,0,0,0
271542930519868601,0,0,0,1,0
271642930459031202,0,0,0,0,1
271642930462452902,1,0,0,0,0
271742930475173801,0,0,0,0,1
271742930508828202,0,1,0,0,0
271942930459908702,0,0,1,0,0
272042930519339402,0,0,0,1,0
272042930529516901,0,0,0,1,0
272242928845210701,0,1,0,0,0
272242930476204301,0,0,0,0,1
272342930526128902,1,0,0,0,0
272442930461241502,0,1,0,0,0
272842930460178202,0,0,0,1,0
272842930531914801,1,0,0,0,0
272942930522697701,0,0,0,0,1
273042930515730901,0,0,1,0,0
273042930524748101,0,0,1,0,0
273142930470689702,0,0,0,1,0
273142930533768001,0,0,0,1,0
273442930546731802,0,0,1,0,0
273542929989589602,0,0,0,1,0
273542930453669902,0,0,1,0,0
273542930542605502,1,0,0,0,0
273642930508767101,0,0,1,0,0
273642930533961901,1,0,0,0,0
273742930475146401,0,0,0,1,0
273842930518582102,0,0,1,0,0
274042928043842102,0,0,1,0,0
274042930533205801,0,0,0,0,1
274142930469864701,0,1,0,0,0
274242930457202402,0,0,0,1,0
274242930457849201,0,0,1,0,0
274242930545682101,0,1,0,0,0
274342930547205401,0,0,1,0,0
274542930448087501,0,0,1,0,0
274642930509549001,0,0,0,1,0
274742930507794401,0,0,1,0,0
274942930473043401,1,0,0,0,0
275042928135390702,0,1,0,0,0
275042930517825101,0,0,0,1,0
275242929861334501,0,0,0,1,0
275242930464028901,0,0,1,0,0
275442929613423202,0,0,0,1,0
275442930464639801,0,0,1,0,0
275442930527084202,0,0,1,0,0
275542930545852601,0,1,0,0,0
275742930548107602,0,0,1,0,0
275842928021779401,0,0,1,0,0
275842930519335401,0,0,1,0,0
275942930479575502,0,1,0,0,0
276042930464092201,0,0,0,1,0
276242930472097402,1,0,0,0,0
276642928042242301,0,0,0,1,0
276642929649295001,1,0,0,0,0
276742930527201601,0,0,0,0,1
276842929104948101,1,0,0,0,0
276842930525970802,0,0,1,0,0
276842930549490302,0,0,0,0,1
277242930457175502,0,0,0,1,0
277242930516254902,0,0,0,1,0
277442930454145502,0,0,0,0,1
277542930456323102,0,1,0,0,0
277542930473742702,0,0,0,1,0
277542930531233702,1,0,0,0,0
277642929969542602,0,0,0,0,1
277742930525180201,0,0,0,1,0
277742930547603701,0,0,1,0,0
277842930518285201,0,0,1,0,0
278042930509677102,0,0,0,1,0
278242930455278201,0,0,0,1,0
278342928932688301,0,0,0,0,1
278442930473949402,0,1,0,0,0
278642930515756102,1,0,0,0,0
278742930460003702,0,0,1,0,0
278842930477822401,0,0,1,0,0
278842930516981202,0,0,0,1,0
278842930524592002,0,0,0,0,1
278942930525158501,0,0,1,0,0
279142928086601001,1,0,0,0,0
279442930473480502,0,1,0,0,0
279642930453807602,0,0,0,1,0
279642930541353202,0,1,0,0,0
279742930525071701,0,0,0,1,0
279942930518740602,0,0,1,0,0
281142929642567301,1,0,0,0,0
281142930529025802,1,0,0,0,0
281342929684635902,1,0,0,0,0
281342930453948401,0,0,1,0,0
281342930534319302,0,0,0,0,1
281842930455480101,0,1,0,0,0
281842930478686702,0,1,0,0,0
281942930477643701,0,0,1,0,0
282042930457742102,0,1,0,0,0
282142930550607302,0,0,0,0,1
282342930530675901,0,0,1,0,0
282442930450635301,1,0,0,0,0
282442930508133501,1,0,0,0,0
282542930524809801,0,0,0,0,1
282642930469586102,0,0,0,1,0
283142930479193502,0,0,0,0,1
283242930527502002,0,0,1,0,0
283342928005313202,0,1,0,0,0
283342930528881501,0,0,1,0,0
283442930458935102,0,0,0,1,0
283442930510207402,0,0,1,0,0
283542930519666102,0,0,1,0,0
283642928757851802,0,0,0,1,0
283742930536990002,0,0,1,0,0
283742930550168602,0,0,1,0,0
283842930477529801,0,0,0,0,1
283842930509256702,0,0,0,1,0
283842930519159102,0,0,0,0,1
283842930532141702,0,0,1,0,0
284042930450482202,0,0,0,0,1
284142927921591502,0,1,0,0,0
284142930469310702,0,0,1,0,0
284142930517593401,0,1,0,0,0
284142930545369602,0,0,1,0,0
284242930457062102,0,1,0,0,0
284242930542269101,0,0,1,0,0
284342929118646901,0,0,1,0,0
284342930542910402,1,0,0,0,0
284542930289309602,0,0,0,0,1
284642930462574802,0,0,1,0,0
284842929331811301,0,0,0,0,1
284942930474896701,0,0,1,0,0
284942930526933301,0,1,0,0,0
285042930530335901,0,0,1,0,0
285242929529038501,0,0,1,0,0
285342930477471501,1,0,0,0,0
285342930477479902,0,0,1,0,0
285642929025477601,0,0,0,1,0
285642930536209902,0,0,0,0,1
285842930543680701,0,0,1,0,0
285942930466952001,0,0,1,0,0
286042930529533502,0,1,0,0,0
286142930461326201,0,1,0,0,0
286242930509415601,0,0,0,1,0
286342927982837101,0,0,1,0,0
286342930526716102,0,0,1,0,0
286542930471697302,0,0,0,1,0
286542930524444701,0,0,0,1,0
286742930519788302,0,0,0,1,0
286742930533445401,0,0,1,0,0
286942928570832201,0,0,0,1,0
286942928684064701,1,0,0,0,0
287142930538503402,0,0,0,1,0
287142930546935102,0,0,1,0,0
287242930472712401,0,0,1,0,0
287242930478058801,0,0,1,0,0
287442929424281301,0,0,1,0,0
287542930449605602,0,0,1,0,0
287542930471836801,0,0,1,0,0
287842930464915402,0,0,1,0,0
287942929309212902,1,0,0,0,0
287942930465536202,1,0,0,0,0
288042930543019902,0,0,1,0,0
288042930543246201,0,0,1,0,0
288242930469467601,1,0,0,0,0
288242930547391702,0,0,0,1,0
288442930541622001,1,0,0,0,0
288742930522472501,0,0,0,1,0
288842930452286102,0,0,1,0,0
288842930460077201,0,1,0,0,0
288842930547629101,0,0,0,1,0
288842930549622001,0,0,0,1,0
288942930516013801,1,0,0,0,0
289042930527326901,0,0,1,0,0
289042930547054202,1,0,0,0,0
289142930458890701,0,0,0,1,0
289342930451844602,1,0,0,0,0
289442930462773001,1,0,0,0,0
289542930473308102,0,0,1,0,0
289642930545972401,0,1,0,0,0
289742930530455002,0,0,0,1,0
289842930516115902,0,0,0,1,0
289942930511244801,0,0,1,0,0
291542930469697801,0,1,0,0,0
291642930542641001,0,0,1,0,0
291742930142600201,0,0,1,0,0
291942930446774202,0,0,1,0,0
291942930533612102,1,0,0,0,0
292042930517688202,0,0,0,1,0
292142930479925101,0,0,0,1,0
292242930515574002,0,0,1,0,0
292442930460041502,0,0,0,1,0
292442930462885501,0,0,1,0,0
292942929456669102,0,0,1,0,0
293142930517194901,0,0,0,0,1
293242930526249502,0,0,0,0,1
293242930531600502,1,0,0,0,0
293242930550733201,0,0,1,0,0
293342930508080601,0,0,0,1,0
293342930508994302,1,0,0,0,0
293642930164668102,1,0,0,0,0
293642930446861002,0,0,0,1,0
293742930524691402,1,0,0,0,0
294142930461696302,0,0,0,1,0
294342930527502601,0,0,0,1,0
294742929721498401,0,0,0,1,0
294742930517719501,1,0,0,0,0
294742930542542101,0,1,0,0,0
294942930446267502,0,0,0,1,0
294942930455870402,0,0,0,0,1
294942930531762002,0,0,0,1,0
295442930453856202,0,1,0,0,0
295542928159286201,0,0,1,0,0
295542930480599701,0,0,1,0,0
295542930538104301,0,0,0,0,1
295742930474957402,0,0,1,0,0
295742930524433702,0,0,0,1,0
295842930532647602,0,0,0,1,0
295942930515960302,0,0,0,1,0
295942930516742801,0,0,1,0,0
296242930455377601,1,0,0,0,0
296342930508236301,0,0,1,0,0
296342930517781701,0,0,1,0,0
296442930519883402,0,1,0,0,0
296542930474349602,1,0,0,0,0
296642929820997201,1,0,0,0,0
296742927980095501,0,1,0,0,0
296742930529195101,1,0,0,0,0
296842930458231501,0,0,0,1,0
296842930475425901,0,0,1,0,0
297142930453227601,1,0,0,0,0
297142930460015402,0,0,0,0,1
297142930544064501,1,0,0,0,0
297142930548160502,0,0,1,0,0
297242930550572001,0,0,1,0,0
297442930464887802,1,0,0,0,0
297742930468887502,0,1,0,0,0
297942930447564901,0,0,1,0,0
297942930472700202,1,0,0,0,0
297942930473282202,1,0,0,0,0
298042930524275601,0,0,1,0,0
298242930477089302,0,1,0,0,0
298242930510235002,0,0,0,1,0
298342930447643102,0,0,0,0,1
298342930544433301,1,0,0,0,0
298342930548585002,0,0,0,1,0
298542930475335702,0,0,1,0,0
298542930528293701,0,0,1,0,0
298842930529840402,0,0,0,1,0
299042929197945001,0,0,0,1,0
299242930449084201,1,0,0,0,0
299442930462151402,0,1,0,0,0
299542930517598002,0,0,0,0,1
299642930472921601,1,0,0,0,0
299642930524834302,0,0,0,1,0
299742930528227402,0,0,1,0,0
299742930545005402,0,0,0,1,0
301242930459796901,1,0,0,0,0
301542930508533601,0,0,1,0,0
301542930528796002,0,0,0,1,0
301642930479679501,0,0,1,0,0
301642930524385402,1,0,0,0,0
301842930461762701,0,0,1,0,0
301842930544711402,0,0,1,0,0
301942929839855901,0,0,0,0,1
301942930474861802,0,0,0,1,0
302042930474602301,0,0,1,0,0
302142930528684002,0,0,0,0,1
302142930534298101,0,0,0,0,1
302542930466332502,1,0,0,0,0
302542930541058901,0,1,0,0,0
302542930544385002,0,0,0,1,0
302542930550807001,0,0,0,0,1
302842930457098302,0,0,0,0,1
302942930517101002,0,0,0,1,0
303142930474287802,0,0,0,1,0
303142930522970002,0,0,0,1,0
303242930525631102,0,0,0,1,0
303442929946432702,0,0,1,0,0
303642928077879902,0,0,1,0,0
303742930463339901,0,0,1,0,0
303742930466476901,0,0,1,0,0
303742930474687902,0,0,0,0,1
303942927963809701,1,0,0,0,0
303942930465122701,0,0,1,0,0
304042930476111801,0,0,1,0,0
304142930516774902,0,0,1,0,0
304142930548522101,0,0,0,1,0
304542929249094801,0,0,0,1,0
304542930461310101,0,0,1,0,0
304542930546424301,1,0,0,0,0
304742930530586601,0,0,1,0,0
304842930517668701,0,0,1,0,0
304842930519811202,0,0,1,0,0
305142930508959602,0,1,0,0,0
305442928726076102,0,0,1,0,0
305442930454598402,0,0,1,0,0
305442930471191902,0,0,1,0,0
305542930529910201,1,0,0,0,0
305742930528768702,0,0,0,1,0
306242930537512101,0,0,1,0,0
306442930473335602,0,0,1,0,0
306442930517138902,0,0,1,0,0
306542930533804102,1,0,0,0,0
306642930462906002,0,0,0,1,0
306642930479796202,0,0,0,1,0
306842930453555401,1,0,0,0,0
306842930480406501,0,0,1,0,0
306942930550479101,0,0,1,0,0
307042930532334402,0,0,0,1,0
307142929091435101,0,0,1,0,0
307142930458079601,0,0,0,0,1
307142930474623902,0,0,1,0,0
307242930515916901,0,0,0,0,1
307342930509616201,0,0,1,0,0
307342930534097002,1,0,0,0,0
307442930479630902,1,0,0,0,0
307442930509778802,0,0,0,1,0
307542930524280301,0,0,0,0,1
307742930544301201,0,1,0,0,0
307842928636919901,0,0,1,0,0
308042930455771602,0,0,1,0,0
308142930466652001,0,0,1,0,0
308142930478039102,0,0,0,1,0
308142930529668602,0,0,1,0,0
308142930532520002,0,0,1,0,0
308242930544806301,0,0,0,0,1
308342929901445701,0,0,0,1,0
308342930080355601,0,0,0,0,1
308342930546970002,0,0,0,0,1
308542930477019402,0,0,1,0,0
308742930465134201,0,0,1,0,0
308842930547509501,1,0,0,0,0
308942929843657702,0,0,1,0,0
308942930464926901,0,0,1,0,0
308942930541987802,0,1,0,0,0
309042930531011002,0,0,0,1,0
309142929118744101,0,0,1,0,0
309142930464369601,0,0,0,1,0
309442930462659701,0,0,1,0,0
309542930530726202,0,0,0,0,1
309742930510620701,0,0,1,0,0
309942930545580002,0,0,0,0,1
311442930542281902,0,1,0,0,0
311542930446688901,0,0,0,0,1
311542930455740902,1,0,0,0,0
311642930475115902,1,0,0,0,0
311842930517670502,1,0,0,0,0
311942930455638502,0,0,0,1,0
312042930480484602,0,0,0,1,0
312042930543741001,1,0,0,0,0
312142929704156101,0,1,0,0,0
312142930446570101,0,1,0,0,0
312242930543752601,0,0,1,0,0
312442930454121202,0,0,0,1,0
312542930528071701,0,0,0,1,0
312642930456892002,0,0,1,0,0
312642930515697601,0,0,0,1,0
312842930542735201,0,0,1,0,0
313042928021659402,0,0,0,0,1
313042930517111502,0,0,1,0,0
313142930516351402,0,0,1,0,0
313442930521399602,1,0,0,0,0
313442930533729502,0,0,1,0,0
313542930477137801,0,0,0,0,1
313542930525965001,0,0,1,0,0
313542930540390402,0,0,1,0,0
313642930460297502,0,0,1,0,0
313742930453968502,0,0,1,0,0
313742930525229401,0,0,0,0,1
313942930475403102,0,0,0,0,1
314042930466352302,0,0,0,0,1
314042930543493001,0,0,0,1,0
314242930527104402,0,0,1,0,0
314542930452521402,1,0,0,0,0
314642930525598602,0,0,1,0,0
314742930457973501,0,0,0,1,0
314742930461770301,0,0,0,1,0
314742930543917201,0,0,1,0,0
314942930524836901,0,0,1,0,0
315442930531999501,0,0,1,0,0
315542930519478501,0,0,1,0,0
315542930529561302,0,0,1,0,0
315642930530192301,0,0,1,0,0
315842930530136202,0,0,1,0,0
316642930462545502,0,0,0,1,0
316642930469409301,0,1,0,0,0
316642930530285002,0,0,1,0,0
316742930528486302,0,0,0,1,0
316842930524674801,0,0,1,0,0
316842930534404902,0,0,0,0,1
317042930448374701,0,0,0,0,1
317042930461574402,0,0,1,0,0
317142930448776802,0,0,1,0,0
317242930351294101,1,0,0,0,0
317242930448551201,0,1,0,0,0
317242930509868302,0,0,1,0,0
317242930541173401,0,0,1,0,0
317342930545988302,0,0,0,1,0
317442930478135302,0,0,0,1,0
317442930515782902,0,0,0,1,0
317542930447869902,1,0,0,0,0
317642930460503501,0,0,0,0,1
317642930516056901,0,0,0,1,0
317642930525366102,0,0,1,0,0
317642930534374702,0,0,0,0,1
317742930447601401,0,0,0,1,0
317742930519615102,0,0,0,0,1
317942930545716001,0,0,0,0,1
318042930473003702,0,0,0,0,1
318042930474158602,0,1,0,0,0
318142930545846502,0,0,0,1,0
318242930051124302,0,0,0,1,0
318242930445751301,0,0,0,1,0
318442930451906402,0,0,1,0,0
318442930472979202,0,0,1,0,0
318542929194731901,0,0,1,0,0
318742930519035401,1,0,0,0,0
318942930462878702,0,0,0,0,1
319142930459262201,0,0,0,1,0
319142930473924202,0,0,0,1,0
319242930541495002,0,0,1,0,0
319342930472134402,0,0,1,0,0
319442930529431002,1,0,0,0,0
319542927897875801,0,0,0,1,0
319542930476446802,0,0,0,1,0
319742930534511301,0,0,0,0,1
319942930521968101,0,0,1,0,0
321142929177982401,1,0,0,0,0
321242930519562901,0,0,1,0,0
321342930549425202,0,0,0,1,0
321842930538717302,0,0,0,1,0
322042930475107601,1,0,0,0,0
322042930475841301,0,0,1,0,0
322142930541473402,0,0,1,0,0
322442930518961301,1,0,0,0,0
322542930547495002,0,0,0,1,0
322642929537342401,0,0,0,1,0
322742930519716202,0,0,0,0,1
322742930530703601,0,0,1,0,0
322842930476696802,1,0,0,0,0
323042929488733102,1,0,0,0,0
323042930546015301,0,0,0,1,0
323142930521426302,1,0,0,0,0
323342930509386901,0,0,1,0,0
323342930527679301,0,0,1,0,0
323342930528370002,0,0,0,0,1
323442927975082002,0,0,1,0,0
323742930456266901,0,0,0,1,0
323742930477129001,0,0,0,0,1
323742930516063802,0,0,1,0,0
323842930542709901,0,0,0,1,0
323942930517140201,0,0,1,0,0
324042930516101402,0,1,0,0,0
324142929467067101,0,0,1,0,0
324342930453507201,0,0,0,1,0
324442930473115401,1,0,0,0,0
324442930545607801,0,0,1,0,0
324542930516684901,1,0,0,0,0
324542930529308002,0,0,0,1,0
324742930529490902,1,0,0,0,0
324842930536416901,1,0,0,0,0
324942930516603101,0,0,0,0,1
325842927959121701,0,0,1,0,0
325942930456155801,1,0,0,0,0
325942930509005302,0,0,1,0,0
326242929348469101,0,0,1,0,0
326242930475913001,0,0,1,0,0
326242930479798102,0,0,1,0,0
326242930532815501,0,0,0,0,1
326742930545741002,0,0,0,1,0
326942930462396301,0,0,0,0,1
327042930518364901,0,0,0,0,1
327042930543509002,0,0,0,1,0
327142928822976102,0,0,0,0,1
327142930531769601,0,0,1,0,0
327242930480443201,0,0,1,0,0
327342930519145801,0,0,0,1,0
327442930468325001,0,0,0,0,1
327442930518731202,0,0,1,0,0
327842930545368201,0,0,1,0,0
327942930472483502,0,0,0,1,0
328142930525625702,0,0,1,0,0
328142930530120601,0,1,0,0,0
328442930531385702,0,1,0,0,0
328642930476288101,0,0,0,1,0
328742930447855701,0,0,1,0,0
328742930516958201,0,0,1,0,0
328842930458449401,0,0,1,0,0
329042930528042701,0,0,1,0,0
329142930476959202,0,0,1,0,0
329142930539175902,1,0,0,0,0
329242929307482901,0,1,0,0,0
329342930450180801,0,0,1,0,0
329442930539290901,0,1,0,0,0
329542930459791702,0,0,0,1,0
329742928108713902,0,0,1,0,0
329742930510530302,0,0,1,0,0
331342928577536302,0,0,0,1,0
331342930530428001,1,0,0,0,0
331542930458358102,1,0,0,0,0
331542930518042601,0,0,1,0,0
331642930342522902,1,0,0,0,0
331642930475173601,0,0,1,0,0
331642930515500302,0,1,0,0,0
331742930456837602,1,0,0,0,0
331842930532015701,0,1,0,0,0
331942930518709902,0,0,1,0,0
332042930456928601,1,0,0,0,0
332342930517243401,0,0,0,0,1
332542930464905401,0,0,1,0,0
332742930527107102,1,0,0,0,0
332842930458384002,0,0,1,0,0
332842930526526402,0,0,0,1,0
333042929921931502,0,0,0,0,1
333042930525878601,0,0,1,0,0
333042930526610301,0,0,0,1,0
333142930538263901,0,0,0,1,0
333242929703991002,0,0,0,1,0
333342930544586401,0,0,1,0,0
333542930452004602,0,0,1,0,0
333542930532226401,0,0,1,0,0
333742928623643602,1,0,0,0,0
333742930447710401,0,0,1,0,0
333842930525494501,0,0,1,0,0
334042930480420201,0,0,1,0,0
334142930518709202,1,0,0,0,0
334342930517250501,0,0,1,0,0
334542928757944602,0,1,0,0,0
334642930463735102,0,0,0,1,0
334742930464407302,1,0,0,0,0
334742930550062701,0,0,1,0,0
334842930540429202,0,0,1,0,0
334942930519074702,0,0,1,0,0
335042930456163602,0,0,0,0,1
335242930549567202,0,0,0,1,0
335642930473582201,0,0,1,0,0
335742928811707801,1,0,0,0,0
335842930479885101,0,0,1,0,0
335842930547547102,0,0,1,0,0
336042930529221701,0,0,1,0,0
336142930480247501,1,0,0,0,0
336342928855703402,0,0,1,0,0
336342930479111802,0,0,0,0,1
336542928235791602,0,0,1,0,0
336642930547172801,0,0,0,1,0
336842928235971801,0,0,1,0,0
336942930511301301,1,0,0,0,0
337042930478901701,0,1,0,0,0
337042930532277601,0,0,0,1,0
337142930476072102,0,1,0,0,0
337342930456181701,0,0,1,0,0
337442930525066402,0,0,1,0,0
337542930462685102,0,0,0,1,0
337642930543341001,0,0,0,1,0
337742930526684701,0,0,0,0,1
337842930452940302,0,0,1,0,0
337842930477414902,1,0,0,0,0
337942929800508901,0,1,0,0,0
338042928845019702,0,0,0,0,1
338042930541162002,0,0,0,1,0
338242930461890002,0,0,0,0,1
338442930521976001,0,0,1,0,0
338742930455466002,0,1,0,0,0
338842930548855501,0,0,1,0,0
338942930517342702,1,0,0,0,0
338942930543405802,1,0,0,0,0
339042930474793701,0,1,0,0,0
339042930545527902,0,1,0,0,0
339242930220743401,0,0,1,0,0
339442930523968302,0,0,0,1,0
339642930480766401,0,0,1,0,0
339642930525423102,0,0,0,1,0
339742930526997301,0,0,0,1,0
339842927963711401,0,0,1,0,0
339842930447217001,0,0,1,0,0
339842930550330402,0,0,1,0,0
339942930532939901,0,0,0,1,0
341142929417399601,0,0,0,0,1
341242930518833102,1,0,0,0,0
341242930523112101,0,0,1,0,0
341342930456359501,0,0,0,0,1
341342930477720902,0,0,1,0,0
341442930475907401,0,0,1,0,0
341442930519841401,0,1,0,0,0
341442930538862202,0,0,0,0,1
341442930546207101,0,0,1,0,0
341542930550753601,0,0,0,0,1
341642930529403602,0,0,1,0,0
341742930469756902,0,0,1,0,0
341742930548656502,0,0,1,0,0
341842930524241201,0,0,0,1,0
341942930459636002,1,0,0,0,0
342042928560914101,0,0,0,1,0
342242930460756801,0,0,1,0,0
342442930479952501,0,1,0,0,0
342542930456553701,0,0,1,0,0
342542930508067702,0,0,0,1,0
342642930541899602,0,0,1,0,0
342642930546268701,1,0,0,0,0
342742930540958102,0,0,1,0,0
342842930534602701,0,0,0,1,0
343042930519223402,0,0,0,0,1
343142930525678801,1,0,0,0,0
343242929400142802,1,0,0,0,0
343242929800157201,0,1,0,0,0
343342930464798602,0,0,0,0,1
343342930466774202,1,0,0,0,0
343442930548167501,0,0,0,0,1
343542930548828801,0,0,1,0,0
343642930531569302,0,0,0,1,0
343642930544262102,0,1,0,0,0
343742928912076802,0,1,0,0,0
343842930527264502,1,0,0,0,0
343842930546595402,0,0,0,0,1
343942930548932901,1,0,0,0,0
344042930455560502,0,0,1,0,0
344042930528869902,0,0,0,0,1
344142930479051402,0,0,0,0,1
344242930508956602,0,0,0,0,1
344542930518632701,1,0,0,0,0
344642930531930701,0,1,0,0,0
344742930474743902,0,0,0,0,1
344842930453546402,0,0,0,0,1
345142930452588901,1,0,0,0,0
345242930101315801,0,0,0,1,0
345242930475998202,0,0,0,1,0
345242930478022802,0,1,0,0,0
345242930535683001,0,0,1,0,0
345342929544053901,0,0,1,0,0
345342930466643601,0,0,1,0,0
345342930478327301,0,0,0,1,0
345842930527032402,1,0,0,0,0
345842930527886501,1,0,0,0,0
345942929091386401,1,0,0,0,0
346042930463684402,0,0,0,0,1
346442930545956501,0,0,0,1,0
346542930473729001,0,0,0,0,1
346542930526196101,0,0,0,0,1
346542930534670102,1,0,0,0,0
346542930543801102,0,0,1,0,0
346742930473292901,1,0,0,0,0
346842930518058602,0,0,1,0,0
346942928923773502,0,0,1,0,0
346942930545787402,0,0,0,0,1
347042930542852202,0,0,0,1,0
347142930518996802,0,0,0,1,0
347142930542876001,0,1,0,0,0
347242930518420401,0,0,0,0,1
347342930541527202,0,0,1,0,0
347342930543230401,0,0,1,0,0
347942928176065301,0,0,0,0,1
347942930470091601,0,0,0,1,0
348142930525884202,1,0,0,0,0
348242930472143502,0,0,1,0,0
348342930459843702,0,0,0,0,1
348542928242444802,0,1,0,0,0
348542930458368601,1,0,0,0,0
348642930463647301,0,0,0,1,0
348642930474443601,1,0,0,0,0
348742930550264202,0,0,1,0,0
348842930446522602,0,0,1,0,0
348842930448305701,1,0,0,0,0
349042930522319202,0,0,1,0,0
349042930528256602,0,0,0,0,1
349042930539087601,0,0,0,1,0
349342930462812102,1,0,0,0,0
349442930516840901,0,0,0,1,0
349442930542073801,0,0,0,1,0
349542930463037902,1,0,0,0,0
349542930464233001,0,0,0,0,1
349742930530005702,1,0,0,0,0
349842930526868801,1,0,0,0,0
349842930537161802,1,0,0,0,0
349942930453287002,0,0,1,0,0
351142930518610302,0,0,1,0,0
351242929197737002,0,1,0,0,0
351342930458841902,0,0,0,1,0
351542930472807902,1,0,0,0,0
351542930542392001,0,0,1,0,0
351542930542888401,0,0,1,0,0
351842930473013801,0,0,0,1,0
351842930516795801,0,0,1,0,0
351942930478868202,0,0,0,1,0
352042930457340302,1,0,0,0,0
352042930537324302,0,0,0,1,0
352142930462425302,1,0,0,0,0
352342930460748201,0,0,0,1,0
352442930453460201,0,0,1,0,0
352542930469163501,0,0,1,0,0
352642930459600202,0,1,0,0,0
352642930478847701,0,0,1,0,0
352642930531604201,1,0,0,0,0
352842930534654102,1,0,0,0,0
352942930524844002,0,1,0,0,0
353342930537832101,0,0,0,1,0
353542929613487101,0,0,0,0,1
353542930462492101,0,0,1,0,0
353742929989757001,0,0,0,1,0
353742930449690102,0,0,1,0,0
353842930476422401,0,0,1,0,0
354142930466805102,0,0,0,1,0
354442927929225802,0,0,1,0,0
354642930520764501,0,0,1,0,0
354742930516887001,0,0,0,0,1
354742930525620201,1,0,0,0,0
354842930508660902,0,0,0,1,0
354842930519368602,0,0,0,0,1
355142930548645401,1,0,0,0,0
355242930526529902,0,1,0,0,0
355342930468737802,0,0,1,0,0
355442928697224902,0,0,0,1,0
355642930479523202,0,1,0,0,0
355942930525937802,1,0,0,0,0
355942930529354002,1,0,0,0,0
356242930460398301,0,1,0,0,0
356542930508363702,0,0,0,1,0
356542930547187501,1,0,0,0,0
356942930453980302,0,0,0,1,0
357242930474146102,0,0,1,0,0
357742930453737101,0,0,0,0,1
357742930516969102,1,0,0,0,0
357842929626479301,0,0,1,0,0
357942929642451502,0,0,1,0,0
357942930184642001,0,0,1,0,0
357942930530778202,1,0,0,0,0
358142930544582002,0,0,0,1,0
358242930460895502,0,0,1,0,0
358442928258216002,0,0,1,0,0
358642929321259402,0,0,1,0,0
358742930549587401,0,0,1,0,0
358842930464104801,0,0,0,1,0
359042930531360101,1,0,0,0,0
359042930533227901,0,1,0,0,0
359242930534008902,0,1,0,0,0
359342930547018002,0,0,0,0,1
359542928823136501,1,0,0,0,0
359542930510540501,0,0,0,1,0
359542930546652401,0,0,1,0,0
359542930547704001,0,0,0,0,1
359642930460549701,0,0,1,0,0
359642930474938401,0,0,0,0,1
359642930543976301,0,0,0,1,0
359742930529177501,0,1,0,0,0
359942929703939902,0,0,0,0,1
359942930456560502,0,0,0,1,0
359942930456840101,0,0,1,0,0
359942930524706101,0,1,0,0,0
361142927975121802,0,0,0,1,0
361342930462349102,0,0,1,0,0
361342930477354902,0,0,1,0,0
361342930480586502,0,0,0,1,0
361542930508297202,0,0,1,0,0
361642930480458002,0,0,1,0,0
361642930526437301,1,0,0,0,0
361942930525512301,0,0,0,0,1
361942930530406602,0,0,0,0,1
361942930532111701,1,0,0,0,0
362042930544823201,0,0,1,0,0
362242930460297302,0,0,1,0,0
362242930547052601,0,0,0,1,0
362442930465016701,0,0,1,0,0
362442930549738201,0,0,1,0,0
362642930463508202,0,0,1,0,0
362642930510624401,0,0,0,1,0
362742930460187602,0,0,0,0,1
362742930528277302,0,0,0,1,0
362842930531219902,0,0,0,0,1
363242930533930601,0,0,1,0,0
363542930480759601,0,1,0,0,0
363642929704205701,0,0,1,0,0
363642930533345502,1,0,0,0,0
363742929725351301,0,0,1,0,0
363742930461833501,0,0,1,0,0
363842930473755601,0,0,1,0,0
363942927929319102,0,0,1,0,0
364142930476434801,0,0,1,0,0
364242930539775901,1,0,0,0,0
364242930543965801,1,0,0,0,0
364442930550625301,0,1,0,0,0
364542930546529701,0,0,1,0,0
364742929013050002,0,0,0,0,1
364742930533039701,1,0,0,0,0
364842930545377702,0,0,1,0,0
364942930464560301,0,0,0,1,0
365342929696795902,1,0,0,0,0
365442930462918502,0,1,0,0,0
365542930453482901,1,0,0,0,0
365542930528183702,0,0,0,1,0
365542930545595702,0,0,0,1,0
365642930475386902,0,0,0,1,0
365742929197782602,1,0,0,0,0
365742930451079301,0,0,1,0,0
366042930480305402,0,0,1,0,0
366042930524678302,0,0,1,0,0
366342929230173202,1,0,0,0,0
366342930461666002,1,0,0,0,0
366442930475860401,0,0,0,1,0
366642930516534001,0,0,0,1,0
366742930548750902,0,0,0,1,0
366842930476474902,0,0,1,0,0
366842930544745901,0,0,1,0,0
366942929424165902,0,0,1,0,0
366942930543596502,0,0,1,0,0
367342930531717502,0,0,1,0,0
367442930453595802,0,0,0,1,0
367542930545579601,0,0,0,1,0
367642930538319801,1,0,0,0,0
367742928043720302,0,0,0,1,0
367742930529880302,0,0,1,0,0
367842930518636802,0,0,1,0,0
368042930532028402,0,1,0,0,0
368042930542122402,1,0,0,0,0
368042930549846802,0,0,1,0,0
368142930457605901,1,0,0,0,0
368142930529370002,0,0,1,0,0
368142930530685501,0,0,1,0,0
368342930525229002,0,0,1,0,0
368442930519901401,0,0,1,0,0
368542930472747002,0,0,1,0,0
368542930529988102,0,0,0,1,0
368642929385436301,0,0,0,0,1
368642930533408402,0,1,0,0,0
368742930461061301,0,0,1,0,0
368742930523579301,0,0,1,0,0
368942929160959801,0,0,1,0,0
368942930452764802,0,0,1,0,0
369042930528159301,0,0,0,0,1
369042930543856402,0,0,0,0,1
369442929476744201,0,0,0,1,0
369442930454635702,0,0,1,0,0
369642930447472302,1,0,0,0,0
369742928305303001,0,0,1,0,0
369742930529632401,0,1,0,0,0
369842930184265802,0,0,0,1,0
369842930519868001,0,0,1,0,0
369842930530305702,0,0,0,0,1
369942930462320502,1,0,0,0,0
371142930531876202,0,0,0,1,0
371242930477195101,0,0,1,0,0
371242930527151002,0,0,1,0,0
371342929649371201,0,0,0,0,1
371342930447099902,0,0,1,0,0
371542930453662501,0,0,1,0,0
372042929493873702,0,0,1,0,0
372042930465107002,0,0,1,0,0
372242930460591101,0,0,1,0,0
372242930525378602,1,0,0,0,0
372442930453370702,0,1,0,0,0
372542930550452801,1,0,0,0,0
372642930456949402,0,0,0,1,0
372642930549216101,0,0,0,0,1
372842930470223101,0,0,1,0,0
372842930518254302,0,0,1,0,0
372842930526986302,0,0,0,0,1
373042929735805402,0,0,1,0,0
373042930537235601,0,0,1,0,0
373042930545550402,0,0,1,0,0
373142930476026202,0,0,1,0,0
373142930520861102,1,0,0,0,0
373242930529193902,0,0,1,0,0
373242930533335102,0,1,0,0,0
373642929543954001,0,0,1,0,0
373642930526412302,0,1,0,0,0
373742930508176902,0,0,1,0,0
373742930510758901,0,0,0,0,1
374042930527670901,0,0,1,0,0
374142930449654802,0,0,0,1,0
374142930516963102,0,0,1,0,0
374242930464914402,0,0,0,1,0
374442930475103502,0,0,1,0,0
374442930476794701,0,0,0,1,0
374442930520343301,1,0,0,0,0
374442930534586502,0,0,0,1,0
374642929424230501,1,0,0,0,0
374642930521895602,0,0,0,1,0
374742930449722201,0,0,0,0,1
374842930429014701,0,0,0,0,1
374842930550442702,0,1,0,0,0
374942930517445901,0,0,0,1,0
375042930524971302,0,0,0,0,1
375642928135615002,0,0,0,1,0
375842930456000201,0,0,1,0,0
375842930457831501,0,0,0,1,0
375842930469730202,0,0,0,1,0
376242930521159901,0,0,0,1,0
376342930526305002,0,0,1,0,0
376542930449361902,0,0,1,0,0
376542930459222301,0,0,0,1,0
376542930517808302,0,0,1,0,0
376642930474478102,1,0,0,0,0
376642930510212301,0,0,0,1,0
376842929025362102,0,0,0,1,0
376842929303779501,0,0,1,0,0
376842930454741401,1,0,0,0,0
376942929400309801,0,0,0,0,1
377042930452844201,0,0,1,0,0
377342930546095002,0,0,0,1,0
377642930450262401,1,0,0,0,0
377742930529740002,0,0,1,0,0
377842930527632401,0,1,0,0,0
378042930531933202,0,0,0,0,1
378142930534621701,0,0,1,0,0
378242930480468501,0,0,1,0,0
378442927994754502,0,0,1,0,0
378542930455525302,0,0,0,0,1
378542930527331202,0,0,0,0,1
378642930517357601,0,0,1,0,0
378642930548795902,0,1,0,0,0
378742930508361701,0,0,1,0,0
378842930534603702,1,0,0,0,0
379042928021898801,1,0,0,0,0
379042930529748301,0,0,1,0,0
379142930462597802,0,0,1,0,0
379442930464406301,0,0,0,1,0
379442930525877202,0,0,0,1,0
379642930518465202,0,0,0,0,1
379942930458861702,0,0,0,1,0
379942930538220701,0,0,0,1,0
381142928258160401,0,0,1,0,0
381142930455402501,1,0,0,0,0
381142930517571901,0,0,0,0,1
381242930530479402,0,0,1,0,0
381242930533425301,0,0,0,0,1
381342930464663802,0,0,1,0,0
381342930537371202,0,0,0,0,1
381342930545549801,0,0,1,0,0
381442928592554802,1,0,0,0,0
381542930511082102,0,0,1,0,0
381642928726286801,0,0,0,1,0
381642930462800901,0,0,1,0,0
381842930473491101,0,0,1,0,0
381842930523905901,0,0,1,0,0
382042930478418501,0,0,0,1,0
382242930508843601,0,0,1,0,0
382342930527765702,0,0,0,1,0
382442929816333701,0,0,0,1,0
382442930542936301,0,0,1,0,0
382542930547749401,1,0,0,0,0
382742930459525601,0,0,0,0,1
382742930529938201,0,0,1,0,0
382742930543048902,0,0,0,1,0
382742930545121801,0,0,0,1,0
382942930452010801,0,0,0,1,0
382942930519235701,0,0,0,1,0
382942930527975702,0,0,0,1,0
383042928022064701,0,0,0,1,0
383242928021739302,0,0,1,0,0
383242930526777101,0,0,0,1,0
383442930517005701,0,0,0,1,0
383442930541590302,0,0,1,0,0
383542930478274501,0,0,0,1,0
383642930531412502,1,0,0,0,0
383642930541252702,0,0,0,0,1
383742930522503801,0,0,0,1,0
383842929166292701,1,0,0,0,0
384042930476955701,1,0,0,0,0
384142930474020702,0,0,0,1,0
384342930531682701,1,0,0,0,0
384442930531919902,0,0,0,0,1
384542930531852601,0,0,0,1,0
384642929231919301,0,0,1,0,0
384742930465311101,0,0,1,0,0
384942928967210401,0,0,1,0,0
384942930541042402,1,0,0,0,0
385042930518965302,0,1,0,0,0
385042930542465302,0,0,0,1,0
385242930460781901,0,0,0,1,0
385342930533430402,0,0,0,1,0
385442928043678802,0,0,1,0,0
385542929501805001,0,0,1,0,0
385542930518312701,0,0,1,0,0
385642930453262502,0,0,0,1,0
385842930137776202,0,1,0,0,0
386042930464980502,0,0,0,1,0
386142929047985301,0,0,1,0,0
386142930517200602,0,0,1,0,0
386142930533884901,0,0,0,0,1
386342930509658701,0,0,1,0,0
386342930522489501,0,0,0,0,1
386642930508954301,0,0,1,0,0
386642930545910101,0,0,0,0,1
386742930517778002,0,0,0,0,1
386742930524873801,0,0,0,1,0
386942930516833302,0,0,0,1,0
386942930535033502,1,0,0,0,0
387142929070047801,0,0,0,1,0
387142930545653001,1,0,0,0,0
387242928779095702,0,0,0,1,0
387542930460935401,1,0,0,0,0
387542930517584202,0,0,1,0,0
387542930524891601,0,0,1,0,0
387642930454143201,1,0,0,0,0
387742930508649701,0,0,1,0,0
387742930547812502,0,0,1,0,0
387942928025304302,0,1,0,0,0
388042930518093902,0,0,1,0,0
388042930524151601,0,0,0,0,1
388542930544726801,0,0,0,0,1
388842930464829801,0,0,0,0,1
388942930453069001,0,0,1,0,0
388942930480651502,0,0,1,0,0
389042930537878602,1,0,0,0,0
389142930509577502,0,0,1,0,0
389142930524417401,1,0,0,0,0
389242929417183102,0,0,1,0,0
389242930540877902,0,0,0,0,1
389342930335195702,0,0,1,0,0
389342930480540002,0,0,0,0,1
389542930520053202,0,0,1,0,0
389842930524519702,0,0,0,1,0
389942930447477901,0,0,0,1,0
389942930454321801,1,0,0,0,0
391242930472753802,0,0,0,1,0
391442930534416501,0,0,1,0,0
391542930477955601,0,0,1,0,0
391642930516707901,0,0,0,1,0
391642930523212602,0,0,1,0,0
391742930516466402,0,0,1,0,0
391742930525043601,0,0,1,0,0
391842930517761402,0,0,1,0,0
392042929704089602,0,0,1,0,0
392542930545437602,0,0,0,1,0
392642929843823801,0,0,0,1,0
392642930464602801,0,0,1,0,0
392642930473037902,0,0,0,0,1
392642930477428701,1,0,0,0,0
392942930516888401,0,1,0,0,0
393042930517697601,0,0,0,1,0
393042930542269002,0,0,0,1,0
393042930546631302,0,1,0,0,0
393142930544519301,0,0,1,0,0
393142930547471501,0,0,0,1,0
393242929766133401,0,0,1,0,0
393242930467765502,1,0,0,0,0
393242930476399502,1,0,0,0,0
393342930527369802,0,0,0,1,0
393542930480018402,0,0,0,1,0
393742930520197501,0,0,1,0,0
393742930545799702,0,0,0,0,1
394042929514211502,0,0,1,0,0
394042930459453101,0,0,1,0,0
394442928121460502,1,0,0,0,0
394442930510586502,0,0,1,0,0
394542930458628602,1,0,0,0,0
394542930461458602,0,0,1,0,0
394842928269821601,0,0,1,0,0
394942930455046402,0,1,0,0,0
395242930457477202,0,0,0,0,1
395242930527336501,0,0,1,0,0
395442930465144201,0,0,1,0,0
395542930452254701,0,1,0,0,0
395642930474569001,0,0,1,0,0
395642930479548602,0,1,0,0,0
395942928191430301,0,0,0,1,0
396042929762471102,1,0,0,0,0
396042930508149701,0,1,0,0,0
396142929020966702,1,0,0,0,0
396142930508118401,0,0,0,0,1
396242930474193301,0,0,1,0,0
396242930530884601,0,0,0,1,0
396242930540908902,0,0,0,1,0
396442930549904601,0,0,1,0,0
396742930534244302,0,1,0,0,0
396842928607154801,0,1,0,0,0
396842930527885301,0,0,0,1,0
396942930477809802,0,0,1,0,0
396942930516506501,0,0,0,0,1
396942930529685301,0,1,0,0,0
396942930546900402,0,1,0,0,0
397042930476226001,0,0,1,0,0
397242930538647501,1,0,0,0,0
397642930475479502,0,0,1,0,0
397842930476469701,0,0,1,0,0
397842930529378901,1,0,0,0,0
398342930477370602,1,0,0,0,0
398342930509659302,0,0,0,1,0
398542928779258801,0,0,0,1,0
398642930464486202,0,0,1,0,0
398742930474713601,0,0,0,0,1
398742930527440801,0,0,0,1,0
398942928695745901,0,0,0,0,1
398942930516805102,0,0,0,1,0
399042930516875102,1,0,0,0,0
399042930533094102,0,0,0,1,0
399242930463225402,0,0,1,0,0
399342929373145101,1,0,0,0,0
399642927979893401,0,0,1,0,0
399642930527611501,1,0,0,0,0
399742930528621802,0,0,1,0,0
399742930542355302,0,0,0,0,1
399842930477787802,0,0,1,0,0
399842930518555101,0,0,0,1,0
401442930456696401,0,0,0,1,0
401442930533792802,1,0,0,0,0
401542930528130801,0,0,0,1,0
401642930471936801,0,0,1,0,0
401742928921383502,1,0,0,0,0
401942930466958002,0,0,0,1,0
402142930516212601,0,1,0,0,0
402142930525329602,0,0,1,0,0
402242930220850201,0,0,0,0,1
402542930529279302,0,0,0,1,0
402642930511105501,0,0,1,0,0
402742930476771901,0,1,0,0,0
402742930528567501,1,0,0,0,0
402742930538104702,0,0,1,0,0
402842928726872901,0,1,0,0,0
402842930543174502,0,0,0,1,0
403042930510952501,0,0,1,0,0
403242930464977002,1,0,0,0,0
403342930479456202,0,0,1,0,0
403442928135526702,0,0,0,1,0
403542930459240401,0,0,1,0,0
403642930457403402,0,0,0,1,0
403642930549127701,0,0,1,0,0
404042930534149001,0,0,1,0,0
404142930516623201,0,0,0,0,1
404142930543207202,0,0,0,1,0
404342928592736402,0,0,0,1,0
404342929161928001,0,0,0,1,0
404342930530378302,0,0,1,0,0
404342930530450502,0,0,1,0,0
404542928009669402,1,0,0,0,0
404542930516805801,0,0,0,0,1
404742930534327401,0,1,0,0,0
404942928243018501,0,1,0,0,0
404942930462232801,0,0,0,1,0
405242929965425402,0,1,0,0,0
405242930075763902,0,0,1,0,0
405242930542378301,0,0,1,0,0
405342930516793902,1,0,0,0,0
405442930463122202,0,0,0,1,0
405642929034787301,1,0,0,0,0
405642930454048701,1,0,0,0,0
405742930435843402,1,0,0,0,0
405742930547082702,1,0,0,0,0
405942930463724801,0,0,0,1,0
406042930527059902,0,0,1,0,0
406142930253488602,0,0,0,0,1
406142930465603601,0,0,1,0,0
406142930480624702,0,0,1,0,0
406142930519779901,0,1,0,0,0
406242930448090402,0,0,1,0,0
406242930457494901,0,0,1,0,0
406242930532467501,0,0,0,0,1
406542930547152702,0,0,0,1,0
406642930549402802,0,0,1,0,0
406742930453129401,0,0,0,1,0
406842930476564801,0,0,1,0,0
406842930550301202,1,0,0,0,0
407042930462689801,1,0,0,0,0
407042930516282502,1,0,0,0,0
407142930456439801,0,0,0,1,0
407142930461291902,0,1,0,0,0
407242930448943101,0,0,0,0,1
407342930458624101,0,0,1,0,0
407342930463113101,0,0,1,0,0
407442929091989401,1,0,0,0,0
407442930545205401,0,0,0,1,0
407642930469038001,0,0,1,0,0
407742930465061701,0,0,1,0,0
407742930544345001,0,0,1,0,0
407942930473018401,0,0,1,0,0
408042930479169602,0,0,0,1,0
408242930522563502,0,0,1,0,0
408242930526666201,0,1,0,0,0
408342930477095702,0,0,1,0,0
408342930534809402,0,0,1,0,0
408842930457682702,0,0,1,0,0
408842930529595802,0,0,0,0,1
409142930517800302,0,0,0,1,0
409242930459718201,0,0,1,0,0
409242930471121901,1,0,0,0,0
409242930530387301,0,1,0,0,0
409242930538171502,0,0,0,1,0
409342930474059602,0,0,0,0,1
409342930526145602,1,0,0,0,0
409542930342586901,0,0,0,0,1
409542930472605301,0,1,0,0,0
409542930532421802,0,0,1,0,0
409642930479184301,0,0,1,0,0
409742930518180302,0,0,1,0,0
411142930479404701,0,0,0,1,0
411342930458816501,0,0,0,1,0
411342930550028202,0,0,0,0,1
411442930515834401,0,0,1,0,0
411842928042083402,0,0,1,0,0
411942928213938501,0,0,1,0,0
412042930449031401,0,0,0,1,0
412142930453103101,0,0,1,0,0
412142930530157001,0,0,0,1,0
412242930518214602,0,0,1,0,0
412342930289588601,0,0,1,0,0
412342930289643401,0,0,0,1,0
412342930532782902,0,1,0,0,0
412442930508733902,1,0,0,0,0
412542930544672702,0,0,1,0,0
412642930534747002,0,0,1,0,0
412742930460627101,0,0,0,1,0
412942930474369302,1,0,0,0,0
412942930474631602,0,0,1,0,0
413042930474117101,0,0,0,1,0
413042930548763702,0,1,0,0,0
413242930480593002,0,0,0,1,0
413342930468101401,0,0,0,0,1
413342930526388702,0,0,0,0,1
413942928707726702,0,0,0,1,0
413942930457365502,0,0,0,1,0
414042930526910902,0,0,1,0,0
414042930531468302,0,0,1,0,0
414142930458203501,0,0,0,1,0
414342930507824901,0,0,1,0,0
414342930510733001,0,0,1,0,0
414442930548842301,0,0,1,0,0
414542930521761901,0,0,1,0,0
414642930550599801,1,0,0,0,0
414842930447360602,1,0,0,0,0
414942930465336301,0,0,0,1,0
415042930470615302,0,0,1,0,0
415142930516126502,0,0,1,0,0
415242930544952501,0,0,1,0,0
415342928086441102,0,1,0,0,0
415642930459931101,1,0,0,0,0
415642930475389902,0,0,0,1,0
415742930478104002,0,0,0,1,0
415942930466888101,0,0,0,1,0
416142930454167201,0,0,1,0,0
416242930455137601,0,0,0,0,1
416442929626364102,0,0,0,1,0
416442930473063501,0,0,0,1,0
416842930450242402,0,0,0,0,1
416842930518543801,0,0,1,0,0
416842930543259501,0,0,1,0,0
417042930452964302,0,0,0,0,1
417042930452976501,0,1,0,0,0
417042930524389801,0,0,0,0,1
417142930459672401,0,0,0,1,0
417342930449522002,1,0,0,0,0
417542930525139002,0,0,0,1,0
418042930544336502,0,0,1,0,0
418342930508967902,0,1,0,0,0
418342930516375702,0,0,0,0,1
418442930528735301,0,0,1,0,0
418442930530225202,0,0,1,0,0
418642930452678002,0,0,1,0,0
418842930480448501,0,0,1,0,0
419042930534507802,0,1,0,0,0
419142930510250002,0,0,1,0,0
419142930528931202,0,0,0,1,0
419342930464253801,1,0,0,0,0
419342930464733702,0,0,1,0,0
419342930511050901,0,0,1,0,0
419442930446618101,0,0,1,0,0
419442930510332601,1,0,0,0,0
419542930460743402,0,0,0,1,0
419642928135481802,0,1,0,0,0
419742930510455002,0,0,0,0,1
419742930526312002,0,1,0,0,0
419742930544479201,0,0,0,1,0
419942930519726001,0,0,0,1,0
419942930534902402,0,0,1,0,0
421142930524863402,0,0,1,0,0
421342930476293502,0,0,0,1,0
421542930478606501,0,0,1,0,0
421542930542662602,0,0,0,1,0
421742930472103102,0,1,0,0,0
421742930478809101,0,0,0,1,0
421742930527837001,0,0,1,0,0
421742930545929201,0,0,0,0,1
421842930464510002,0,1,0,0,0
421842930464512601,0,0,0,1,0
421842930530493601,0,0,0,1,0
421942930525619301,0,0,1,0,0
422042929012799102,0,0,1,0,0
422242930462962702,0,0,0,0,1
422242930464839802,0,0,0,1,0
422242930519309302,0,0,1,0,0
422342929348291702,0,1,0,0,0
422342930528770702,1,0,0,0,0
422342930536281502,0,0,0,0,1
422442930532646302,0,1,0,0,0
422542929800558901,0,0,1,0,0
422642930533379302,1,0,0,0,0
422842930455013301,0,0,0,1,0
422942930517743102,0,0,1,0,0
423042930220628402,0,0,1,0,0
423142930472510701,0,0,0,1,0
423142930529658201,0,0,1,0,0
423342930462033501,0,0,0,1,0
423342930528595001,0,0,0,1,0
423342930541522601,0,1,0,0,0
423442930510727701,0,0,0,1,0
423742930476657202,0,0,0,0,1
423742930532899201,0,0,1,0,0
423842929307319302,0,0,1,0,0
423842930008236502,1,0,0,0,0
423842930456507002,0,1,0,0,0
423842930461862401,0,0,1,0,0
423942930473588601,0,0,1,0,0
424042930527942301,0,0,0,1,0
424442930526962502,0,0,0,1,0
424542930476618101,0,0,1,0,0
424542930544796702,0,0,1,0,0
424842930455850101,0,1,0,0,0
424842930525167202,0,0,1,0,0
424842930531682102,1,0,0,0,0
424942930478216002,0,1,0,0,0
424942930522432801,1,0,0,0,0
425042927982774902,0,0,0,1,0
425042930527812502,0,0,1,0,0
425142930476491301,1,0,0,0,0
425142930517641001,0,0,1,0,0
425142930532447901,0,0,1,0,0
425342930452771101,0,0,0,1,0
425342930473661602,0,0,0,1,0
425442930517412402,0,0,1,0,0
425442930547332502,0,0,1,0,0
425542930467542701,0,0,0,1,0
425942930461917102,0,1,0,0,0
425942930525262001,1,0,0,0,0
426242930508104501,1,0,0,0,0
426242930541919002,0,0,1,0,0
426442929249040201,0,0,1,0,0
426442930508858402,0,0,0,1,0
426542928728354801,0,0,1,0,0
426542930525179902,0,0,0,1,0
426642930476601002,0,0,0,1,0
426742930534010201,0,0,0,1,0
426842928030317302,1,0,0,0,0
426842930531351102,0,0,0,1,0
426942930534675001,0,1,0,0,0
427042929467119401,0,0,0,1,0
427042930472219801,0,0,0,0,1
427142929346284802,1,0,0,0,0
427142929816392201,1,0,0,0,0
427142930455661602,0,0,1,0,0
427142930519082401,0,1,0,0,0
427242930508481601,0,0,0,0,1
427242930549574301,0,1,0,0,0
427342930454849801,0,0,1,0,0
427442930475405802,0,0,0,0,1
427542930524283402,0,0,1,0,0
427642930450569802,0,0,1,0,0
427642930532071401,0,0,0,1,0
427642930546508501,1,0,0,0,0
427842930511054402,0,0,1,0,0
427942928225066301,0,0,0,1,0
428042930534754302,0,0,1,0,0
428342930530081502,1,0,0,0,0
428442930475850102,1,0,0,0,0
428442930533635001,0,0,1,0,0
428542930545389202,0,0,1,0,0
428742930455226301,0,0,1,0,0
428842930515464502,0,1,0,0,0
428942930452187902,0,1,0,0,0
429042930524070901,0,0,0,1,0
429142930549347602,0,0,0,1,0
429342928269818402,0,0,0,1,0
429342929417543301,0,0,1,0,0
429342930530952502,0,0,0,0,1
429442930526423701,0,0,1,0,0
429542930463343201,1,0,0,0,0
429542930534678901,0,0,0,0,1
429742930480276102,1,0,0,0,0
429842929411157202,0,0,1,0,0
431142928242857102,0,0,1,0,0
431142930528814302,0,0,1,0,0
431342928188537602,0,1,0,0,0
431342930436036701,0,0,0,1,0
431442930460324301,0,0,0,1,0
431642930546311502,1,0,0,0,0
431742930460715902,0,0,0,1,0
431742930528369702,0,0,0,1,0
431842930517103301,0,1,0,0,0
431942930461501701,0,1,0,0,0
432042930475664902,0,0,0,1,0
432242930450432502,0,0,1,0,0
432342930529109301,0,0,1,0,0
432442929687010202,0,0,1,0,0
432642930529775401,0,0,1,0,0
432642930544091501,0,0,0,1,0
432742930464778202,0,0,1,0,0
432942928887199501,0,1,0,0,0
433042930454629101,0,0,1,0,0
433042930523638701,0,0,1,0,0
433242930479913101,0,0,0,1,0
433242930517302902,1,0,0,0,0
433242930526829102,0,0,0,1,0
433542930468923802,1,0,0,0,0
433542930546801001,0,0,1,0,0
433642930456624001,0,0,1,0,0
433742930524402901,0,0,0,1,0
434242930550216202,0,0,0,0,1
434342928577579702,0,0,0,1,0
434442930476749802,0,0,1,0,0
434542929543902501,0,0,0,0,1
434542930478188502,1,0,0,0,0
434542930516168402,0,0,0,1,0
434542930534207102,1,0,0,0,0
434642930525286701,0,0,1,0,0
434642930537432001,0,0,0,1,0
435142930542793802,0,0,0,1,0
435242930531846502,0,1,0,0,0
435242930532869402,1,0,0,0,0
435342929013116401,0,0,1,0,0
435442930460426002,0,0,0,0,1
435442930518610701,0,0,0,0,1
435742930543774002,1,0,0,0,0
435842930478161502,0,0,1,0,0
435842930510965401,0,0,1,0,0
435942930527914001,0,0,0,1,0
436242930547456902,0,0,1,0,0
436342928726782501,0,0,0,0,1
436442930475111001,1,0,0,0,0
436542930542212901,0,1,0,0,0
436642930516141202,1,0,0,0,0
436842930473132001,0,0,1,0,0
436942930531863101,0,0,0,1,0
437142930549638801,0,0,0,0,1
437442930458940101,0,0,0,1,0
437642929456777302,1,0,0,0,0
437642929703857301,0,0,0,1,0
437642930541280602,0,0,0,1,0
437642930542057902,0,0,1,0,0
437842930531739502,1,0,0,0,0
438042930524689201,0,0,0,1,0
438242930467080401,0,0,0,1,0
438242930510427602,0,0,1,0,0
438442930516910302,0,0,1,0,0
438542928614385802,0,0,0,0,1
438542930008180002,0,0,1,0,0
438542930528147302,0,0,1,0,0
438742930529846001,0,0,0,0,1
439242930508921102,0,0,0,1,0
439442930530243202,0,0,1,0,0
439642930518496702,0,1,0,0,0
439742929704304201,0,0,0,1,0
439742930468869302,0,0,1,0,0
439742930534365702,0,0,1,0,0
439942928197140001,0,0,1,0,0
439942929575556101,0,1,0,0,0
441242928932386902,0,0,1,0,0
441242930516479301,0,0,1,0,0
441342930455691402,0,0,0,1,0
441342930538665302,0,0,0,1,0
441442930546173402,0,1,0,0,0
441542930528341302,0,0,1,0,0
441642930543933102,1,0,0,0,0
441742930543287101,0,0,1,0,0
441842930450618302,0,0,0,0,1
441842930519782902,1,0,0,0,0
442042930522229201,0,0,0,1,0
442142930450340102,1,0,0,0,0
442242928232687101,0,0,1,0,0
442242930456507901,0,0,0,1,0
442342928210699901,1,0,0,0,0
442442930537131802,0,0,1,0,0
442542930464754601,0,0,0,0,1
442642930472517502,0,0,1,0,0
442642930516534602,0,0,1,0,0
442742930521986601,0,1,0,0,0
442742930541026901,0,0,1,0,0
442842930460244201,0,0,0,1,0
443042929544004001,1,0,0,0,0
443042930544171201,0,0,1,0,0
443142930530546101,0,1,0,0,0
443142930531245401,0,0,1,0,0
443242928932549701,0,1,0,0,0
443642928242815302,0,1,0,0,0
443642930533744301,0,0,1,0,0
443742930527623402,0,0,0,0,1
443942930454346501,0,1,0,0,0
443942930515762202,0,0,1,0,0
444042930540957902,0,0,1,0,0
444042930547155601,0,0,1,0,0
444142930531489501,0,0,1,0,0
444342929025526601,0,0,1,0,0
444342930453038602,1,0,0,0,0
444442930521385601,0,0,0,1,0
444642930473703801,0,0,1,0,0
444642930527844202,0,0,0,0,1
444642930534681902,0,0,1,0,0
445042930530644301,0,0,1,0,0
445042930538085702,0,0,1,0,0
445242928258168502,1,0,0,0,0
445442930509399801,0,0,1,0,0
445442930533671402,1,0,0,0,0
445542930184431601,0,0,1,0,0
445542930521743101,0,0,1,0,0
445642930526329602,0,1,0,0,0
445742929118695701,0,0,0,1,0
445742930525116902,0,0,0,0,1
446042930461902202,0,0,1,0,0
446042930480613802,0,0,1,0,0
446342930516040102,0,1,0,0,0
446542930079741302,0,0,0,0,1
446542930454596401,0,0,0,1,0
446642930527472202,1,0,0,0,0
446942930447130201,0,0,0,1,0
447042928757899402,1,0,0,0,0
447142930477449802,0,0,1,0,0
447142930543077802,0,0,0,1,0
447242930464320602,0,0,0,1,0
447242930465702601,1,0,0,0,0
447342930520081202,0,0,1,0,0
447342930545466902,0,0,0,0,1
447442930459006701,0,0,1,0,0
447742930527213302,0,0,1,0,0
447842929222943602,0,0,1,0,0
447842930509520701,0,0,1,0,0
447942930459258802,0,0,1,0,0
448042928636802302,0,0,0,1,0
448242930159026302,0,0,0,0,1
448442930533817702,0,1,0,0,0
448642930531059601,0,0,0,0,1
448642930537036702,0,0,1,0,0
448742930530409801,0,0,0,0,1
448742930542480601,0,0,0,1,0
448942929424332001,0,0,0,1,0
448942930460387202,0,0,0,1,0
449042930480604502,1,0,0,0,0
449142930220905101,0,0,0,1,0
449342930472986802,0,0,0,1,0
449542930529138102,0,0,0,0,1
449542930541325102,0,0,0,0,1
449842930012267802,0,0,0,0,1
449942928143339102,1,0,0,0,0
451342928303933502,0,1,0,0,0
451342929091219502,0,0,1,0,0
451342929118629102,0,0,0,1,0
451542930462958501,0,0,0,0,1
451642930515849801,0,0,0,0,1
451642930516655801,0,0,0,1,0
451742930546667901,0,1,0,0,0
451842930530890901,0,0,1,0,0
451842930539712002,0,0,0,1,0
452042928113086902,0,0,0,1,0
452042929606028501,0,0,1,0,0
452042930474775901,0,0,0,0,1
452042930529364501,0,0,0,1,0
452142930534008702,0,0,1,0,0
452142930540910401,0,0,0,0,1
452242930543963002,1,0,0,0,0
452342930452739702,1,0,0,0,0
452342930540695301,0,0,1,0,0
452442930519503202,0,0,1,0,0
452542929012692802,1,0,0,0,0
452842930477818401,0,0,0,0,1
453142929766029601,0,0,0,0,1
453142930458014602,0,0,1,0,0
453142930460223101,0,0,0,1,0
453142930509752902,1,0,0,0,0
453242930549785802,0,0,0,1,0
453342930528236201,0,0,0,1,0
453442930510558902,0,0,1,0,0
453542930451520802,0,0,0,0,1
453642930536070902,0,0,0,1,0
453642930550812901,1,0,0,0,0
453742930460363401,0,0,0,1,0
453942928878217602,0,0,0,0,1
454242930477045102,0,0,1,0,0
454342930542587602,0,0,0,1,0
454442930458915501,0,0,0,1,0
454442930539269601,0,0,1,0,0
454842930525563501,0,1,0,0,0
454942930543521201,0,0,0,1,0
455042930478737701,0,0,1,0,0
455042930544365902,1,0,0,0,0
455142930449806501,0,0,1,0,0
455142930473987601,0,0,1,0,0
455142930475151802,0,0,1,0,0
455142930517384102,1,0,0,0,0
455242930508988402,0,1,0,0,0
455242930525565202,0,0,1,0,0
455542930543803602,0,0,1,0,0
455642930534616002,0,0,0,1,0
455742930464265902,1,0,0,0,0
455842928153642502,0,0,1,0,0
455842929927453401,0,0,0,0,1
455942930543789701,0,0,1,0,0
456042930456447502,0,0,1,0,0
456242929514231701,0,1,0,0,0
456342930536247302,0,0,1,0,0
456342930544849801,1,0,0,0,0
456442930460584501,0,0,0,0,1
456542930453086802,0,0,1,0,0
456542930535531102,0,0,1,0,0
456742929213571201,0,0,0,0,1
456842930461438101,0,0,1,0,0
456842930477211101,1,0,0,0,0
457142930456083901,0,0,1,0,0
457142930456139802,1,0,0,0,0
457142930525741002,0,0,0,1,0
457242930460414301,0,1,0,0,0
457542930525267002,1,0,0,0,0
457742930540380202,0,0,1,0,0
457842930454640301,0,1,0,0,0
457842930539063701,0,0,1,0,0
457942930459386202,1,0,0,0,0
457942930474542201,0,0,1,0,0
457942930531665701,0,0,0,0,1
458042930542087302,0,1,0,0,0
458142930478821701,0,0,0,1,0
458242930524238502,0,0,1,0,0
458342930515579901,1,0,0,0,0
458442930457513502,0,0,1,0,0
458542930454771202,1,0,0,0,0
458842929605961902,0,0,1,0,0
458842930456663701,0,0,0,0,1
459042930546001801,1,0,0,0,0
459142930463034701,0,0,0,1,0
459242930454477302,0,0,1,0,0
459242930516648702,0,0,0,0,1
459442930468001301,0,0,1,0,0
459542930463913602,0,0,1,0,0
459742930530104301,0,0,0,1,0
459742930534620601,0,0,1,0,0
459842930469084801,0,0,0,1,0
459842930475160701,0,0,0,1,0
459842930477617001,0,0,1,0,0
459842930509910101,0,0,1,0,0
459842930526608101,0,0,0,0,1
461142930540984802,0,0,0,0,1
461242930531454902,0,1,0,0,0
461242930532147401,1,0,0,0,0
461442928235811802,0,0,1,0,0
461742930456999102,0,0,1,0,0
461742930519807502,1,0,0,0,0
461742930549960301,0,0,1,0,0
461842929550832801,0,0,1,0,0
461842930455301401,1,0,0,0,0
462042930475984002,0,1,0,0,0
462342927979813301,0,0,1,0,0
462342928855343602,0,0,0,1,0
462442930516228901,0,0,0,0,1
462542930518806401,0,0,0,1,0
462742930459340401,1,0,0,0,0
462742930542168801,0,0,1,0,0
462842930525650701,0,0,1,0,0
463042930545892301,1,0,0,0,0
463242930452818801,1,0,0,0,0
463242930517357101,0,0,0,1,0
463242930541785001,0,0,0,1,0
463342928232635702,0,0,1,0,0
463342930449213002,0,0,0,1,0
463342930478795301,0,0,0,0,1
463342930545461902,0,0,1,0,0
463442930549415502,0,0,1,0,0
463542928021859501,1,0,0,0,0
463542928932642301,0,0,0,1,0
463542930142380002,0,0,1,0,0
463542930468513501,0,0,1,0,0
463542930515915102,0,0,1,0,0
463742930457863702,1,0,0,0,0
463842928091046702,0,0,1,0,0
463942928119476901,0,0,1,0,0
463942929331512802,0,0,1,0,0
463942930540578001,1,0,0,0,0
464242930478339501,1,0,0,0,0
464442930451305101,0,1,0,0,0
464742928878383001,0,0,1,0,0
464842928168330801,0,1,0,0,0
464942930458282102,0,1,0,0,0
465042930548323001,0,0,1,0,0
465142930459723502,1,0,0,0,0
465242930476132702,0,0,0,0,1
465342930534731001,0,1,0,0,0
465442930525456901,0,0,0,1,0
465442930545557502,0,0,1,0,0
465742930536585001,0,0,0,1,0
465842930460001301,0,0,1,0,0
465842930528454901,0,0,0,1,0
466042928166732401,0,1,0,0,0
466142930526490301,0,0,0,1,0
466242930455505001,0,0,0,1,0
466242930525743701,0,0,0,1,0
466342930457832802,0,0,0,0,1
466342930461729302,0,1,0,0,0
466542930519226202,0,0,0,1,0
466642930524025601,0,1,0,0,0
466642930525797101,1,0,0,0,0
466842930545666201,0,0,1,0,0
466942930458474701,1,0,0,0,0
467042930458964601,0,0,0,1,0
467042930546302601,0,0,0,0,1
467142928570715002,0,0,0,1,0
467142930529166402,0,0,1,0,0
467142930541650701,0,0,1,0,0
467142930542033202,0,1,0,0,0
467142930549650102,0,0,0,0,1
467542930544167502,0,1,0,0,0
467642930475072302,0,0,1,0,0
468042930449809502,0,0,1,0,0
468042930473361702,0,0,0,1,0
468042930474736401,0,0,1,0,0
468042930518820101,0,1,0,0,0
468042930529448601,1,0,0,0,0
468242930509685501,0,0,1,0,0
468342930448583102,0,0,0,1,0
468442930460274501,0,0,1,0,0
468442930474428202,0,1,0,0,0
468642928800830101,0,0,0,0,1
468742929127193901,0,0,0,0,1
468942930461994101,0,0,0,1,0
468942930529548902,0,0,1,0,0
469142930479823702,0,0,0,0,1
469142930532768202,0,0,1,0,0
469242930456536202,0,1,0,0,0
469242930464238102,0,0,1,0,0
469342930460128602,0,0,1,0,0
469442930476395602,0,0,1,0,0
469442930477083301,1,0,0,0,0
469542930534434102,0,0,1,0,0
469542930541619202,0,0,0,1,0
469642930530191302,0,0,1,0,0
469742930465097501,1,0,0,0,0
469742930471751402,0,1,0,0,0
469742930524778402,0,0,1,0,0
469842930547519201,0,0,0,0,1
471142930475783801,0,0,0,1,0
471142930508056702,1,0,0,0,0
471242928890508701,0,1,0,0,0
471242930517623201,0,0,0,1,0
471442930519177702,0,1,0,0,0
471442930532511302,0,0,1,0,0
471642929346172602,0,0,0,0,1
471642930518281602,0,0,0,0,1
471642930530253501,0,0,1,0,0
471742930459609601,0,0,0,1,0
471942930509142702,0,0,0,1,0
471942930548031302,0,1,0,0,0
472042930464677601,1,0,0,0,0
472142930468182101,0,0,1,0,0
472142930475906602,1,0,0,0,0
472142930518773901,1,0,0,0,0
472142930532073701,0,0,1,0,0
472242930480688601,0,1,0,0,0
472442929189265702,1,0,0,0,0
472442930516125302,0,1,0,0,0
472442930526224901,0,0,0,1,0
472442930533753802,0,1,0,0,0
472542930523904701,0,0,1,0,0
472542930528826501,0,0,1,0,0
472742930528923302,0,0,0,1,0
472842930524195801,0,1,0,0,0
472842930529543301,0,1,0,0,0
472842930533150401,1,0,0,0,0
472942930480232901,0,0,0,1,0
472942930525044502,0,0,0,1,0
473042930452072501,0,0,0,1,0
473142930458053402,0,0,1,0,0
473142930532079502,0,0,1,0,0
473642929189480701,0,0,1,0,0
473742930453944302,0,0,1,0,0
473742930525907602,0,1,0,0,0
474042930462750101,0,0,1,0,0
474142930476260601,1,0,0,0,0
474142930545496402,0,0,1,0,0
474242928759826901,0,0,1,0,0
474342927929265602,0,0,1,0,0
474442930463813901,0,0,0,0,1
474742928592599302,0,0,0,1,0
474742930523946102,0,0,1,0,0
474742930545769002,0,0,0,1,0
474942930448140102,0,0,1,0,0
474942930480281202,0,0,0,1,0
474942930522669201,0,0,1,0,0
475042930549926102,0,0,0,1,0
475142930465272501,0,0,0,0,1
475142930527132602,1,0,0,0,0
475342930533480402,0,1,0,0,0
475342930545136301,0,0,0,1,0
475442930472575302,0,0,0,0,1
475742930461738401,0,0,1,0,0
475942930516528102,0,0,0,0,1
476142930470075602,1,0,0,0,0
476142930475967801,0,0,0,1,0
476142930527268702,0,1,0,0,0
476242930528458102,1,0,0,0,0
476342930515666102,1,0,0,0,0
476342930519796601,0,0,0,1,0
476442928043634301,1,0,0,0,0
476442930537266702,0,0,0,1,0
476542930460255501,1,0,0,0,0
476542930469712102,1,0,0,0,0
476642930454569401,0,0,0,1,0
476642930543979702,0,1,0,0,0
476742930465546201,0,0,0,0,1
476942930455668701,0,0,1,0,0
476942930460860902,1,0,0,0,0
476942930540885102,0,0,1,0,0
477042930542571901,0,0,0,1,0
477242930476480602,0,0,0,0,1
477342930525142301,0,0,1,0,0
477342930528510302,0,0,1,0,0
477442930476772902,0,0,1,0,0
477542927917445902,0,0,1,0,0
477542930455038201,0,0,0,1,0
478042929000168302,0,0,1,0,0
478142928664127601,0,0,0,1,0
478142930455427601,0,0,0,1,0
478142930524314602,1,0,0,0,0
478242929417495501,0,0,0,1,0
478542930459497102,0,0,1,0,0
478642930509156802,0,0,0,1,0
478742930520008402,0,0,1,0,0
478842930456813102,0,0,1,0,0
478842930539445902,1,0,0,0,0
479042929762446002,0,0,1,0,0
479142930544767301,0,1,0,0,0
479242928592717301,0,0,1,0,0
479242930531187502,0,0,1,0,0
479342930540753401,0,0,1,0,0
479542930517473801,0,0,1,0,0
479542930544388701,1,0,0,0,0
479642929056654202,0,1,0,0,0
479642930474220501,0,1,0,0,0
481142930475809902,0,0,1,0,0
481242929456826602,1,0,0,0,0
481242930451908901,0,1,0,0,0
481242930531757002,0,0,1,0,0
481342930459210702,0,1,0,0,0
481442929372930702,1,0,0,0,0
481442930520024901,0,0,1,0,0
481542930531340702,0,0,0,0,1
481642928135551001,0,0,1,0,0
481642928988313701,0,0,0,1,0
481842928748805202,0,0,1,0,0
481842930453811401,0,1,0,0,0
482542930460807101,0,0,0,0,1
482642930450734601,0,0,1,0,0
482642930452915102,1,0,0,0,0
482642930549279601,0,0,1,0,0
482742930509292102,1,0,0,0,0
482742930542291101,0,0,1,0,0
482842928210538302,0,1,0,0,0
483042929346456101,0,0,1,0,0
483142930461766602,0,0,1,0,0
483142930477796401,0,0,1,0,0
483342930462087002,0,0,1,0,0
483342930545459401,0,0,1,0,0
483442930464676302,0,0,1,0,0
483442930474998302,0,0,0,1,0
483442930545936002,0,1,0,0,0
483542930480032801,0,1,0,0,0
483642930475599001,0,0,0,0,1
483742930523610901,0,1,0,0,0
483842930469690901,0,0,0,0,1
484042930520073202,0,0,1,0,0
484142928135303102,1,0,0,0,0
484142930463468802,0,0,0,0,1
484142930528446901,0,0,1,0,0
484342930479147702,0,0,1,0,0
484342930531945101,0,0,0,0,1
484342930533303902,0,0,1,0,0
484342930543059601,0,1,0,0,0
484542928130607802,0,0,0,1,0
484542929606003201,0,0,1,0,0
484542930539665602,1,0,0,0,0
484842930465435302,0,0,0,1,0
485142930531284002,0,0,1,0,0
485342930532723502,1,0,0,0,0
485442930518017002,0,0,1,0,0
485542930527680002,0,0,0,1,0
485742930509804102,1,0,0,0,0
485742930524663902,0,0,0,1,0
485942930543984301,0,0,0,1,0
486042928726241301,0,0,0,1,0
486042930519717701,0,0,1,0,0
486042930528603402,0,0,1,0,0
486242930517171402,0,0,1,0,0
486442930534310301,1,0,0,0,0
486542930464426302,0,0,1,0,0
486542930515998601,0,0,0,0,1
486942930462033301,1,0,0,0,0
486942930472886702,0,0,1,0,0
486942930508703401,0,0,0,0,1
487042930539321401,0,0,1,0,0
487042930550701502,0,0,0,1,0
487142930459698301,0,1,0,0,0
487142930510011501,0,0,0,0,1
487242930477163901,0,0,0,1,0
487342930526627602,0,0,0,0,1
487542930524247701,0,0,0,1,0
487642929606077601,0,0,0,1,0
488242930530102402,0,0,0,0,1
488442930479218601,0,0,1,0,0
488542930464707902,0,1,0,0,0
488642930527052801,0,0,1,0,0
488642930543643901,0,0,1,0,0
488742930458242901,1,0,0,0,0
488842930530153101,0,0,0,0,1
488942930477242701,0,0,1,0,0
489042930480486501,0,0,1,0,0
489142930460620301,0,0,1,0,0
489242930532832001,0,0,0,1,0
489342930137664202,1,0,0,0,0
489442930526872502,0,0,1,0,0
489542930456386201,0,0,0,0,1
489542930475798102,0,0,1,0,0
489642928042122902,0,0,0,1,0
489942930465090901,0,0,0,0,1
489942930509169701,0,0,1,0,0
491142930509202201,0,0,1,0,0
491642930546620901,0,0,0,0,1
491642930546647202,0,0,1,0,0
491842930510073702,1,0,0,0,0
492442930546128301,0,0,0,1,0
492842930316851101,0,0,0,1,0
492942928623687402,0,0,1,0,0
492942929501728001,0,0,0,0,1
492942930452864802,0,0,1,0,0
493042930456094501,0,0,0,0,1
493042930526748301,0,0,0,0,1
493142930475772302,0,0,1,0,0
493142930480139801,0,1,0,0,0
493142930515680001,0,0,1,0,0
493142930524205602,0,0,1,0,0
493242928890484801,1,0,0,0,0
493242929649304202,0,0,1,0,0
493242930453365101,0,0,1,0,0
493442930510933301,0,1,0,0,0
493842930454422501,1,0,0,0,0
493842930458372701,0,0,0,0,1
494042930525265502,0,0,0,0,1
494042930533700802,0,0,1,0,0
494542930520051801,1,0,0,0,0
494542930526270702,0,0,0,0,1
494842929189434001,0,0,0,1,0
494842930458101002,0,0,0,0,1
494942930527841402,0,1,0,0,0
495042930461272602,0,0,0,1,0
495242930523127401,1,0,0,0,0
495242930543124302,0,0,1,0,0
495342930475809001,0,0,0,1,0
495442930462856202,1,0,0,0,0
495542930526511702,0,0,1,0,0
495742930516585401,0,0,0,1,0
495842930477300401,0,0,1,0,0
495842930532802501,0,0,1,0,0
495942930458591402,1,0,0,0,0
495942930536112302,0,0,1,0,0
496042930477707602,0,0,0,0,1
496142929194472102,0,0,0,1,0
496142930477137102,0,0,1,0,0
496142930536425402,0,0,0,1,0
496542930515960801,1,0,0,0,0
496542930526051401,0,0,0,0,1
496642930459468201,0,0,1,0,0
496642930543573801,0,0,1,0,0
496842930471698401,0,0,0,0,1
497142929704040602,0,0,1,0,0
497142930458518502,1,0,0,0,0
497142930465289301,0,0,0,1,0
497142930521572401,0,0,0,0,1
497242930524416802,0,0,1,0,0
497342930545824601,0,1,0,0,0
497442928304094101,0,0,1,0,0
497442930480371302,1,0,0,0,0
497542930526277002,0,0,0,1,0
497642928726688401,1,0,0,0,0
497642929013014901,0,0,1,0,0
497942930474576401,0,0,1,0,0
498142930526916802,0,0,0,0,1
498442930448451801,0,0,0,1,0
498742930476930701,0,0,1,0,0
498742930535870002,0,0,1,0,0
498942930455821102,0,0,0,1,0
498942930509485002,0,0,1,0,0
499042930470319801,0,0,1,0,0
499142930456531901,0,0,1,0,0
499242930548738301,0,0,1,0,0
499342928759319702,0,0,1,0,0
499342929816166302,0,0,0,1,0
499442929684697002,0,0,0,1,0
499742930529461601,0,1,0,0,0
499942928726148601,0,1,0,0,0
499942930478076302,0,0,0,1,0
501242930542373002,1,0,0,0,0
501342930530242201,0,0,1,0,0
501442928865230702,0,0,1,0,0
501442929743318701,0,0,0,1,0
501942928159244701,0,0,1,0,0
502142930454972402,0,0,0,1,0
502242930519922101,1,0,0,0,0
502342930462673302,0,0,0,1,0
502342930526203701,0,0,1,0,0
502442930518077802,0,0,0,1,0
502442930530766202,0,0,1,0,0
502742930470765201,0,0,1,0,0
503042929331684901,0,0,1,0,0
503142930507893702,0,0,1,0,0
503342929284336901,0,0,1,0,0
503342930510069202,0,0,0,1,0
503442930457501602,0,0,0,0,1
503442930542795201,0,0,1,0,0
503542930544768701,1,0,0,0,0
503542930548255301,1,0,0,0,0
503642930289255802,0,0,0,1,0
503642930453436801,1,0,0,0,0
503642930474418101,1,0,0,0,0
503742930525386401,0,1,0,0,0
503942930478925301,0,0,0,1,0
503942930528397202,0,1,0,0,0
503942930549548401,0,0,0,0,1
504042930542576202,0,0,0,0,1
504142930451421902,1,0,0,0,0
504342930526925301,0,0,0,1,0
504642930530044501,0,0,1,0,0
504642930538397802,1,0,0,0,0
504842930464703201,0,0,0,1,0
504942930451255101,0,0,1,0,0
504942930544768102,0,0,1,0,0
505142928247005002,0,0,1,0,0
505242930517313502,0,0,0,1,0
505242930543535301,0,0,0,0,1
505342930478257402,0,0,0,1,0
505342930532382802,0,0,0,1,0
505542930457376602,0,0,1,0,0
505642930531559201,0,0,1,0,0
505742930454327802,0,1,0,0,0
505842930526220202,0,0,1,0,0
505942930528910001,0,0,1,0,0
506042929166340601,1,0,0,0,0
506142930545523801,0,0,1,0,0
506242930535157402,1,0,0,0,0
506442930460633701,0,0,0,1,0
506442930463838902,0,1,0,0,0
506442930519662001,0,0,0,1,0
506442930539820501,0,0,1,0,0
506542929012850302,0,0,0,1,0
506642930510412501,0,0,1,0,0
506642930542825801,0,0,0,1,0
506742930463954401,0,0,1,0,0
506842930476150901,1,0,0,0,0
506842930543581002,0,1,0,0,0
506942930473639902,0,0,0,1,0
507242930478677602,0,0,0,1,0
507342930452489501,0,0,1,0,0
507442928025464301,0,0,0,0,1
507442930534261702,0,1,0,0,0
507442930538366402,1,0,0,0,0
507542930459442602,0,0,1,0,0
507542930465039802,0,0,1,0,0
507642930462577801,0,0,1,0,0
507642930475155102,0,0,1,0,0
507642930539035801,0,0,0,1,0
507742930453695202,0,0,1,0,0
507742930476257801,0,0,1,0,0
507742930522315701,0,0,1,0,0
507842930477223801,0,0,1,0,0
507842930515435302,0,0,1,0,0
507842930520627202,0,0,0,1,0
507942930524452702,0,0,0,1,0
508042930460964002,0,0,0,1,0
508542930520963101,0,0,1,0,0
508642930461811801,1,0,0,0,0
508642930477069102,0,0,1,0,0
508942930526551501,0,0,0,1,0
509042930526340202,0,0,0,0,1
509042930533248102,0,0,1,0,0
509342930474233502,0,0,0,1,0
509342930516309802,1,0,0,0,0
509542930448255401,0,0,1,0,0
509542930541584802,0,0,0,1,0
509542930544989402,0,0,0,1,0
509642928052225901,0,0,1,0,0
509642930450791502,0,0,1,0,0
509642930520079401,0,1,0,0,0
509842930528199402,0,0,1,0,0
509942930458318801,0,0,1,0,0
509942930516833901,1,0,0,0,0
511242929721432102,0,0,1,0,0
511242930527800702,1,0,0,0,0
511342929613283702,0,1,0,0,0
511342930541133801,0,0,1,0,0
511742930476524002,0,0,1,0,0
511942930549594601,1,0,0,0,0
512042930474491802,0,0,1,0,0
512142930450743102,0,0,1,0,0
512142930510216902,0,0,1,0,0
512242930456751602,1,0,0,0,0
512242930517231702,1,0,0,0,0
512242930532860401,1,0,0,0,0
512342930524586101,0,0,0,0,1
512442930533583302,0,1,0,0,0
512542930034890302,0,0,0,1,0
512542930447428101,0,0,0,1,0
512542930475376202,0,0,1,0,0
512642930457716302,0,0,0,1,0
512742930537291401,0,0,1,0,0
512942930466301102,0,0,1,0,0
513042930464313501,0,1,0,0,0
513142930464625601,1,0,0,0,0
513242930478886801,0,0,0,0,1
513242930526360602,0,1,0,0,0
513342930456017302,0,0,0,1,0
513542930532871401,1,0,0,0,0
513742929664075601,0,0,1,0,0
513842930529817001,0,0,0,0,1
513842930547240801,0,1,0,0,0
514042930450771701,0,1,0,0,0
514042930480452202,1,0,0,0,0
514142930543922802,0,0,1,0,0
514242930474094101,1,0,0,0,0
514242930529829401,0,0,1,0,0
514342928021819501,0,0,1,0,0
514342930516646901,1,0,0,0,0
514342930544960202,0,0,1,0,0
514342930547228702,0,0,0,0,1
514442930477650702,1,0,0,0,0
514642930517490501,1,0,0,0,0
514942930450840302,1,0,0,0,0
515042930519916902,0,1,0,0,0
515042930548602902,0,1,0,0,0
515142930476508902,0,0,0,1,0
515242930464587302,0,0,0,1,0
515442930527986401,0,1,0,0,0
515542930461758002,0,0,0,0,1
515542930522168902,0,0,0,0,1
515642930516671402,1,0,0,0,0
515642930545201102,0,0,0,0,1
515742929303612002,0,1,0,0,0
515742930508268002,0,0,0,0,1
515742930516762801,0,0,1,0,0
515742930519307902,0,0,0,1,0
515842930509301901,0,0,1,0,0
515942930475211801,0,0,1,0,0
516142930459157302,0,1,0,0,0
516242929991282201,0,1,0,0,0
516242930526581001,0,1,0,0,0
516342930518380501,0,0,1,0,0
516542930462044701,0,0,0,1,0
516542930545901402,0,0,1,0,0
516642930538134302,0,0,0,1,0
516942930536217702,0,1,0,0,0
517042930456397402,0,0,1,0,0
517542930447311702,0,0,1,0,0
517542930543913501,0,0,1,0,0
517642930456732001,0,0,0,1,0
517742929083253102,1,0,0,0,0
517742930459785702,0,0,1,0,0
517842930545188702,0,0,0,0,1
517942930509245701,0,0,0,0,1
518142930464255502,1,0,0,0,0
518242929696964301,0,0,1,0,0
518242930460910601,0,1,0,0,0
518242930480673301,0,0,1,0,0
518242930524234402,0,0,0,0,1
518242930534219002,0,0,0,0,1
518542930531123101,0,0,0,1,0
518642930518090401,0,0,1,0,0
518842930459553101,0,0,0,1,0
518842930547093602,0,0,1,0,0
518942930456292602,0,0,1,0,0
519142930450171602,0,0,1,0,0
519142930454298802,1,0,0,0,0
519242930535055702,0,0,1,0,0
519542930470388902,0,0,0,1,0
519542930528475701,0,0,1,0,0
519742930461844302,0,0,0,0,1
519842930451311602,0,0,0,1,0
519842930473770402,0,0,1,0,0
519842930527443702,1,0,0,0,0
521242930456422201,0,1,0,0,0
521342929543705902,0,0,0,0,1
521442930446384001,0,0,1,0,0
521442930516243902,1,0,0,0,0
521442930550695802,0,0,0,0,1
521642929820882502,0,0,1,0,0
521642930466537502,0,0,0,1,0
521642930529911802,0,1,0,0,0
521742929248984702,0,0,1,0,0
521742930289474802,0,1,0,0,0
521742930476572201,0,0,1,0,0
521842930464664801,0,0,1,0,0
521942930518970902,1,0,0,0,0
522042930476800702,0,0,1,0,0
522142930469906601,0,0,0,1,0
522142930516375802,0,0,1,0,0
522242930459711202,0,0,0,1,0
522342930544686501,0,0,0,1,0
522642930515876402,0,1,0,0,0
522742930531960302,0,0,1,0,0
523042930525975001,0,0,1,0,0
523042930539813501,0,0,0,0,1
523242930476453102,0,0,0,1,0
523242930533811701,0,0,1,0,0
523242930549913201,0,0,1,0,0
523342930527468302,0,0,1,0,0
523442930464798501,0,0,1,0,0
523442930543257102,0,0,0,1,0
523542930517232102,0,0,1,0,0
523542930542853201,0,0,1,0,0
523742930476968902,1,0,0,0,0
523742930530552602,0,0,1,0,0
523942930477531001,0,0,1,0,0
523942930545877502,0,0,1,0,0
524042930530774101,0,0,0,1,0
524242930532164301,1,0,0,0,0
524342930456612601,0,0,0,0,1
524442927921789101,0,0,0,1,0
524442930457683001,0,0,1,0,0
524542929644301002,1,0,0,0,0
524542930448041102,0,0,0,0,1
524542930453022401,0,0,1,0,0
524542930510187201,0,0,0,1,0
524542930517113001,0,0,1,0,0
524642929946600601,0,0,1,0,0
524642930507929602,0,0,1,0,0
524742930524493501,0,0,1,0,0
524742930524888502,0,1,0,0,0
524842930468636502,0,1,0,0,0
524842930525479102,1,0,0,0,0
524842930532705901,1,0,0,0,0
524942930528164202,0,0,1,0,0
525242930456243101,0,0,0,0,1
525242930476598501,0,1,0,0,0
525542929991226701,0,0,1,0,0
525542930519128501,0,1,0,0,0
525642930457580101,0,0,0,1,0
525642930515445502,0,0,1,0,0
525742930462141902,0,0,0,0,1
525842930515830002,0,0,1,0,0
525942929013002102,0,0,0,1,0
525942930534269801,0,0,1,0,0
526142930525745102,0,0,1,0,0
526242930448845701,0,1,0,0,0
526342930527313402,1,0,0,0,0
526442930528398402,0,0,0,0,1
526442930545311801,0,0,1,0,0
526742927905068101,1,0,0,0,0
526942930453045801,0,0,1,0,0
526942930507933602,0,0,0,0,1
527342930456726202,1,0,0,0,0
527342930533695601,0,1,0,0,0
527442930528109502,0,0,0,1,0
527542930452604902,0,0,1,0,0
527542930455826401,0,0,0,1,0
527542930530669502,0,0,0,0,1
527742930508942102,0,0,0,0,1
527742930539602001,0,1,0,0,0
527842930519336902,0,0,0,1,0
527942930509473501,0,0,1,0,0
527942930519957502,0,0,0,1,0
527942930527946202,0,1,0,0,0
528042930531882502,0,0,0,1,0
528642930532677102,0,0,0,1,0
528842930448825702,1,0,0,0,0
528842930474056201,0,0,0,1,0
528842930537470801,0,0,1,0,0
528942930517857701,0,1,0,0,0
529042930452799502,0,0,0,1,0
529142930528514802,0,0,1,0,0
529242930549000602,0,0,1,0,0
529342930474315402,0,0,1,0,0
529342930527717402,0,0,0,0,1
529442930477183002,0,0,1,0,0
529442930526829101,0,0,0,1,0
529542928990317602,0,0,1,0,0
529642930518469401,0,0,1,0,0
529742930460107701,0,0,1,0,0
529742930532663702,0,0,1,0,0
529842928135420501,0,0,0,1,0
531142929684609602,0,0,1,0,0
531142930526117402,1,0,0,0,0
531342930519090202,0,0,1,0,0
531342930521353802,0,0,0,1,0
531342930534825402,0,0,1,0,0
531442930509846501,0,0,0,1,0
531442930549950602,0,0,1,0,0
531542930461010801,0,0,0,0,1
531542930542068501,0,0,1,0,0
531642930509346502,0,1,0,0,0
531742930478634302,0,1,0,0,0
531742930525753001,0,0,1,0,0
532042930548155202,1,0,0,0,0
532242930478188602,0,0,0,1,0
532242930542455601,0,0,1,0,0
532442930459984001,0,0,0,1,0
532442930472851202,0,0,0,0,1
532542929118531402,0,0,0,1,0
532542930543483502,0,0,1,0,0
532642930524212001,0,0,1,0,0
532642930527773702,0,1,0,0,0
532742930508593502,0,0,0,0,1
533042928257856601,1,0,0,0,0
533042930464310102,0,0,1,0,0
533242930464522301,0,0,1,0,0
533342929269151302,0,0,0,0,1
533342930461618601,0,0,1,0,0
533442929501754601,1,0,0,0,0
533642930461272401,0,0,1,0,0
533742930528841102,0,0,1,0,0
533842930450656002,0,0,0,1,0
533842930532705502,0,0,1,0,0
534142930462567801,0,0,1,0,0
534142930464536002,1,0,0,0,0
534242930449890701,0,1,0,0,0
534342929528923002,1,0,0,0,0
534342930472965901,0,0,0,1,0
534442928293182001,1,0,0,0,0
534642930541733801,0,0,0,0,1
534742928716216301,1,0,0,0,0
534842928887104802,0,0,1,0,0
534842930454500201,1,0,0,0,0
534942930460349701,0,0,1,0,0
535042930544297801,0,0,0,0,1
535142930542720502,0,0,0,1,0
535442930509897502,1,0,0,0,0
535642929346340802,0,0,1,0,0
535742930508737102,0,0,1,0,0
535742930547538701,0,0,0,1,0
535842930475256801,0,1,0,0,0
535942930480358302,0,0,1,0,0
536042930524260402,1,0,0,0,0
536242930479479502,0,0,0,1,0
536242930531045102,0,0,0,0,1
536442930518004201,1,0,0,0,0
536642928030238702,0,0,0,1,0
536742930477969701,0,0,0,0,1
536842928096602302,0,0,0,1,0
536842930517065202,0,0,0,1,0
536942930521186501,0,0,0,1,0
536942930546660802,0,0,0,1,0
537042930459870402,0,0,0,0,1
537042930475994501,0,0,0,1,0
537042930515757301,0,0,1,0,0
537242930472882002,0,0,0,1,0
537442930462553302,0,0,0,1,0
537742930537487701,0,0,1,0,0
537842930472684901,1,0,0,0,0
537842930539585501,0,1,0,0,0
538242930527708102,0,0,1,0,0
538742930051294101,0,0,1,0,0
538742930544730402,0,0,0,0,1
538842930458550301,0,1,0,0,0
538942928601996601,0,0,1,0,0
539142930531965102,0,0,0,1,0
539142930533963502,0,0,1,0,0
539242930080248202,0,0,1,0,0
539242930452638301,0,0,1,0,0
539342930460514101,0,0,1,0,0
539342930534180401,1,0,0,0,0
539442930457747202,1,0,0,0,0
539542930524258101,0,0,0,1,0
539542930529863002,0,0,0,1,0
539642930547018201,0,0,0,0,1
539742930456462402,0,0,0,0,1
539742930542241701,0,0,1,0,0
539842930509501001,0,0,0,1,0
539842930544496001,0,0,0,0,1
539942928887267601,0,0,0,0,1
541342930547951202,0,0,1,0,0
541442930463825901,0,1,0,0,0
541542930479667301,0,0,0,0,1
541542930538712902,1,0,0,0,0
541642930526968002,0,1,0,0,0
541642930549264901,0,1,0,0,0
541742930456042502,0,0,0,1,0
541742930475975601,1,0,0,0,0
541742930544290302,0,0,0,1,0
541842930473594102,0,0,1,0,0
541942930465491901,0,0,0,1,0
541942930516487601,0,0,1,0,0
542042930527285602,0,1,0,0,0
542042930541493402,1,0,0,0,0
542142930451723601,0,0,0,1,0
542142930461059702,1,0,0,0,0
542142930550147302,0,0,0,1,0
542242930460488801,0,0,1,0,0
542342930463533802,0,0,0,1,0
542442930459874901,0,0,1,0,0
542642930475186901,0,0,0,0,1
542842930515348302,1,0,0,0,0
542942928269661402,0,0,0,1,0
542942930467896902,1,0,0,0,0
543042930517155302,0,0,0,1,0
543142930510592802,0,0,0,1,0
543142930519755302,0,0,1,0,0
543242930461378502,0,0,1,0,0
543242930463811702,0,0,1,0,0
543242930519274302,0,0,1,0,0
543242930531815101,0,0,0,1,0
543242930542042201,0,0,1,0,0
543442930541462601,0,0,1,0,0
543542930467923101,0,0,1,0,0
543742928086481802,0,0,1,0,0
543742929568598802,0,0,0,1,0
543842930470748101,1,0,0,0,0
543942929861115802,0,0,0,1,0
543942930454431102,0,0,1,0,0
544042930546906902,0,0,1,0,0
544142930477290902,0,0,1,0,0
544142930527736401,0,0,0,1,0
544342930461160202,0,0,1,0,0
544442930534290402,0,0,1,0,0
544842929091483101,0,0,1,0,0
544842930472859602,0,0,1,0,0
545142927968949301,0,0,0,1,0
545142930525857501,0,0,0,1,0
545242930452170201,0,0,1,0,0
545442930516399001,0,0,0,1,0
545442930549864302,0,1,0,0,0
545542929704005801,0,0,0,0,1
545542930518725601,0,0,0,1,0
545742930518330102,1,0,0,0,0
545842930462759002,1,0,0,0,0
545842930521406102,0,0,0,0,1
545842930528948202,0,1,0,0,0
545942930531461501,0,0,0,0,1
546142930543021401,0,0,0,0,1
546442930463560202,0,0,0,1,0
546642930527206702,0,0,1,0,0
546842930522448401,1,0,0,0,0
547042930474978302,0,0,1,0,0
547042930517487202,0,0,1,0,0
547042930531498801,0,0,1,0,0
547642930532282601,0,0,1,0,0
547742930526035202,0,0,1,0,0
547742930538261001,0,0,1,0,0
548142928074373402,0,0,1,0,0
548242930550008501,0,0,0,1,0
548342930527872802,1,0,0,0,0
548542928790834402,0,0,1,0,0
548642929800443002,1,0,0,0,0
548842930519045702,0,0,0,1,0
548842930524558501,0,0,1,0,0
548842930531426702,0,0,0,1,0
548942930459670202,0,0,1,0,0
548942930468881502,0,0,1,0,0
549842930531368902,0,1,0,0,0
551142930012217002,0,0,0,1,0
551142930534783602,0,0,1,0,0
551142930546057701,0,0,0,0,1
551242930516939202,0,0,0,1,0
551242930525237102,0,0,1,0,0
551342930475628502,0,0,0,1,0
551342930510981301,0,0,1,0,0
551442930461046401,0,0,0,1,0
551542930510651401,0,0,1,0,0
551642930462492502,0,0,1,0,0
551742930537219302,1,0,0,0,0
551842930474095401,0,0,0,1,0
551942930461508601,0,0,1,0,0
552042930517985101,0,1,0,0,0
552142930517714802,0,0,0,1,0
552242928021779802,0,0,0,0,1
552442930517302801,0,0,1,0,0
552542930469038101,1,0,0,0,0
552642930476017702,1,0,0,0,0
552742930511122301,0,0,1,0,0
552742930519002501,0,0,0,0,1
552842930520109302,1,0,0,0,0
552842930526058302,0,0,0,1,0
552842930534076701,0,0,0,0,1
553042930522335502,1,0,0,0,0
553142927979773102,0,0,0,1,0
553142930519641901,0,0,1,0,0
553142930525095601,1,0,0,0,0
553442930447528101,1,0,0,0,0
553442930457344001,1,0,0,0,0
553642930530697802,0,0,1,0,0
553742928726828901,0,1,0,0,0
553942930537403801,0,0,1,0,0
554042930531433001,0,0,0,1,0
554142930459817702,1,0,0,0,0
554242930542090802,0,0,1,0,0
554242930543050701,0,0,1,0,0
554342930457428302,0,0,0,1,0
554442929583904102,0,0,1,0,0
554442930480398002,0,0,1,0,0
554542928560706302,0,0,1,0,0
554542928683902002,1,0,0,0,0
554542930523931701,0,0,0,1,0
554642930527272401,0,0,0,1,0
554842930541292702,0,0,0,0,1
554942928088031901,1,0,0,0,0
554942930477615202,1,0,0,0,0
554942930525147302,0,1,0,0,0
555042930460461801,0,0,1,0,0
555142929726669102,0,0,0,1,0
555142930521219102,0,1,0,0,0
555542929774131802,0,0,0,1,0
556042930456816801,0,0,0,1,0
556342930477631501,0,0,1,0,0
556442930454854102,0,0,1,0,0
556742930508706002,0,0,1,0,0
556742930527870101,0,0,0,1,0
556742930538894801,1,0,0,0,0
556742930544434101,0,0,0,1,0
556842930548802901,0,0,1,0,0
557042930543946701,0,0,1,0,0
557142930527185802,0,1,0,0,0
557142930548186002,1,0,0,0,0
557242928726103501,0,0,1,0,0
557242930515969802,0,1,0,0,0
557342930519016702,0,0,0,1,0
557442930461953502,0,0,1,0,0
557842930459073502,0,0,1,0,0
557942930462279901,0,0,1,0,0
557942930533494001,0,0,0,0,1
558042930452454801,1,0,0,0,0
558142930464202002,0,1,0,0,0
558142930542231401,0,0,0,1,0
558342930459575501,0,0,0,1,0
558442930469720701,0,0,1,0,0
558442930509513301,0,0,0,1,0
558542930457990002,0,0,0,1,0
558842930447952101,0,0,1,0,0
558842930527041001,0,0,1,0,0
559042929514327501,0,0,1,0,0
559042930459904901,0,0,1,0,0
559042930540567602,0,0,0,0,1
559142930449974901,0,0,0,1,0
559342930474453902,0,0,0,0,1
559442928242647001,0,0,1,0,0
559442930531483002,0,0,1,0,0
559542930523324601,0,0,1,0,0
559642930035056801,0,0,1,0,0
559642930456132201,1,0,0,0,0
559742930525871201,0,0,1,0,0
559842930517085602,0,1,0,0,0
561142930458888302,0,0,0,1,0
561242930460817802,0,0,1,0,0
561342930508219601,0,1,0,0,0
561542928897699201,0,1,0,0,0
561542930473946302,0,0,1,0,0
561742930458343901,1,0,0,0,0
561742930527745402,0,0,0,1,0
561842930508624602,0,0,0,1,0
562142930457999401,0,0,1,0,0
562242930516762201,0,0,0,0,1
562542927901384601,0,0,0,1,0
562542930524733502,0,1,0,0,0
562642929859057801,0,0,0,1,0
562642930533395402,0,0,0,1,0
562742928592805401,0,0,1,0,0
562842930535224101,0,0,0,1,0
562942930400107802,0,0,1,0,0
562942930472538801,0,1,0,0,0
562942930524087901,0,0,1,0,0
563042930447412502,0,0,0,1,0
563242930523466202,0,0,0,0,1
563342930517166701,1,0,0,0,0
563442930478766302,1,0,0,0,0
563842930518338801,0,0,0,1,0
563842930519687902,0,0,1,0,0
563942929879951101,1,0,0,0,0
563942930518265001,0,0,0,1,0
564042930467698902,0,0,1,0,0
564042930474130202,1,0,0,0,0
564042930545302301,0,0,0,0,1
564142930473610102,0,1,0,0,0
564142930541405401,0,0,0,0,1
564242930479823502,0,0,1,0,0
564242930548268301,1,0,0,0,0
564442930461651601,0,0,1,0,0
564542930474770502,0,0,1,0,0
564542930518717701,0,0,1,0,0
564642930546316601,1,0,0,0,0
564842930451772701,0,0,0,1,0
564942930476944301,0,0,0,1,0
564942930510791302,0,0,1,0,0
564942930545163102,0,0,1,0,0
565042929230337001,0,0,1,0,0
565142930531312102,0,0,0,1,0
565242929417347501,0,0,0,0,1
565542930466898901,0,0,0,1,0
565742930510705701,1,0,0,0,0
565742930510970501,0,0,1,0,0
565742930533556001,0,0,1,0,0
565842930455500602,1,0,0,0,0
565942930532283302,0,0,1,0,0
566042930480045402,1,0,0,0,0
566242930517841701,1,0,0,0,0
566342930464201901,0,0,0,0,1
566342930534237701,1,0,0,0,0
566842928663876202,0,0,0,0,1
566842930455650202,0,0,0,1,0
566842930471587602,0,0,0,1,0
566842930521696602,0,0,0,0,1
566842930527942301,0,0,0,1,0
566842930546245201,0,0,1,0,0
566942930474848802,0,0,0,1,0
567042930474703002,0,0,1,0,0
567242930525117701,0,0,1,0,0
567242930534208901,0,0,0,1,0
567242930538634301,0,1,0,0,0
567342930478576802,0,0,1,0,0
567442929268241802,0,0,0,1,0
567442930519118001,0,0,1,0,0
567542930477190301,0,0,1,0,0
567742930536589701,0,0,0,1,0
567842930533979901,0,0,1,0,0
567942930449203501,0,0,0,0,1
567942930477467801,0,0,0,0,1
568142930509898301,1,0,0,0,0
568242930474081501,0,0,0,1,0
568542928888035401,0,0,1,0,0
568642930448284102,0,0,0,1,0
568642930517970701,0,0,0,0,1
568642930549098001,0,0,0,1,0
568742930508158102,0,0,1,0,0
568842930508896801,0,0,1,0,0
568842930526668401,0,0,0,1,0
568842930535912902,0,0,1,0,0
568942930521809401,0,1,0,0,0
569042929989643102,0,0,0,1,0
569042930474384601,0,0,1,0,0
569042930522915601,0,1,0,0,0
569042930532748602,0,0,1,0,0
569142930524772701,1,0,0,0,0
569242930448533202,0,0,1,0,0
569242930518886302,0,0,1,0,0
569242930520724301,1,0,0,0,0
569242930544909101,0,0,1,0,0
569342930546613702,0,0,1,0,0
569442930455416802,0,0,1,0,0
569442930534471901,0,0,0,0,1
569742930520040302,0,1,0,0,0
571142930478703301,1,0,0,0,0
571242930462540901,0,0,0,1,0
571442928168238301,0,0,1,0,0
571442930518125902,0,1,0,0,0
571542928191310502,0,0,0,1,0
571642930517592301,0,0,1,0,0
571642930525404001,1,0,0,0,0
571642930529436001,0,0,1,0,0
571842930449526801,1,0,0,0,0
571942930519538402,0,0,1,0,0
572042930477638502,0,0,1,0,0
572242930476538501,0,0,0,1,0
572442930520255801,0,0,0,1,0
572542930519030002,0,0,0,1,0
572642930456622302,0,0,0,1,0
572642930468538502,1,0,0,0,0
572742930509858301,0,0,0,1,0
572742930525592201,1,0,0,0,0
573042929681101202,1,0,0,0,0
573042930464326101,0,0,0,1,0
573242930529251302,0,0,1,0,0
573342929456888301,0,0,0,0,1
573542930474819301,0,0,0,1,0
573642930517772902,0,0,1,0,0
573742930451856301,1,0,0,0,0
573842929155647901,0,0,1,0,0
573842930453679001,1,0,0,0,0
573842930464965301,0,0,1,0,0
573842930542908001,1,0,0,0,0
574042930462561401,0,0,0,1,0
574142930464398002,1,0,0,0,0
574142930517773901,1,0,0,0,0
574642930461515002,0,0,0,0,1
574642930461999801,1,0,0,0,0
574942930517405201,0,0,0,0,1
575342930459315802,0,0,1,0,0
575542930456924902,0,0,0,1,0
575742929649255602,0,0,0,1,0
575742930543431602,0,0,0,0,1
575942929642387902,0,0,1,0,0
575942930519477602,0,0,1,0,0
575942930530011001,0,0,1,0,0
576142929047937501,1,0,0,0,0
576242930508191701,0,0,1,0,0
576342929644467501,0,0,0,1,0
577042930529391901,0,0,0,1,0
577342930460467902,0,0,1,0,0
577642930456314401,0,0,1,0,0
577642930542833502,0,0,1,0,0
577842930517373302,0,0,0,1,0
577842930525195102,1,0,0,0,0
578242930461628901,0,0,1,0,0
578342930453531001,0,0,1,0,0
578442930477795202,1,0,0,0,0
578542930449771801,0,0,0,0,1
578542930477348802,1,0,0,0,0
578542930538582801,0,0,0,1,0
578642928247046702,0,0,1,0,0
578642930450407501,0,0,1,0,0
578742930456531402,0,0,0,1,0
578842930544158201,0,0,1,0,0
578942930527274801,0,0,1,0,0
579142930524604301,0,0,0,1,0
579142930543145301,0,0,0,0,1
579342930462972902,0,0,1,0,0
579342930530210801,0,0,0,0,1
579542930533839801,0,0,0,1,0
579742930464612902,0,0,0,1,0
579842929543736402,0,0,1,0,0
581142928021939101,0,0,0,1,0
581142929514065002,1,0,0,0,0
581142930456597102,0,0,0,1,0
581142930550197802,1,0,0,0,0
581342930458767201,0,0,1,0,0
581342930517552302,0,0,1,0,0
581342930542448702,1,0,0,0,0
581542930464865602,0,0,0,0,1
581542930519191201,1,0,0,0,0
581542930531076401,0,0,1,0,0
581842930541975902,0,0,0,0,1
581942930529283101,0,0,1,0,0
582142930517224801,0,0,1,0,0
582142930517408502,0,0,0,1,0
582342930449478601,0,0,0,1,0
582442930543160701,0,0,1,0,0
582442930544226302,0,1,0,0,0
582742930465726302,1,0,0,0,0
582842930220790102,0,0,1,0,0
582842930527808601,0,0,0,1,0
582842930538678201,1,0,0,0,0
582942930480100701,0,0,1,0,0
582942930527405202,0,0,0,1,0
583142930542128701,0,0,1,0,0
583242930458535402,0,0,0,1,0
583342930515495901,0,0,1,0,0
583442930447834902,0,0,1,0,0
583442930515472902,0,1,0,0,0
583542930452714702,0,0,0,1,0
583642930534574102,0,1,0,0,0
583742930462041502,0,0,0,1,0
583742930524576502,0,0,1,0,0
583742930549754102,0,1,0,0,0
583842930523464402,0,0,1,0,0
584042930474517201,0,0,0,0,1
584042930515521701,1,0,0,0,0
584042930525849001,0,0,0,1,0
584142930509593402,0,0,1,0,0
584242930527056502,0,0,1,0,0
584342929439542302,0,0,1,0,0
584442930456661802,1,0,0,0,0
584542930460728101,0,1,0,0,0
584642929069856702,0,0,0,1,0
584742930548988402,0,0,0,1,0
584842930532016401,1,0,0,0,0
584842930549536902,0,0,1,0,0
584942929166082202,0,0,0,1,0
585042929816225002,0,0,0,1,0
585042930524706102,0,0,1,0,0
585142929494098001,0,0,0,1,0
585142930455279902,0,0,0,0,1
585342930476207401,0,0,0,0,1
585342930525444502,1,0,0,0,0
585542930470647202,0,0,1,0,0
585642930015479602,0,1,0,0,0
585642930507653402,0,0,1,0,0
585742930455366802,0,0,1,0,0
585942930469500002,1,0,0,0,0
586142929321228501,0,0,0,1,0
586242930528427301,1,0,0,0,0
586342930521266002,0,0,0,1,0
586342930546496302,0,0,0,1,0
586442930515845701,0,1,0,0,0
586442930542132202,0,0,1,0,0
586542930542625602,0,0,0,0,1
586642930459044301,0,0,0,0,1
586642930509511902,0,0,1,0,0
586642930547111102,0,0,1,0,0
586742930472476902,0,0,0,1,0
586742930473877602,0,0,0,1,0
586742930539668202,0,0,0,0,1
586842930526323702,0,0,0,0,1
587042930509703002,0,0,0,0,1
587142930461747102,1,0,0,0,0
587742928281527002,0,0,1,0,0
587742930460346402,0,0,1,0,0
587742930472337201,0,0,1,0,0
587942929417447601,0,0,1,0,0
587942930524650302,0,1,0,0,0
587942930529959002,0,0,0,0,1
588042929417233502,1,0,0,0,0
588042930534336502,0,1,0,0,0
588142929231894901,0,0,0,1,0
588142930449937102,0,0,1,0,0
588142930529250001,0,0,1,0,0
588142930534105601,0,1,0,0,0
588242930462767202,0,0,0,0,1
588242930510749901,0,0,1,0,0
588642930455895302,0,0,1,0,0
588642930473831901,0,1,0,0,0
588642930543710601,0,0,0,1,0
588642930546161702,1,0,0,0,0
588742930541310501,0,0,1,0,0
588842930526032001,0,0,1,0,0
588842930530071501,0,0,0,1,0
588842930531093601,0,0,1,0,0
588942930454522301,0,0,1,0,0
588942930460786702,0,0,1,0,0
588942930509288502,0,0,1,0,0
589142930533897302,0,0,1,0,0
589242930509826302,0,1,0,0,0
589342930458575501,0,0,1,0,0
589342930543595001,0,0,0,0,1
589642930477663402,0,0,1,0,0
589642930522282001,1,0,0,0,0
589742930477775701,1,0,0,0,0
589842930532627701,0,1,0,0,0
589942930461929202,0,1,0,0,0
591142930517656102,0,0,0,1,0
591242930459409302,1,0,0,0,0
591242930525928101,0,0,1,0,0
591442930460881901,1,0,0,0,0
591442930542682902,0,0,1,0,0
591542929861064502,0,1,0,0,0
591642929696689202,0,0,0,0,1
591642930520245202,0,0,0,0,1
591742930528396801,1,0,0,0,0
591842930466935302,1,0,0,0,0
591942930475826602,0,0,1,0,0
592142930449312802,0,0,0,1,0
592242930477337602,0,0,0,1,0
592342929488844701,0,0,0,0,1
592342930459708602,0,0,0,0,1
592442930463877002,0,0,0,0,1
592542929272083201,0,0,1,0,0
592542930458683501,0,0,0,1,0
592542930471919401,0,1,0,0,0
592542930473120501,0,1,0,0,0
592642930456067102,0,0,0,1,0
592842930526388301,0,0,0,1,0
593042930472567801,0,0,1,0,0
593042930525941702,0,0,1,0,0
593242930475730801,0,0,0,1,0
593342930477133702,0,0,1,0,0
593342930550723402,0,0,1,0,0
593442930515371502,0,0,0,0,1
593442930549666501,0,0,1,0,0
593542929061068602,0,0,0,1,0
593542930521351902,0,1,0,0,0
593542930527158301,0,0,1,0,0
593742930508002202,0,0,1,0,0
593742930521614202,0,0,1,0,0
593942930528641901,0,0,0,1,0
594142930457190501,1,0,0,0,0
594442930508177201,0,0,0,0,1
594542930541697702,1,0,0,0,0
594642930449328501,1,0,0,0,0
594642930515594001,0,0,1,0,0
594642930531581601,0,0,0,1,0
595342930546098901,0,0,0,1,0
595642930465653401,1,0,0,0,0
595642930532404801,1,0,0,0,0
595942930518746201,0,0,0,0,1
596042930526196402,1,0,0,0,0
596142930529081401,0,0,1,0,0
596142930531579402,0,0,0,1,0
596142930546348202,1,0,0,0,0
596242930523059101,0,0,0,0,1
596342928865348301,1,0,0,0,0
596342930458865101,0,0,0,1,0
596342930519682902,0,1,0,0,0
596342930530862902,0,0,1,0,0
596442930460384102,0,0,1,0,0
596442930475623901,0,0,1,0,0
596542928666175601,0,1,0,0,0
596542930459563002,1,0,0,0,0
596542930459823601,0,0,1,0,0
596542930478696401,0,0,1,0,0
596842930531387001,0,0,1,0,0
597042930457165401,0,0,1,0,0
597242930449725302,0,0,0,0,1
597542930525509602,0,0,1,0,0
597542930540997201,0,0,1,0,0
597842927910570102,0,0,0,1,0
598042930480248302,0,0,1,0,0
598342930464702101,0,0,1,0,0
598542930461791302,0,0,1,0,0
598542930475870101,0,1,0,0,0
598542930533871601,1,0,0,0,0
598642929013099802,0,0,0,1,0
598642930477505101,1,0,0,0,0
598742930519103702,0,0,0,1,0
598742930532516401,0,1,0,0,0
598942930524473502,0,1,0,0,0
598942930528649802,0,0,1,0,0
599242930479376201,0,1,0,0,0
599242930523902202,1,0,0,0,0
599242930530515602,0,0,1,0,0
599442930455207201,0,0,1,0,0
599442930479292302,0,0,1,0,0
599542930517704302,0,0,0,1,0
599642930529222701,1,0,0,0,0
599742930537896002,0,0,0,0,1
599742930543267201,0,0,0,1,0
599842930469507701,0,0,1,0,0
599942930477494401,0,0,0,0,1
599942930517386201,0,0,0,1,0
601142930530304601,1,0,0,0,0
601142930532628902,1,0,0,0,0
601342930534500301,0,0,1,0,0
601542930548744701,0,0,0,1,0
601742929704138702,0,0,1,0,0
601842930531541802,0,0,1,0,0
601942930477296302,0,0,1,0,0
601942930545625601,1,0,0,0,0
602042930459604702,0,0,0,1,0
602042930533617202,0,0,1,0,0
602142930459145702,0,0,1,0,0
602142930463647002,0,0,0,1,0
602442930461109002,0,0,0,0,1
602442930476369502,1,0,0,0,0
602442930543862902,0,0,0,1,0
602542930516182701,1,0,0,0,0
602642930517270801,1,0,0,0,0
602742928923797302,0,0,1,0,0
602842930465367401,1,0,0,0,0
602842930550309601,0,0,1,0,0
603042930517565201,0,0,0,1,0
603042930517800901,1,0,0,0,0
603142930464879901,0,1,0,0,0
603142930536135501,0,0,1,0,0
603242929528873402,1,0,0,0,0
603242930453273701,1,0,0,0,0
603442930540543902,0,0,0,0,1
603542930459425401,0,1,0,0,0
603542930461122101,1,0,0,0,0
603642930473938801,0,0,0,1,0
603742930532254401,1,0,0,0,0
603942928288395502,0,0,1,0,0
604042930533456501,0,0,0,1,0
604442930516714501,1,0,0,0,0
604442930524119801,1,0,0,0,0
604542930549186401,1,0,0,0,0
604742930527736902,0,0,0,1,0
604942930455731001,0,0,1,0,0
604942930518583101,1,0,0,0,0
605042930463498402,0,0,1,0,0
605142928043599202,0,0,1,0,0
605242928247165901,0,0,1,0,0
605242929514279101,0,0,1,0,0
605442930523496602,1,0,0,0,0
605542930518208001,0,0,1,0,0
605642930462346002,0,0,1,0,0
605842927909613602,0,0,0,0,1
605842929488900701,0,0,1,0,0
606042930459235902,0,0,0,1,0
606042930524723102,0,0,0,1,0
606042930533821802,0,0,0,0,1
606142930530396101,0,0,1,0,0
606242930529461702,0,0,0,1,0
606342930473257802,0,0,0,0,1
606342930520935601,0,0,1,0,0
606342930525324901,0,0,0,1,0
606442930266044402,0,1,0,0,0
606442930509031902,0,0,0,1,0
606542930474426001,0,1,0,0,0
606542930508410601,0,1,0,0,0
606742930451742602,0,1,0,0,0
607042929816234301,1,0,0,0,0
607042930523355301,0,0,0,0,1
607342928096763401,0,0,0,1,0
607342930517964902,0,0,0,1,0
607542930518974101,0,0,0,1,0
607642930454021201,1,0,0,0,0
607642930463621501,0,0,0,1,0
607642930468169701,1,0,0,0,0
607642930537271102,0,0,1,0,0
607742930533867501,0,0,1,0,0
608142929309521301,0,0,1,0,0
608242929166128302,0,0,0,1,0
608342930460180901,0,0,1,0,0
608342930466842201,0,0,1,0,0
608442930450561601,0,0,0,1,0
608442930544190202,0,0,0,1,0
608642930550485002,0,0,0,0,1
608742930527235302,1,0,0,0,0
608842930448699501,0,0,0,0,1
608942930519744202,0,0,0,0,1
609142930478083502,0,1,0,0,0
609142930545018002,0,0,1,0,0
609242930475241401,0,0,1,0,0
609342930519980402,0,0,1,0,0
609442929613635201,0,0,1,0,0
609542928176021402,0,0,0,1,0
609742930471752701,0,0,1,0,0
609942930510039901,0,0,0,0,1
609942930528550401,0,0,1,0,0
611142930519056902,0,0,0,1,0
611242930456564601,0,1,0,0,0
611242930544170802,1,0,0,0,0
611442929236057902,0,0,1,0,0
611442930536252502,0,0,1,0,0
611542928135643301,0,0,1,0,0
611542930463206002,0,0,1,0,0
611542930465552501,0,0,0,1,0
611842930525086802,0,0,1,0,0
611842930528062002,0,0,1,0,0
611942930458139602,0,1,0,0,0
611942930516991901,0,0,1,0,0
611942930525522002,0,0,0,1,0
612142929514163102,1,0,0,0,0
612342928108786601,0,1,0,0,0
612342930457889302,1,0,0,0,0
612342930543404502,0,0,0,1,0
612442930473165602,1,0,0,0,0
612542928601833902,1,0,0,0,0
612742930457760601,0,0,0,1,0
612742930473475701,0,0,1,0,0
612742930509766401,0,0,0,1,0
612942930464604802,0,0,0,1,0
613142930522255301,1,0,0,0,0
613142930527786601,0,0,0,1,0
613142930541713601,0,0,0,1,0
613242930469281302,0,0,0,1,0
613342930527812301,0,0,1,0,0
613642930458178401,0,0,0,0,1
613742930531180301,0,0,0,1,0
613842930474030501,0,0,0,1,0
613842930529166701,0,0,0,0,1
613842930530935001,0,0,1,0,0
614042930510485702,0,1,0,0,0
614142930449855601,0,0,1,0,0
614142930545162802,1,0,0,0,0
614242930526869301,0,0,1,0,0
614342930316630702,0,0,0,1,0
614442930529223002,1,0,0,0,0
614642930460835202,0,0,0,1,0
614942930520133301,0,0,1,0,0
615042930535854102,0,0,0,1,0
615242930529026902,0,0,0,1,0
615242930534894001,0,0,1,0,0
615542930453514002,0,0,1,0,0
615542930472245601,0,0,0,1,0
615542930472598101,0,0,0,0,1
615542930524160001,0,0,1,0,0
615642928791241702,0,0,0,0,1
615642930453924201,0,0,1,0,0
615642930548013602,0,1,0,0,0
615742930472569902,0,0,1,0,0
615742930517542101,0,0,1,0,0
615842930452120801,0,0,1,0,0
615842930464614501,0,0,0,0,1
615842930540550801,0,0,1,0,0
616142930535327501,1,0,0,0,0
616342928009789001,0,1,0,0,0
616342930540564901,0,0,0,0,1
616542930525105801,0,0,0,0,1
616842929189316902,0,0,1,0,0
616842930524612002,0,1,0,0,0
616942930507685202,0,0,0,1,0
617242930472545102,0,0,0,1,0
617542930461420101,1,0,0,0,0
617742930535217001,0,0,1,0,0
617942930460510202,0,0,1,0,0
618042930451043001,0,0,1,0,0
618042930525354301,0,0,0,1,0
618342930517732602,1,0,0,0,0
618442930479187302,0,0,0,0,1
618642930476813602,0,1,0,0,0
618842930525478901,0,0,0,0,1
619042930458308802,0,0,0,1,0
619442930456902601,0,0,1,0,0
619642930461679002,0,0,0,1,0
619642930467832502,0,0,0,0,1
619842930518854401,0,0,0,0,1
621242930519112201,0,0,1,0,0
621342930458041402,0,0,1,0,0
621342930460442702,1,0,0,0,0
621442930509631801,0,0,0,0,1
621442930533515701,0,0,1,0,0
621442930542426801,0,0,0,1,0
621842928305365001,0,0,1,0,0
621942930527380301,0,1,0,0,0
622142930525597202,1,0,0,0,0
622342930454373401,0,1,0,0,0
622342930530575101,0,0,1,0,0
622542930524635402,1,0,0,0,0
623042930453137202,0,0,0,1,0
623042930474490501,0,0,0,0,1
623042930476919301,0,0,0,1,0
623142930537296402,0,0,0,1,0
623342930473502501,0,0,0,1,0
623742930507962602,0,0,0,1,0
623742930536195201,0,0,1,0,0
623942928258542701,0,0,0,0,1
623942930530823901,1,0,0,0,0
624142929684805401,1,0,0,0,0
624142930451687501,0,0,1,0,0
624242930455754701,0,0,1,0,0
624242930475530502,0,0,0,1,0
624342930529722402,0,0,1,0,0
624342930532757901,0,0,0,1,0
624442928726031502,0,0,0,1,0
624442930464003901,0,0,1,0,0
624542930530514701,0,0,1,0,0
624742930142486002,0,0,0,0,1
624742930530714801,0,0,0,1,0
624942930479378202,0,1,0,0,0
624942930509974501,1,0,0,0,0
625042930475269601,0,0,0,0,1
625142930460858601,1,0,0,0,0
625342929466954002,1,0,0,0,0
625442930530055402,0,0,0,1,0
625542930533010301,0,0,1,0,0
625742930470569001,1,0,0,0,0
625842930518152502,1,0,0,0,0
626142930480164301,1,0,0,0,0
626142930540691101,0,0,0,1,0
626142930545055902,0,0,1,0,0
626442930541959602,0,0,0,0,1
626642930534157502,0,0,1,0,0
626742930469978402,0,0,1,0,0
626742930547755901,0,0,1,0,0
626942930531391002,0,0,0,1,0
626942930550762501,0,0,0,1,0
627142930477846402,0,0,0,1,0
627142930519283702,0,0,1,0,0
627242930521030802,0,0,1,0,0
627242930530633202,0,0,1,0,0
627742930535001801,0,0,0,0,1
627742930542430902,1,0,0,0,0
627842930454353502,1,0,0,0,0
627842930455116302,0,0,0,1,0
627842930527026502,0,0,0,1,0
627942930468002802,1,0,0,0,0
628042930476683502,1,0,0,0,0
628242930463571801,1,0,0,0,0
628242930528148101,0,0,0,1,0
628442930546282602,0,1,0,0,0
628542930529940802,0,0,0,0,1
628742930447174202,1,0,0,0,0
629142930462199101,0,0,1,0,0
629342930476512301,0,0,0,1,0
629342930509172202,1,0,0,0,0
629442930454891802,0,0,1,0,0
629442930546221601,1,0,0,0,0
629542930524103602,1,0,0,0,0
629942930465575701,0,0,1,0,0
631342930544564001,0,1,0,0,0
631442930453559201,0,0,1,0,0
631442930465223901,1,0,0,0,0
631442930478758802,0,0,1,0,0
631442930534697501,0,0,0,1,0
631442930544035201,1,0,0,0,0
631542930137891201,0,0,1,0,0
631642930515728402,0,0,0,1,0
631742929269314901,1,0,0,0,0
631842930544615602,0,0,1,0,0
631842930546616102,1,0,0,0,0
632142929417331502,1,0,0,0,0
632142930475451901,0,0,1,0,0
632142930529489601,1,0,0,0,0
632242928242485402,0,0,0,1,0
632242928726267002,0,0,1,0,0
632242930528090201,0,0,0,1,0
632542930460063802,0,0,1,0,0
632742928602899402,1,0,0,0,0
632742930471641102,0,0,1,0,0
632842930545035902,0,0,1,0,0
633042930524124402,0,0,1,0,0
633142930479439902,1,0,0,0,0
633142930480181601,0,0,1,0,0
633142930546696501,0,0,1,0,0
633742930519064501,0,0,0,1,0
634042930454923601,0,0,1,0,0
634142930378995901,1,0,0,0,0
634242930480300802,1,0,0,0,0
634342930517827402,0,0,1,0,0
634342930538918502,0,0,0,1,0
634442928570877701,0,0,1,0,0
634442928601879102,0,0,0,0,1
634442930509229101,0,0,1,0,0
634542930516387001,0,0,1,0,0
634542930518933602,0,0,0,0,1
634542930547167301,1,0,0,0,0
635042930475778201,0,0,0,1,0
635242930466868001,1,0,0,0,0
635242930523886601,0,0,0,1,0
635342930529573401,0,0,0,1,0
635442930450110302,0,0,0,1,0
635442930457627902,0,0,1,0,0
635542930533071202,0,0,0,1,0
635842930448036901,0,0,1,0,0
635942930457087702,1,0,0,0,0
636142930528352101,0,0,1,0,0
636342930526638701,0,0,0,0,1
636442930460092501,0,0,1,0,0
636442930520175701,0,0,1,0,0
636542930536561801,0,0,1,0,0
636742928865301501,0,0,1,0,0
636742929020918202,0,0,1,0,0
636842930510820302,1,0,0,0,0
636842930525655902,1,0,0,0,0
636942930472736801,0,1,0,0,0
637142930511097902,0,0,1,0,0
637542930466070001,0,0,1,0,0
637642930474869901,1,0,0,0,0
637642930550717001,1,0,0,0,0
637742930532452802,0,0,1,0,0
637842928603015501,0,0,0,0,1
637842930510482502,1,0,0,0,0
637942930548982002,1,0,0,0,0
638042930450992201,0,0,1,0,0
638042930509034601,0,0,0,1,0
638042930529760102,0,0,0,1,0
638042930538055401,0,0,1,0,0
638142930447921202,0,0,0,0,1
638142930450063801,0,0,1,0,0
638142930455866601,1,0,0,0,0
638142930540569102,0,0,1,0,0
638242930455311801,1,0,0,0,0
638242930533781801,0,0,0,1,0
638542930476079201,0,1,0,0,0
638642930519829201,0,0,1,0,0
638742930527718701,0,0,1,0,0
638842930452336902,1,0,0,0,0
639042930529309401,0,0,0,1,0
639142930518547302,1,0,0,0,0
639142930529139001,1,0,0,0,0
639342930454898101,1,0,0,0,0
639342930461614402,0,0,0,1,0
639342930465207602,0,0,1,0,0
639442928988290801,0,1,0,0,0
639442930538235001,0,0,0,1,0
639542930532563901,0,1,0,0,0
639642930530084702,0,0,0,1,0
641142930477278001,1,0,0,0,0
641242930464771301,0,0,1,0,0
641242930528742302,0,0,1,0,0
641242930548136302,0,1,0,0,0
641342930545059402,0,1,0,0,0
641442929528823102,0,0,0,0,1
641442930464779301,0,0,0,1,0
641442930524145502,0,0,1,0,0
641742930516236501,0,0,1,0,0
641842928570742801,0,0,0,1,0
641942930474911501,1,0,0,0,0
641942930534201702,0,0,1,0,0
642042930525103802,0,0,1,0,0
642142930542004602,0,0,1,0,0
642242930456211802,0,0,0,1,0
642342930453637401,0,0,1,0,0
642342930457120101,0,0,1,0,0
642542930456223802,0,0,1,0,0
642642930474766001,1,0,0,0,0
642742930526624501,0,0,1,0,0
643142930459533201,0,0,0,1,0
643142930519928302,0,0,0,1,0
643242929821047101,0,0,1,0,0
643442930550034201,1,0,0,0,0
643742930454947202,0,0,1,0,0
643742930476853602,0,0,0,0,1
643742930524019802,0,0,0,0,1
643742930542962201,0,0,0,0,1
643942930525309802,0,0,1,0,0
644142930446451802,0,0,1,0,0
644142930474924401,0,0,0,1,0
644642930474099402,0,0,0,1,0
644642930510593801,0,0,0,1,0
644742929681216001,0,0,1,0,0
644742930477479302,0,0,1,0,0
644942930511287101,0,0,1,0,0
644942930516721002,0,0,0,0,1
645042930468804501,0,0,0,1,0
645242930524530001,0,0,1,0,0
645342930532493602,0,0,0,1,0
645542930453093001,0,0,0,1,0
645742930461298301,0,0,1,0,0
646142930516997802,0,0,1,0,0
646442930476673001,0,0,0,0,1
646442930515735902,0,0,0,0,1
646742928967163401,0,0,1,0,0
646742930464184902,0,0,0,0,1
646742930527254501,0,0,0,1,0
647042929800407201,0,0,1,0,0
647042930457784202,1,0,0,0,0
647142930520231302,0,0,1,0,0
647242930515716702,0,0,1,0,0
647242930529731001,0,0,0,1,0
647542927963609202,0,1,0,0,0
647642930462303702,0,0,1,0,0
647942930515080402,0,0,0,1,0
648042930528529302,0,0,0,1,0
648342930459509102,0,0,0,1,0
648342930463022901,0,0,0,0,1
648342930527411001,0,1,0,0,0
648342930534785301,0,0,1,0,0
648342930547014502,0,0,1,0,0
648442930449073502,0,0,0,1,0
648442930526664902,1,0,0,0,0
648442930547127301,0,0,0,0,1
648642930531693201,1,0,0,0,0
648742930454987101,0,0,0,0,1
648742930478797202,0,0,1,0,0
648742930524846701,1,0,0,0,0
648842930460023301,0,0,1,0,0
648942929567799701,0,1,0,0,0
648942930449110702,1,0,0,0,0
649042930527078002,0,0,0,0,1
649142930518226402,0,0,0,0,1
649342930117707001,0,0,0,1,0
649442930480047802,1,0,0,0,0
649642930467947801,0,0,0,1,0
649742930539647002,0,1,0,0,0
649942930476139101,0,0,0,1,0
649942930479236002,0,0,1,0,0
651142930450359001,0,0,1,0,0
651342928887918302,0,0,0,0,1
651442930479445702,0,0,0,1,0
651642930515551701,0,0,0,1,0
651742930533814901,0,0,0,1,0
651842930526320601,0,0,1,0,0
651942930454825201,0,0,1,0,0
651942930478231102,0,0,1,0,0
652142930447137102,0,0,0,1,0
652142930509584901,0,1,0,0,0
652442930515802601,0,0,0,1,0
652542930454752501,0,1,0,0,0
652542930546548902,0,0,0,0,1
652642930533782602,0,0,0,0,1
652842930516145901,0,1,0,0,0
652842930529521401,0,0,0,0,1
653042927963768501,1,0,0,0,0
653042930542015202,0,0,1,0,0
653142930459478902,0,0,0,0,1
653142930479524002,0,0,0,1,0
653342930508972101,0,1,0,0,0
653342930533725301,0,0,0,1,0
653542930529153902,0,0,1,0,0
653642930462867801,1,0,0,0,0
653742930510384802,0,0,1,0,0
653842929400256501,0,0,1,0,0
653842929696743002,1,0,0,0,0
653842930453388901,0,0,1,0,0
653842930473075901,0,1,0,0,0
653942930509065402,0,0,1,0,0
654042930449629701,0,0,1,0,0
654042930470916901,0,0,1,0,0
654242930542632701,0,0,0,1,0
654342930546863601,0,1,0,0,0
654542930474824902,0,1,0,0,0
654542930477661102,0,0,1,0,0
654642930453465602,0,1,0,0,0
654642930454790701,0,0,0,0,1
654642930460302701,0,0,1,0,0
654942930509543701,0,0,0,1,0
655042930472188302,0,0,1,0,0
655042930479484502,1,0,0,0,0
655142928726124202,0,0,1,0,0
655342930509983701,0,0,1,0,0
655342930543181102,0,0,1,0,0
655442930469818502,0,0,0,1,0
655442930510824702,0,0,1,0,0
655842928887872002,0,0,0,0,1
655842930523085001,0,1,0,0,0
656042930475018502,0,0,0,1,0
656242930456953401,0,0,0,1,0
656242930473377402,0,0,0,1,0
656342930342691002,0,0,1,0,0
656442930472250401,0,0,0,0,1
656542928592761601,0,0,0,0,1
656542930543599602,0,0,0,0,1
656642930474235001,0,1,0,0,0
656642930517305401,0,1,0,0,0
656742928789992001,0,1,0,0,0
656842930475431902,1,0,0,0,0
657242928887312101,0,0,1,0,0
657342930541170002,0,0,1,0,0
657442930477734402,0,0,0,0,1
657742930465781302,0,0,1,0,0
657742930474796002,0,1,0,0,0
657742930532598501,0,0,0,1,0
658142930473567902,0,0,1,0,0
658142930546394001,0,0,1,0,0
658642929303719501,0,0,1,0,0
658942930456879602,0,0,0,1,0
658942930479038602,0,0,0,0,1
659142928232753901,0,0,0,1,0
659142930532505601,0,0,0,1,0
659542930519222201,0,0,0,0,1
659742930464854101,0,0,0,1,0
659742930544352401,0,0,1,0,0
659842930534373901,0,0,0,1,0
659942929259428501,1,0,0,0,0
659942930461469101,0,0,1,0,0
659942930519363301,0,0,1,0,0
661142930533758202,0,0,0,1,0
661242930541930402,0,0,1,0,0
661342930531787402,1,0,0,0,0
661542930458841401,0,0,0,1,0
661542930526107101,0,0,1,0,0
661642928062746602,0,0,1,0,0
662142928255461701,0,0,1,0,0
662142930529150601,0,0,1,0,0
662242930517506301,0,0,0,1,0
662342930463195201,0,0,1,0,0
662342930464993502,0,0,1,0,0
662542930461143901,0,0,1,0,0
662542930525213101,0,1,0,0,0
662742929621897902,0,0,0,0,1
662742930474015002,0,0,0,1,0
662942930534037001,0,0,1,0,0
663042930479679601,0,0,0,1,0
663042930524347201,0,0,1,0,0
663142929839447601,0,0,1,0,0
663342930451105601,0,0,1,0,0
663542930529957101,0,0,0,0,1
663642930480208101,1,0,0,0,0
663742930515497202,0,0,0,0,1
663842930455452701,0,0,0,1,0
664042930448245002,0,1,0,0,0
664042930459310502,0,0,1,0,0
664042930542970902,0,0,1,0,0
664242930518346602,0,1,0,0,0
664642930528521401,0,0,1,0,0
664742929309406402,1,0,0,0,0
664742930179843902,1,0,0,0,0
664742930518939202,0,0,1,0,0
664742930532198301,0,1,0,0,0
664942930450522402,0,0,1,0,0
665142930474649402,0,0,0,1,0
665242930463609802,1,0,0,0,0
665342930460685202,0,0,1,0,0
665342930528787802,0,0,1,0,0
665642930550842201,0,1,0,0,0
665742930527645201,0,1,0,0,0
665842929380279101,0,1,0,0,0
665842930471889901,0,0,1,0,0
665842930528854901,0,0,1,0,0
665942929400362701,0,0,0,1,0
665942930515546002,0,1,0,0,0
665942930524702001,0,1,0,0,0
665942930543219101,1,0,0,0,0
666042930475028101,0,0,0,1,0
666042930525712202,0,0,1,0,0
666142930462109402,0,0,1,0,0
666142930464828901,0,0,0,1,0
666142930533023602,0,1,0,0,0
666242928113204401,0,0,0,0,1
666242930516082801,0,0,0,1,0
666242930525492302,0,0,1,0,0
666342930519029801,0,0,0,1,0
666342930544643602,0,0,1,0,0
666442930480433801,1,0,0,0,0
666442930546688702,0,0,1,0,0
666942930531738801,0,0,0,1,0
667042929885514702,0,0,1,0,0
667042930450950202,0,0,0,0,1
667142927966337801,0,0,1,0,0
667142930518229601,1,0,0,0,0
667242930457538102,0,0,0,1,0
667342928113248801,0,0,0,1,0
667442930464212402,0,1,0,0,0
667442930515645402,0,0,1,0,0
667442930549503402,0,0,0,1,0
667942930528227902,0,0,0,1,0
667942930530965901,0,0,1,0,0
668042928091088502,0,0,0,1,0
668142930526970101,0,0,0,0,1
668242930533365502,0,0,1,0,0
668442930532995202,0,0,1,0,0
668642930527433401,0,0,0,1,0
668642930544536701,0,0,0,1,0
668742928235978602,0,0,0,1,0
668842930538829901,0,0,1,0,0
668942930527960502,1,0,0,0,0
668942930529847002,0,0,0,1,0
669142930289529202,0,0,1,0,0
669142930450104201,0,0,1,0,0
669242930527333102,0,1,0,0,0
669242930529373802,0,1,0,0,0
669342930526060301,0,0,1,0,0
669442930474293901,0,0,0,0,1
669642930539906702,1,0,0,0,0
669842930542477401,0,0,0,0,1
671142930534395002,0,0,1,0,0
671242930455919502,0,1,0,0,0
671542930478300201,0,0,1,0,0
671642928739595002,0,0,1,0,0
671742930528968102,0,0,1,0,0
671842927929385701,0,0,1,0,0
671942930546143302,0,0,1,0,0
672042929801894901,0,0,0,0,1
672142928726429701,0,0,0,0,1
672142929373030202,0,0,1,0,0
672442930530787602,1,0,0,0,0
672542930080417901,0,0,1,0,0
672742930531909101,0,0,0,0,1
673042930517612002,0,0,1,0,0
673042930529893101,0,0,0,1,0
673142930477769301,0,0,0,1,0
673142930516487402,0,0,0,1,0
673242930461406401,0,0,1,0,0
673342930467794802,0,1,0,0,0
673342930518841002,0,0,1,0,0
673342930534726802,0,0,1,0,0
673442930531133301,0,1,0,0,0
673542930463546502,0,0,1,0,0
673742930533903301,0,0,0,0,1
673842930475061702,0,0,0,1,0
674042930461682601,0,0,0,1,0
674142930516069702,0,0,0,1,0
674242930435870002,0,1,0,0,0
674242930473017302,0,0,0,0,1
674342930457227401,0,0,1,0,0
674342930524419701,0,1,0,0,0
674542930458635101,0,1,0,0,0
674542930480126701,0,0,0,1,0
674742930528798301,0,0,0,1,0
675142930451155701,0,0,1,0,0
675142930540256901,0,0,1,0,0
675242928055989402,1,0,0,0,0
675342930525185901,0,0,1,0,0
675442930516295301,0,0,1,0,0
675542930448864102,0,1,0,0,0
675642929321111502,0,0,1,0,0
675642930451386202,0,0,1,0,0
675642930524949302,0,0,0,1,0
675742930526577702,0,0,1,0,0
675742930528981401,0,0,1,0,0
675842930459007402,0,0,0,0,1
675942930475206502,0,0,0,0,1
676142929194519602,0,0,0,1,0
676142930524860502,0,0,1,0,0
676242930220737602,0,0,1,0,0
676242930469479001,0,0,0,1,0
676242930473283902,0,0,0,1,0
676242930542299602,1,0,0,0,0
676342930012382501,0,0,0,0,1
676442930461411002,0,0,0,1,0
676442930464954101,0,0,1,0,0
676442930546368201,0,0,1,0,0
676542930477748601,1,0,0,0,0
676542930517857402,0,1,0,0,0
676742930475025802,1,0,0,0,0
676842930545340301,0,1,0,0,0
676942930479197201,0,0,0,1,0
676942930533687801,0,0,1,0,0
677042930478874701,0,0,0,1,0
677142930527521402,0,0,0,1,0
677242928932243302,0,0,0,0,1
677242928988167902,0,1,0,0,0
677242930517222601,1,0,0,0,0
677242930544609802,0,0,0,0,1
677242930547631701,0,0,0,1,0
677742930447987101,0,1,0,0,0
677742930519472901,1,0,0,0,0
677842930461361101,1,0,0,0,0
677942930525818002,0,0,0,0,1
678142930479964501,1,0,0,0,0
678142930521363801,0,0,1,0,0
678242930530196802,0,0,0,0,1
678542930476045002,0,0,0,1,0
678642930458165102,0,0,1,0,0
678742930222068601,0,0,1,0,0
678742930462308501,0,0,1,0,0
678742930528119502,0,0,1,0,0
678842930547371802,1,0,0,0,0
679042928030516801,0,0,1,0,0
679142930464344202,0,0,0,1,0
679242930478303301,0,0,0,1,0
679342930519642702,0,0,1,0,0
679442930456249102,0,0,0,1,0
679442930546701301,1,0,0,0,0
679742929946486602,0,0,1,0,0
679942930541716201,0,0,1,0,0
681142930454118401,0,1,0,0,0
681342930534908101,0,0,1,0,0
681442930464803501,0,0,0,0,1
681742930510597001,0,0,1,0,0
682042930525009502,1,0,0,0,0
682442928121580101,0,0,1,0,0
682442930509273402,0,0,1,0,0
682542930478153201,0,0,0,1,0
682542930521194702,0,0,1,0,0
682542930523950602,0,0,0,0,1
682542930531441302,0,0,1,0,0
682642930545320202,0,0,1,0,0
682842928064987401,1,0,0,0,0
682842930526003901,0,1,0,0,0
683042930455966702,0,0,0,0,1
683142930518339501,0,0,1,0,0
683342930517481102,0,0,1,0,0
683342930549650701,0,1,0,0,0
683442930464374402,0,1,0,0,0
683542930530462101,0,0,1,0,0
683642929780713401,0,0,0,0,1
683742930461427702,1,0,0,0,0
683842930531713201,0,0,1,0,0
684142930516547701,0,0,0,1,0
684342930519896201,0,0,1,0,0
684342930526179301,0,0,0,1,0
684342930538673401,0,0,1,0,0
684342930549015902,0,0,1,0,0
684742928878191202,1,0,0,0,0
684942930529277701,0,0,0,1,0
685042930523351301,0,0,0,0,1
685142930474884601,0,0,1,0,0
685142930523762602,0,0,0,1,0
685142930546857301,0,0,1,0,0
685242928725986102,0,0,0,1,0
685542930545717101,0,0,1,0,0
685642930473229702,0,0,0,1,0
685642930480066702,0,0,0,0,1
686142928159082502,0,0,0,1,0
686142930516730902,0,0,1,0,0
686242930478176701,0,0,1,0,0
686242930534114102,0,0,0,0,1
686442930474073202,0,0,1,0,0
686442930536461201,0,0,0,1,0
686442930544290302,0,1,0,0,0
686542930549153402,0,1,0,0,0
686642930530558201,0,1,0,0,0
686742930460247802,1,0,0,0,0
686742930471518302,0,0,1,0,0
686742930480404201,0,0,0,1,0
686742930530161202,0,0,1,0,0
686942930508038502,0,0,1,0,0
687042930454546001,1,0,0,0,0
687142930472558801,0,0,1,0,0
687242930525582202,1,0,0,0,0
687342930521812002,0,0,1,0,0
687442930545692702,0,1,0,0,0
687542930516092602,0,0,1,0,0
687742930448383602,0,0,1,0,0
687842930528045202,0,0,0,0,1
687942930478920301,1,0,0,0,0
688042930519267601,1,0,0,0,0
688242930479600701,0,0,0,1,0
688242930479708301,0,0,0,1,0
688342930454573002,0,0,1,0,0
688442930478551502,1,0,0,0,0
688542930547601101,0,0,0,0,1
688742928087825902,0,0,0,1,0
688842930462822501,0,0,1,0,0
689042929230287301,0,0,0,1,0
689142930539934701,0,1,0,0,0
689242930533588202,0,0,1,0,0
689442930543590601,0,0,0,0,1
689542930547519802,0,0,1,0,0
689642930516857701,0,0,0,1,0
689842929800307001,0,0,1,0,0
689842930445443202,0,0,0,1,0
689842930531065801,0,0,0,0,1
691142930454716601,1,0,0,0,0
691142930459899401,0,0,1,0,0
691142930477836702,0,0,0,1,0
691142930520228202,0,0,1,0,0
691142930545181902,0,0,1,0,0
691242930471865101,0,0,1,0,0
691242930519659401,0,0,1,0,0
691242930521321801,0,0,0,1,0
691242930545521202,0,0,0,0,1
691742930461913501,1,0,0,0,0
691742930480379601,0,0,1,0,0
691842930446404902,1,0,0,0,0
691942930460283802,0,0,1,0,0
691942930461252602,1,0,0,0,0
691942930544112801,0,0,1,0,0
692042930455091602,0,0,0,1,0
692042930476840302,0,1,0,0,0
692042930526194602,0,0,0,0,1
692142930465080401,1,0,0,0,0
692242928258200901,0,0,0,0,1
692242930461896101,1,0,0,0,0
692242930478049202,0,0,1,0,0
692342930460767302,0,0,0,1,0
692342930530025502,0,0,1,0,0
692442930461132602,1,0,0,0,0
692542930461026101,1,0,0,0,0
692542930464877602,1,0,0,0,0
692642930474182301,0,0,1,0,0
692742930515987001,0,0,1,0,0
692942930479854902,0,0,1,0,0
693342928042043202,1,0,0,0,0
693342930521784902,1,0,0,0,0
693442930478861301,0,0,1,0,0
693642930542975801,0,0,0,0,1
693642930549537501,1,0,0,0,0
693842930526783301,0,0,1,0,0
693942930517351702,0,0,1,0,0
694042930471569902,1,0,0,0,0
694342930515665501,1,0,0,0,0
694342930533946902,0,0,1,0,0
694542930474143501,0,0,0,1,0
694542930527930802,0,1,0,0,0
694642930542427401,1,0,0,0,0
694842928181430002,0,0,0,0,1
694842930547250201,1,0,0,0,0
694942930509632101,0,0,1,0,0
695042930476106001,1,0,0,0,0
695142930529650002,0,0,0,0,1
695242930446942902,0,0,1,0,0
695242930468155102,1,0,0,0,0
695342930458421202,0,1,0,0,0
695642929248923802,0,0,1,0,0
695842930524152402,0,0,0,1,0
696042930517018501,1,0,0,0,0
696142928633821702,0,0,1,0,0
696642930474802301,0,1,0,0,0
696642930541606002,0,1,0,0,0
696642930544942101,0,0,0,1,0
696842928030437801,1,0,0,0,0
696942930473808002,0,1,0,0,0
697042930473910301,0,0,0,1,0
697242930479552002,1,0,0,0,0
697342929012746502,0,0,1,0,0
697342930534528301,0,0,1,0,0
697442930527780301,0,1,0,0,0
697642930537356401,0,0,0,1,0
697742930508268501,0,0,0,1,0
697942930448206801,0,0,1,0,0
697942930532346202,1,0,0,0,0
697942930534180601,0,0,0,0,1
698142930476799201,0,0,0,0,1
698142930519445901,0,0,0,1,0
698442930520214102,0,0,0,1,0
698542928135348302,0,0,1,0,0
698542930517150901,0,0,1,0,0
698642930472207101,1,0,0,0,0
698642930518661301,0,0,0,1,0
698642930527561602,0,0,0,1,0
698842930453783402,0,0,0,0,1
698942930522124802,0,0,0,0,1
699142928159330601,0,0,0,1,0
699742930449276401,0,0,0,1,0
699742930529576902,0,0,0,0,1
699742930529711202,0,0,1,0,0
699842928265614001,0,0,1,0,0
699842929800132601,0,0,1,0,0
699842930526989702,0,0,0,0,1
699942930472631801,0,0,0,0,1
701442930518355201,0,0,0,1,0
701542930477281501,0,0,1,0,0
701542930525900501,1,0,0,0,0
701642928043515102,0,0,1,0,0
701642930527873402,0,1,0,0,0
701742930453720802,0,0,1,0,0
701742930526291201,0,0,1,0,0
701742930526811201,1,0,0,0,0
701942930508392401,0,0,0,1,0
702142930534562902,0,0,0,0,1
702242930521210002,0,0,1,0,0
702442930463800001,0,1,0,0,0
702542930464549202,0,0,0,1,0
702542930469787202,0,0,0,1,0
702742930465685701,1,0,0,0,0
702742930472798502,0,0,1,0,0
702942930457151702,0,0,1,0,0
703042930532533001,1,0,0,0,0
703242930461794801,0,0,1,0,0
703242930527544401,1,0,0,0,0
703342930472057401,1,0,0,0,0
703342930542327302,0,0,0,1,0
703542930447435902,1,0,0,0,0
703542930529683202,0,0,1,0,0
703642929467003402,0,0,0,0,1
703742929341560901,0,0,0,1,0
703842930465284901,1,0,0,0,0
703942930456878301,0,0,1,0,0
704042930480086002,0,0,0,0,1
704042930516438602,0,0,0,1,0
704142929091942401,0,0,0,0,1
704342930462932901,0,0,0,1,0
704342930464054902,1,0,0,0,0
704442930446654802,0,0,1,0,0
704542930546364601,1,0,0,0,0
704842930473832701,0,0,0,0,1
704842930518386102,0,1,0,0,0
704842930543354302,1,0,0,0,0
704942930550367501,0,0,1,0,0
705042930517986502,0,0,1,0,0
705042930520388601,0,0,1,0,0
705042930542945301,1,0,0,0,0
705142930446317302,0,0,0,1,0
705142930511073702,0,0,0,1,0
705142930518615901,0,0,1,0,0
705342928043798601,0,1,0,0,0
705342929013067401,0,0,0,1,0
705342930474395702,0,0,1,0,0
705542930478356501,0,0,1,0,0
705542930543915002,1,0,0,0,0
705642930467932701,1,0,0,0,0
705642930523995501,0,0,1,0,0
705842930446977101,0,0,0,0,1
705842930539803201,1,0,0,0,0
706142929047821502,0,0,1,0,0
706342930476820301,0,0,1,0,0
706542930549790602,0,1,0,0,0
706642929449864401,0,0,1,0,0
706742930461573101,0,0,0,0,1
706742930509540002,1,0,0,0,0
706842930534709802,0,0,0,1,0
706942930524806002,0,0,1,0,0
707242930509951101,1,0,0,0,0
707242930533645202,0,0,1,0,0
707342928043758401,1,0,0,0,0
707342930464718201,0,0,1,0,0
707442930447015301,0,0,1,0,0
707542930534451302,0,0,1,0,0
707642930519538401,0,0,1,0,0
707642930544005001,0,0,1,0,0
707742930524510001,1,0,0,0,0
707842930455442102,0,0,1,0,0
707842930524286802,0,0,0,1,0
707842930543553902,1,0,0,0,0
708242930527684101,0,0,1,0,0
708242930532709102,0,0,1,0,0
708342930456371102,0,0,1,0,0
708442930518563602,0,0,1,0,0
708542929644415901,0,0,0,0,1
708642930508236301,1,0,0,0,0
708742930529787502,0,0,0,1,0
708942930545115602,0,0,0,0,1
709142930454722902,0,1,0,0,0
709142930529107902,0,0,0,1,0
709342930462657202,0,0,1,0,0
709342930463189902,0,0,1,0,0
709342930523776902,0,0,0,1,0
709342930543115601,0,0,1,0,0
709442929476579602,0,0,1,0,0
709442930480607601,0,1,0,0,0
709542928119272102,0,0,1,0,0
709542930527752701,0,0,1,0,0
709742929321275401,0,0,1,0,0
709742930463751901,1,0,0,0,0
709842930457914302,0,0,0,1,0
711142928043716701,0,0,1,0,0
711142928623619902,0,0,1,0,0
711142930529725002,1,0,0,0,0
711542930534089201,0,1,0,0,0
711842930537906902,0,0,0,1,0
711942930467776401,0,0,1,0,0
711942930530934902,0,0,1,0,0
712142930518571101,0,0,1,0,0
712142930547855301,0,0,0,0,1
712342930544714301,0,0,0,1,0
712442930521584402,0,0,0,1,0
712542930529577101,0,0,1,0,0
712542930531904702,1,0,0,0,0
712542930547080001,0,0,0,1,0
712942929303552002,0,0,0,0,1
712942930459172101,1,0,0,0,0
713042930460573101,0,0,1,0,0
713042930547421102,0,1,0,0,0
713342930479106802,1,0,0,0,0
713342930515708601,0,0,0,0,1
713542930457938602,0,0,0,1,0
713542930543641801,1,0,0,0,0
713642930520847002,1,0,0,0,0
713842928716168701,0,0,1,0,0
713842930455618501,0,0,0,1,0
713842930546729101,1,0,0,0,0
714042930508735101,0,0,1,0,0
714242930509730002,0,0,1,0,0
714242930519201201,0,0,1,0,0
714342930474663402,0,0,1,0,0
714442930532459401,0,0,0,1,0
714542930476876001,0,0,0,1,0
714542930509917201,0,0,1,0,0
714642928243104701,1,0,0,0,0
714742930546759701,0,0,1,0,0
715042930457003501,1,0,0,0,0
715042930476333602,1,0,0,0,0
715042930526729701,1,0,0,0,0
715242930535188001,0,0,1,0,0
715242930541662702,0,0,0,0,1
715342930530796402,0,0,0,1,0
715542930516326301,0,0,0,1,0
715642930458588702,0,0,0,0,1
715842930453973101,0,0,1,0,0
715942930462479201,0,0,0,0,1
715942930517913801,0,0,0,1,0
716042930452054202,0,0,0,1,0
716142930474628101,0,0,0,0,1
716242930455354902,0,0,0,0,1
716342930453440202,0,0,1,0,0
716342930547575302,0,0,1,0,0
716342930548795201,0,1,0,0,0
716542930524372901,0,0,1,0,0
716542930538702501,0,0,1,0,0
716842930527589702,0,0,0,1,0
716942930510570001,0,0,0,1,0
716942930548060802,0,0,0,1,0
717042930524936602,0,0,0,1,0
717142930142250702,0,0,1,0,0
717142930448680702,0,0,1,0,0
717342930462710901,0,0,0,1,0
717342930516923801,1,0,0,0,0
717442930526366001,0,0,1,0,0
717642929528798602,0,1,0,0,0
717642930474342302,0,0,1,0,0
717942929704056301,0,0,0,1,0
717942930545697601,0,0,0,0,1
718042930542624402,0,0,1,0,0
718042930542813302,0,0,0,0,1
718242930547462902,0,0,1,0,0
718442930464314901,0,0,0,1,0
718942930448650001,0,0,0,1,0
719042930517652301,0,0,1,0,0
719042930532077502,0,0,0,0,1
719042930546226002,0,0,1,0,0
719142930508420101,0,0,1,0,0
719142930528578601,1,0,0,0,0
719342929575458001,0,0,0,0,1
719642930457602102,1,0,0,0,0
719642930515572502,0,0,1,0,0
719642930522915302,0,0,0,1,0
719642930529291802,0,0,1,0,0
719742930478003601,0,0,1,0,0
721342930461532101,1,0,0,0,0
721342930476968801,0,0,1,0,0
721642930525564601,1,0,0,0,0
721742930464967901,0,1,0,0,0
721942929155598201,0,0,1,0,0
721942930537211101,0,0,1,0,0
722042930460960701,0,0,0,0,1
722042930532045801,0,0,0,1,0
722042930545968602,1,0,0,0,0
722242930463139302,0,0,1,0,0
722542930531607802,0,0,1,0,0
722742929861282501,0,0,0,1,0
722742930508588502,0,0,1,0,0
722842930456337501,0,0,0,1,0
722942930518085401,0,0,0,1,0
723042930142431802,0,0,1,0,0
723142929505807502,1,0,0,0,0
723342930479511702,0,0,0,1,0
723342930519547602,0,0,1,0,0
723342930522941101,0,0,0,1,0
723342930548142402,1,0,0,0,0
723442930454249601,0,0,0,1,0
723442930529973901,0,1,0,0,0
723642930526466502,0,0,0,0,1
723742930543772201,0,0,0,1,0
723942928577741801,1,0,0,0,0
724042930455904601,0,0,0,0,1
724142930534294101,1,0,0,0,0
724142930536224301,0,0,0,1,0
724242928955424601,0,0,1,0,0
724242929621924102,1,0,0,0,0
724242930452538101,0,0,1,0,0
724242930460547301,0,0,1,0,0
724342930479595301,0,0,0,0,1
724542930470416402,0,1,0,0,0
724542930518199302,1,0,0,0,0
724542930543143101,0,0,0,1,0
724642930518447602,0,0,0,1,0
724742930510510502,0,0,1,0,0
724742930541235102,0,0,0,1,0
724842930543942001,0,0,0,1,0
724942929331638002,0,0,1,0,0
725042930477408302,0,0,1,0,0
725142930454394001,1,0,0,0,0
725142930518660101,0,0,1,0,0
725442930528155802,0,0,1,0,0
725542929230123302,0,0,1,0,0
725542930523879402,0,0,0,0,1
725642930527444301,0,0,0,1,0
725842930474771402,0,1,0,0,0
726042927901222702,0,0,1,0,0
726042927945167401,0,0,1,0,0
726042930525993201,0,0,1,0,0
726042930548509302,1,0,0,0,0
726142930466752102,0,0,0,0,1
726342929331582102,0,0,1,0,0
726342930479757802,1,0,0,0,0
726442930511203801,0,0,1,0,0
726542930527959101,1,0,0,0,0
726542930530133101,0,0,1,0,0
726642930537169902,0,0,1,0,0
726742930335253302,0,1,0,0,0
726742930446891001,0,0,0,1,0
726942930544834401,0,0,0,1,0
727142930454666401,0,0,0,1,0
727142930516918701,0,1,0,0,0
727542928577623102,0,0,1,0,0
727542930509628102,0,1,0,0,0
727542930526079601,0,0,1,0,0
727642930520165201,0,0,0,0,1
727642930524987001,0,0,0,1,0
727642930544262202,0,0,1,0,0
727742930458207302,0,0,0,0,1
727942930478773002,0,0,1,0,0
728042930518785901,0,0,1,0,0
728142930541764201,0,0,1,0,0
728242930448434602,0,0,1,0,0
728242930519752501,0,1,0,0,0
728442930520123101,0,0,1,0,0
728442930529061501,0,0,1,0,0
728442930545119902,0,0,1,0,0
728542930522298301,0,0,1,0,0
728642930529333901,0,0,0,0,1
728742930522733101,0,0,0,1,0
728742930525038602,0,0,1,0,0
728842930460376401,0,0,1,0,0
728842930549897002,1,0,0,0,0
728942930459500901,0,0,0,1,0
728942930508830501,0,0,1,0,0
728942930523743302,0,0,1,0,0
729442928202993902,0,0,1,0,0
729642930509316501,0,0,1,0,0
729742930473396301,0,0,1,0,0
729842928664038701,0,0,1,0,0
729942930528741801,0,1,0,0,0
729942930531735002,0,0,0,0,1
729942930538749302,0,0,0,0,1
731342930509055901,0,0,0,0,1
731342930529588602,0,0,0,1,0
731542929861231001,1,0,0,0,0
731642930474993502,0,0,1,0,0
731842930529884101,0,0,0,1,0
732242930455101101,0,0,1,0,0
732342930527132002,0,0,0,0,1
732442930462972101,0,0,1,0,0
732542930475142002,0,0,0,0,1
732642930509335302,1,0,0,0,0
732742930531854702,0,0,1,0,0
732942930460657301,0,0,1,0,0
733042930527487301,0,1,0,0,0
733342930510619002,1,0,0,0,0
733542929012617102,0,1,0,0,0
733642930466511702,1,0,0,0,0
733642930507971802,0,0,1,0,0
733742930515525102,0,0,1,0,0
733742930546339002,0,0,1,0,0
733842929800091802,0,1,0,0,0
734242930457519401,0,0,1,0,0
734342930549901602,0,0,0,1,0
734442930534817002,0,0,0,1,0
734742930076008601,0,0,0,0,1
734742930543673001,0,1,0,0,0
734842930479746102,0,0,0,1,0
734942930518880301,0,0,1,0,0
735042930545828002,1,0,0,0,0
735142930522300602,0,0,1,0,0
735142930522899001,0,0,1,0,0
735342930472325001,0,0,1,0,0
735342930520929801,0,0,1,0,0
735442929800456501,0,0,0,1,0
735442930475264201,0,1,0,0,0
735542930460016202,0,0,0,0,1
735642928015149902,0,0,0,1,0
735742930524567701,0,0,1,0,0
735742930533007802,0,0,0,0,1
735942930521494601,0,0,1,0,0
736042930543201701,0,0,0,1,0
736142928096645402,1,0,0,0,0
736142930467949601,0,0,1,0,0
736242930538538202,0,0,1,0,0
736342930518400701,1,0,0,0,0
736442930477504102,0,0,1,0,0
736442930515792202,0,0,0,1,0
736442930549875302,0,0,0,0,1
736642930446691002,0,0,1,0,0
736742930546638901,0,0,1,0,0
736942930542401802,0,0,1,0,0
737142930543350701,0,0,1,0,0
737142930549156801,1,0,0,0,0
737242928633983801,0,0,1,0,0
737542929476623601,0,0,0,1,0
737542930531384801,0,0,1,0,0
737742930453612901,0,0,0,1,0
737742930526022401,0,0,0,1,0
737942930097616401,0,0,0,0,1
738042930527178102,0,0,0,1,0
738142930451961401,0,0,1,0,0
738142930533054302,1,0,0,0,0
738242930540616501,1,0,0,0,0
738242930543621201,0,0,0,1,0
738342930473904902,0,0,1,0,0
738442930524781601,0,0,0,0,1
738542930474153702,0,1,0,0,0
738642930477169202,0,0,0,1,0
738642930527516801,0,0,0,1,0
738742930544018201,0,0,0,0,1
738842930544021902,0,0,0,1,0
739042930473663702,0,0,0,0,1
739142930525380301,0,0,1,0,0
739242928653524301,1,0,0,0,0
739242930475291601,0,0,1,0,0
739242930521845301,0,0,1,0,0
739342930534811301,0,1,0,0,0
739542930518662002,0,0,1,0,0
739842930528586602,0,0,1,0,0
739942930474247801,0,0,1,0,0
739942930475675602,0,0,1,0,0
739942930509665302,1,0,0,0,0
741142930450133202,1,0,0,0,0
741242930464967602,1,0,0,0,0
741342930471659901,0,0,1,0,0
741342930507683502,0,0,1,0,0
741542930473974002,0,0,0,1,0
741642930526223702,1,0,0,0,0
741642930532255502,0,0,0,1,0
741842930534899702,0,0,0,0,1
741942930460427001,0,0,1,0,0
742142927988856202,0,0,1,0,0
742342930453758302,0,0,0,1,0
742542930471723202,0,0,1,0,0
742742930471636501,0,0,1,0,0
742742930510071001,0,1,0,0,0
742942930184370202,0,0,1,0,0
742942930465440001,0,0,0,1,0
743142930464727701,0,0,1,0,0
743242930536606001,0,0,0,0,1
743442930541434601,0,1,0,0,0
743542930524091302,0,0,1,0,0
743542930544765102,0,1,0,0,0
743542930547574501,0,0,1,0,0
743842930456424802,0,0,1,0,0
743942930479775402,0,0,1,0,0
743942930522308902,0,0,1,0,0
744042929543889402,0,0,0,0,1
744042930532707001,0,0,0,1,0
744142930521176202,1,0,0,0,0
744142930534687902,0,0,0,0,1
744642930462634201,0,0,0,1,0
744742930475299301,0,0,0,1,0
744842929800342902,0,0,1,0,0
744942930472424402,0,0,1,0,0
745042930456188002,0,0,0,1,0
745042930478192601,0,1,0,0,0
745242930526604202,0,1,0,0,0
745342930451956402,1,0,0,0,0
745442930200242001,0,1,0,0,0
745642928091208001,0,0,0,1,0
745642930454699602,0,0,1,0,0
745842930461008802,1,0,0,0,0
745842930543313301,1,0,0,0,0
746042930142328302,0,0,0,0,1
746042930476625101,0,0,1,0,0
746142930460295001,1,0,0,0,0
746142930524520202,0,0,1,0,0
746242930463776001,0,0,0,0,1
746342930457665402,0,0,0,1,0
746342930463878801,0,0,1,0,0
746642927966216502,0,0,1,0,0
746742929372946401,0,0,1,0,0
746742930469050901,0,0,1,0,0
746742930477841502,1,0,0,0,0
746742930530543702,0,0,1,0,0
746742930543821902,0,0,1,0,0
747042930524642501,0,0,0,0,1
747242930477155201,0,0,0,1,0
747442930467088501,0,0,0,0,1
747742930541866701,0,0,0,1,0
748042930531543202,0,1,0,0,0
748242930454229802,0,0,0,1,0
748242930518778501,0,0,1,0,0
748342928967256601,0,0,1,0,0
748342930464625102,0,0,0,1,0
748342930546884901,0,0,1,0,0
748542930454194802,1,0,0,0,0
748542930459519002,0,0,0,1,0
748542930509083001,0,0,1,0,0
748542930524919801,1,0,0,0,0
748942928979759201,1,0,0,0,0
748942930524024102,0,0,1,0,0
748942930528259001,0,0,0,1,0
749042930535188201,0,0,0,1,0
749142930533508002,0,0,0,1,0
749142930545493601,0,0,1,0,0
749342928043475002,1,0,0,0,0
751142930473745402,0,0,0,1,0
751142930535995802,0,0,1,0,0
751242930462920302,0,0,1,0,0
751242930540585502,0,0,1,0,0
751342930468117401,0,0,0,1,0
751542930516435202,0,0,1,0,0
751542930536437302,0,0,1,0,0
751742930473859501,0,0,0,1,0
751842930476377802,1,0,0,0,0
752042930469315501,1,0,0,0,0
752142930526027902,0,1,0,0,0
752442930525788701,0,1,0,0,0
752842930473388502,0,0,0,0,1
753142930528832802,0,0,0,0,1
753242927904948402,0,0,1,0,0
753242930475495502,0,0,0,0,1
753242930525301802,1,0,0,0,0
753342930458410102,1,0,0,0,0
753342930517172002,0,0,1,0,0
753442930458177702,0,0,0,1,0
753442930546984902,0,0,0,1,0
753742930508107502,0,0,0,0,1
753842929284173502,1,0,0,0,0
753942930458126802,0,0,0,1,0
754042930474411501,0,0,0,1,0
754142930510380702,0,0,1,0,0
754242930539056601,0,0,0,0,1
754242930546328902,0,0,0,1,0
754342930508346001,1,0,0,0,0
754542930450506301,1,0,0,0,0
754542930521328001,1,0,0,0,0
754542930534566901,1,0,0,0,0
754642930411668402,0,0,0,0,1
754642930448728702,1,0,0,0,0
754642930468904202,0,0,0,1,0
754742930509141001,0,0,0,1,0
754742930519092101,0,1,0,0,0
754842929194568002,0,1,0,0,0
754842930531037201,0,0,1,0,0
754942929091873102,0,0,0,0,1
754942930510146201,1,0,0,0,0
754942930519302201,0,0,0,1,0
754942930537316102,0,0,1,0,0
755042930463252802,0,0,0,1,0
755142930525235801,0,0,0,1,0
755342930469345301,1,0,0,0,0
755342930538800701,0,0,1,0,0
755442930475572701,0,1,0,0,0
755542930526175202,1,0,0,0,0
755642930446488302,0,0,1,0,0
755842930447690702,1,0,0,0,0
756242930458599801,0,0,1,0,0
756442928726364102,0,1,0,0,0
756642930480195101,0,1,0,0,0
756742930543284001,0,0,1,0,0
756942930532631301,0,0,1,0,0
757042930456484001,0,0,0,1,0
757042930526438702,0,0,1,0,0
757142930515607701,0,0,0,1,0
757442930466583202,0,0,1,0,0
757542930529923202,1,0,0,0,0
757742928757969001,0,1,0,0,0
757842928258270602,0,0,1,0,0
758042928602853002,0,0,0,0,1
758042930474086402,0,0,0,1,0
758142930530827302,0,0,0,1,0
758242930159219901,0,0,1,0,0
758242930459609201,0,0,0,0,1
758242930524619902,0,1,0,0,0
758342930532955101,0,0,0,0,1
758542930538871101,0,0,0,1,0
758742930509973401,0,1,0,0,0
758842930516754702,1,0,0,0,0
759142930517837001,0,0,0,1,0
759442928967092902,0,0,1,0,0
759442930475081701,0,0,0,0,1
759742930475779602,0,0,1,0,0
759742930518516101,0,0,1,0,0
759742930531826402,0,0,0,1,0
759842930342859001,0,0,1,0,0
761142930529910401,0,0,1,0,0
761342929839451902,0,0,0,0,1
761342930534268601,0,0,1,0,0
761442929901274502,1,0,0,0,0
761442930456868501,0,0,0,1,0
761442930509005001,1,0,0,0,0
761642929372779502,0,0,0,0,1
761742928878266802,0,0,1,0,0
761742930516272301,0,0,0,1,0
761842930539848401,0,0,1,0,0
762142930519940701,0,1,0,0,0
762242929309570201,1,0,0,0,0
762242930460430702,0,1,0,0,0
762242930536443802,1,0,0,0,0
762442930475939001,0,0,0,1,0
762742930459418802,1,0,0,0,0
762742930459632601,0,0,1,0,0
762942930455609302,0,0,0,1,0
762942930549462102,1,0,0,0,0
763342930012331001,0,0,0,1,0
763442930459100501,0,1,0,0,0
763442930520624602,0,0,1,0,0
763742930468785601,0,0,0,1,0
763742930522540202,0,0,0,0,1
763742930549198901,0,0,0,1,0
763942928739548802,0,0,0,1,0
763942930527556701,1,0,0,0,0
764142930542767902,0,0,1,0,0
764242930531902702,0,0,1,0,0
764342929735780202,0,0,1,0,0
764642930543133502,0,0,1,0,0
764742930550657701,1,0,0,0,0
764842930458088902,1,0,0,0,0
764842930524609801,0,0,1,0,0
764942930451690902,0,0,1,0,0
764942930476892201,0,0,1,0,0
765242928990481001,0,0,0,1,0
765342930451224102,1,0,0,0,0
765342930532594302,1,0,0,0,0
765442930450956601,0,0,1,0,0
765442930461657301,0,0,0,0,1
765542930544129601,1,0,0,0,0
765642929456721202,0,0,1,0,0
765642930541715502,0,0,1,0,0
765742930454226601,0,0,0,1,0
765742930468090501,0,1,0,0,0
765942930479079402,1,0,0,0,0
766042930526573601,0,0,0,1,0
766242930524092001,0,0,1,0,0
766442930461358101,0,0,0,1,0
766442930542604801,1,0,0,0,0
766542927975285601,0,0,1,0,0
766542930525683902,0,0,1,0,0
766542930544795501,0,0,0,1,0
766642929456991301,0,0,1,0,0
766642930533177401,0,0,0,1,0
766842930480172401,0,0,1,0,0
766842930546929202,0,1,0,0,0
766942930532052102,0,0,0,1,0
766942930533452502,0,0,0,0,1
767042928789923501,0,0,0,0,1
767142930545023602,0,0,0,0,1
767342930474126302,0,0,0,1,0
767742930527127401,1,0,0,0,0
767942930517197501,0,0,0,1,0
768142928607058202,1,0,0,0,0
768142929012910901,0,0,0,1,0
768142930479507402,0,0,0,1,0
768342930549072102,0,0,0,1,0
768442929543790002,0,0,1,0,0
768442930453312102,0,0,0,1,0
768442930516932402,0,0,0,1,0
768742930459748301,0,0,0,1,0
768742930519976801,1,0,0,0,0
768742930532593301,0,0,1,0,0
768742930546262102,0,0,1,0,0
768942930477568501,0,0,1,0,0
769042929721548401,0,0,1,0,0
769042930454948301,0,0,0,1,0
769042930510266802,0,0,1,0,0
769142930524552902,1,0,0,0,0
769242930465461002,0,0,0,0,1
769342930515814002,1,0,0,0,0
769542930449226601,0,1,0,0,0
769542930478713902,0,0,0,1,0
769742929839403502,1,0,0,0,0
769742930524787902,1,0,0,0,0
769742930529503102,0,0,1,0,0
769942930533553002,0,0,1,0,0
771242930517918102,0,0,0,0,1
771242930549734802,0,0,0,0,1
771442927975242201,0,0,0,1,0
771442930531741101,0,1,0,0,0
771542930475690702,0,0,0,0,1
771542930530420301,0,0,1,0,0
771642929269267201,0,0,1,0,0
771742930526615202,1,0,0,0,0
771842928932571602,0,0,0,0,1
772042930518296002,0,0,0,0,1
772142930460642302,0,0,0,1,0
772442927901338901,0,0,0,1,0
772442930525244601,0,1,0,0,0
772442930529133601,0,0,1,0,0
772842930524188301,0,0,1,0,0
772842930533471901,0,0,0,1,0
772842930534651101,0,0,1,0,0
772842930545597801,1,0,0,0,0
773042930474939502,0,1,0,0,0
773042930517042102,0,0,1,0,0
773142928258122402,0,0,0,1,0
773142930455877401,0,1,0,0,0
773442930476283801,0,0,1,0,0
773542930466500401,0,0,1,0,0
773742927963650802,0,0,1,0,0
773842930475318301,0,0,1,0,0
773842930542881302,0,0,0,1,0
773942930457397801,0,0,0,1,0
773942930524179501,1,0,0,0,0
773942930535252001,0,0,1,0,0
773942930545339702,0,0,0,1,0
774142930473192902,0,0,1,0,0
774442930473346201,0,0,1,0,0
774442930516563901,0,1,0,0,0
774642930478609202,0,0,1,0,0
774842930509319202,0,0,1,0,0
774942930528725202,1,0,0,0,0
775042930549875901,0,0,0,0,1
775242930477103701,0,0,0,0,1
775342930515885902,0,0,1,0,0
775342930533707102,0,0,1,0,0
775342930536044501,0,0,1,0,0
775342930544529802,0,0,0,1,0
775442928247207701,0,0,1,0,0
775542930509392802,1,0,0,0,0
775742930451514601,1,0,0,0,0
775742930469338602,0,0,0,0,1
775742930531576201,0,0,1,0,0
775842930545108101,0,0,1,0,0
776142929439514102,1,0,0,0,0
776142930543691701,0,0,0,1,0
776342930466918701,1,0,0,0,0
776342930479367001,1,0,0,0,0
776342930520595402,1,0,0,0,0
776342930529182402,0,0,0,1,0
776342930531140302,0,0,1,0,0
776342930543786801,0,1,0,0,0
776542930531824101,0,0,0,1,0
776642928021818302,0,0,1,0,0
776642930515873301,0,0,0,0,1
776742930480086601,0,0,1,0,0
776742930523716602,1,0,0,0,0
776842930528938501,0,0,0,1,0
776842930536068502,0,0,1,0,0
776942930524452701,0,0,1,0,0
777242930450063302,0,0,1,0,0
777342930534776602,0,0,1,0,0
777442930516602301,0,0,1,0,0
777442930527433102,0,0,0,1,0
777442930530250002,0,0,0,1,0
777642930519773301,0,0,0,1,0
777742930479628601,0,0,0,1,0
777842930472830402,1,0,0,0,0
777842930516503902,0,0,1,0,0
777842930526744102,0,1,0,0,0
778242930531554001,0,0,1,0,0
778242930543394801,0,0,1,0,0
778342930548631302,0,0,1,0,0
778442929331751501,1,0,0,0,0
778442930454922102,0,0,1,0,0
778542930519394202,0,0,0,0,1
778642930528102201,0,0,0,1,0
778842929946433101,0,0,0,1,0
779142928067753302,0,0,1,0,0
779142930454007402,0,0,1,0,0
779342930475595301,0,0,1,0,0
779342930528311502,0,0,1,0,0
779542930525824701,0,0,1,0,0
779742930518126701,0,0,1,0,0
779742930550836101,0,1,0,0,0
779842930528013401,1,0,0,0,0
779942928242605201,0,0,1,0,0
779942930525768601,1,0,0,0,0
781242930528004102,0,0,0,1,0
781542929613319202,0,1,0,0,0
781742930545603602,0,1,0,0,0
781842930478569102,0,0,0,0,1
782042930519983001,0,1,0,0,0
782142930509565602,1,0,0,0,0
782242930463891102,0,0,1,0,0
782342930464471102,0,0,1,0,0
782642930460611001,1,0,0,0,0
782642930526694301,0,0,0,1,0
782742929069883302,1,0,0,0,0
782742930518665902,1,0,0,0,0
782742930548055602,0,0,0,1,0
782842930472211801,0,0,0,1,0
782842930523338101,0,1,0,0,0
782942928855295402,0,0,1,0,0
782942930550273902,0,0,1,0,0
783142930475311202,1,0,0,0,0
783142930524033101,0,1,0,0,0
783242930435923402,0,0,1,0,0
783442930457873101,1,0,0,0,0
783442930475894501,0,1,0,0,0
783442930534528202,0,1,0,0,0
783442930546572802,1,0,0,0,0
783742930458253801,0,0,1,0,0
783742930521498701,0,0,1,0,0
783842930548599002,0,1,0,0,0
783942930449037902,0,0,0,0,1
783942930474252402,0,0,0,1,0
783942930531632201,0,0,1,0,0
784642929501690802,0,0,1,0,0
784842930534724801,0,1,0,0,0
784842930545061101,0,0,0,0,1
784942930476591601,0,0,0,1,0
784942930529549701,1,0,0,0,0
785042930462606001,0,0,0,1,0
785242928042281901,0,1,0,0,0
785342930474536401,0,0,0,0,1
785342930523919402,0,0,1,0,0
785342930524892802,0,0,0,1,0
785542930528001701,0,0,0,0,1
785642930532277002,0,0,0,0,1
785742930184537101,0,0,0,1,0
785742930184590001,1,0,0,0,0
785842930446725402,0,0,1,0,0
785842930465005902,0,0,0,1,0
785842930519421901,0,0,0,0,1
785942930548106801,0,0,0,1,0
786042930549165502,0,0,1,0,0
786442930469601302,0,0,0,1,0
786442930542702602,1,0,0,0,0
786542930473755202,0,0,0,0,1
786542930544320802,1,0,0,0,0
786642928135690801,0,0,1,0,0
786642929800291402,0,0,1,0,0
786642930474830401,0,0,0,0,1
786742930477382902,0,0,0,1,0
787142929346398801,0,0,1,0,0
787442930518450901,0,0,0,1,0
787642930534343202,0,0,1,0,0
787742928258284701,1,0,0,0,0
787742930476743501,0,0,0,1,0
787942930463685102,0,0,1,0,0
788042929331622001,0,0,1,0,0
788042930545910402,0,0,0,1,0
788142930480566001,0,1,0,0,0
788342928988192502,0,0,0,1,0
788342930516599802,0,1,0,0,0
788542930530225502,0,0,0,1,0
788642928099739401,0,0,0,1,0
788742930545224501,1,0,0,0,0
788842930457949001,0,0,0,0,1
789142930474951301,0,0,1,0,0
789242930473443202,0,0,1,0,0
789242930510920601,0,0,0,1,0
789342928664009802,0,0,0,1,0
789342930530039601,0,0,0,1,0
789542930516170601,0,0,0,0,1
789642930521356701,0,0,0,1,0
789642930546785901,0,0,1,0,0
789842929761637902,0,1,0,0,0
791242930459821801,0,1,0,0,0
791242930473795302,0,0,0,0,1
791242930477581001,0,0,0,0,1
791442930527242601,0,0,1,0,0
791642930550280802,0,0,0,1,0
791942928759342702,0,0,0,1,0
791942929346145902,0,0,0,0,1
791942930464434002,1,0,0,0,0
791942930477646801,0,0,1,0,0
792042929389319801,1,0,0,0,0
792042930459871802,0,0,0,0,1
792142930474135901,0,0,0,1,0
792142930523805202,0,0,0,0,1
792142930540998802,0,0,0,1,0
792142930544740501,0,0,0,0,1
792642930463270101,0,0,1,0,0
792942930475742502,0,0,0,0,1
792942930527241002,0,1,0,0,0
793042930528322601,0,0,0,1,0
793142930460010501,1,0,0,0,0
793542930515407802,0,0,0,0,1
793542930531525801,1,0,0,0,0
793742930479837702,0,0,1,0,0
793742930529081301,0,0,0,0,1
793842930454257301,0,1,0,0,0
793842930479910501,0,0,0,0,1
793942930462395002,0,0,0,1,0
794242930534591401,0,0,1,0,0
794442930447904801,1,0,0,0,0
794542930101290201,0,0,1,0,0
794542930532969201,0,0,0,0,1
794642930546989801,0,0,0,1,0
794742930479829901,0,0,1,0,0
794842930529842901,0,0,0,1,0
794942930516814001,0,0,1,0,0
795142930524750802,1,0,0,0,0
795142930526088701,0,0,0,1,0
795142930532308602,0,1,0,0,0
795342930450598901,0,0,1,0,0
795442928823159701,1,0,0,0,0
795442930458219802,1,0,0,0,0
795642930464761502,0,0,0,0,1
795742927975326001,0,0,0,0,1
795942930523988901,0,0,1,0,0
796042929457044501,1,0,0,0,0
796042930525061902,0,0,1,0,0
796142930476360402,0,0,0,0,1
796242929514115302,0,0,0,0,1
796242930508282101,0,1,0,0,0
796442930519745301,0,0,0,1,0
796442930543616402,0,1,0,0,0
796542930534869402,0,0,1,0,0
796742930468079202,0,0,0,0,1
796742930548112102,0,1,0,0,0
797042930533526401,0,0,1,0,0
797242930519193302,0,0,1,0,0
797242930525539302,0,0,0,0,1
797242930530108302,1,0,0,0,0
797642930457443801,0,0,1,0,0
797742930476311902,0,0,1,0,0
797842930450324201,0,0,1,0,0
797942930460336502,0,0,1,0,0
797942930522003401,1,0,0,0,0
798142929259265402,0,0,1,0,0
798242930543941802,0,0,1,0,0
798342929194635601,0,0,0,1,0
798342930447675001,0,0,0,1,0
798342930545453401,0,0,0,1,0
798442930529701001,0,1,0,0,0
798542930460582702,0,0,0,1,0
798642930517286101,0,0,1,0,0
798742930289645702,0,0,0,0,1
798742930477310602,0,1,0,0,0
798742930519398002,0,0,1,0,0
798842930464854601,0,0,1,0,0
798842930529034001,0,0,0,0,1
798842930532926501,0,1,0,0,0
799042930536547301,1,0,0,0,0
799142930461449601,0,0,1,0,0
799142930464148602,0,0,1,0,0
799142930508440501,0,0,1,0,0
799242929055602502,0,0,0,1,0
799342930542861401,0,0,0,1,0
799442930478913201,0,0,1,0,0
799542930545858902,0,0,0,0,1
799642930466424101,0,0,0,1,0
799742930462511801,0,0,1,0,0
799942929166177302,0,0,1,0,0
801242930456743501,0,0,1,0,0
801242930508147801,1,0,0,0,0
801242930532614201,0,0,0,1,0
801342930471544502,0,0,1,0,0
801342930517927201,0,0,0,1,0
801342930543387302,0,0,1,0,0
801342930545082102,0,0,0,1,0
801442930454081002,0,0,0,1,0
801442930454206002,0,0,1,0,0
801442930461586702,0,0,1,0,0
801542930516330302,0,1,0,0,0
801742930476306102,0,0,1,0,0
801942930454879602,0,0,1,0,0
801942930517639202,0,0,0,0,1
801942930532113802,0,0,1,0,0
801942930533183301,0,0,0,0,1
802142929118570801,0,0,0,1,0
802142930472974701,0,0,1,0,0
802342930544949602,0,0,0,1,0
803342930510992002,1,0,0,0,0
803342930534987401,0,0,1,0,0
803442930521940801,0,0,0,1,0
803542930532680301,0,1,0,0,0
803742930445520301,0,0,0,0,1
803742930526737802,1,0,0,0,0
803742930547269501,0,1,0,0,0
803842930451807801,0,0,1,0,0
804042930519203602,0,0,0,1,0
804042930530337202,0,0,1,0,0
804042930536220601,0,0,0,1,0
804242930474631801,0,1,0,0,0
804242930529420801,0,0,0,0,1
804342928210622202,0,0,0,0,1
804342930476485601,0,1,0,0,0
804642930473426902,0,0,0,1,0
804642930476514001,0,0,0,0,1
804642930480351502,0,0,1,0,0
804842930456788302,0,0,1,0,0
804842930466678301,0,0,0,1,0
805042930477888801,0,0,0,0,1
805042930508791002,0,0,1,0,0
805142930461169201,0,1,0,0,0
805142930475602602,0,0,0,1,0
805142930526343601,0,0,0,1,0
805242930480563402,0,1,0,0,0
805242930516737201,0,0,0,1,0
805342928242527202,0,0,0,1,0
805342930474260902,0,0,0,1,0
805542930550087701,0,0,1,0,0
805642927975205602,0,0,1,0,0
805642930462133301,0,0,1,0,0
805642930478159602,0,0,1,0,0
805642930542344202,0,0,0,1,0
805742930458053401,0,1,0,0,0
805842930164781701,1,0,0,0,0
805842930477843401,1,0,0,0,0
805842930509185101,0,0,1,0,0
805942930516763002,0,0,1,0,0
806042930470171401,0,0,1,0,0
806042930547047701,0,0,0,1,0
806142930528568802,1,0,0,0,0
806242928025344402,1,0,0,0,0
806442930184475602,0,0,1,0,0
806442930453834601,1,0,0,0,0
806742930461542102,0,0,0,1,0
806842928042203701,0,0,1,0,0
806842930548733102,1,0,0,0,0
806942930541666101,1,0,0,0,0
807142930541357101,0,0,0,0,1
807242930524016601,0,0,1,0,0
807442930532775301,0,1,0,0,0
807642930479770802,0,0,0,0,1
807642930526525601,0,0,0,1,0
807642930529617301,0,0,1,0,0
807742930472778202,1,0,0,0,0
807842928887149302,0,0,0,0,1
807842929456879002,0,0,1,0,0
807842929494157501,0,0,1,0,0
807842929839905601,0,0,0,0,1
807842930507639202,0,0,1,0,0
807942930476863901,0,0,1,0,0
808042928311037201,0,0,0,1,0
808242930453213402,0,0,1,0,0
808242930518812602,0,0,1,0,0
808342930525211902,1,0,0,0,0
808342930526709602,0,0,1,0,0
808342930542401702,0,0,1,0,0
808542928633733802,0,0,0,0,1
808542928726620402,0,0,1,0,0
808542930524760302,1,0,0,0,0
809142930544794502,0,0,1,0,0
809242929843198402,1,0,0,0,0
809242930518498701,1,0,0,0,0
809542930479730101,0,0,0,1,0
809742930533538002,1,0,0,0,0
809942929321324301,0,0,0,0,1
809942930526801502,0,0,0,0,1
811142930462068801,0,0,0,1,0
811142930472130002,0,0,1,0,0
811142930519659602,0,0,0,0,1
811242930531975002,0,0,1,0,0
811442930463711802,1,0,0,0,0
811542930534954201,0,0,1,0,0
811642930476767801,0,1,0,0,0
811942928166711001,0,0,0,1,0
812142930460560902,0,0,1,0,0
812442930464460202,0,0,1,0,0
812442930527667102,0,0,0,1,0
812642930516099601,0,1,0,0,0
812942930462104402,0,1,0,0,0
812942930543424902,0,0,0,1,0
813042930517057001,0,0,1,0,0
813142930516301902,1,0,0,0,0
813342930538496902,0,0,0,1,0
813442930534812601,0,0,1,0,0
813742930449674101,0,1,0,0,0
813842930464787802,0,0,1,0,0
813842930525574102,0,0,1,0,0
814042930528019102,0,0,1,0,0
814242928664083701,0,0,1,0,0
814342930462456201,1,0,0,0,0
814342930476834602,0,0,0,1,0
814442930453336502,0,0,1,0,0
814742930509403102,0,0,0,0,1
814842930510356101,1,0,0,0,0
814842930515938701,0,0,1,0,0
815042930508138902,1,0,0,0,0
815042930547570001,0,0,1,0,0
815142930464010802,1,0,0,0,0
815142930534968402,0,0,1,0,0
815442930516584202,1,0,0,0,0
815442930549748702,1,0,0,0,0
815542930478218101,0,0,1,0,0
815742927979933901,0,0,1,0,0
815742930455532001,0,1,0,0,0
815742930542317802,0,0,0,1,0
815842930464087702,0,0,1,0,0
815942930474266901,0,0,0,1,0
816142930464457301,0,0,0,0,1
816242928108698401,1,0,0,0,0
816442930400204201,0,0,1,0,0
816542930516310401,0,1,0,0,0
816642930479262802,0,0,0,1,0
816742930454170502,0,0,1,0,0
816742930474717402,0,0,1,0,0
817142928663921402,0,0,0,1,0
817242928932412501,1,0,0,0,0
817242930342472002,0,0,1,0,0
817342929417378502,0,0,1,0,0
817342930517381702,0,0,0,1,0
817342930530317902,0,0,1,0,0
817442930531891001,1,0,0,0,0
817542930478283502,0,0,1,0,0
817642930474595001,0,0,1,0,0
817742928196979602,0,0,1,0,0
817742930446571202,0,0,0,1,0
817742930534934501,0,0,1,0,0
817942929493986702,0,0,1,0,0
817942929800191402,0,0,0,0,1
818142930522942502,0,0,0,0,1
818242930534831802,0,0,0,1,0
818342930518628202,0,0,1,0,0
818342930529817502,0,1,0,0,0
818342930532790801,0,0,0,1,0
818642930446433501,0,0,1,0,0
819142930541095801,1,0,0,0,0
819242930453621202,0,0,0,0,1
819242930531787001,0,0,0,1,0
819342930534641502,0,0,0,1,0
819442928030479102,1,0,0,0,0
819442930462741302,1,0,0,0,0
819542930454647602,0,0,0,0,1
819642930524373201,0,0,0,0,1
819642930550470702,0,0,0,0,1
819742930475517901,1,0,0,0,0
819742930476177601,0,0,0,0,1
821242930455582301,1,0,0,0,0
821542930460498902,1,0,0,0,0
821642930480059302,1,0,0,0,0
821942930530217601,0,0,0,1,0
821942930537341902,0,0,1,0,0
822042930543471402,0,0,1,0,0
822342930455951801,0,0,0,0,1
822442928789829102,0,0,1,0,0
822442930464350402,0,0,1,0,0
822442930533126101,0,0,1,0,0
822542930518122602,0,0,1,0,0
822542930550422301,0,0,0,1,0
822742930537489702,0,0,1,0,0
822942930517948001,0,0,1,0,0
822942930544325501,0,0,1,0,0
823142929022556501,0,0,1,0,0
823342930446736401,0,0,0,1,0
823342930466729101,0,0,1,0,0
823442930461957001,0,0,0,1,0
823542928281571202,0,0,1,0,0
823542930448997102,0,0,1,0,0
823642930519878201,0,0,0,0,1
823742930522802202,0,0,0,1,0
823842930452734401,0,0,1,0,0
824242930518683202,0,0,0,1,0
824442930516415402,0,0,1,0,0
824442930527155301,1,0,0,0,0
824542929380254101,1,0,0,0,0
824542930464352301,0,0,1,0,0
824542930550604002,0,1,0,0,0
824942930461485102,0,0,1,0,0
824942930534355601,0,0,1,0,0
825042930527969201,0,0,0,1,0
825342930517966301,0,0,1,0,0
825342930528662702,0,0,1,0,0
825442930458105101,0,0,0,0,1
825442930516566802,0,0,0,0,1
825442930525679301,0,0,1,0,0
825542930537831702,1,0,0,0,0
825642930475638602,0,0,0,0,1
825742930478649902,0,0,1,0,0
825942929761688202,0,0,0,1,0
825942930463971702,0,0,1,0,0
826142928119230302,0,0,0,0,1
826242930510359201,0,1,0,0,0
826342929021034101,0,0,0,1,0
826342930475486701,1,0,0,0,0
826442930515901101,1,0,0,0,0
826542930464180701,0,0,0,1,0
826542930469923401,1,0,0,0,0
826542930479871801,0,0,0,0,1
827042930522281002,0,0,0,0,1
827142929604523301,0,0,0,1,0
827142930530486801,0,0,0,1,0
827242928197098401,0,0,1,0,0
827442930457227302,0,0,0,0,1
827642930544739202,0,0,1,0,0
827842930517436002,0,0,1,0,0
828042930452839902,0,0,0,1,0
828242930549987701,0,0,0,1,0
828442930466467401,0,0,0,1,0
828442930476132101,0,0,0,0,1
828542930452138102,0,0,1,0,0
828542930528993801,0,0,1,0,0
828642930475053801,0,0,0,0,1
828642930480325302,0,0,0,1,0
828842930531300102,0,1,0,0,0
829042930475597601,0,0,1,0,0
829342930536253801,0,0,1,0,0
829342930545907002,1,0,0,0,0
829442930452869901,0,0,0,1,0
829442930508923701,0,0,1,0,0
829442930534169102,0,0,0,1,0
829742930529086402,0,0,1,0,0
829742930530184901,0,0,1,0,0
829842928213735102,0,0,1,0,0
831142930289817501,0,0,0,1,0
831242930453786301,0,0,1,0,0
831242930531796201,1,0,0,0,0
831542930518419202,0,0,1,0,0
832042930511109702,1,0,0,0,0
832242930474068801,0,0,0,1,0
832342930523521702,0,0,0,1,0
832442929613539201,0,0,0,1,0
832642930475823402,1,0,0,0,0
832642930520792801,0,1,0,0,0
832742930459978602,0,0,0,0,1
833042929126817802,0,0,1,0,0
833042930525249402,0,0,1,0,0
833142930542841402,0,0,0,1,0
833342930544656502,0,0,0,0,1
833442930527530001,0,1,0,0,0
833542930446907502,0,0,1,0,0
833642930474043501,0,0,1,0,0
833642930479236101,0,0,1,0,0
833742930509863801,0,0,0,0,1
833742930539239902,1,0,0,0,0
833742930547538101,0,0,1,0,0
833842930476862502,0,0,1,0,0
833942930463710902,0,0,0,1,0
834042930458153801,0,0,1,0,0
834242929800241602,0,0,0,1,0
834442927928420801,0,0,1,0,0
834442930515364402,0,0,1,0,0
834442930517835102,0,0,0,1,0
834442930525675402,0,0,0,1,0
834442930531819002,0,0,1,0,0
834742930532099001,1,0,0,0,0
834842930542858001,0,0,1,0,0
834942930526462301,0,1,0,0,0
835042930480274002,0,0,0,0,1
835242930450010401,0,0,0,0,1
835242930522282001,0,0,0,1,0
835342930450913802,0,0,0,1,0
835342930524987902,0,0,1,0,0
835342930541093701,1,0,0,0,0
835542930480626901,1,0,0,0,0
836042929800256801,0,0,1,0,0
836042930522772702,0,0,1,0,0
836042930528204101,0,0,1,0,0
836142930474183802,0,1,0,0,0
836342930524210302,0,0,1,0,0
836642930454674902,0,0,1,0,0
836642930477249101,0,0,0,0,1
836642930530434802,0,0,0,0,1
836642930545490301,0,0,1,0,0
836842928015410501,0,0,0,1,0
836842930525650601,0,0,0,0,1
837042930479968701,0,0,0,1,0
837242930518141601,0,0,1,0,0
837442930528264801,0,1,0,0,0
837442930529264402,0,0,0,1,0
837542930542795001,0,0,0,1,0
837742928967046502,0,1,0,0,0
837742930470022902,0,0,1,0,0
837942928676524701,0,0,0,0,1
837942930464892901,0,0,1,0,0
837942930529605302,0,0,1,0,0
838042928665736602,0,0,1,0,0
838142930465161002,0,0,0,0,1
838142930515602502,0,0,1,0,0
838242930470782301,0,0,1,0,0
838542930519555902,0,0,0,1,0
838642930475790101,1,0,0,0,0
838642930477805401,0,0,0,1,0
838942930465195502,0,1,0,0,0
839142930463661901,1,0,0,0,0
839242928607176801,0,0,0,0,1
839442930521478501,1,0,0,0,0
839542930008406001,0,1,0,0,0
839542930289421302,0,0,0,0,1
839542930463726301,0,0,1,0,0
839542930526547302,1,0,0,0,0
839642930467637102,0,0,1,0,0
839842930462171301,0,0,0,0,1
841342928096721201,0,1,0,0,0
841442930507801702,0,0,1,0,0
841442930526434201,0,0,0,1,0
841542930529205201,0,0,1,0,0
841642930459290601,0,0,1,0,0
841642930524385902,0,0,0,1,0
841942929428305502,0,0,1,0,0
841942930480076802,0,0,1,0,0
842042928932295402,0,0,1,0,0
842142930477007101,0,0,1,0,0
842142930521528501,0,0,0,1,0
842142930548550901,1,0,0,0,0
842242930533564601,0,1,0,0,0
842342930459389101,1,0,0,0,0
842442930479262601,1,0,0,0,0
842542930543771002,0,0,0,1,0
842642929946490901,0,0,0,1,0
842642930459093802,0,0,0,1,0
842742930518445901,1,0,0,0,0
842742930545257801,0,0,0,1,0
842842930548514102,0,0,0,0,1
842942930546835001,0,0,1,0,0
843042930523606401,0,0,0,1,0
843142930469340002,1,0,0,0,0
843242930459766502,0,0,0,1,0
843242930476303802,1,0,0,0,0
843342930541339502,0,0,0,1,0
843642930529697002,0,0,0,0,1
843842930515847702,0,0,1,0,0
843942930509736802,0,0,1,0,0
844142930547098901,1,0,0,0,0
844542930527015502,0,0,0,1,0
844842930546514402,0,1,0,0,0
844942928645857101,0,0,0,0,1
845142930520139101,1,0,0,0,0
845142930544417302,0,0,0,0,1
845342930460613302,0,0,0,1,0
845442929613374502,0,0,0,1,0
845542930480631502,0,0,0,1,0
845542930518553602,0,0,0,0,1
845542930524548902,0,0,0,1,0
845542930534184502,0,0,1,0,0
845642930546189602,0,0,0,0,1
845842930543021502,0,0,1,0,0
845942930457810901,1,0,0,0,0
845942930464815502,0,0,1,0,0
845942930476179902,0,0,1,0,0
846042930508914502,0,0,1,0,0
846042930519367002,0,0,1,0,0
846142930457038902,0,0,0,0,1
846142930469593202,0,0,0,0,1
846242930519827402,0,0,1,0,0
846342930455537002,0,0,0,0,1
846442930470857401,0,0,0,1,0
846442930475489401,0,0,1,0,0
846942930475716502,0,1,0,0,0
847042930473780002,1,0,0,0,0
847142930522181302,0,0,1,0,0
847142930526473901,0,0,1,0,0
847242930461347501,0,0,0,0,1
847342928979715101,0,0,0,0,1
847342930454310101,0,0,0,1,0
847342930461386002,0,0,1,0,0
847642930531798302,0,0,1,0,0
847642930532420301,0,0,1,0,0
847642930549235901,0,0,0,0,1
847742930520009601,0,0,0,0,1
847842930548089302,0,0,0,1,0
847942930474001102,1,0,0,0,0
847942930550687401,0,0,1,0,0
848142930518599101,0,0,1,0,0
848142930546877402,0,0,1,0,0
848542929272107001,0,0,0,1,0
848642930474098702,0,0,0,1,0
848642930515458801,0,0,1,0,0
848742930474465301,0,0,0,1,0
848742930527002601,1,0,0,0,0
848842929417283102,0,0,1,0,0
848842930453571002,0,0,1,0,0
848842930523664101,0,0,0,1,0
849142930453075102,0,0,1,0,0
849342930509788702,0,0,0,0,1
849342930543236502,0,0,0,1,0
849442930515789602,0,0,1,0,0
849442930516675901,0,0,0,1,0
849442930530919102,0,0,0,1,0
849542930508064101,0,0,0,0,1
849542930508937701,0,0,0,0,1
849642928281688101,1,0,0,0,0
849642930510091802,0,0,1,0,0
849742928232592202,1,0,0,0,0
849742930465173101,0,0,1,0,0
849942930541466401,0,0,0,1,0
851142930456979301,0,0,1,0,0
851142930516500302,0,0,1,0,0
851242930464994401,0,0,0,1,0
851342930532811802,0,0,1,0,0
851342930533843601,0,0,0,0,1
851442928197867501,0,0,0,0,1
851442930517556402,0,0,0,1,0
851442930541819701,1,0,0,0,0
851542930473554901,0,0,0,1,0
851542930479652201,0,0,0,0,1
851642929800393702,0,0,1,0,0
851842930548226801,0,0,0,1,0
851942928168167902,0,0,0,1,0
851942930524132701,0,1,0,0,0
852042930451607302,1,0,0,0,0
852042930472169702,0,0,1,0,0
852042930473437401,0,0,1,0,0
852042930475570301,0,0,0,1,0
852242930460969701,0,1,0,0,0
852342929373045201,0,1,0,0,0
852542930473401302,0,0,1,0,0
852542930524117702,0,0,0,0,1
852642930524078902,1,0,0,0,0
852742930511203801,0,0,1,0,0
852842930459571501,0,0,0,1,0
852842930525394302,0,0,1,0,0
852942930473536101,0,1,0,0,0
852942930478392801,0,0,0,1,0
852942930509739101,0,0,1,0,0
852942930530305401,0,0,1,0,0
853042930509911702,0,1,0,0,0
853342930477740601,0,0,1,0,0
853342930477883601,0,0,0,1,0
853442930200179101,0,0,1,0,0
853442930517536102,0,0,0,1,0
853442930544397802,0,0,0,1,0
853442930546952402,0,1,0,0,0
853542930075840502,0,0,0,1,0
853642930526406301,0,0,0,0,1
853842928633866502,0,0,1,0,0
853842930523791502,0,0,1,0,0
854042930477061502,0,0,0,1,0
854042930520187702,0,0,0,1,0
854242930547722102,0,1,0,0,0
854442930534463402,0,1,0,0,0
854642928000561902,0,0,1,0,0
854742930470528401,0,0,0,0,1
854742930534326101,1,0,0,0,0
854742930541679401,0,0,1,0,0
854742930547269101,1,0,0,0,0
855042930479722302,1,0,0,0,0
855142930531636301,0,0,1,0,0
855442930454874201,0,0,1,0,0
855742929922100201,0,0,0,1,0
855842930526750501,1,0,0,0,0
856242927949032701,0,0,1,0,0
856442930545553601,1,0,0,0,0
856542930530007901,0,0,1,0,0
856642930519891202,0,0,1,0,0
856742930458761302,0,0,0,1,0
856742930465409602,0,0,1,0,0
857242930476276902,0,0,1,0,0
857242930508670402,0,0,0,1,0
857242930524371102,0,0,1,0,0
857442930518866601,1,0,0,0,0
857542930465260501,0,0,1,0,0
857742930525646702,0,1,0,0,0
857742930530769201,1,0,0,0,0
857842930460536701,0,0,1,0,0
858042929155550101,0,0,1,0,0
858042930462066802,1,0,0,0,0
858342930463483402,1,0,0,0,0
858342930472058502,1,0,0,0,0
858542930464169701,0,0,1,0,0
858542930468014502,1,0,0,0,0
858642929649204902,0,0,0,1,0
858742929303831001,1,0,0,0,0
858742929493932302,0,0,1,0,0
858742930449379501,0,0,0,1,0
858842930455930602,0,0,1,0,0
858842930477463802,0,0,1,0,0
858842930522413401,0,0,1,0,0
859042930546815401,0,0,1,0,0
859142930456578101,1,0,0,0,0
859142930459286302,0,0,1,0,0
859342930455322901,0,1,0,0,0
859442930540607101,0,0,1,0,0
859642930457644301,0,0,1,0,0
861342930509458601,0,0,1,0,0
861342930510892602,0,0,0,0,1
861642930478205701,0,1,0,0,0
861942928636897801,0,0,0,0,1
862242930534647301,0,0,1,0,0
862242930535062302,1,0,0,0,0
862342930473319301,0,0,0,1,0
862542930542401601,0,0,0,1,0
862642930449976702,0,0,0,1,0
862742930526496102,0,0,0,1,0
863042930476428201,0,0,0,0,1
863242930524324202,0,0,1,0,0
863242930531653402,0,0,0,1,0
863742930468804801,0,0,0,1,0
864042930479321901,0,0,1,0,0
864242930548351701,0,0,1,0,0
864342930509826301,0,1,0,0,0
864342930530677902,0,0,0,0,1
864542930477405101,0,0,1,0,0
864842930448018302,0,0,1,0,0
864942930448335102,1,0,0,0,0
865242930471612302,1,0,0,0,0
865342930446606702,0,0,1,0,0
865342930530172102,0,1,0,0,0
865542930459456602,0,0,1,0,0
865742930528998502,0,1,0,0,0
865942930463814801,0,0,0,1,0
865942930470030902,0,0,0,0,1
866042927917644201,0,0,0,1,0
866042928912051802,0,0,1,0,0
866042930464056401,0,0,1,0,0
866042930532465602,0,0,1,0,0
866242930525769601,0,0,1,0,0
866442929761753701,0,1,0,0,0
866442930517624802,0,1,0,0,0
866442930545178801,0,0,0,1,0
866542930528633702,0,0,1,0,0
866642930533055601,0,0,1,0,0
867142930454378502,0,1,0,0,0
867142930510401702,1,0,0,0,0
867142930546069701,1,0,0,0,0
867342928255449102,0,0,1,0,0
867342930518913702,0,0,1,0,0
867342930524194302,0,0,1,0,0
867342930538873202,0,1,0,0,0
867542930474478802,1,0,0,0,0
867642930516478102,0,0,1,0,0
867642930541363401,1,0,0,0,0
867842930461437102,0,0,1,0,0
867942930533916401,0,0,0,0,1
868042930470817501,1,0,0,0,0
868242930531074002,0,0,0,1,0
868342930477434601,1,0,0,0,0
868442930461389001,1,0,0,0,0
868542930547589402,0,0,0,1,0
868642930515771301,0,0,1,0,0
868842930528247102,0,0,1,0,0
868942930452894801,0,0,1,0,0
868942930460670501,0,0,1,0,0
869542930478570501,1,0,0,0,0
869542930509071702,0,0,1,0,0
869542930530863101,0,0,1,0,0
869542930542513401,0,0,0,1,0
869642930468064501,0,0,0,1,0
869642930541881202,0,0,1,0,0
869642930544401701,0,0,1,0,0
869742930542034002,0,0,0,1,0
869842930517944101,1,0,0,0,0
869942930464423201,1,0,0,0,0
869942930529109802,0,0,1,0,0
869942930543346502,0,0,0,1,0
871142930450013702,0,0,1,0,0
871142930480719401,0,0,1,0,0
871242930523367401,0,0,1,0,0
871342930521539001,0,0,0,1,0
871342930525209801,0,0,0,1,0
871342930534708502,0,0,1,0,0
871442930450821301,0,0,0,0,1
871542929309376301,1,0,0,0,0
871542930475100402,0,0,1,0,0
871842930471544702,0,0,1,0,0
871842930473777201,0,0,0,1,0
871842930477164102,0,0,1,0,0
871842930546587302,0,0,1,0,0
871942930522152902,0,0,1,0,0
872042930531248002,0,1,0,0,0
872142928191352102,1,0,0,0,0
872142930517248702,0,0,1,0,0
872142930525374001,0,1,0,0,0
872242930535099602,0,0,1,0,0
872542930526772802,0,0,0,0,1
872642930471804901,0,0,0,1,0
872842930463802702,0,0,1,0,0
872942930518030701,0,0,1,0,0
873042930475504502,0,0,0,0,1
873142929400229701,0,0,1,0,0
873142930528481601,0,0,0,1,0
873442930525416502,1,0,0,0,0
873442930531294301,0,0,1,0,0
873542930530923201,0,0,0,0,1
873842930463851302,0,0,0,1,0
873942930478273401,0,0,0,1,0
873942930524006502,0,0,1,0,0
873942930524909502,0,0,1,0,0
873942930528998602,0,0,1,0,0
874042930452220201,0,0,1,0,0
874042930472430802,1,0,0,0,0
874042930508878001,0,0,0,1,0
874142930549247501,0,0,0,1,0
874242930457617401,0,0,1,0,0
874242930461871701,0,0,1,0,0
874242930524490802,0,0,0,0,1
874542930051179802,0,0,0,1,0
874642930467125901,1,0,0,0,0
874642930524115201,0,0,0,1,0
874842928176254401,0,0,1,0,0
874842930456115302,0,1,0,0,0
874842930531525802,0,0,1,0,0
875142928823088002,1,0,0,0,0
875142930518232402,0,0,0,1,0
875242929166244901,0,0,1,0,0
875242930265176101,0,0,1,0,0
875442930534879301,0,0,1,0,0
875542930476089902,0,0,0,0,1
875642930535245501,1,0,0,0,0
875942930532537202,0,0,1,0,0
876042930516405702,0,0,1,0,0
876142930516358702,0,1,0,0,0
876142930520974101,1,0,0,0,0
876142930526299101,0,0,1,0,0
876242930517852801,0,0,0,0,1
876242930524959801,0,0,0,0,1
876342929194683901,0,1,0,0,0
876342930533438402,0,0,0,1,0
876642928623805201,1,0,0,0,0
876642930527818202,0,0,1,0,0
876642930532431701,0,0,0,1,0
876942930455630201,1,0,0,0,0
876942930476500202,0,0,0,1,0
877042930520595202,0,1,0,0,0
877242930452789102,0,0,1,0,0
877342930533611101,0,0,0,0,1
877442930517084701,0,0,1,0,0
877442930517549801,0,0,1,0,0
877442930541810301,1,0,0,0,0
877642930474762901,0,0,1,0,0
877642930509111001,0,0,1,0,0
877642930536051902,0,0,0,0,1
877842930530796501,0,0,1,0,0
877942930509116701,1,0,0,0,0
878042930550394601,0,0,0,0,1
878142930522432301,0,0,0,1,0
878242930289535201,0,0,1,0,0
878342930534037002,0,0,0,1,0
878442930457568501,0,0,0,1,0
878442930464591201,0,0,1,0,0
878542930093539401,0,0,1,0,0
878642930453062702,0,1,0,0,0
878642930472689301,0,0,1,0,0
878642930541630601,0,0,1,0,0
878742929309357202,0,0,1,0,0
878742930447545202,1,0,0,0,0
878742930461545401,0,0,0,0,1
878842930547963502,0,0,1,0,0
878942930477741302,0,0,1,0,0
879142929012644202,0,0,0,1,0
879142929861272302,0,0,0,1,0
879142930545722802,0,0,0,0,1
879242930473936201,0,0,1,0,0
879242930525474302,1,0,0,0,0
879342930550665702,0,1,0,0,0
879542930447227302,0,0,0,1,0
879542930471811501,0,0,0,1,0
879542930542044901,0,0,0,1,0
879742930524472601,0,0,1,0,0
879742930530521802,0,0,1,0,0
879842930460504202,1,0,0,0,0
879942930446940201,1,0,0,0,0
879942930459835002,0,0,0,1,0
881242930450290802,0,0,0,1,0
881342930524302201,0,1,0,0,0
881342930534866401,1,0,0,0,0
881442930538844801,0,0,1,0,0
881542930448893901,0,0,0,0,1
881542930537459101,0,0,0,1,0
881642930453490402,1,0,0,0,0
881842930548693302,0,0,0,1,0
881942930458473002,0,0,1,0,0
882042930451587001,0,0,1,0,0
882042930460138902,1,0,0,0,0
882042930518036902,1,0,0,0,0
882242927979733302,0,0,0,1,0
882342930532789302,0,1,0,0,0
882442930534443801,1,0,0,0,0
882742928832350602,1,0,0,0,0
882742930474333401,0,0,1,0,0
882742930476653301,0,0,0,1,0
882742930480113002,0,0,0,1,0
882842930517036602,0,0,1,0,0
882842930530281801,0,0,1,0,0
882942930528952802,0,0,1,0,0
883042927979653202,1,0,0,0,0
883042930464210701,1,0,0,0,0
883042930533976102,0,0,0,0,1
883142928108880501,0,0,1,0,0
883142930540240101,0,0,1,0,0
883342928845045702,0,0,0,0,1
883342930516084201,0,0,1,0,0
883342930522943101,0,0,0,1,0
883542930509244801,0,0,1,0,0
883842928634028901,0,0,1,0,0
883842930530746501,0,0,0,1,0
883942930520327901,0,0,1,0,0
884242930530802101,0,0,1,0,0
884442928697249802,1,0,0,0,0
884542930508371602,0,0,0,1,0
884642930472927902,0,0,0,1,0
884642930550779101,0,0,1,0,0
884742930528071801,0,0,0,1,0
884842930528175701,0,1,0,0,0
884942928726710702,0,0,1,0,0
885042930464006301,0,0,0,1,0
885142930477436202,1,0,0,0,0
885242930520068101,0,1,0,0,0
885442929543839302,0,1,0,0,0
885642930511258901,0,0,0,1,0
885742929613518902,0,0,1,0,0
885942928726169702,0,0,1,0,0
885942930450228701,0,1,0,0,0
885942930460737202,1,0,0,0,0
886142930477536701,0,0,1,0,0
886242930534854202,0,1,0,0,0
886242930541392601,0,0,0,1,0
886342930547993002,1,0,0,0,0
886442930461291402,0,0,0,1,0
886442930479641201,0,0,0,0,1
886442930526393201,1,0,0,0,0
886542930453863001,0,0,0,1,0
886742930453000701,0,0,0,1,0
886742930479942201,0,0,1,0,0
886742930509750502,1,0,0,0,0
886742930516418501,1,0,0,0,0
886942930525439601,0,0,1,0,0
887042930519802501,0,0,1,0,0
887142927963846701,0,0,0,0,1
887342930475309002,0,0,1,0,0
887542930532755102,1,0,0,0,0
887642930460145701,0,0,1,0,0
887842930519240601,0,0,1,0,0
887842930521675302,0,0,0,0,1
887842930524419802,0,0,1,0,0
887942930461968101,0,1,0,0,0
888042930480079302,0,0,0,0,1
888142930464421702,0,0,0,0,1
888442930544244301,0,0,0,1,0
888542928602970201,0,1,0,0,0
888542929372994801,0,0,1,0,0
888742930460589802,0,0,1,0,0
888742930515417702,1,0,0,0,0
888842930523174002,1,0,0,0,0
888842930525252101,1,0,0,0,0
888842930534199202,0,0,1,0,0
888942930456231601,0,0,1,0,0
889142930540539802,0,0,0,1,0
889342930468765601,0,0,0,1,0
889342930477304901,0,0,0,1,0
889742930527794902,0,0,1,0,0
889742930538694302,0,0,1,0,0
891142929197828702,0,0,0,1,0
891142930524308901,1,0,0,0,0
891142930524983002,1,0,0,0,0
891142930526397302,0,0,0,0,1
891142930533040802,0,0,0,1,0
891242930480126701,1,0,0,0,0
891342930518678402,0,0,1,0,0
891442930474265002,0,0,1,0,0
891442930519394501,0,0,0,0,1
891642928099619102,0,0,1,0,0
891642930545936502,0,0,1,0,0
891742930542655002,0,1,0,0,0
891842930529493501,0,1,0,0,0
891842930536029501,0,0,1,0,0
891942928074491401,0,0,1,0,0
891942930534585101,0,0,1,0,0
892342930479133402,0,0,0,1,0
892442930459069701,1,0,0,0,0
892442930528126802,0,0,1,0,0
892442930545085002,0,0,0,0,1
892742930547903302,0,1,0,0,0
893142927975166402,0,0,1,0,0
893142930455255102,0,0,0,1,0
893342930528780001,0,0,0,1,0
893442930545531201,0,0,1,0,0
893642928077920702,0,0,0,1,0
893642929424116302,0,0,0,1,0
893742930463306101,1,0,0,0,0
893842930527186101,0,0,1,0,0
894042930477690402,0,0,1,0,0
894342930184380301,0,0,0,0,1
894442930463609702,0,0,1,0,0
894742930518898001,0,1,0,0,0
894742930521856602,0,0,0,1,0
894942928210492902,1,0,0,0,0
895042930546773801,0,0,1,0,0
895342927982896301,0,0,1,0,0
895542930447808001,1,0,0,0,0
895742930457228602,0,0,0,1,0
895742930530491102,0,0,1,0,0
896042930535044301,0,0,1,0,0
896142930453359302,0,0,0,0,1
896242930449464402,0,0,1,0,0
896242930528754401,0,0,0,0,1
896242930539614902,0,0,1,0,0
896342930538899601,0,0,0,0,1
896342930546451101,0,0,1,0,0
896442930459265001,1,0,0,0,0
896542928119391301,0,0,0,1,0
896642930521106401,0,0,0,0,1
896742927944985902,0,0,1,0,0
896842930460665702,0,0,0,0,1
896842930522097502,0,0,1,0,0
896842930529787402,1,0,0,0,0
897042930455342701,0,0,1,0,0
897042930460206502,0,0,0,1,0
897242930545432902,0,0,1,0,0
897242930547626402,1,0,0,0,0
897642930523595201,0,0,0,0,1
897842930459772701,0,0,1,0,0
897942929946658301,0,0,1,0,0
897942930478722601,0,1,0,0,0
898142930472063702,1,0,0,0,0
898242929118597101,0,0,1,0,0
898542930460696001,0,0,1,0,0
898642928878430201,1,0,0,0,0
898642929269102702,0,0,1,0,0
898642930457963402,1,0,0,0,0
898642930464550601,0,0,1,0,0
898642930515610702,0,0,0,0,1
898642930525899401,0,0,0,0,1
898642930526253401,0,1,0,0,0
898742930527914001,1,0,0,0,0
898942930534781701,1,0,0,0,0
899142930458916502,0,0,1,0,0
899142930520949702,0,1,0,0,0
899442930477602002,1,0,0,0,0
899542930479072802,0,0,0,1,0
899542930518010302,0,0,0,1,0
899542930529210902,0,0,1,0,0
899642929259359502,0,0,1,0,0
899642930538859901,0,0,1,0,0
899742929012951802,0,0,0,0,1
899742930519645701,0,0,0,0,1
901242928823042002,0,0,1,0,0
901242930509448502,0,1,0,0,0
901342930543043201,0,0,1,0,0
901442928087989501,1,0,0,0,0
901542930540856402,1,0,0,0,0
901742930453905802,1,0,0,0,0
901842930462787701,0,0,1,0,0
901942928175981702,1,0,0,0,0
902042930476478901,0,0,1,0,0
902442930542582601,1,0,0,0,0
902542930463173102,0,0,1,0,0
902642930517698402,0,0,1,0,0
902742928109525001,0,0,0,0,1
902742930453899501,0,1,0,0,0
902742930519255402,0,0,0,1,0
902842930524465902,0,0,1,0,0
903142930518312801,0,0,1,0,0
903142930518862702,0,0,1,0,0
903342930466703601,0,0,0,1,0
903442930527707601,1,0,0,0,0
903542930447094901,0,0,1,0,0
903742929488676902,0,0,1,0,0
903842930509351502,0,0,1,0,0
903942930475834401,0,0,1,0,0
904042929922159801,0,0,1,0,0
904042930465200202,0,0,1,0,0
904042930548901001,1,0,0,0,0
904142929735970401,1,0,0,0,0
904142930515785701,0,0,1,0,0
904342930466563902,0,0,1,0,0
904642930462924201,0,0,0,1,0
904642930524324701,0,0,1,0,0
904642930526554502,0,0,1,0,0
904742930459111701,0,1,0,0,0
904742930527109901,0,0,0,0,1
905042930460852201,0,0,0,1,0
905142930446820001,0,0,1,0,0
905242930463572302,1,0,0,0,0
905342930475284702,0,0,1,0,0
905342930518946001,0,0,1,0,0
905542930510527201,0,1,0,0,0
906042928191142702,0,0,0,0,1
906142930464080001,0,0,1,0,0
906142930467844802,0,0,0,0,1
906142930530048102,0,1,0,0,0
906142930545816502,0,0,0,1,0
906242930524307702,0,1,0,0,0
906342930525706801,0,0,1,0,0
906442930220683002,1,0,0,0,0
906442930517855702,0,0,1,0,0
906542930532165101,0,0,1,0,0
906642930533847202,0,0,1,0,0
906642930543050002,0,0,1,0,0
906742930466029301,0,0,1,0,0
906742930543871702,0,0,1,0,0
906842930453354501,1,0,0,0,0
906942930459183502,0,0,1,0,0
907042930546299502,1,0,0,0,0
907142930530076001,0,0,1,0,0
907442930509708802,0,0,0,0,1
907542930479797202,0,0,0,1,0
907542930542775001,0,0,1,0,0
907842929230221302,0,0,1,0,0
907942930456347202,0,0,0,1,0
908142930480102102,0,0,1,0,0
908142930527591102,0,0,1,0,0
908342930476180501,0,0,0,0,1
908342930535016301,0,0,0,1,0
908442930453832802,0,0,0,0,1
908642930541948102,0,0,1,0,0
908742930473883801,0,0,1,0,0
908942930479161202,0,0,0,1,0
909342930456023901,1,0,0,0,0
909342930459358202,0,0,0,1,0
909742930342632902,0,0,0,1,0
909942930476421402,0,0,0,1,0
911142930462634802,0,0,1,0,0
911242929047773602,0,0,0,0,1
911242930462622402,0,0,1,0,0
911342930462867102,0,0,1,0,0
911342930475753101,0,0,0,1,0
911342930517880701,1,0,0,0,0
911442930448484202,0,0,0,0,1
911442930460199502,0,1,0,0,0
911442930475919801,0,0,1,0,0
911542930517724801,0,1,0,0,0
911642930475045702,0,0,1,0,0
911742928832515201,0,1,0,0,0
911742930457471501,1,0,0,0,0
911842930461864202,0,1,0,0,0
911942930472953102,0,0,0,0,1
911942930516869201,0,0,1,0,0
912142928726384801,0,0,0,0,1
912242930548239401,0,0,0,1,0
912342930525341802,1,0,0,0,0
912442929400197302,0,0,0,0,1
912542929861386501,0,0,0,0,1
912542930515904602,0,0,1,0,0
912742930455090201,0,0,0,1,0
912742930532192501,0,0,1,0,0
913042930509519302,0,0,0,1,0
913142929197853301,1,0,0,0,0
913142930480500101,0,0,1,0,0
913442930530963902,1,0,0,0,0
913642930448600901,0,0,1,0,0
913842930478057302,1,0,0,0,0
914142930517074001,1,0,0,0,0
914242930473594801,0,0,1,0,0
914542930547475602,0,1,0,0,0
914642930227350201,0,0,1,0,0
914642930476804802,0,0,0,0,1
914742930547647501,0,1,0,0,0
914842930520222101,0,0,1,0,0
915042930475554401,0,0,0,1,0
915142930544348802,1,0,0,0,0
915242928305203602,0,0,0,1,0
915242930480492201,0,0,1,0,0
915242930508811001,0,0,1,0,0
915242930509816702,0,0,1,0,0
915442929269199002,0,0,1,0,0
915542930465206901,0,0,0,1,0
915542930529604401,1,0,0,0,0
915642927968928601,1,0,0,0,0
915942930477582201,0,0,1,0,0
916042928932341102,0,0,1,0,0
916142930544186502,0,0,0,0,1
916442930465386302,0,0,1,0,0
916442930477521901,0,0,0,1,0
916442930519516402,0,0,0,1,0
916442930531058302,1,0,0,0,0
916542930458707102,0,0,0,1,0
916942930453882902,0,0,0,0,1
916942930466486402,0,0,1,0,0
917142930472598802,0,0,1,0,0
917142930530393302,0,1,0,0,0
917342928932595901,0,0,1,0,0
917342930463979101,0,0,1,0,0
917642930465328001,0,0,0,1,0
917842930548096601,0,0,1,0,0
918142929012861401,0,0,1,0,0
918142930253656501,0,1,0,0,0
918242930474581902,0,0,1,0,0
918342927979693102,0,0,1,0,0
918342930454501102,0,0,0,1,0
918342930520974002,0,0,1,0,0
918442930455977001,0,0,1,0,0
918542929467168701,0,0,1,0,0
918542930475106301,0,0,1,0,0
918542930542991502,0,0,0,0,1
918642929197993601,1,0,0,0,0
918642930549125002,0,0,1,0,0
918642930550643602,0,0,0,1,0
918742930460371302,0,0,1,0,0
918742930508026202,0,0,1,0,0
918742930531152201,0,0,1,0,0
918942930478364602,0,0,1,0,0
919042930469010301,0,0,1,0,0
919242930520752401,0,0,1,0,0
919242930531509301,0,0,1,0,0
919442930472211202,1,0,0,0,0
919442930509887001,0,0,0,1,0
919642928043962401,1,0,0,0,0
921142929091778602,0,0,1,0,0
921142929389126502,0,0,1,0,0
921242930458500401,1,0,0,0,0
921242930530092101,0,0,0,1,0
921642928078039601,0,0,0,1,0
921642930446965202,0,0,1,0,0
921642930450707002,0,0,0,1,0
921642930518061601,0,0,1,0,0
921642930540510502,0,1,0,0,0
921742930454453502,0,0,1,0,0
921742930463066401,0,0,1,0,0
921742930540525702,0,0,1,0,0
921842930461837502,0,0,0,1,0
921842930472659001,0,0,1,0,0
921942930550317201,0,1,0,0,0
922142929348263902,1,0,0,0,0
922142930517340901,0,0,0,1,0
922142930526841101,0,0,1,0,0
922342930469190301,1,0,0,0,0
922442930460481302,0,0,1,0,0
922642930534558601,0,0,1,0,0
922842930454476201,0,0,1,0,0
923342930520845202,1,0,0,0,0
923542930532841602,0,0,0,1,0
923642929013263801,0,0,0,1,0
923642929649319001,0,1,0,0,0
923642930464565102,1,0,0,0,0
923742930532311502,1,0,0,0,0
923742930549712601,0,1,0,0,0
924042930457907601,0,0,1,0,0
924042930534125702,0,0,0,1,0
924042930545163801,0,0,0,0,1
924142930176829802,1,0,0,0,0
924442930537866702,0,0,0,0,1
924742930448499801,0,0,0,0,1
924842930521817802,0,0,0,0,1
925142930462707702,0,0,0,1,0
925142930521019702,0,0,0,1,0
925142930525855502,1,0,0,0,0
925242930472946001,0,0,1,0,0
925342930480199601,0,0,1,0,0
925442930508489802,0,0,0,1,0
925542930447262202,0,0,1,0,0
925542930462223801,0,0,1,0,0
925542930542927902,0,0,0,0,1
925642930507931001,0,0,1,0,0
925642930529789801,0,0,1,0,0
925742930478150301,1,0,0,0,0
926142928130770801,0,0,0,1,0
926142929531151402,0,0,0,0,1
926142930519148602,0,1,0,0,0
926142930521247202,0,1,0,0,0
926242930469504601,0,0,0,1,0
926242930478959302,0,0,0,1,0
926342930528966201,1,0,0,0,0
926542930526227901,1,0,0,0,0
926642929118794501,0,0,1,0,0
926642930455989802,0,0,1,0,0
926842928979692001,1,0,0,0,0
926842930544877601,0,0,1,0,0
926942930478740102,0,0,1,0,0
927042930528664701,0,0,1,0,0
927142930480317501,0,0,1,0,0
927142930546284601,0,0,1,0,0
927242930159107402,0,1,0,0,0
927342928726214702,1,0,0,0,0
927342930526498301,0,0,0,1,0
927342930534838401,0,0,1,0,0
927442930542870102,0,0,0,0,1
927542930445557601,0,0,1,0,0
927642930476937502,0,1,0,0,0
927742930528484302,0,0,0,1,0
927742930541695301,0,0,1,0,0
927842930453178501,0,0,1,0,0
927842930459752401,1,0,0,0,0
927942930457708901,0,0,0,1,0
928142930460844002,0,1,0,0,0
928242928932525602,1,0,0,0,0
928242930479349501,0,0,1,0,0
928642928932432602,0,0,0,1,0
928742929613586801,0,0,0,0,1
928742930455807701,0,0,0,1,0
928842930532139901,0,0,0,0,1
928942930531496402,0,0,1,0,0
929042929321017602,0,0,0,0,1
929042930543566302,0,0,1,0,0
929242930464682202,0,0,0,1,0
929242930542184601,1,0,0,0,0
929342930454829702,0,1,0,0,0
929342930526001302,0,1,0,0,0
929542930516026601,0,0,0,1,0
929542930534858701,0,0,1,0,0
929642929389152602,0,0,1,0,0
929642930525318801,0,0,0,1,0
929642930528741302,0,0,0,1,0
929742930465057902,0,0,0,1,0
929842930458129101,0,0,0,0,1
931242930476050402,0,0,1,0,0
931442930515638602,0,0,0,0,1
931742930463661702,0,0,0,1,0
931842930528286902,1,0,0,0,0
931942928791257601,0,0,1,0,0
932042927963688202,0,0,0,1,0
932042930457131901,0,0,0,1,0
932042930480780201,0,1,0,0,0
932342930459475501,0,0,0,0,1
932442928716053102,0,0,0,0,1
932542928932360901,1,0,0,0,0
932542930527348602,0,1,0,0,0
932642930454303502,0,0,1,0,0
932742930455556601,0,0,0,0,1
932742930519252302,1,0,0,0,0
932942930550179502,0,0,1,0,0
933042928956248401,0,0,1,0,0
933042930457014801,0,0,1,0,0
933142930540993801,1,0,0,0,0
933242930449161502,0,0,1,0,0
933242930537963601,1,0,0,0,0
933342930525591301,0,0,1,0,0
933342930527377502,1,0,0,0,0
933442930530951801,0,0,1,0,0
933542929696803401,0,0,0,1,0
933642930454959501,0,0,1,0,0
933742930472953802,1,0,0,0,0
933742930528937901,0,0,0,1,0
933742930538047201,0,1,0,0,0
933842930474197002,0,0,0,1,0
933842930518159301,0,0,0,1,0
933842930524928301,0,0,0,1,0
933942929839568101,0,0,0,1,0
933942930509091501,0,0,1,0,0
934142930518525302,0,0,1,0,0
934142930530981902,1,0,0,0,0
934342930531028502,0,0,1,0,0
934542929155433302,0,0,1,0,0
934542930517681201,0,0,1,0,0
934642930477461301,1,0,0,0,0
935142930463786502,0,0,1,0,0
935142930541222702,0,0,0,1,0
935242930460078602,0,0,1,0,0
935342927959101101,0,0,1,0,0
935442928592643802,1,0,0,0,0
935642930452402301,0,0,1,0,0
935642930515567401,0,0,0,1,0
935742930520382601,0,0,1,0,0
935742930541781601,0,0,0,1,0
935842928811545302,0,0,0,1,0
935842930460463801,1,0,0,0,0
935842930534066701,1,0,0,0,0
935942929514180801,0,0,0,1,0
936042930546719001,0,0,0,1,0
936142930476343402,0,0,0,1,0
936342930527599201,0,0,0,0,1
936442930525946601,0,0,1,0,0
936542930457068901,1,0,0,0,0
936642930544230002,0,0,1,0,0
936842930526253202,0,0,1,0,0
936942930523966801,1,0,0,0,0
937042930527302401,1,0,0,0,0
937142930544141601,0,0,1,0,0
937342929197877702,0,0,0,1,0
937342930480526801,0,0,1,0,0
937442928855459801,0,0,0,1,0
937442930453112102,1,0,0,0,0
937442930475637001,0,0,1,0,0
937442930516024602,0,0,0,1,0
937442930542739702,0,0,1,0,0
937542930526897101,0,0,1,0,0
937542930526985101,0,1,0,0,0
937642930454191101,0,0,1,0,0
937642930473170801,1,0,0,0,0
937742928592898001,1,0,0,0,0
937842930459924202,0,0,1,0,0
937842930461638902,0,0,1,0,0
938142930515723001,0,0,1,0,0
938142930526940802,0,0,0,1,0
938242928197772002,0,1,0,0,0
938342929816265001,0,0,0,0,1
938442930454105402,0,0,1,0,0
938542930462120901,0,0,1,0,0
938742930518999702,0,0,1,0,0
938842930474976401,1,0,0,0,0
938842930543152902,0,0,0,1,0
939042930548332801,0,0,1,0,0
939242930446771801,0,0,0,1,0
939242930479992301,1,0,0,0,0
939242930509041702,1,0,0,0,0
939242930548211701,0,0,1,0,0
939242930548652701,0,0,0,1,0
939342929765966202,0,0,0,0,1
939342930473934202,0,0,0,0,1
939342930523241902,0,1,0,0,0
939442930452957201,0,0,0,0,1
939442930528608801,0,0,1,0,0
939542930451272102,1,0,0,0,0
939642930451471602,0,1,0,0,0
939842929704106701,0,0,0,1,0
939842930507810401,0,0,1,0,0
939842930517522401,0,0,0,0,1
939942930476165701,0,0,1,0,0
939942930542289402,0,0,0,0,1
941142930534431501,0,0,0,0,1
941142930545872602,1,0,0,0,0
941142930548990301,0,0,0,1,0
941242930474424202,1,0,0,0,0
941342930461458301,0,0,1,0,0
941442930479692801,0,1,0,0,0
941542928255482301,0,0,1,0,0
941542930462060502,0,0,0,1,0
941542930470118401,0,0,0,1,0
941542930529255201,1,0,0,0,0
941942927910731901,0,0,1,0,0
941942930461589102,0,0,1,0,0
942042930032274901,0,0,1,0,0
942142930447592902,0,0,1,0,0
942342930518833601,0,0,1,0,0
942442930453329401,1,0,0,0,0
942442930457807202,0,0,1,0,0
942442930460632602,0,0,1,0,0
942642929012902302,1,0,0,0,0
942742930466822802,0,0,1,0,0
942742930519720902,0,0,1,0,0
942842930477915801,0,0,0,1,0
942942930547137602,0,0,0,1,0
943142930509444401,1,0,0,0,0
943342930509329501,0,1,0,0,0
943342930544199401,0,0,1,0,0
943542930464139501,1,0,0,0,0
943642930479213902,1,0,0,0,0
943742928087871102,1,0,0,0,0
943842930529052702,1,0,0,0,0
944142930542121701,0,0,0,0,1
944242930342578102,0,0,0,0,1
944242930445392502,0,1,0,0,0
944242930472298301,0,0,1,0,0
944242930474047102,0,0,1,0,0
944442930542017101,0,0,1,0,0
944542930529336601,0,0,1,0,0
944642929346227102,0,0,0,1,0
944742930546665502,0,0,1,0,0
944842930465235601,0,0,1,0,0
944942930520025202,0,0,1,0,0
944942930538226902,0,0,0,0,1
945242930518057601,0,0,1,0,0
945342928042164101,0,0,1,0,0
945442930461182102,0,0,0,1,0
945442930518184901,0,0,1,0,0
945542930463901201,0,0,0,1,0
945542930546254701,0,1,0,0,0
945642930159053002,0,0,1,0,0
945642930478660402,0,1,0,0,0
945842930451087302,0,0,1,0,0
945842930476731902,0,0,1,0,0
945942930521806602,0,0,0,0,1
945942930526366102,0,0,1,0,0
946042930519863902,0,0,1,0,0
946142930477236001,1,0,0,0,0
946242930509212701,0,0,0,1,0
946242930531513302,0,0,0,1,0
946542930465158901,0,0,1,0,0
946842930473857801,0,0,1,0,0
946842930476230701,0,0,0,0,1
946942930530661002,0,0,0,0,1
946942930537237702,0,0,0,0,1
947242930475971002,0,0,0,1,0
947842930527354601,0,0,0,0,1
947942930473102701,0,0,1,0,0
948042930467962102,0,0,0,1,0
948042930532359001,1,0,0,0,0
948042930532892601,0,0,1,0,0
948142930480739001,1,0,0,0,0
948242930452569402,0,0,1,0,0
948442928758016001,0,0,0,0,1
948442930476324001,0,1,0,0,0
948442930547843002,0,1,0,0,0
948542930465223801,0,0,1,0,0
948642930510240601,0,1,0,0,0
948842930479969002,0,0,1,0,0
948942928932458401,0,0,1,0,0
948942930516425501,0,0,1,0,0
949042929022389002,0,0,1,0,0
949042930521017201,0,1,0,0,0
949142930529305901,1,0,0,0,0
949242930460437801,0,0,0,0,1
949242930517862002,0,0,0,0,1
949342930517533902,0,0,0,1,0
949442930530844502,0,0,1,0,0
949642930473528401,0,1,0,0,0
949642930475075602,0,0,1,0,0
949742930475932202,0,0,1,0,0
951142930454404802,1,0,0,0,0
951242930522972602,0,0,1,0,0
951342930534067702,0,0,1,0,0
951642928153700201,0,1,0,0,0
951642930545898901,0,1,0,0,0
951742930547731801,0,0,0,0,1
951742930548683601,1,0,0,0,0
951842928005351602,0,0,1,0,0
951842930480654401,0,0,0,0,1
951942930531831401,0,0,1,0,0
952042930529873001,0,0,1,0,0
952042930534458201,1,0,0,0,0
952342928832402902,0,0,1,0,0
952442930522661301,0,0,1,0,0
952642930466446201,0,0,0,1,0
952742930519006401,1,0,0,0,0
953042930474364501,0,0,0,0,1
953042930529477401,0,1,0,0,0
953142930462837201,1,0,0,0,0
953242930538614501,0,0,1,0,0
953342930524863801,0,0,1,0,0
953442930451189902,1,0,0,0,0
953442930515440001,0,0,0,0,1
953542930454383101,0,0,0,0,1
953542930455845302,0,0,0,1,0
953642930540523101,0,0,1,0,0
953942930458602702,0,0,0,1,0
954042930521132401,0,0,1,0,0
954142930453395402,0,0,0,1,0
954242929843369301,0,0,0,0,1
954242930528200102,0,1,0,0,0
954342930467802401,0,1,0,0,0
954442930547976801,1,0,0,0,0
954542930452237002,0,0,0,1,0
954542930480346202,0,0,0,1,0
954542930546452101,0,0,1,0,0
955342928159200301,0,1,0,0,0
955342930473324302,0,0,0,1,0
955542930480227901,0,0,0,1,0
955642930531170101,0,0,1,0,0
955742930539644702,0,0,0,1,0
956042929141354202,0,0,1,0,0
956142929309425801,0,0,0,0,1
956342930479677001,0,0,1,0,0
956542930473319301,0,0,1,0,0
956542930525395202,0,0,1,0,0
956542930541439401,0,0,1,0,0
956842930450876002,0,0,0,1,0
956842930527651202,0,0,0,0,1
956842930532920901,0,0,0,1,0
956942928043638902,0,0,0,0,1
956942930479612601,0,0,1,0,0
956942930526853301,0,0,0,1,0
957142930548126201,1,0,0,0,0
957442930455747502,0,0,0,1,0
957642928954607202,0,0,1,0,0
957842930530259601,0,0,0,0,1
957942930479052102,0,0,0,1,0
958242930542525701,0,0,1,0,0
958442930462254801,0,0,1,0,0
958542928258080802,1,0,0,0,0
958742930518895201,0,1,0,0,0
958942930527515102,1,0,0,0,0
959042930526136701,0,0,1,0,0
959442930546133502,0,0,0,1,0
959742930537123502,0,0,0,1,0
959942930543369201,0,0,1,0,0
961142930351069302,0,0,1,0,0
961142930461546202,0,0,1,0,0
961142930517747501,0,0,1,0,0
961242930455161301,0,0,1,0,0
961242930464261901,1,0,0,0,0
961442930467759901,0,0,1,0,0
961442930518773602,1,0,0,0,0
961442930532689401,0,0,1,0,0
961542929346340301,0,0,0,1,0
961942929839471701,0,0,0,1,0
961942930515553502,0,0,0,1,0
962142930530993302,0,0,0,1,0
962342930452810602,0,0,0,1,0
962342930468882301,0,0,1,0,0
962342930508053501,0,0,0,1,0
962442928210611301,0,0,0,1,0
962542930463322701,0,0,0,1,0
962642930469208602,1,0,0,0,0
962742929456836401,0,0,1,0,0
962842930531880501,1,0,0,0,0
962942927979853501,0,0,1,0,0
962942930460668301,0,0,1,0,0
963042930532763301,1,0,0,0,0
963342928043761402,0,0,0,1,0
963342930518326502,0,0,1,0,0
963442928683947202,0,0,0,0,1
963442930510408502,0,0,1,0,0
963442930516942101,0,0,1,0,0
963642929658219501,0,0,0,0,1
963642930509821701,0,0,0,0,1
963742930449124201,0,0,0,0,1
963842930450989202,0,1,0,0,0
963842930527426602,0,0,0,1,0
963842930531766301,0,0,1,0,0
963842930546998002,0,0,1,0,0
963942930460038501,0,0,0,1,0
964042930464943902,0,0,0,1,0
964142930516904502,0,0,0,1,0
964142930517458502,0,0,1,0,0
964242930529017801,0,0,1,0,0
964342930516445401,0,0,1,0,0
964442930451204401,0,0,1,0,0
964442930468841802,0,0,0,1,0
964442930516029901,0,0,0,0,1
964542930534829601,0,0,1,0,0
964642930447303601,0,0,0,1,0
964642930508199002,1,0,0,0,0
964742928265489001,1,0,0,0,0
965042930523449702,0,0,1,0,0
965042930527584901,0,0,1,0,0
965242930478938802,0,0,0,1,0
965242930545341502,0,0,1,0,0
965442929269076802,1,0,0,0,0
965442930466459402,1,0,0,0,0
965542930518402902,0,0,0,1,0
965542930519327801,0,0,0,1,0
965642930507931901,0,0,1,0,0
965642930550576402,0,0,1,0,0
965842930462978301,0,0,1,0,0
965942930456290901,0,0,0,1,0
965942930479991401,0,0,0,0,1
966042930523863102,0,0,1,0,0
966242930458293601,0,0,1,0,0
966242930507778301,0,0,0,1,0
966242930537487801,0,0,1,0,0
966542930452374102,0,0,0,0,1
966642930509129402,0,0,1,0,0
966842930546828601,0,1,0,0,0
967142930464488001,0,0,1,0,0
967142930547103301,1,0,0,0,0
967242930460534302,0,0,1,0,0
967242930472745001,0,0,1,0,0
967342930528042701,0,0,0,0,1
967442930520025701,0,0,1,0,0
967842930463013002,0,0,1,0,0
967842930542203001,0,0,0,0,1
968142930475744302,0,0,0,1,0
968142930477114302,0,0,1,0,0
968242930522030001,1,0,0,0,0
968342930475811501,0,0,0,1,0
968442930465095302,0,0,1,0,0
968542930461923801,1,0,0,0,0
968542930529489202,1,0,0,0,0
968542930532377101,0,0,0,1,0
968642930464498502,0,0,1,0,0
968742929476694201,0,0,1,0,0
969142928602042001,0,0,0,1,0
969242930522298301,0,0,1,0,0
969342930519945302,0,0,1,0,0
969342930533498502,0,0,0,0,1
969442928865184902,0,0,0,1,0
969542928213898601,0,0,0,1,0
969742930530626001,0,0,0,1,0
969842930524830001,0,0,0,1,0
969942930469259302,0,0,1,0,0
971242930533584501,0,0,1,0,0
971542930543396901,0,0,1,0,0
971642930528796401,0,1,0,0,0
971842928119434301,0,0,1,0,0
971942930462817402,0,0,1,0,0
972142930534486401,1,0,0,0,0
972242930466527502,0,0,0,1,0
972342930456637902,0,1,0,0,0
972442930463760402,0,1,0,0,0
972542928779048802,0,1,0,0,0
972642928168076602,0,0,1,0,0
972842930545512801,0,0,1,0,0
973142930549041502,0,0,1,0,0
973242930455705001,0,0,1,0,0
973242930523546102,0,0,1,0,0
973342930468039502,0,0,1,0,0
973442930476837301,1,0,0,0,0
973542930517808201,0,0,1,0,0
973642930459367202,0,0,0,0,1
973742930459430801,0,1,0,0,0
973742930459958501,1,0,0,0,0
973842930533953702,0,0,0,0,1
974142930460705201,0,0,0,1,0
974342930474992301,0,0,1,0,0
974342930526845102,0,1,0,0,0
974342930550376201,0,0,1,0,0
974542928135600801,0,0,0,1,0
974642930459633401,0,0,0,1,0
974742930478575402,1,0,0,0,0
974742930529994401,0,0,1,0,0
974742930550060201,1,0,0,0,0
974942930457040201,1,0,0,0,0
974942930543725101,1,0,0,0,0
975042930510541501,0,0,1,0,0
975242930453297801,0,0,1,0,0
975242930461071801,0,0,0,1,0
975842928932504301,1,0,0,0,0
975842929372830602,0,0,0,0,1
975842930459401601,0,0,1,0,0
975942930550236302,0,0,0,1,0
976042930510456402,1,0,0,0,0
976142930517873802,0,1,0,0,0
976342930474245901,1,0,0,0,0
976542930455330202,0,0,1,0,0
976642928236013301,0,0,1,0,0
976642930525848502,0,0,0,1,0
976742930515539501,0,0,1,0,0
976842930528358801,0,1,0,0,0
976942929166149801,0,0,1,0,0
976942929649420101,0,0,1,0,0
976942930517612501,0,0,0,1,0
976942930544036701,0,0,0,1,0
977042929761804101,0,0,1,0,0
977042929766082001,0,0,1,0,0
977042930453187802,0,0,1,0,0
977042930455229602,0,0,1,0,0
977042930520193801,0,0,0,1,0
977242930456572102,0,0,0,1,0
977442930530523401,1,0,0,0,0
977542929575506301,0,0,0,1,0
977542930452687101,1,0,0,0,0
977542930475079801,1,0,0,0,0
977742930517508802,1,0,0,0,0
977842930530993101,0,0,1,0,0
978042930473153201,0,0,0,0,1
978042930477375602,0,0,1,0,0
978042930534141902,0,0,0,0,1
978242930518591502,0,0,0,1,0
978342930537191602,1,0,0,0,0
978442930517492601,0,0,0,1,0
978542930508391901,0,0,0,1,0
978842930400230701,0,0,1,0,0
978842930528686002,1,0,0,0,0
978942930532049202,0,1,0,0,0
979142930452654002,0,0,1,0,0
979242930527183501,0,0,1,0,0
979442930462990301,1,0,0,0,0
979442930509263301,0,0,1,0,0
979442930524665801,0,0,0,1,0
979442930525011102,0,0,1,0,0
979542928748781302,1,0,0,0,0
979542930454523202,0,0,0,1,0
979642930533659501,0,0,1,0,0
979642930535500002,1,0,0,0,0
979742930142546301,1,0,0,0,0
979742930523962802,1,0,0,0,0
979842930522363902,0,0,1,0,0
979942930544406401,0,1,0,0,0
981142928030358901,0,0,1,0,0
981242930533902402,0,0,1,0,0
981342928887221701,0,0,1,0,0
981542930534375901,0,0,1,0,0
981742930459941402,0,0,1,0,0
981742930548355901,0,0,1,0,0
981942930469934001,0,0,0,1,0
981942930529053301,1,0,0,0,0
982142930455207302,0,0,1,0,0
982142930544994001,1,0,0,0,0
982242930289696801,0,0,0,1,0
982242930460539502,0,1,0,0,0
982542930479890101,0,1,0,0,0
982642930544558602,1,0,0,0,0
983042930460799001,1,0,0,0,0
983042930466731102,0,0,1,0,0
983242930451643002,0,0,1,0,0
983342929259477301,0,0,1,0,0
983342930459033601,0,0,0,1,0
983542930453502302,1,0,0,0,0
983642928131153402,0,0,1,0,0
983842930526950101,0,0,0,0,1
984142929194564701,0,0,0,1,0
984142930475337102,1,0,0,0,0
984142930540765001,0,0,1,0,0
984342930458719601,0,0,0,1,0
984442930473622301,0,0,0,0,1
984442930508716301,1,0,0,0,0
984742930461979802,1,0,0,0,0
984742930524745701,1,0,0,0,0
984842930464541401,0,0,1,0,0
984842930522944902,0,1,0,0,0
984942930471672501,0,0,1,0,0
985042930200071502,0,0,1,0,0
985142928043557302,0,1,0,0,0
985142930453584501,1,0,0,0,0
985242928800758901,0,1,0,0,0
985242930524502401,0,0,0,1,0
985342930474563601,0,0,1,0,0
985442927963764302,1,0,0,0,0
985442930524342302,0,0,1,0,0
985542930469752901,0,0,1,0,0
985642930461590101,0,0,1,0,0
985642930550518002,0,1,0,0,0
985742930534538501,0,0,0,0,1
986042930008347601,0,0,0,0,1
986042930528538801,0,1,0,0,0
986142929613470602,0,0,0,1,0
986142930459552302,0,0,0,1,0
986442929331698002,0,0,1,0,0
986642930473804201,0,0,0,1,0
986642930473913701,1,0,0,0,0
986742930540662901,0,0,1,0,0
986942930538931002,0,1,0,0,0
987142928113131802,0,0,0,1,0
987242930522519402,1,0,0,0,0
987342930447013802,0,0,1,0,0
987342930543887301,0,0,0,0,1
987342930546530302,1,0,0,0,0
987442930540724001,0,0,1,0,0
987542930462842201,0,0,0,0,1
987642930463086101,0,0,0,0,1
987842930520131102,0,0,0,1,0
987842930521523001,0,1,0,0,0
987942930516014102,0,1,0,0,0
988342930518856902,0,0,1,0,0
988442930454093302,0,1,0,0,0
988442930541634602,0,0,1,0,0
988542930526469502,0,0,0,0,1
988542930534748501,0,0,1,0,0
988842930463926802,1,0,0,0,0
988842930464065702,0,0,1,0,0
988842930532545401,0,0,1,0,0
988942930454690401,0,0,1,0,0
989242930473765001,1,0,0,0,0
989542930524500402,0,0,1,0,0
989542930533468702,0,0,1,0,0
989842930461754501,1,0,0,0,0
989842930464132602,0,0,1,0,0
989942930456260802,0,0,0,0,1
991242930479098802,1,0,0,0,0
991342930540098101,0,0,0,1,0
991542930463664001,0,0,1,0,0
991542930518643601,1,0,0,0,0
991742930463945202,0,0,1,0,0
991842928825498401,1,0,0,0,0
991842930537303401,0,0,1,0,0
991942930511125502,0,0,1,0,0
992342930480155301,0,1,0,0,0
992542930480099201,0,0,1,0,0
992542930525733701,0,0,1,0,0
992642930459466402,0,1,0,0,0
992642930477821202,0,0,1,0,0
993042930464585401,1,0,0,0,0
993042930510029501,0,0,0,0,1
993042930544697301,0,0,1,0,0
993142930475756501,0,0,1,0,0
993142930522642001,0,0,1,0,0
993142930528831101,0,0,1,0,0
993242930533153901,1,0,0,0,0
993242930550348701,0,0,1,0,0
993342927924660101,0,0,0,1,0
993442930474715502,0,0,0,0,1
993542929118579602,0,0,0,0,1
993542930477441201,0,0,1,0,0
993642930516157402,0,0,0,1,0
993842929550806601,0,0,1,0,0
993842930464478901,0,0,1,0,0
994042930473777501,0,0,1,0,0
994142930447787902,0,0,0,1,0
994142930465080302,0,0,1,0,0
994142930528868802,0,0,1,0,0
994342929861219802,0,0,1,0,0
994442929341356902,0,0,1,0,0
994442930527397301,0,0,1,0,0
994742930545699501,0,0,0,0,1
994842930524179102,1,0,0,0,0
994942930459951601,0,0,1,0,0
994942930515618002,0,1,0,0,0
995042930164891701,0,0,1,0,0
995242930475545801,1,0,0,0,0
995242930476650102,0,0,1,0,0
995342930544702302,0,0,1,0,0
995442930480700601,0,0,1,0,0
995642930452472602,0,0,1,0,0
995642930542493302,0,0,0,1,0
995842930518515201,0,0,0,1,0
995842930539241201,0,1,0,0,0
995942930477593501,0,1,0,0,0
995942930529939201,0,0,1,0,0
996042930476708302,0,0,0,1,0
996142930517008302,0,0,1,0,0
996142930534753101,0,0,0,0,1
996242930516143801,1,0,0,0,0
996642930531987401,0,0,0,1,0
996742930528624701,0,0,1,0,0
996842930454202601,1,0,0,0,0
996842930527901802,0,1,0,0,0
996942930456686002,1,0,0,0,0
997042930525912602,0,0,1,0,0
997042930535548801,1,0,0,0,0
997042930547202501,1,0,0,0,0
997142930448340801,0,0,0,1,0
997142930533991201,1,0,0,0,0
997442930528682401,0,0,1,0,0
997442930541550202,0,0,1,0,0
997542927924780301,0,0,1,0,0
997542930465068602,1,0,0,0,0
997542930480726001,0,0,0,0,1
997642930458651301,0,0,1,0,0
998242930519613301,1,0,0,0,0
998242930520997601,0,1,0,0,0
998342930480337001,0,0,0,0,1
998342930516629202,0,0,1,0,0
998542930468052601,0,1,0,0,0
998542930473876202,0,1,0,0,0
998642930289367002,0,0,1,0,0
998642930455141602,0,0,1,0,0
998642930528189201,0,0,1,0,0
998642930550792801,0,0,1,0,0
998742930477922401,0,1,0,0,0
998942930519365201,0,0,0,1,0
998942930542691102,0,0,0,1,0
999142930447758201,0,0,0,0,1
999142930478783801,0,0,0,1,0
999242930508250202,0,0,0,1,0
999342930468853301,0,0,1,0,0
999442928311744002,0,0,1,0,0
999442930549845202,0,0,1,0,0
999542930479245001,1,0,0,0,0
999742930289423701,0,0,1,0,0
999842928912241201,0,0,0,0,1
999842930521939101,0,0,1,0,0
999842930529623202,0,0,1,0,0
999942930461543701,1,0,0,0,0
999942930462720301,0,0,0,1,0
999942930526263601,1,0,0,0,0
